4.884289e+03 1.156623e+04 1.645052e+04
1.153806e+04 4.827971e+03 1.636603e+04
1.475409e+04 1.820601e+03 1.657469e+04
1.595024e+04 7.209980e+02 1.667124e+04
1.638309e+04 3.221248e+02 1.670522e+04
1.654485e+04 1.720979e+02 1.671694e+04
1.660731e+04 1.138304e+02 1.672114e+04
1.663118e+04 9.151138e+01 1.672269e+04
1.663862e+04 8.463861e+01 1.672326e+04
1.663770e+04 8.571892e+01 1.672342e+04
1.663084e+04 9.254095e+01 1.672338e+04
1.661775e+04 1.054493e+02 1.672320e+04
1.659627e+04 1.265984e+02 1.672287e+04
1.656224e+04 1.600689e+02 1.672231e+04
1.650885e+04 2.125831e+02 1.672143e+04
1.642525e+04 2.947910e+02 1.672005e+04
1.629481e+04 4.231332e+02 1.671795e+04
1.609299e+04 6.219652e+02 1.671495e+04
1.578675e+04 9.244451e+02 1.671120e+04
1.534016e+04 1.367680e+03 1.670784e+04
1.473554e+04 1.972468e+03 1.670801e+04
1.401947e+04 2.696835e+03 1.671630e+04
1.335402e+04 3.378882e+03 1.673291e+04
1.299186e+04 3.754065e+03 1.674592e+04
1.311064e+04 3.630765e+03 1.674140e+04
1.365003e+04 3.074496e+03 1.672453e+04
1.437036e+04 2.340798e+03 1.671116e+04
1.504925e+04 1.657936e+03 1.670719e+04
1.558301e+04 1.126204e+03 1.670921e+04
1.596239e+04 7.506152e+02 1.671301e+04
1.621777e+04 4.986919e+02 1.671646e+04
1.638511e+04 3.339108e+02 1.671902e+04
1.649360e+04 2.271514e+02 1.672076e+04
1.656387e+04 1.580157e+02 1.672188e+04
1.660958e+04 1.130217e+02 1.672260e+04
1.663956e+04 8.349209e+01 1.672305e+04
1.665944e+04 6.389924e+01 1.672334e+04
1.667280e+04 5.072828e+01 1.672353e+04
1.668191e+04 4.173737e+01 1.672364e+04
1.668823e+04 3.548873e+01 1.672372e+04
1.669272e+04 3.104853e+01 1.672376e+04
1.669597e+04 2.782907e+01 1.672380e+04
1.669840e+04 2.541867e+01 1.672382e+04
1.670028e+04 2.356204e+01 1.672384e+04
1.670176e+04 2.208591e+01 1.672385e+04
1.670298e+04 2.086896e+01 1.672385e+04
1.670401e+04 1.984462e+01 1.672385e+04
1.670490e+04 1.895520e+01 1.672386e+04
1.670569e+04 1.816545e+01 1.672386e+04
1.670641e+04 1.745172e+01 1.672386e+04
1.670706e+04 1.679827e+01 1.672386e+04
1.670766e+04 1.619485e+01 1.672386e+04
1.670822e+04 1.563519e+01 1.672386e+04
1.670874e+04 1.511036e+01 1.672385e+04
1.670922e+04 1.463562e+01 1.672386e+04
1.670966e+04 1.418408e+01 1.672385e+04
1.671006e+04 1.378556e+01 1.672385e+04
1.671042e+04 1.342757e+01 1.672384e+04
1.671072e+04 1.312675e+01 1.672384e+04
1.671096e+04 1.288478e+01 1.672384e+04
1.671113e+04 1.271050e+01 1.672384e+04
1.671122e+04 1.261469e+01 1.672384e+04
1.671123e+04 1.261006e+01 1.672384e+04
1.671113e+04 1.271148e+01 1.672384e+04
1.671090e+04 1.293596e+01 1.672384e+04
1.671053e+04 1.329717e+01 1.672383e+04
1.671000e+04 1.383282e+01 1.672383e+04
1.670928e+04 1.454974e+01 1.672383e+04
1.670835e+04 1.548384e+01 1.672383e+04
1.670718e+04 1.665117e+01 1.672383e+04
1.670574e+04 1.809123e+01 1.672383e+04
1.670401e+04 1.982382e+01 1.672383e+04
1.670194e+04 2.188861e+01 1.672383e+04
1.669950e+04 2.432581e+01 1.672382e+04
1.669663e+04 2.718098e+01 1.672381e+04
1.669327e+04 3.053538e+01 1.672380e+04
1.668930e+04 3.448744e+01 1.672379e+04
1.668457e+04 3.919627e+01 1.672377e+04
1.667883e+04 4.491107e+01 1.672374e+04
1.667166e+04 5.202450e+01 1.672369e+04
1.666245e+04 6.115426e+01 1.672361e+04
1.665022e+04 7.326771e+01 1.672348e+04
1.663342e+04 8.986647e+01 1.672329e+04
1.660969e+04 1.132982e+02 1.672299e+04
1.657537e+04 1.471630e+02 1.672253e+04
1.652484e+04 1.969906e+02 1.672183e+04
1.644960e+04 2.711805e+02 1.672078e+04
1.633701e+04 3.822205e+02 1.671923e+04
1.616903e+04 5.480361e+02 1.671707e+04
1.592194e+04 7.924509e+02 1.671439e+04
1.556951e+04 1.142315e+03 1.671182e+04
1.509506e+04 1.616056e+03 1.671111e+04
1.451790e+04 2.197208e+03 1.671511e+04
1.392865e+04 2.796697e+03 1.672535e+04
1.349580e+04 3.241396e+03 1.673720e+04
1.339057e+04 3.349995e+03 1.674057e+04
1.365922e+04 3.072756e+03 1.673198e+04
1.418189e+04 2.537749e+03 1.671964e+04
1.477156e+04 1.940460e+03 1.671202e+04
1.528987e+04 1.420433e+03 1.671031e+04
1.567971e+04 1.032060e+03 1.671177e+04
1.593759e+04 7.763101e+02 1.671390e+04
1.607935e+04 6.360911e+02 1.671544e+04
1.611971e+04 5.962520e+02 1.671596e+04
1.606396e+04 6.514035e+02 1.671536e+04
1.590627e+04 8.075426e+02 1.671381e+04
1.563261e+04 1.079255e+03 1.671186e+04
1.523076e+04 1.480183e+03 1.671094e+04
1.471232e+04 2.001229e+03 1.671355e+04
1.414576e+04 2.576092e+03 1.672185e+04
1.367518e+04 3.058368e+03 1.673354e+04
1.347481e+04 3.265235e+03 1.674005e+04
1.363515e+04 3.099986e+03 1.673514e+04
1.408830e+04 2.635390e+03 1.672369e+04
1.466609e+04 2.048660e+03 1.671475e+04
1.521735e+04 1.494281e+03 1.671164e+04
1.566597e+04 1.046613e+03 1.671258e+04
1.599874e+04 7.163029e+02 1.671504e+04
1.623285e+04 4.846789e+02 1.671752e+04
1.639292e+04 3.265858e+02 1.671950e+04
1.650089e+04 2.200435e+02 1.672093e+04
1.657338e+04 1.485296e+02 1.672191e+04
1.662208e+04 1.004856e+02 1.672257e+04
1.665492e+04 6.807878e+01 1.672300e+04
1.667717e+04 4.610888e+01 1.672328e+04
1.669234e+04 3.113307e+01 1.672347e+04
1.670272e+04 2.087070e+01 1.672359e+04
1.670984e+04 1.382730e+01 1.672367e+04
1.671473e+04 8.998573e+00 1.672372e+04
1.671804e+04 5.721186e+00 1.672376e+04
1.672023e+04 3.555586e+00 1.672378e+04
1.672159e+04 2.213140e+00 1.672380e+04
1.672230e+04 1.508526e+00 1.672381e+04
1.672249e+04 1.328689e+00 1.672381e+04
1.672220e+04 1.612775e+00 1.672382e+04
1.672148e+04 2.339553e+00 1.672381e+04
1.672029e+04 3.520156e+00 1.672381e+04
1.671861e+04 5.194925e+00 1.672381e+04
1.671636e+04 7.428259e+00 1.672379e+04
1.671344e+04 1.033453e+01 1.672378e+04
1.670971e+04 1.405325e+01 1.672376e+04
1.670496e+04 1.878355e+01 1.672374e+04
1.669891e+04 2.479784e+01 1.672371e+04
1.669120e+04 3.246882e+01 1.672367e+04
1.668130e+04 4.230666e+01 1.672361e+04
1.666852e+04 5.500823e+01 1.672353e+04
1.665190e+04 7.151991e+01 1.672342e+04
1.663017e+04 9.311299e+01 1.672328e+04
1.660163e+04 1.214660e+02 1.672310e+04
1.656413e+04 1.587385e+02 1.672287e+04
1.651499e+04 2.076026e+02 1.672259e+04
1.645111e+04 2.711712e+02 1.672229e+04
1.636927e+04 3.527206e+02 1.672199e+04
1.626673e+04 4.550702e+02 1.672180e+04
1.614237e+04 5.794362e+02 1.672180e+04
1.599838e+04 7.237929e+02 1.672217e+04
1.584211e+04 8.809058e+02 1.672301e+04
1.568733e+04 1.036976e+03 1.672430e+04
1.555347e+04 1.172302e+03 1.672577e+04
1.546172e+04 1.265218e+03 1.672694e+04
1.542843e+04 1.298891e+03 1.672733e+04
1.545885e+04 1.267903e+03 1.672676e+04
1.554496e+04 1.180540e+03 1.672550e+04
1.566893e+04 1.055147e+03 1.672408e+04
1.580996e+04 9.130011e+02 1.672296e+04
1.595054e+04 7.718032e+02 1.672235e+04
1.607962e+04 6.425697e+02 1.672219e+04
1.619251e+04 5.298071e+02 1.672232e+04
1.628903e+04 4.335432e+02 1.672258e+04
1.637116e+04 3.516650e+02 1.672282e+04
1.644127e+04 2.817272e+02 1.672300e+04
1.650124e+04 2.218566e+02 1.672310e+04
1.655224e+04 1.709204e+02 1.672316e+04
1.659496e+04 1.282472e+02 1.672321e+04
1.662995e+04 9.331076e+01 1.672326e+04
1.665786e+04 6.546906e+01 1.672333e+04
1.667952e+04 4.389603e+01 1.672341e+04
1.669587e+04 2.763029e+01 1.672350e+04
1.670790e+04 1.568033e+01 1.672358e+04
1.671656e+04 7.096714e+00 1.672365e+04
1.672264e+04 1.066902e+00 1.672371e+04
1.672683e+04 -3.086186e+00 1.672375e+04
1.672966e+04 -5.877765e+00 1.672378e+04
1.673151e+04 -7.705606e+00 1.672381e+04
1.673270e+04 -8.872483e+00 1.672383e+04
1.673342e+04 -9.577447e+00 1.672384e+04
1.673383e+04 -9.979969e+00 1.672385e+04
1.673404e+04 -1.017816e+01 1.672386e+04
1.673411e+04 -1.024371e+01 1.672386e+04
1.673409e+04 -1.022580e+01 1.672386e+04
1.673402e+04 -1.015791e+01 1.672387e+04
1.673393e+04 -1.006266e+01 1.672387e+04
1.673382e+04 -9.955123e+00 1.672387e+04
1.673371e+04 -9.845171e+00 1.672387e+04
1.673361e+04 -9.739021e+00 1.672387e+04
1.673351e+04 -9.640274e+00 1.672387e+04
1.673342e+04 -9.550574e+00 1.672387e+04
1.673334e+04 -9.469994e+00 1.672387e+04
1.673327e+04 -9.397199e+00 1.672387e+04
1.673320e+04 -9.329432e+00 1.672387e+04
1.673313e+04 -9.256889e+00 1.672387e+04
1.673306e+04 -9.184249e+00 1.672387e+04
1.673297e+04 -9.096897e+00 1.672387e+04
1.673285e+04 -8.982354e+00 1.672387e+04
1.673269e+04 -8.823368e+00 1.672387e+04
1.673246e+04 -8.596132e+00 1.672387e+04
1.673213e+04 -8.267785e+00 1.672386e+04
1.673165e+04 -7.792937e+00 1.672386e+04
1.673096e+04 -7.108811e+00 1.672385e+04
1.672997e+04 -6.128480e+00 1.672384e+04
1.672856e+04 -4.731418e+00 1.672383e+04
1.672656e+04 -2.750310e+00 1.672381e+04
1.672373e+04 4.733597e-02 1.672378e+04
1.671976e+04 3.984789e+00 1.672374e+04
1.671418e+04 9.511579e+00 1.672369e+04
1.670637e+04 1.725233e+01 1.672362e+04
1.669545e+04 2.807319e+01 1.672352e+04
1.668021e+04 4.317048e+01 1.672338e+04
1.665901e+04 6.418553e+01 1.672320e+04
1.662960e+04 9.334568e+01 1.672295e+04
1.658899e+04 1.336162e+02 1.672261e+04
1.653333e+04 1.888682e+02 1.672220e+04
1.645782e+04 2.638760e+02 1.672170e+04
1.635701e+04 3.641429e+02 1.672115e+04
1.622550e+04 4.951714e+02 1.672067e+04
1.605968e+04 6.607889e+02 1.672046e+04
1.586061e+04 8.602075e+02 1.672082e+04
1.563812e+04 1.083926e+03 1.672204e+04
1.541423e+04 1.309959e+03 1.672419e+04
1.522300e+04 1.503792e+03 1.672679e+04
1.510286e+04 1.625931e+03 1.672879e+04
1.508237e+04 1.646796e+03 1.672917e+04
1.516674e+04 1.560961e+03 1.672770e+04
1.533517e+04 1.390018e+03 1.672519e+04
1.555112e+04 1.171655e+03 1.672278e+04
1.577751e+04 9.436687e+02 1.672118e+04
1.598734e+04 7.331862e+02 1.672052e+04
1.616640e+04 5.541569e+02 1.672056e+04
1.631077e+04 4.101910e+02 1.672096e+04
1.642269e+04 2.988104e+02 1.672150e+04
1.650712e+04 2.149035e+02 1.672202e+04
1.656963e+04 1.528399e+02 1.672247e+04
1.661530e+04 1.075301e+02 1.672284e+04
1.664835e+04 7.475674e+01 1.672311e+04
1.667207e+04 5.124413e+01 1.672332e+04
1.668897e+04 3.450301e+01 1.672347e+04
1.670089e+04 2.269544e+01 1.672358e+04
1.670918e+04 1.447977e+01 1.672366e+04
1.671484e+04 8.885279e+00 1.672372e+04
1.671855e+04 5.213529e+00 1.672376e+04
1.672083e+04 2.974350e+00 1.672380e+04
1.672204e+04 1.786915e+00 1.672382e+04
1.672243e+04 1.405079e+00 1.672384e+04
1.672221e+04 1.643391e+00 1.672385e+04
1.672149e+04 2.366955e+00 1.672386e+04
1.672039e+04 3.475965e+00 1.672386e+04
1.671898e+04 4.894568e+00 1.672387e+04
1.671731e+04 6.562890e+00 1.672387e+04
1.671545e+04 8.425908e+00 1.672387e+04
1.671342e+04 1.045160e+01 1.672387e+04
1.671128e+04 1.259569e+01 1.672388e+04
1.670906e+04 1.482223e+01 1.672388e+04
1.670679e+04 1.709784e+01 1.672388e+04
1.670449e+04 1.939219e+01 1.672389e+04
1.670221e+04 2.167921e+01 1.672389e+04
1.669995e+04 2.393875e+01 1.672389e+04
1.669773e+04 2.615882e+01 1.672389e+04
1.669555e+04 2.833793e+01 1.672389e+04
1.669340e+04 3.048776e+01 1.672388e+04
1.669124e+04 3.263576e+01 1.672388e+04
1.668905e+04 3.482219e+01 1.672387e+04
1.668674e+04 3.712445e+01 1.672386e+04
1.668423e+04 3.962689e+01 1.672385e+04
1.668140e+04 4.244446e+01 1.672384e+04
1.667811e+04 4.571960e+01 1.672383e+04
1.667418e+04 4.961881e+01 1.672380e+04
1.666943e+04 5.435218e+01 1.672378e+04
1.666359e+04 6.017052e+01 1.672376e+04
1.665640e+04 6.733610e+01 1.672373e+04
1.664753e+04 7.617643e+01 1.672370e+04
1.663660e+04 8.706654e+01 1.672367e+04
1.662321e+04 1.004177e+02 1.672363e+04
1.660687e+04 1.167147e+02 1.672358e+04
1.658703e+04 1.364966e+02 1.672353e+04
1.656311e+04 1.603618e+02 1.672347e+04
1.653445e+04 1.889617e+02 1.672341e+04
1.650036e+04 2.229785e+02 1.672333e+04
1.646015e+04 2.631220e+02 1.672327e+04
1.641318e+04 3.100229e+02 1.672321e+04
1.635895e+04 3.642077e+02 1.672316e+04
1.629717e+04 4.259598e+02 1.672313e+04
1.622795e+04 4.951776e+02 1.672313e+04
1.615198e+04 5.712033e+02 1.672318e+04
1.607065e+04 6.526478e+02 1.672329e+04
1.598621e+04 7.372565e+02 1.672347e+04
1.590181e+04 8.218780e+02 1.672369e+04
1.582135e+04 9.026033e+02 1.672395e+04
1.574909e+04 9.751213e+02 1.672421e+04
1.568914e+04 1.035276e+03 1.672442e+04
1.564481e+04 1.079729e+03 1.672454e+04
1.561800e+04 1.106545e+03 1.672455e+04
1.560893e+04 1.115524e+03 1.672445e+04
1.561611e+04 1.108164e+03 1.672427e+04
1.563680e+04 1.087253e+03 1.672405e+04
1.566756e+04 1.056283e+03 1.672384e+04
1.570489e+04 1.018777e+03 1.672366e+04
1.574574e+04 9.778024e+02 1.672354e+04
1.578779e+04 9.356771e+02 1.672347e+04
1.582957e+04 8.938932e+02 1.672346e+04
1.587033e+04 8.531501e+02 1.672348e+04
1.590994e+04 8.135877e+02 1.672353e+04
1.594864e+04 7.749434e+02 1.672358e+04
1.598688e+04 7.367584e+02 1.672364e+04
1.602514e+04 6.985426e+02 1.672368e+04
1.606382e+04 6.598969e+02 1.672371e+04
1.610314e+04 6.205896e+02 1.672373e+04
1.614314e+04 5.805888e+02 1.672373e+04
1.618367e+04 5.400624e+02 1.672373e+04
1.622439e+04 4.993220e+02 1.672371e+04
1.626489e+04 4.588057e+02 1.672369e+04
1.630467e+04 4.189989e+02 1.672367e+04
1.634327e+04 3.803861e+02 1.672365e+04
1.638023e+04 3.434084e+02 1.672364e+04
1.641520e+04 3.084332e+02 1.672363e+04
1.644789e+04 2.757379e+02 1.672363e+04
1.647813e+04 2.455060e+02 1.672363e+04
1.650581e+04 2.178316e+02 1.672364e+04
1.653092e+04 1.927303e+02 1.672365e+04
1.655351e+04 1.701475e+02 1.672366e+04
1.657368e+04 1.499961e+02 1.672368e+04
1.659156e+04 1.321365e+02 1.672369e+04
1.660730e+04 1.164120e+02 1.672371e+04
1.662107e+04 1.026530e+02 1.672373e+04
1.663306e+04 9.069109e+01 1.672375e+04
1.664342e+04 8.034331e+01 1.672376e+04
1.665233e+04 7.144937e+01 1.672378e+04
1.665994e+04 6.384699e+01 1.672379e+04
1.666640e+04 5.739566e+01 1.672379e+04
1.667184e+04 5.196652e+01 1.672380e+04
1.667638e+04 4.743185e+01 1.672381e+04
1.668014e+04 4.368075e+01 1.672382e+04
1.668322e+04 4.060774e+01 1.672382e+04
1.668570e+04 3.813400e+01 1.672383e+04
1.668766e+04 3.617373e+01 1.672384e+04
1.668919e+04 3.465501e+01 1.672384e+04
1.669033e+04 3.351359e+01 1.672385e+04
1.669116e+04 3.269203e+01 1.672385e+04
1.669172e+04 3.213902e+01 1.672385e+04
1.669205e+04 3.181399e+01 1.672386e+04
1.669220e+04 3.166523e+01 1.672387e+04
1.669221e+04 3.166168e+01 1.672387e+04
1.669210e+04 3.177081e+01 1.672387e+04
1.669191e+04 3.196378e+01 1.672387e+04
1.669166e+04 3.221519e+01 1.672388e+04
1.669137e+04 3.250834e+01 1.672388e+04
1.669107e+04 3.281331e+01 1.672388e+04
1.669076e+04 3.311967e+01 1.672388e+04
1.669047e+04 3.341456e+01 1.672389e+04
1.669020e+04 3.368818e+01 1.672389e+04
1.668995e+04 3.393394e+01 1.672389e+04
1.668974e+04 3.414853e+01 1.672389e+04
1.668955e+04 3.433208e+01 1.672389e+04
1.668940e+04 3.448846e+01 1.672388e+04
1.668926e+04 3.462550e+01 1.672388e+04
1.668913e+04 3.475536e+01 1.672388e+04
1.668899e+04 3.489504e+01 1.672388e+04
1.668881e+04 3.506688e+01 1.672388e+04
1.668858e+04 3.529930e+01 1.672388e+04
1.668824e+04 3.562767e+01 1.672387e+04
1.668777e+04 3.609543e+01 1.672387e+04
1.668711e+04 3.675545e+01 1.672386e+04
1.668618e+04 3.767708e+01 1.672386e+04
1.668493e+04 3.892671e+01 1.672385e+04
1.668324e+04 4.060290e+01 1.672384e+04
1.668102e+04 4.281774e+01 1.672383e+04
1.667811e+04 4.570619e+01 1.672382e+04
1.667437e+04 4.943069e+01 1.672380e+04
1.666960e+04 5.418670e+01 1.672378e+04
1.666355e+04 6.020901e+01 1.672376e+04
1.665595e+04 6.777902e+01 1.672373e+04
1.664646e+04 7.723257e+01 1.672370e+04
1.663469e+04 8.896795e+01 1.672366e+04
1.662016e+04 1.034532e+02 1.672361e+04
1.660232e+04 1.212309e+02 1.672355e+04
1.658057e+04 1.429187e+02 1.672349e+04
1.655422e+04 1.691999e+02 1.672342e+04
1.652255e+04 2.008008e+02 1.672335e+04
1.648483e+04 2.384448e+02 1.672328e+04
1.644044e+04 2.827749e+02 1.672321e+04
1.638893e+04 3.342353e+02 1.672317e+04
1.633026e+04 3.928970e+02 1.672315e+04
1.626493e+04 4.582660e+02 1.672319e+04
1.619430e+04 5.290033e+02 1.672330e+04
1.612074e+04 6.027555e+02 1.672349e+04
1.604778e+04 6.759815e+02 1.672376e+04
1.597997e+04 7.440982e+02 1.672407e+04
1.592252e+04 8.018737e+02 1.672439e+04
1.588054e+04 8.441082e+02 1.672464e+04
1.585817e+04 8.666233e+02 1.672479e+04
1.585771e+04 8.670731e+02 1.672479e+04
1.587910e+04 8.455273e+02 1.672463e+04
1.591990e+04 8.044500e+02 1.672435e+04
1.597584e+04 7.481704e+02 1.672401e+04
1.604169e+04 6.819993e+02 1.672369e+04
1.611209e+04 6.113192e+02 1.672340e+04
1.618226e+04 5.409261e+02 1.672319e+04
1.624834e+04 4.746904e+02 1.672303e+04
1.630736e+04 4.155525e+02 1.672291e+04
1.635702e+04 3.657773e+02 1.672279e+04
1.639524e+04 3.273987e+02 1.672264e+04
1.641959e+04 3.027945e+02 1.672238e+04
1.642641e+04 2.955143e+02 1.672192e+04
1.640977e+04 3.113658e+02 1.672114e+04
1.635979e+04 3.600322e+02 1.671982e+04
1.626031e+04 4.573946e+02 1.671770e+04
1.608591e+04 6.285494e+02 1.671446e+04
1.579959e+04 9.104122e+02 1.671000e+04
1.535553e+04 1.349694e+03 1.670522e+04
1.471874e+04 1.984755e+03 1.670350e+04
1.391806e+04 2.793107e+03 1.671116e+04
1.312306e+04 3.608105e+03 1.673116e+04
1.264536e+04 4.104545e+03 1.674991e+04
1.273899e+04 4.007124e+03 1.674611e+04
1.335430e+04 3.370256e+03 1.672456e+04
1.419047e+04 2.517208e+03 1.670768e+04
1.496643e+04 1.737028e+03 1.670345e+04
1.556016e+04 1.146480e+03 1.670664e+04
1.596945e+04 7.421289e+02 1.671158e+04
1.623660e+04 4.791594e+02 1.671576e+04
1.640640e+04 3.123111e+02 1.671871e+04
1.651306e+04 2.075748e+02 1.672063e+04
1.657968e+04 1.421561e+02 1.672184e+04
1.662106e+04 1.015215e+02 1.672258e+04
1.664644e+04 7.660037e+01 1.672304e+04
1.666156e+04 6.176611e+01 1.672332e+04
1.666995e+04 5.354636e+01 1.672350e+04
1.667384e+04 4.977067e+01 1.672361e+04
1.667459e+04 4.908819e+01 1.672368e+04
1.667307e+04 5.065391e+01 1.672372e+04
1.666981e+04 5.393914e+01 1.672375e+04
1.666515e+04 5.861405e+01 1.672376e+04
1.665930e+04 6.447389e+01 1.672377e+04
1.665239e+04 7.139693e+01 1.672378e+04
1.664449e+04 7.929247e+01 1.672379e+04
1.663568e+04 8.811165e+01 1.672379e+04
1.662598e+04 9.781049e+01 1.672379e+04
1.661545e+04 1.083439e+02 1.672379e+04
1.660414e+04 1.196564e+02 1.672380e+04
1.659213e+04 1.316745e+02 1.672380e+04
1.657951e+04 1.442997e+02 1.672381e+04
1.656641e+04 1.574041e+02 1.672382e+04
1.655300e+04 1.708258e+02 1.672383e+04
1.653948e+04 1.843675e+02 1.672384e+04
1.652606e+04 1.977971e+02 1.672386e+04
1.651303e+04 2.108458e+02 1.672387e+04
1.650066e+04 2.232368e+02 1.672389e+04
1.648925e+04 2.346577e+02 1.672391e+04
1.647911e+04 2.448113e+02 1.672392e+04
1.647052e+04 2.534160e+02 1.672394e+04
1.646374e+04 2.602108e+02 1.672395e+04
1.645898e+04 2.649885e+02 1.672396e+04
1.645636e+04 2.676040e+02 1.672397e+04
1.645598e+04 2.679853e+02 1.672397e+04
1.645782e+04 2.661382e+02 1.672396e+04
1.646181e+04 2.621459e+02 1.672395e+04
1.646777e+04 2.561627e+02 1.672394e+04
1.647552e+04 2.484029e+02 1.672392e+04
1.648478e+04 2.391259e+02 1.672390e+04
1.649526e+04 2.286194e+02 1.672388e+04
1.650668e+04 2.171831e+02 1.672386e+04
1.651873e+04 2.051126e+02 1.672384e+04
1.653114e+04 1.926924e+02 1.672383e+04
1.654366e+04 1.801638e+02 1.672382e+04
1.655606e+04 1.677518e+02 1.672381e+04
1.656816e+04 1.556391e+02 1.672380e+04
1.657982e+04 1.439659e+02 1.672379e+04
1.659093e+04 1.328582e+02 1.672379e+04
1.660141e+04 1.223771e+02 1.672379e+04
1.661121e+04 1.125762e+02 1.672379e+04
1.662031e+04 1.034794e+02 1.672379e+04
1.662870e+04 9.509564e+01 1.672380e+04
1.663640e+04 8.740729e+01 1.672381e+04
1.664343e+04 8.039016e+01 1.672382e+04
1.664981e+04 7.400583e+01 1.672382e+04
1.665560e+04 6.822109e+01 1.672382e+04
1.666083e+04 6.299370e+01 1.672383e+04
1.666555e+04 5.827986e+01 1.672383e+04
1.666980e+04 5.403011e+01 1.672383e+04
1.667362e+04 5.021247e+01 1.672383e+04
1.667706e+04 4.678028e+01 1.672384e+04
1.668015e+04 4.369476e+01 1.672384e+04
1.668292e+04 4.091992e+01 1.672384e+04
1.668542e+04 3.842275e+01 1.672385e+04
1.668768e+04 3.617347e+01 1.672385e+04
1.668971e+04 3.414552e+01 1.672385e+04
1.669154e+04 3.231566e+01 1.672385e+04
1.669319e+04 3.066400e+01 1.672385e+04
1.669468e+04 2.917404e+01 1.672385e+04
1.669602e+04 2.783275e+01 1.672386e+04
1.669723e+04 2.663074e+01 1.672386e+04
1.669829e+04 2.556247e+01 1.672386e+04
1.669923e+04 2.462663e+01 1.672386e+04
1.670003e+04 2.382659e+01 1.672386e+04
1.670068e+04 2.317111e+01 1.672385e+04
1.670118e+04 2.267521e+01 1.672385e+04
1.670149e+04 2.236142e+01 1.672385e+04
1.670159e+04 2.226673e+01 1.672385e+04
1.670142e+04 2.241728e+01 1.672384e+04
1.670095e+04 2.288572e+01 1.672384e+04
1.670009e+04 2.373978e+01 1.672383e+04
1.669874e+04 2.507352e+01 1.672382e+04
1.669680e+04 2.700704e+01 1.672381e+04
1.669410e+04 2.969273e+01 1.672379e+04
1.669045e+04 3.332284e+01 1.672377e+04
1.668561e+04 3.814395e+01 1.672375e+04
1.667927e+04 4.444544e+01 1.672372e+04
1.667108e+04 5.260968e+01 1.672369e+04
1.666056e+04 6.308018e+01 1.672364e+04
1.664717e+04 7.641173e+01 1.672358e+04
1.663026e+04 9.325633e+01 1.672352e+04
1.660907e+04 1.143699e+02 1.672344e+04
1.658276e+04 1.406002e+02 1.672336e+04
1.655042e+04 1.728516e+02 1.672328e+04
1.651118e+04 2.120158e+02 1.672320e+04
1.646428e+04 2.588527e+02 1.672313e+04
1.640930e+04 3.138089e+02 1.672311e+04
1.634637e+04 3.767668e+02 1.672314e+04
1.627651e+04 4.467411e+02 1.672325e+04
1.620189e+04 5.215754e+02 1.672347e+04
1.612607e+04 5.977071e+02 1.672378e+04
1.605394e+04 6.702233e+02 1.672416e+04
1.599132e+04 7.332396e+02 1.672456e+04
1.594416e+04 7.807471e+02 1.672490e+04
1.591735e+04 8.077439e+02 1.672509e+04
1.591367e+04 8.114038e+02 1.672508e+04
1.593305e+04 7.918227e+02 1.672487e+04
1.597256e+04 7.519665e+02 1.672453e+04
1.602714e+04 6.969802e+02 1.672412e+04
1.609068e+04 6.330421e+02 1.672372e+04
1.615717e+04 5.662229e+02 1.672339e+04
1.622154e+04 5.016292e+02 1.672316e+04
1.628003e+04 4.430112e+02 1.672304e+04
1.633028e+04 3.927068e+02 1.672299e+04
1.637109e+04 3.519051e+02 1.672300e+04
1.640215e+04 3.208915e+02 1.672304e+04
1.642374e+04 2.993638e+02 1.672310e+04
1.643649e+04 2.866853e+02 1.672318e+04
1.644124e+04 2.820165e+02 1.672325e+04
1.643889e+04 2.844287e+02 1.672332e+04
1.643043e+04 2.929677e+02 1.672340e+04
1.641684e+04 3.066311e+02 1.672347e+04
1.639916e+04 3.243820e+02 1.672354e+04
1.637849e+04 3.451296e+02 1.672362e+04
1.635598e+04 3.677221e+02 1.672370e+04
1.633283e+04 3.909562e+02 1.672378e+04
1.631025e+04 4.136115e+02 1.672386e+04
1.628942e+04 4.345052e+02 1.672392e+04
1.627137e+04 4.526051e+02 1.672398e+04
1.625693e+04 4.670737e+02 1.672401e+04
1.624659e+04 4.774229e+02 1.672401e+04
1.624041e+04 4.835676e+02 1.672398e+04
1.623804e+04 4.858783e+02 1.672391e+04
1.623864e+04 4.851840e+02 1.672382e+04
1.624098e+04 4.827278e+02 1.672371e+04
1.624349e+04 4.800809e+02 1.672357e+04
1.624441e+04 4.790224e+02 1.672344e+04
1.624191e+04 4.813953e+02 1.672330e+04
1.623425e+04 4.889400e+02 1.672319e+04
1.622001e+04 5.031028e+02 1.672311e+04
1.619827e+04 5.248150e+02 1.672308e+04
1.616888e+04 5.542441e+02 1.672313e+04
1.613273e+04 5.905355e+02 1.672326e+04
1.609189e+04 6.315998e+02 1.672349e+04
1.604977e+04 6.740277e+02 1.672380e+04
1.601088e+04 7.132867e+02 1.672416e+04
1.598035e+04 7.441796e+02 1.672453e+04
1.596312e+04 7.616829e+02 1.672480e+04
1.596296e+04 7.619755e+02 1.672494e+04
1.598164e+04 7.432589e+02 1.672489e+04
1.601851e+04 7.061839e+02 1.672469e+04
1.607072e+04 6.536612e+02 1.672438e+04
1.613389e+04 5.901478e+02 1.672404e+04
1.620303e+04 5.206860e+02 1.672372e+04
1.627345e+04 4.500138e+02 1.672347e+04
1.634134e+04 3.819582e+02 1.672330e+04
1.640401e+04 3.192075e+02 1.672322e+04
1.645992e+04 2.632845e+02 1.672320e+04
1.650844e+04 2.147978e+02 1.672323e+04
1.654962e+04 1.736717e+02 1.672329e+04
1.658397e+04 1.393991e+02 1.672336e+04
1.661220e+04 1.112424e+02 1.672344e+04
1.663513e+04 8.837773e+01 1.672351e+04
1.665359e+04 6.998948e+01 1.672358e+04
1.666831e+04 5.532423e+01 1.672363e+04
1.667996e+04 4.371733e+01 1.672368e+04
1.668912e+04 3.460092e+01 1.672372e+04
1.669625e+04 2.750134e+01 1.672375e+04
1.670175e+04 2.203628e+01 1.672379e+04
1.670592e+04 1.788206e+01 1.672381e+04
1.670903e+04 1.479006e+01 1.672382e+04
1.671125e+04 1.257619e+01 1.672383e+04
1.671276e+04 1.108425e+01 1.672384e+04
1.671365e+04 1.019983e+01 1.672385e+04
1.671401e+04 9.838452e+00 1.672385e+04
1.671391e+04 9.934705e+00 1.672385e+04
1.671339e+04 1.046041e+01 1.672385e+04
1.671246e+04 1.138833e+01 1.672385e+04
1.671114e+04 1.271183e+01 1.672385e+04
1.670941e+04 1.443783e+01 1.672385e+04
1.670726e+04 1.658578e+01 1.672385e+04
1.670466e+04 1.919258e+01 1.672385e+04
1.670155e+04 2.229072e+01 1.672384e+04
1.669790e+04 2.594664e+01 1.672384e+04
1.669362e+04 3.021787e+01 1.672384e+04
1.668864e+04 3.519182e+01 1.672383e+04
1.668285e+04 4.096491e+01 1.672382e+04
1.667616e+04 4.765451e+01 1.672381e+04
1.666842e+04 5.537808e+01 1.672380e+04
1.665950e+04 6.428674e+01 1.672379e+04
1.664923e+04 7.454352e+01 1.672377e+04
1.663742e+04 8.632834e+01 1.672375e+04
1.662390e+04 9.983623e+01 1.672373e+04
1.660844e+04 1.152738e+02 1.672371e+04
1.659084e+04 1.328530e+02 1.672369e+04
1.657089e+04 1.527820e+02 1.672367e+04
1.654840e+04 1.752570e+02 1.672366e+04
1.652322e+04 2.004215e+02 1.672364e+04
1.649525e+04 2.283747e+02 1.672363e+04
1.646450e+04 2.591197e+02 1.672362e+04
1.643110e+04 2.925335e+02 1.672363e+04
1.639532e+04 3.283296e+02 1.672365e+04
1.635766e+04 3.660228e+02 1.672368e+04
1.631883e+04 4.049027e+02 1.672373e+04
1.627977e+04 4.440257e+02 1.672380e+04
1.624164e+04 4.822336e+02 1.672388e+04
1.620575e+04 5.182086e+02 1.672396e+04
1.617347e+04 5.505659e+02 1.672404e+04
1.614613e+04 5.779795e+02 1.672411e+04
1.612483e+04 5.993248e+02 1.672416e+04
1.611036e+04 6.138148e+02 1.672418e+04
1.610307e+04 6.211066e+02 1.672417e+04
1.610281e+04 6.213186e+02 1.672413e+04
1.610900e+04 6.150659e+02 1.672407e+04
1.612070e+04 6.032964e+02 1.672399e+04
1.613669e+04 5.872182e+02 1.672391e+04
1.615571e+04 5.681240e+02 1.672384e+04
1.617652e+04 5.472563e+02 1.672377e+04
1.619803e+04 5.256981e+02 1.672373e+04
1.621939e+04 5.043030e+02 1.672370e+04
1.624002e+04 4.836704e+02 1.672369e+04
1.625957e+04 4.641288e+02 1.672369e+04
1.627791e+04 4.457926e+02 1.672370e+04
1.629512e+04 4.286076e+02 1.672373e+04
1.631138e+04 4.123750e+02 1.672375e+04
1.632696e+04 3.968260e+02 1.672378e+04
1.634215e+04 3.816630e+02 1.672381e+04
1.635723e+04 3.666006e+02 1.672383e+04
1.637246e+04 3.513954e+02 1.672385e+04
1.638800e+04 3.358721e+02 1.672387e+04
1.640397e+04 3.199118e+02 1.672388e+04
1.642039e+04 3.034871e+02 1.672388e+04
1.643724e+04 2.866341e+02 1.672388e+04
1.645442e+04 2.694527e+02 1.672388e+04
1.647180e+04 2.520703e+02 1.672387e+04
1.648920e+04 2.346595e+02 1.672386e+04
1.650645e+04 2.174013e+02 1.672385e+04
1.652336e+04 2.004780e+02 1.672384e+04
1.653977e+04 1.840629e+02 1.672383e+04
1.655552e+04 1.683129e+02 1.672383e+04
1.657046e+04 1.533651e+02 1.672382e+04
1.658448e+04 1.393352e+02 1.672382e+04
1.659750e+04 1.263184e+02 1.672382e+04
1.660942e+04 1.143931e+02 1.672381e+04
1.662019e+04 1.036191e+02 1.672381e+04
1.662974e+04 9.406593e+01 1.672380e+04
1.663801e+04 8.578626e+01 1.672380e+04
1.664495e+04 7.884527e+01 1.672379e+04
1.665046e+04 7.332370e+01 1.672379e+04
1.665445e+04 6.932740e+01 1.672377e+04
1.665676e+04 6.699840e+01 1.672376e+04
1.665721e+04 6.652803e+01 1.672374e+04
1.665554e+04 6.817246e+01 1.672371e+04
1.665140e+04 7.227149e+01 1.672367e+04
1.664435e+04 7.927114e+01 1.672362e+04
1.663381e+04 8.975033e+01 1.672356e+04
1.661903e+04 1.044463e+02 1.672348e+04
1.659907e+04 1.243098e+02 1.672338e+04
1.657275e+04 1.505051e+02 1.672325e+04
1.653864e+04 1.844559e+02 1.672310e+04
1.649508e+04 2.278411e+02 1.672293e+04
1.644018e+04 2.825492e+02 1.672273e+04
1.637199e+04 3.505473e+02 1.672254e+04
1.628876e+04 4.336112e+02 1.672237e+04
1.618943e+04 5.328606e+02 1.672229e+04
1.607431e+04 6.480231e+02 1.672234e+04
1.594607e+04 7.765374e+02 1.672260e+04
1.581056e+04 9.125745e+02 1.672313e+04
1.567742e+04 1.046490e+03 1.672390e+04
1.555951e+04 1.165292e+03 1.672480e+04
1.547093e+04 1.254653e+03 1.672558e+04
1.542368e+04 1.302325e+03 1.672600e+04
1.542410e+04 1.301809e+03 1.672591e+04
1.547081e+04 1.254535e+03 1.672535e+04
1.555522e+04 1.169291e+03 1.672451e+04
1.566436e+04 1.059308e+03 1.672367e+04
1.578453e+04 9.384639e+02 1.672299e+04
1.590423e+04 8.183553e+02 1.672259e+04
1.601555e+04 7.068795e+02 1.672243e+04
1.611419e+04 6.082639e+02 1.672246e+04
1.619875e+04 5.238463e+02 1.672260e+04
1.626972e+04 4.530706e+02 1.672279e+04
1.632863e+04 3.943533e+02 1.672299e+04
1.637744e+04 3.457343e+02 1.672317e+04
1.641810e+04 3.052371e+02 1.672333e+04
1.645237e+04 2.710947e+02 1.672346e+04
1.648171e+04 2.418547e+02 1.672356e+04
1.650728e+04 2.163605e+02 1.672364e+04
1.652995e+04 1.937474e+02 1.672370e+04
1.655034e+04 1.733924e+02 1.672373e+04
1.656890e+04 1.548700e+02 1.672377e+04
1.658590e+04 1.378827e+02 1.672379e+04
1.660155e+04 1.222520e+02 1.672380e+04
1.661594e+04 1.078623e+02 1.672381e+04
1.662917e+04 9.463963e+01 1.672381e+04
1.664128e+04 8.253289e+01 1.672382e+04
1.665232e+04 7.150009e+01 1.672382e+04
1.666233e+04 6.150032e+01 1.672383e+04
1.667134e+04 5.248918e+01 1.672383e+04
1.667942e+04 4.441688e+01 1.672384e+04
1.668661e+04 3.722812e+01 1.672384e+04
1.669298e+04 3.086308e+01 1.672385e+04
1.669859e+04 2.525888e+01 1.672385e+04
1.670351e+04 2.035123e+01 1.672386e+04
1.670779e+04 1.607609e+01 1.672386e+04
1.671150e+04 1.237103e+01 1.672387e+04
1.671470e+04 9.176355e+00 1.672387e+04
1.671744e+04 6.436033e+00 1.672388e+04
1.671978e+04 4.098247e+00 1.672388e+04
1.672177e+04 2.115798e+00 1.672389e+04
1.672344e+04 4.462966e-01 1.672389e+04
1.672484e+04 -9.477868e-01 1.672389e+04
1.672599e+04 -2.099168e+00 1.672389e+04
1.672693e+04 -3.035868e+00 1.672390e+04
1.672768e+04 -3.781355e+00 1.672390e+04
1.672825e+04 -4.354703e+00 1.672390e+04
1.672867e+04 -4.770722e+00 1.672390e+04
1.672894e+04 -5.040060e+00 1.672390e+04
1.672907e+04 -5.169241e+00 1.672390e+04
1.672906e+04 -5.160642e+00 1.672390e+04
1.672891e+04 -5.012369e+00 1.672390e+04
1.672862e+04 -4.718093e+00 1.672390e+04
1.672816e+04 -4.266772e+00 1.672390e+04
1.672754e+04 -3.641698e+00 1.672390e+04
1.672671e+04 -2.820416e+00 1.672389e+04
1.672566e+04 -1.779222e+00 1.672388e+04
1.672435e+04 -4.700149e-01 1.672388e+04
1.672273e+04 1.147978e+00 1.672388e+04
1.672074e+04 3.131793e+00 1.672387e+04
1.671831e+04 5.545738e+00 1.672386e+04
1.671536e+04 8.485639e+00 1.672385e+04
1.671179e+04 1.204890e+01 1.672384e+04
1.670747e+04 1.635406e+01 1.672382e+04
1.670224e+04 2.156654e+01 1.672381e+04
1.669594e+04 2.784839e+01 1.672379e+04
1.668835e+04 3.541755e+01 1.672377e+04
1.667922e+04 4.452522e+01 1.672375e+04
1.666825e+04 5.546613e+01 1.672372e+04
1.665510e+04 6.858226e+01 1.672368e+04
1.663938e+04 8.426484e+01 1.672364e+04
1.662065e+04 1.029526e+02 1.672360e+04
1.659843e+04 1.251241e+02 1.672355e+04
1.657222e+04 1.512813e+02 1.672350e+04
1.654153e+04 1.819190e+02 1.672345e+04
1.650593e+04 2.174764e+02 1.672341e+04
1.646511e+04 2.582646e+02 1.672338e+04
1.641900e+04 3.043679e+02 1.672337e+04
1.636787e+04 3.555178e+02 1.672339e+04
1.631250e+04 4.109506e+02 1.672345e+04
1.625429e+04 4.692696e+02 1.672356e+04
1.619538e+04 5.283511e+02 1.672373e+04
1.613859e+04 5.853448e+02 1.672393e+04
1.608734e+04 6.368278e+02 1.672416e+04
1.604527e+04 6.791117e+02 1.672438e+04
1.601579e+04 7.087637e+02 1.672455e+04
1.600149e+04 7.231456e+02 1.672464e+04
1.600371e+04 7.209090e+02 1.672462e+04
1.602225e+04 7.022581e+02 1.672451e+04
1.605539e+04 6.689295e+02 1.672432e+04
1.610028e+04 6.238200e+02 1.672410e+04
1.615339e+04 5.704845e+02 1.672387e+04
1.621110e+04 5.125769e+02 1.672368e+04
1.627013e+04 4.533977e+02 1.672353e+04
1.632782e+04 3.956136e+02 1.672343e+04
1.638223e+04 3.411520e+02 1.672338e+04
1.643214e+04 2.912313e+02 1.672337e+04
1.647691e+04 2.464707e+02 1.672338e+04
1.651639e+04 2.070325e+02 1.672342e+04
1.655070e+04 1.727616e+02 1.672346e+04
1.658021e+04 1.433047e+02 1.672351e+04
1.660536e+04 1.182021e+02 1.672356e+04
1.662666e+04 9.695338e+01 1.672361e+04
1.664459e+04 7.906594e+01 1.672366e+04
1.665964e+04 6.405955e+01 1.672370e+04
1.667222e+04 5.151305e+01 1.672373e+04
1.668271e+04 4.105358e+01 1.672376e+04
1.669145e+04 3.234079e+01 1.672379e+04
1.669871e+04 2.509711e+01 1.672381e+04
1.670474e+04 1.908172e+01 1.672383e+04
1.670975e+04 1.409121e+01 1.672384e+04
1.671390e+04 9.954724e+00 1.672385e+04
1.671733e+04 6.529375e+00 1.672386e+04
1.672018e+04 3.701450e+00 1.672388e+04
1.672252e+04 1.355435e+00 1.672388e+04
1.672446e+04 -5.745124e-01 1.672388e+04
1.672605e+04 -2.162056e+00 1.672389e+04
1.672736e+04 -3.463668e+00 1.672389e+04
1.672842e+04 -4.526041e+00 1.672390e+04
1.672929e+04 -5.387729e+00 1.672390e+04
1.672998e+04 -6.086063e+00 1.672389e+04
1.673053e+04 -6.636162e+00 1.672390e+04
1.673096e+04 -7.064912e+00 1.672390e+04
1.673129e+04 -7.389803e+00 1.672390e+04
1.673153e+04 -7.625032e+00 1.672390e+04
1.673168e+04 -7.782024e+00 1.672390e+04
1.673177e+04 -7.869869e+00 1.672390e+04
1.673180e+04 -7.895673e+00 1.672390e+04
1.673177e+04 -7.864857e+00 1.672390e+04
1.673168e+04 -7.781389e+00 1.672390e+04
1.673155e+04 -7.647986e+00 1.672390e+04
1.673137e+04 -7.466266e+00 1.672390e+04
1.673114e+04 -7.231570e+00 1.672391e+04
1.673086e+04 -6.954487e+00 1.672391e+04
1.673054e+04 -6.634048e+00 1.672390e+04
1.673016e+04 -6.257746e+00 1.672390e+04
1.672973e+04 -5.828546e+00 1.672390e+04
1.672925e+04 -5.332650e+00 1.672391e+04
1.672870e+04 -4.788464e+00 1.672391e+04
1.672809e+04 -4.175334e+00 1.672392e+04
1.672742e+04 -3.499536e+00 1.672392e+04
1.672667e+04 -2.750310e+00 1.672392e+04
1.672584e+04 -1.927447e+00 1.672391e+04
1.672492e+04 -1.013708e+00 1.672391e+04
1.672392e+04 -2.440318e-03 1.672391e+04
1.672281e+04 1.097288e+00 1.672391e+04
1.672160e+04 2.309824e+00 1.672391e+04
1.672027e+04 3.638094e+00 1.672391e+04
1.671882e+04 5.091007e+00 1.672391e+04
1.671723e+04 6.672526e+00 1.672390e+04
1.671550e+04 8.403592e+00 1.672390e+04
1.671361e+04 1.028924e+01 1.672390e+04
1.671156e+04 1.234050e+01 1.672390e+04
1.670933e+04 1.456332e+01 1.672389e+04
1.670691e+04 1.698069e+01 1.672389e+04
1.670429e+04 1.959961e+01 1.672389e+04
1.670145e+04 2.243288e+01 1.672389e+04
1.669839e+04 2.549357e+01 1.672389e+04
1.669509e+04 2.879494e+01 1.672388e+04
1.669153e+04 3.235028e+01 1.672388e+04
1.668771e+04 3.617817e+01 1.672389e+04
1.668361e+04 4.028037e+01 1.672389e+04
1.667921e+04 4.467444e+01 1.672389e+04
1.667451e+04 4.937133e+01 1.672388e+04
1.666950e+04 5.438585e+01 1.672389e+04
1.666417e+04 5.971458e+01 1.672389e+04
1.665852e+04 6.536772e+01 1.672389e+04
1.665254e+04 7.134658e+01 1.672389e+04
1.664624e+04 7.764269e+01 1.672388e+04
1.663962e+04 8.425883e+01 1.672388e+04
1.663271e+04 9.117512e+01 1.672388e+04
1.662551e+04 9.836990e+01 1.672388e+04
1.661807e+04 1.058132e+02 1.672388e+04
1.661042e+04 1.134655e+02 1.672389e+04
1.660261e+04 1.212774e+02 1.672389e+04
1.659471e+04 1.291881e+02 1.672389e+04
1.658677e+04 1.371259e+02 1.672390e+04
1.657890e+04 1.450077e+02 1.672391e+04
1.657117e+04 1.527395e+02 1.672391e+04
1.656370e+04 1.602181e+02 1.672392e+04
1.655659e+04 1.673326e+02 1.672393e+04
1.654997e+04 1.739670e+02 1.672393e+04
1.654394e+04 1.800089e+02 1.672395e+04
1.653862e+04 1.853319e+02 1.672395e+04
1.653413e+04 1.898322e+02 1.672396e+04
1.653055e+04 1.934055e+02 1.672396e+04
1.652798e+04 1.959796e+02 1.672396e+04
1.652648e+04 1.974846e+02 1.672397e+04
1.652609e+04 1.978785e+02 1.672397e+04
1.652682e+04 1.971382e+02 1.672396e+04
1.652868e+04 1.952826e+02 1.672396e+04
1.653161e+04 1.923398e+02 1.672395e+04
1.653558e+04 1.883673e+02 1.672395e+04
1.654050e+04 1.834437e+02 1.672394e+04
1.654627e+04 1.776657e+02 1.672394e+04
1.655278e+04 1.711490e+02 1.672393e+04
1.655992e+04 1.639965e+02 1.672392e+04
1.656756e+04 1.563488e+02 1.672391e+04
1.657558e+04 1.483302e+02 1.672391e+04
1.658385e+04 1.400510e+02 1.672390e+04
1.659227e+04 1.316309e+02 1.672390e+04
1.660072e+04 1.231806e+02 1.672390e+04
1.660911e+04 1.147834e+02 1.672389e+04
1.661736e+04 1.065272e+02 1.672389e+04
1.662540e+04 9.848766e+01 1.672389e+04
1.663318e+04 9.071148e+01 1.672389e+04
1.664064e+04 8.324483e+01 1.672388e+04
1.664775e+04 7.613397e+01 1.672388e+04
1.665448e+04 6.939886e+01 1.672388e+04
1.666082e+04 6.305079e+01 1.672387e+04
1.666676e+04 5.711004e+01 1.672387e+04
1.667230e+04 5.157426e+01 1.672387e+04
1.667743e+04 4.644148e+01 1.672388e+04
1.668217e+04 4.169458e+01 1.672387e+04
1.668652e+04 3.734637e+01 1.672387e+04
1.669049e+04 3.338006e+01 1.672387e+04
1.669410e+04 2.977182e+01 1.672388e+04
1.669736e+04 2.651342e+01 1.672388e+04
1.670029e+04 2.359079e+01 1.672388e+04
1.670289e+04 2.098995e+01 1.672388e+04
1.670518e+04 1.869740e+01 1.672388e+04
1.670718e+04 1.670584e+01 1.672389e+04
1.670890e+04 1.499239e+01 1.672389e+04
1.671034e+04 1.355213e+01 1.672389e+04
1.671151e+04 1.237026e+01 1.672388e+04
1.671244e+04 1.144981e+01 1.672389e+04
1.671311e+04 1.077341e+01 1.672388e+04
1.671353e+04 1.034702e+01 1.672388e+04
1.671372e+04 1.016750e+01 1.672389e+04
1.671366e+04 1.022226e+01 1.672389e+04
1.671337e+04 1.051138e+01 1.672388e+04
1.671283e+04 1.104732e+01 1.672388e+04
1.671205e+04 1.182801e+01 1.672388e+04
1.671102e+04 1.285834e+01 1.672388e+04
1.670973e+04 1.414489e+01 1.672388e+04
1.670818e+04 1.569585e+01 1.672388e+04
1.670636e+04 1.752108e+01 1.672388e+04
1.670424e+04 1.963209e+01 1.672388e+04
1.670183e+04 2.204201e+01 1.672387e+04
1.669911e+04 2.476012e+01 1.672387e+04
1.669605e+04 2.781374e+01 1.672387e+04
1.669265e+04 3.121554e+01 1.672386e+04
1.668888e+04 3.497417e+01 1.672385e+04
1.668472e+04 3.913285e+01 1.672385e+04
1.668014e+04 4.370364e+01 1.672385e+04
1.667513e+04 4.871105e+01 1.672384e+04
1.666966e+04 5.418114e+01 1.672384e+04
1.666370e+04 6.013604e+01 1.672383e+04
1.665721e+04 6.661026e+01 1.672382e+04
1.665018e+04 7.364552e+01 1.672383e+04
1.664257e+04 8.125762e+01 1.672382e+04
1.663433e+04 8.948583e+01 1.672382e+04
1.662545e+04 9.836562e+01 1.672382e+04
1.661588e+04 1.079343e+02 1.672381e+04
1.660557e+04 1.182316e+02 1.672381e+04
1.659450e+04 1.292996e+02 1.672380e+04
1.658261e+04 1.411840e+02 1.672380e+04
1.656985e+04 1.539351e+02 1.672379e+04
1.655617e+04 1.676087e+02 1.672378e+04
1.654151e+04 1.822735e+02 1.672378e+04
1.652578e+04 1.979916e+02 1.672377e+04
1.650891e+04 2.148530e+02 1.672376e+04
1.649079e+04 2.329569e+02 1.672375e+04
1.647132e+04 2.524192e+02 1.672374e+04
1.645035e+04 2.733691e+02 1.672372e+04
1.642773e+04 2.959717e+02 1.672370e+04
1.640329e+04 3.203938e+02 1.672368e+04
1.637684e+04 3.468212e+02 1.672366e+04
1.634820e+04 3.754434e+02 1.672364e+04
1.631719e+04 4.064378e+02 1.672362e+04
1.628366e+04 4.399454e+02 1.672361e+04
1.624757e+04 4.760368e+02 1.672360e+04
1.620894e+04 5.146629e+02 1.672360e+04
1.616800e+04 5.556252e+02 1.672362e+04
1.612517e+04 5.984868e+02 1.672366e+04
1.608117e+04 6.425489e+02 1.672372e+04
1.603701e+04 6.867892e+02 1.672380e+04
1.599401e+04 7.298937e+02 1.672390e+04
1.595373e+04 7.702811e+02 1.672401e+04
1.591791e+04 8.062142e+02 1.672412e+04
1.588826e+04 8.359607e+02 1.672422e+04
1.586630e+04 8.579938e+02 1.672430e+04
1.585314e+04 8.711952e+02 1.672433e+04
1.584931e+04 8.750170e+02 1.672433e+04
1.585472e+04 8.695626e+02 1.672428e+04
1.586863e+04 8.555658e+02 1.672420e+04
1.588982e+04 8.342723e+02 1.672409e+04
1.591673e+04 8.072555e+02 1.672398e+04
1.594767e+04 7.762103e+02 1.672388e+04
1.598102e+04 7.427731e+02 1.672379e+04
1.601536e+04 7.083654e+02 1.672372e+04
1.604952e+04 6.741549e+02 1.672367e+04
1.608261e+04 6.410215e+02 1.672363e+04
1.611401e+04 6.095988e+02 1.672361e+04
1.614325e+04 5.803403e+02 1.672359e+04
1.616996e+04 5.536043e+02 1.672356e+04
1.619379e+04 5.297514e+02 1.672354e+04
1.621427e+04 5.092220e+02 1.672350e+04
1.623078e+04 4.926445e+02 1.672342e+04
1.624237e+04 4.809465e+02 1.672332e+04
1.624772e+04 4.754469e+02 1.672317e+04
1.624498e+04 4.779808e+02 1.672296e+04
1.623166e+04 4.910187e+02 1.672268e+04
1.620454e+04 5.178039e+02 1.672234e+04
1.615958e+04 5.623421e+02 1.672192e+04
1.609212e+04 6.293272e+02 1.672145e+04
1.599738e+04 7.236228e+02 1.672101e+04
1.587159e+04 8.491320e+02 1.672072e+04
1.571412e+04 1.006710e+03 1.672083e+04
1.553051e+04 1.191063e+03 1.672157e+04
1.533577e+04 1.387347e+03 1.672311e+04
1.515568e+04 1.569585e+03 1.672526e+04
1.502333e+04 1.704024e+03 1.672735e+04
1.496937e+04 1.759087e+03 1.672845e+04
1.500955e+04 1.718444e+03 1.672800e+04
1.513734e+04 1.588884e+03 1.672623e+04
1.532706e+04 1.396946e+03 1.672400e+04
1.554519e+04 1.176966e+03 1.672216e+04
1.576208e+04 9.590126e+02 1.672109e+04
1.595807e+04 7.626769e+02 1.672075e+04
1.612393e+04 5.969645e+02 1.672089e+04
1.625801e+04 4.632715e+02 1.672129e+04
1.636300e+04 3.587428e+02 1.672175e+04
1.644332e+04 2.788578e+02 1.672218e+04
1.650362e+04 2.189304e+02 1.672255e+04
1.654800e+04 1.748354e+02 1.672283e+04
1.657974e+04 1.432977e+02 1.672304e+04
1.660124e+04 1.219287e+02 1.672317e+04
1.661405e+04 1.091829e+02 1.672323e+04
1.661892e+04 1.043095e+02 1.672323e+04
1.661582e+04 1.073418e+02 1.672316e+04
1.660386e+04 1.191470e+02 1.672301e+04
1.658120e+04 1.415509e+02 1.672275e+04
1.654483e+04 1.775429e+02 1.672238e+04
1.649030e+04 2.315545e+02 1.672185e+04
1.641142e+04 3.097180e+02 1.672114e+04
1.630023e+04 4.200261e+02 1.672026e+04
1.614738e+04 5.719071e+02 1.671928e+04
1.594388e+04 7.745895e+02 1.671847e+04
1.568514e+04 1.033146e+03 1.671829e+04
1.537810e+04 1.341354e+03 1.671945e+04
1.505013e+04 1.672339e+03 1.672247e+04
1.475385e+04 1.973021e+03 1.672687e+04
1.455765e+04 2.173061e+03 1.673072e+04
1.451777e+04 2.213843e+03 1.673161e+04
1.464696e+04 2.081965e+03 1.672892e+04
1.490660e+04 1.817864e+03 1.672447e+04
1.522982e+04 1.490834e+03 1.672066e+04
1.555417e+04 1.164478e+03 1.671865e+04
1.584031e+04 8.779696e+02 1.671828e+04
1.607276e+04 6.461168e+02 1.671887e+04
1.625179e+04 4.680335e+02 1.671982e+04
1.638510e+04 3.356780e+02 1.672078e+04
1.648233e+04 2.392642e+02 1.672159e+04
1.655239e+04 1.698390e+02 1.672223e+04
1.660256e+04 1.201483e+02 1.672271e+04
1.663839e+04 8.465366e+01 1.672305e+04
1.666400e+04 5.929740e+01 1.672329e+04
1.668231e+04 4.115186e+01 1.672347e+04
1.669546e+04 2.813071e+01 1.672359e+04
1.670492e+04 1.875520e+01 1.672368e+04
1.671176e+04 1.197941e+01 1.672374e+04
1.671672e+04 7.063521e+00 1.672378e+04
1.672033e+04 3.483583e+00 1.672381e+04
1.672296e+04 8.679400e-01 1.672383e+04
1.672490e+04 -1.047398e+00 1.672385e+04
1.672631e+04 -2.450006e+00 1.672386e+04
1.672734e+04 -3.472911e+00 1.672387e+04
1.672808e+04 -4.209900e+00 1.672387e+04
1.672860e+04 -4.726224e+00 1.672388e+04
1.672894e+04 -5.066052e+00 1.672388e+04
1.672914e+04 -5.257623e+00 1.672388e+04
1.672920e+04 -5.316740e+00 1.672388e+04
1.672913e+04 -5.249043e+00 1.672388e+04
1.672893e+04 -5.056864e+00 1.672387e+04
1.672859e+04 -4.717905e+00 1.672387e+04
1.672809e+04 -4.212695e+00 1.672387e+04
1.672740e+04 -3.523978e+00 1.672387e+04
1.672648e+04 -2.619419e+00 1.672386e+04
1.672528e+04 -1.427894e+00 1.672385e+04
1.672374e+04 1.024923e-01 1.672384e+04
1.672179e+04 2.050892e+00 1.672384e+04
1.671931e+04 4.516563e+00 1.672383e+04
1.671619e+04 7.628983e+00 1.672382e+04
1.671227e+04 1.153168e+01 1.672380e+04
1.670736e+04 1.642786e+01 1.672379e+04
1.670122e+04 2.254484e+01 1.672376e+04
1.669355e+04 3.018284e+01 1.672373e+04
1.668399e+04 3.970451e+01 1.672369e+04
1.667210e+04 5.155359e+01 1.672365e+04
1.665733e+04 6.626276e+01 1.672359e+04
1.663903e+04 8.448832e+01 1.672352e+04
1.661646e+04 1.069857e+02 1.672344e+04
1.658872e+04 1.346308e+02 1.672335e+04
1.655486e+04 1.683976e+02 1.672326e+04
1.651384e+04 2.093127e+02 1.672315e+04
1.646469e+04 2.583660e+02 1.672306e+04
1.640663e+04 3.163590e+02 1.672298e+04
1.633928e+04 3.836668e+02 1.672295e+04
1.626305e+04 4.599415e+02 1.672299e+04
1.617943e+04 5.436891e+02 1.672312e+04
1.609144e+04 6.319302e+02 1.672337e+04
1.600380e+04 7.199500e+02 1.672375e+04
1.592281e+04 8.013912e+02 1.672420e+04
1.585577e+04 8.688903e+02 1.672466e+04
1.580976e+04 9.152483e+02 1.672501e+04
1.579023e+04 9.349463e+02 1.672518e+04
1.579962e+04 9.254841e+02 1.672510e+04
1.583672e+04 8.880790e+02 1.672480e+04
1.589705e+04 8.273200e+02 1.672437e+04
1.597390e+04 7.500046e+02 1.672390e+04
1.605987e+04 6.636191e+02 1.672349e+04
1.614819e+04 5.750027e+02 1.672319e+04
1.623348e+04 4.895241e+02 1.672301e+04
1.631212e+04 4.108118e+02 1.672293e+04
1.638204e+04 3.408927e+02 1.672293e+04
1.644245e+04 2.805412e+02 1.672299e+04
1.649339e+04 2.296769e+02 1.672307e+04
1.653544e+04 1.877165e+02 1.672316e+04
1.656940e+04 1.538328e+02 1.672324e+04
1.659613e+04 1.271863e+02 1.672331e+04
1.661639e+04 1.069818e+02 1.672337e+04
1.663082e+04 9.258559e+01 1.672341e+04
1.663987e+04 8.356712e+01 1.672344e+04
1.664372e+04 7.970929e+01 1.672343e+04
1.664233e+04 8.107135e+01 1.672340e+04
1.663535e+04 8.800095e+01 1.672335e+04
1.662207e+04 1.011841e+02 1.672325e+04
1.660142e+04 1.217023e+02 1.672312e+04
1.657184e+04 1.511004e+02 1.672294e+04
1.653125e+04 1.914574e+02 1.672271e+04
1.647698e+04 2.454480e+02 1.672242e+04
1.640579e+04 3.162846e+02 1.672208e+04
1.631408e+04 4.076128e+02 1.672169e+04
1.619830e+04 5.230389e+02 1.672134e+04
1.605594e+04 6.651840e+02 1.672112e+04
1.588706e+04 8.341311e+02 1.672119e+04
1.569652e+04 1.025201e+03 1.672172e+04
1.549621e+04 1.226608e+03 1.672282e+04
1.530604e+04 1.418345e+03 1.672438e+04
1.515170e+04 1.574290e+03 1.672599e+04
1.505830e+04 1.668723e+03 1.672702e+04
1.504145e+04 1.685538e+03 1.672699e+04
1.510074e+04 1.625153e+03 1.672589e+04
1.521982e+04 1.504412e+03 1.672424e+04
1.537312e+04 1.349524e+03 1.672264e+04
1.553471e+04 1.186823e+03 1.672153e+04
1.568471e+04 1.036294e+03 1.672100e+04
1.581145e+04 9.095023e+02 1.672095e+04
1.591049e+04 8.107095e+02 1.672120e+04
1.598244e+04 7.391552e+02 1.672160e+04
1.603075e+04 6.912963e+02 1.672204e+04
1.606016e+04 6.623174e+02 1.672248e+04
1.607575e+04 6.471113e+02 1.672287e+04
1.608237e+04 6.408354e+02 1.672320e+04
1.608430e+04 6.391817e+02 1.672348e+04
1.608510e+04 6.385860e+02 1.672369e+04
1.608749e+04 6.363442e+02 1.672383e+04
1.609322e+04 6.306850e+02 1.672391e+04
1.610317e+04 6.207460e+02 1.672392e+04
1.611736e+04 6.065264e+02 1.672388e+04
1.613510e+04 5.887101e+02 1.672381e+04
1.615526e+04 5.684593e+02 1.672372e+04
1.617642e+04 5.472114e+02 1.672363e+04
1.619711e+04 5.264377e+02 1.672355e+04
1.621598e+04 5.074968e+02 1.672348e+04
1.623192e+04 4.915174e+02 1.672344e+04
1.624410e+04 4.793107e+02 1.672341e+04
1.625203e+04 4.713766e+02 1.672340e+04
1.625553e+04 4.678837e+02 1.672342e+04
1.625475e+04 4.686940e+02 1.672345e+04
1.625010e+04 4.733898e+02 1.672349e+04
1.624225e+04 4.813082e+02 1.672355e+04
1.623204e+04 4.915806e+02 1.672362e+04
1.622051e+04 5.031822e+02 1.672370e+04
1.620878e+04 5.149936e+02 1.672377e+04
1.619797e+04 5.258708e+02 1.672384e+04
1.618914e+04 5.347555e+02 1.672390e+04
1.618320e+04 5.407362e+02 1.672394e+04
1.618080e+04 5.431685e+02 1.672397e+04
1.618223e+04 5.417272e+02 1.672396e+04
1.618742e+04 5.364985e+02 1.672392e+04
1.619586e+04 5.279941e+02 1.672385e+04
1.620658e+04 5.171736e+02 1.672375e+04
1.621816e+04 5.054564e+02 1.672361e+04
1.622868e+04 4.947486e+02 1.672343e+04
1.623568e+04 4.875091e+02 1.672319e+04
1.623599e+04 4.868793e+02 1.672287e+04
1.622555e+04 4.969000e+02 1.672245e+04
1.619907e+04 5.228068e+02 1.672188e+04
1.614974e+04 5.714032e+02 1.672114e+04
1.606893e+04 6.512921e+02 1.672022e+04
1.594643e+04 7.727385e+02 1.671917e+04
1.577181e+04 9.463906e+02 1.671820e+04
1.553800e+04 1.179798e+03 1.671780e+04
1.524829e+04 1.470394e+03 1.671868e+04
1.492607e+04 1.795466e+03 1.672154e+04
1.462208e+04 2.104064e+03 1.672615e+04
1.440807e+04 2.322581e+03 1.673065e+04
1.434934e+04 2.382930e+03 1.673228e+04
1.446880e+04 2.261067e+03 1.672987e+04
1.473243e+04 1.992712e+03 1.672514e+04
1.507064e+04 1.650193e+03 1.672083e+04
1.541477e+04 1.303683e+03 1.671845e+04
1.572019e+04 9.977429e+02 1.671793e+04
1.596871e+04 7.498100e+02 1.671852e+04
1.616009e+04 5.594566e+02 1.671954e+04
1.630253e+04 4.180442e+02 1.672057e+04
1.640652e+04 3.149339e+02 1.672145e+04
1.648174e+04 2.403927e+02 1.672213e+04
1.653606e+04 1.865814e+02 1.672264e+04
1.657542e+04 1.475808e+02 1.672300e+04
1.660418e+04 1.190816e+02 1.672326e+04
1.662542e+04 9.801241e+01 1.672344e+04
1.664135e+04 8.220521e+01 1.672356e+04
1.665348e+04 7.016453e+01 1.672365e+04
1.666289e+04 6.082679e+01 1.672372e+04
1.667030e+04 5.345557e+01 1.672376e+04
1.667624e+04 4.754993e+01 1.672379e+04
1.668105e+04 4.276009e+01 1.672381e+04
1.668497e+04 3.884561e+01 1.672382e+04
1.668819e+04 3.564801e+01 1.672383e+04
1.669079e+04 3.304594e+01 1.672384e+04
1.669287e+04 3.097236e+01 1.672384e+04
1.669446e+04 2.938139e+01 1.672385e+04
1.669560e+04 2.824628e+01 1.672385e+04
1.669629e+04 2.755414e+01 1.672385e+04
1.669654e+04 2.730240e+01 1.672385e+04
1.669635e+04 2.749650e+01 1.672385e+04
1.669570e+04 2.814835e+01 1.672384e+04
1.669457e+04 2.927553e+01 1.672384e+04
1.669294e+04 3.090089e+01 1.672384e+04
1.669078e+04 3.305260e+01 1.672384e+04
1.668807e+04 3.576443e+01 1.672383e+04
1.668475e+04 3.907643e+01 1.672383e+04
1.668079e+04 4.303578e+01 1.672382e+04
1.667612e+04 4.769810e+01 1.672382e+04
1.667068e+04 5.312904e+01 1.672381e+04
1.666440e+04 5.940644e+01 1.672380e+04
1.665717e+04 6.661742e+01 1.672379e+04
1.664889e+04 7.488976e+01 1.672378e+04
1.663942e+04 8.434138e+01 1.672377e+04
1.662861e+04 9.514115e+01 1.672375e+04
1.661624e+04 1.074889e+02 1.672373e+04
1.660207e+04 1.216251e+02 1.672369e+04
1.658580e+04 1.378646e+02 1.672366e+04
1.656704e+04 1.565784e+02 1.672362e+04
1.654533e+04 1.782330e+02 1.672357e+04
1.652010e+04 2.033982e+02 1.672350e+04
1.649063e+04 2.327892e+02 1.672342e+04
1.645608e+04 2.672509e+02 1.672333e+04
1.641543e+04 3.077818e+02 1.672321e+04
1.636755e+04 3.555383e+02 1.672309e+04
1.631121e+04 4.117533e+02 1.672296e+04
1.624519e+04 4.776466e+02 1.672284e+04
1.616852e+04 5.542152e+02 1.672274e+04
1.608079e+04 6.419036e+02 1.672270e+04
1.598262e+04 7.401270e+02 1.672275e+04
1.587624e+04 8.467099e+02 1.672295e+04
1.576604e+04 9.572801e+02 1.672332e+04
1.565889e+04 1.064970e+03 1.672386e+04
1.556380e+04 1.160683e+03 1.672448e+04
1.549082e+04 1.234239e+03 1.672506e+04
1.544903e+04 1.276413e+03 1.672545e+04
1.544428e+04 1.281228e+03 1.672551e+04
1.547747e+04 1.247755e+03 1.672522e+04
1.554428e+04 1.180407e+03 1.672468e+04
1.563637e+04 1.087673e+03 1.672404e+04
1.574356e+04 9.798806e+02 1.672344e+04
1.585603e+04 8.669602e+02 1.672299e+04
1.596579e+04 7.569263e+02 1.672271e+04
1.606730e+04 6.552937e+02 1.672260e+04
1.615740e+04 5.651904e+02 1.672259e+04
1.623476e+04 4.879039e+02 1.672266e+04
1.629930e+04 4.234572e+02 1.672276e+04
1.635172e+04 3.711620e+02 1.672288e+04
1.639302e+04 3.299718e+02 1.672299e+04
1.642435e+04 2.987577e+02 1.672310e+04
1.644677e+04 2.764187e+02 1.672319e+04
1.646129e+04 2.619736e+02 1.672327e+04
1.646879e+04 2.545520e+02 1.672334e+04
1.647004e+04 2.533525e+02 1.672340e+04
1.646582e+04 2.576379e+02 1.672346e+04
1.645688e+04 2.666387e+02 1.672352e+04
1.644405e+04 2.795376e+02 1.672359e+04
1.642826e+04 2.954019e+02 1.672366e+04
1.641059e+04 3.131525e+02 1.672374e+04
1.639226e+04 3.315813e+02 1.672384e+04
1.637459e+04 3.493452e+02 1.672394e+04
1.635898e+04 3.650532e+02 1.672403e+04
1.634676e+04 3.773534e+02 1.672411e+04
1.633910e+04 3.850766e+02 1.672418e+04
1.633689e+04 3.873259e+02 1.672421e+04
1.634062e+04 3.835994e+02 1.672422e+04
1.635035e+04 3.738397e+02 1.672419e+04
1.636571e+04 3.584304e+02 1.672414e+04
1.638593e+04 3.381337e+02 1.672406e+04
1.641000e+04 3.139830e+02 1.672398e+04
1.643675e+04 2.871537e+02 1.672390e+04
1.646499e+04 2.588305e+02 1.672382e+04
1.649363e+04 2.301286e+02 1.672376e+04
1.652175e+04 2.019668e+02 1.672371e+04
1.654860e+04 1.750840e+02 1.672368e+04
1.657366e+04 1.500041e+02 1.672366e+04
1.659660e+04 1.270569e+02 1.672366e+04
1.661725e+04 1.064062e+02 1.672366e+04
1.663559e+04 8.808925e+01 1.672368e+04
1.665166e+04 7.202962e+01 1.672369e+04
1.666560e+04 5.810118e+01 1.672371e+04
1.667759e+04 4.613147e+01 1.672372e+04
1.668781e+04 3.592762e+01 1.672374e+04
1.669647e+04 2.729667e+01 1.672376e+04
1.670375e+04 2.003396e+01 1.672378e+04
1.670983e+04 1.396290e+01 1.672379e+04
1.671489e+04 8.916594e+00 1.672381e+04
1.671907e+04 4.745306e+00 1.672382e+04
1.672251e+04 1.316771e+00 1.672383e+04
1.672532e+04 -1.484328e+00 1.672384e+04
1.672760e+04 -3.757484e+00 1.672384e+04
1.672944e+04 -5.582347e+00 1.672385e+04
1.673090e+04 -7.042203e+00 1.672386e+04
1.673206e+04 -8.198026e+00 1.672386e+04
1.673295e+04 -9.089832e+00 1.672386e+04
1.673363e+04 -9.765771e+00 1.672386e+04
1.673413e+04 -1.026130e+01 1.672387e+04
1.673447e+04 -1.060025e+01 1.672387e+04
1.673469e+04 -1.081774e+01 1.672388e+04
1.673481e+04 -1.093354e+01 1.672387e+04
1.673483e+04 -1.095835e+01 1.672387e+04
1.673477e+04 -1.089973e+01 1.672387e+04
1.673464e+04 -1.077357e+01 1.672387e+04
1.673446e+04 -1.058823e+01 1.672387e+04
1.673422e+04 -1.034481e+01 1.672388e+04
1.673393e+04 -1.005938e+01 1.672388e+04
1.673361e+04 -9.730235e+00 1.672388e+04
1.673324e+04 -9.354720e+00 1.672388e+04
1.673283e+04 -8.945751e+00 1.672388e+04
1.673238e+04 -8.504488e+00 1.672388e+04
1.673190e+04 -8.020548e+00 1.672388e+04
1.673138e+04 -7.499462e+00 1.672388e+04
1.673082e+04 -6.940839e+00 1.672388e+04
1.673022e+04 -6.343907e+00 1.672388e+04
1.672958e+04 -5.707563e+00 1.672388e+04
1.672891e+04 -5.030413e+00 1.672388e+04
1.672819e+04 -4.310812e+00 1.672388e+04
1.672742e+04 -3.546888e+00 1.672388e+04
1.672661e+04 -2.736570e+00 1.672388e+04
1.672575e+04 -1.877609e+00 1.672387e+04
1.672484e+04 -9.621268e-01 1.672388e+04
1.672388e+04 -4.194944e-03 1.672387e+04
1.672286e+04 1.015512e+00 1.672387e+04
1.672178e+04 2.094334e+00 1.672387e+04
1.672064e+04 3.229699e+00 1.672387e+04
1.671943e+04 4.435553e+00 1.672387e+04
1.671816e+04 5.709516e+00 1.672387e+04
1.671681e+04 7.054736e+00 1.672387e+04
1.671539e+04 8.474409e+00 1.672387e+04
1.671390e+04 9.971763e+00 1.672387e+04
1.671232e+04 1.155005e+01 1.672387e+04
1.671065e+04 1.320701e+01 1.672386e+04
1.670890e+04 1.495128e+01 1.672385e+04
1.670706e+04 1.678598e+01 1.672385e+04
1.670513e+04 1.871978e+01 1.672385e+04
1.670310e+04 2.075022e+01 1.672385e+04
1.670097e+04 2.288562e+01 1.672385e+04
1.669874e+04 2.511770e+01 1.672385e+04
1.669640e+04 2.745446e+01 1.672385e+04
1.669395e+04 2.989814e+01 1.672385e+04
1.669140e+04 3.245071e+01 1.672385e+04
1.668874e+04 3.511378e+01 1.672385e+04
1.668596e+04 3.788860e+01 1.672385e+04
1.668308e+04 4.077598e+01 1.672385e+04
1.668008e+04 4.377626e+01 1.672385e+04
1.667696e+04 4.687814e+01 1.672384e+04
1.667374e+04 5.010276e+01 1.672384e+04
1.667040e+04 5.343765e+01 1.672384e+04
1.666696e+04 5.686968e+01 1.672383e+04
1.666341e+04 6.041795e+01 1.672383e+04
1.665976e+04 6.406797e+01 1.672383e+04
1.665601e+04 6.781523e+01 1.672383e+04
1.665218e+04 7.165433e+01 1.672383e+04
1.664825e+04 7.557899e+01 1.672383e+04
1.664425e+04 7.958744e+01 1.672384e+04
1.664018e+04 8.366589e+01 1.672384e+04
1.663604e+04 8.779994e+01 1.672384e+04
1.663186e+04 9.198510e+01 1.672384e+04
1.662763e+04 9.621049e+01 1.672384e+04
1.662338e+04 1.004643e+02 1.672384e+04
1.661911e+04 1.047341e+02 1.672385e+04
1.661484e+04 1.090066e+02 1.672385e+04
1.661058e+04 1.132678e+02 1.672385e+04
1.660634e+04 1.175033e+02 1.672385e+04
1.660215e+04 1.216982e+02 1.672385e+04
1.659801e+04 1.258481e+02 1.672386e+04
1.659395e+04 1.299209e+02 1.672387e+04
1.658997e+04 1.339014e+02 1.672387e+04
1.658609e+04 1.377796e+02 1.672387e+04
1.658233e+04 1.415400e+02 1.672387e+04
1.657870e+04 1.451676e+02 1.672387e+04
1.657522e+04 1.486422e+02 1.672387e+04
1.657191e+04 1.519607e+02 1.672387e+04
1.656876e+04 1.551040e+02 1.672387e+04
1.656581e+04 1.580594e+02 1.672387e+04
1.656305e+04 1.608147e+02 1.672387e+04
1.656051e+04 1.633698e+02 1.672388e+04
1.655819e+04 1.656811e+02 1.672387e+04
1.655610e+04 1.677725e+02 1.672387e+04
1.655425e+04 1.696304e+02 1.672388e+04
1.655264e+04 1.712366e+02 1.672388e+04
1.655129e+04 1.725908e+02 1.672388e+04
1.655019e+04 1.736879e+02 1.672388e+04
1.654935e+04 1.745243e+02 1.672388e+04
1.654878e+04 1.750973e+02 1.672388e+04
1.654847e+04 1.754058e+02 1.672388e+04
1.654843e+04 1.754496e+02 1.672388e+04
1.654865e+04 1.752296e+02 1.672388e+04
1.654913e+04 1.747426e+02 1.672387e+04
1.654987e+04 1.740030e+02 1.672387e+04
1.655086e+04 1.730098e+02 1.672387e+04
1.655210e+04 1.717687e+02 1.672387e+04
1.655358e+04 1.702916e+02 1.672388e+04
1.655530e+04 1.685751e+02 1.672388e+04
1.655724e+04 1.666330e+02 1.672388e+04
1.655940e+04 1.644689e+02 1.672387e+04
1.656177e+04 1.621035e+02 1.672387e+04
1.656433e+04 1.595415e+02 1.672387e+04
1.656707e+04 1.567936e+02 1.672387e+04
1.657000e+04 1.538654e+02 1.672386e+04
1.657308e+04 1.507792e+02 1.672386e+04
1.657632e+04 1.475410e+02 1.672386e+04
1.657970e+04 1.441625e+02 1.672386e+04
1.658320e+04 1.406552e+02 1.672386e+04
1.658683e+04 1.370311e+02 1.672386e+04
1.659056e+04 1.333017e+02 1.672386e+04
1.659438e+04 1.294788e+02 1.672386e+04
1.659828e+04 1.255740e+02 1.672386e+04
1.660226e+04 1.215990e+02 1.672386e+04
1.660629e+04 1.175654e+02 1.672386e+04
1.661037e+04 1.134846e+02 1.672386e+04
1.661449e+04 1.093681e+02 1.672386e+04
1.661863e+04 1.052274e+02 1.672385e+04
1.662278e+04 1.010736e+02 1.672385e+04
1.662694e+04 9.691805e+01 1.672385e+04
1.663108e+04 9.277163e+01 1.672385e+04
1.663521e+04 8.864520e+01 1.672385e+04
1.663930e+04 8.454930e+01 1.672385e+04
1.664336e+04 8.048866e+01 1.672385e+04
1.664736e+04 7.648410e+01 1.672384e+04
1.665130e+04 7.253968e+01 1.672384e+04
1.665518e+04 6.866972e+01 1.672385e+04
1.665898e+04 6.487179e+01 1.672385e+04
1.666269e+04 6.115927e+01 1.672385e+04
1.666631e+04 5.754474e+01 1.672385e+04
1.666983e+04 5.402387e+01 1.672385e+04
1.667324e+04 5.060803e+01 1.672385e+04
1.667655e+04 4.730779e+01 1.672386e+04
1.667974e+04 4.411663e+01 1.672386e+04
1.668281e+04 4.104376e+01 1.672386e+04
1.668576e+04 3.809217e+01 1.672386e+04
1.668859e+04 3.525875e+01 1.672385e+04
1.669130e+04 3.256150e+01 1.672386e+04
1.669387e+04 2.997966e+01 1.672385e+04
1.669632e+04 2.753022e+01 1.672385e+04
1.669864e+04 2.520801e+01 1.672385e+04
1.670084e+04 2.301277e+01 1.672385e+04
1.670291e+04 2.094939e+01 1.672386e+04
1.670485e+04 1.900606e+01 1.672386e+04
1.670667e+04 1.718737e+01 1.672386e+04
1.670837e+04 1.549232e+01 1.672386e+04
1.670994e+04 1.391997e+01 1.672386e+04
1.671139e+04 1.246401e+01 1.672385e+04
1.671272e+04 1.113494e+01 1.672385e+04
1.671393e+04 9.927253e+00 1.672385e+04
1.671501e+04 8.841485e+00 1.672385e+04
1.671597e+04 7.884388e+00 1.672386e+04
1.671681e+04 7.052677e+00 1.672386e+04
1.671752e+04 6.344336e+00 1.672386e+04
1.671809e+04 5.769805e+00 1.672386e+04
1.671853e+04 5.335787e+00 1.672386e+04
1.671881e+04 5.051163e+00 1.672386e+04
1.671893e+04 4.927468e+00 1.672386e+04
1.671888e+04 4.973949e+00 1.672385e+04
1.671863e+04 5.220200e+00 1.672385e+04
1.671816e+04 5.678725e+00 1.672384e+04
1.671745e+04 6.389604e+00 1.672384e+04
1.671645e+04 7.383658e+00 1.672384e+04
1.671513e+04 8.711160e+00 1.672384e+04
1.671341e+04 1.041643e+01 1.672383e+04
1.671125e+04 1.257299e+01 1.672382e+04
1.670855e+04 1.526448e+01 1.672382e+04
1.670521e+04 1.858804e+01 1.672380e+04
1.670111e+04 2.268047e+01 1.672379e+04
1.669608e+04 2.769039e+01 1.672377e+04
1.668994e+04 3.380607e+01 1.672375e+04
1.668247e+04 4.125705e+01 1.672373e+04
1.667338e+04 5.032241e+01 1.672370e+04
1.666232e+04 6.134005e+01 1.672366e+04
1.664891e+04 7.471694e+01 1.672362e+04
1.663263e+04 9.093427e+01 1.672357e+04
1.661293e+04 1.105793e+02 1.672351e+04
1.658912e+04 1.343203e+02 1.672344e+04
1.656043e+04 1.629315e+02 1.672336e+04
1.652599e+04 1.972811e+02 1.672327e+04
1.648486e+04 2.383118e+02 1.672317e+04
1.643607e+04 2.869990e+02 1.672307e+04
1.637869e+04 3.442832e+02 1.672297e+04
1.631192e+04 4.109626e+02 1.672288e+04
1.623523e+04 4.875839e+02 1.672281e+04
1.614851e+04 5.742676e+02 1.672278e+04
1.605219e+04 6.705803e+02 1.672277e+04
1.594727e+04 7.755134e+02 1.672279e+04
1.583524e+04 8.875630e+02 1.672280e+04
1.571774e+04 1.005044e+03 1.672279e+04
1.559611e+04 1.126592e+03 1.672270e+04
1.547086e+04 1.251650e+03 1.672251e+04
1.534155e+04 1.380716e+03 1.672226e+04
1.520731e+04 1.514760e+03 1.672207e+04
1.506855e+04 1.653558e+03 1.672211e+04
1.492954e+04 1.793060e+03 1.672260e+04
1.480100e+04 1.922642e+03 1.672364e+04
1.470079e+04 2.024244e+03 1.672504e+04
1.465084e+04 2.075471e+03 1.672631e+04
1.466978e+04 2.057047e+03 1.672683e+04
1.476475e+04 1.961535e+03 1.672629e+04
1.492714e+04 1.797766e+03 1.672490e+04
1.513543e+04 1.587819e+03 1.672325e+04
1.536314e+04 1.358736e+03 1.672188e+04
1.558676e+04 1.134300e+03 1.672106e+04
1.579022e+04 9.305707e+02 1.672079e+04
1.596540e+04 7.555184e+02 1.672091e+04
1.611031e+04 6.109419e+02 1.672125e+04
1.622676e+04 4.949013e+02 1.672166e+04
1.631836e+04 4.037036e+02 1.672207e+04
1.638924e+04 3.331898e+02 1.672243e+04
1.644330e+04 2.794312e+02 1.672273e+04
1.648394e+04 2.390308e+02 1.672297e+04
1.651396e+04 2.092051e+02 1.672317e+04
1.653559e+04 1.877271e+02 1.672331e+04
1.655054e+04 1.728798e+02 1.672342e+04
1.656016e+04 1.633451e+02 1.672351e+04
1.656544e+04 1.581255e+02 1.672357e+04
1.656714e+04 1.564734e+02 1.672362e+04
1.656582e+04 1.578312e+02 1.672365e+04
1.656189e+04 1.617834e+02 1.672367e+04
1.655568e+04 1.680175e+02 1.672369e+04
1.654742e+04 1.762917e+02 1.672371e+04
1.653731e+04 1.864079e+02 1.672372e+04
1.652554e+04 1.981882e+02 1.672373e+04
1.651229e+04 2.114489e+02 1.672374e+04
1.649775e+04 2.259996e+02 1.672375e+04
1.648215e+04 2.416167e+02 1.672377e+04
1.646577e+04 2.580320e+02 1.672380e+04
1.644893e+04 2.748974e+02 1.672382e+04
1.643201e+04 2.918433e+02 1.672385e+04
1.641544e+04 3.084394e+02 1.672388e+04
1.639970e+04 3.242180e+02 1.672392e+04
1.638525e+04 3.386943e+02 1.672395e+04
1.637259e+04 3.514042e+02 1.672399e+04
1.636212e+04 3.618930e+02 1.672401e+04
1.635422e+04 3.698146e+02 1.672403e+04
1.634912e+04 3.749241e+02 1.672404e+04
1.634695e+04 3.770907e+02 1.672404e+04
1.634769e+04 3.763439e+02 1.672403e+04
1.635116e+04 3.728521e+02 1.672401e+04
1.635706e+04 3.669154e+02 1.672398e+04
1.636500e+04 3.589416e+02 1.672395e+04
1.637449e+04 3.494153e+02 1.672391e+04
1.638501e+04 3.388623e+02 1.672387e+04
1.639602e+04 3.278157e+02 1.672384e+04
1.640702e+04 3.167856e+02 1.672380e+04
1.641754e+04 3.062350e+02 1.672378e+04
1.642719e+04 2.965633e+02 1.672375e+04
1.643564e+04 2.880963e+02 1.672374e+04
1.644264e+04 2.810825e+02 1.672373e+04
1.644803e+04 2.756935e+02 1.672372e+04
1.645169e+04 2.720276e+02 1.672372e+04
1.645360e+04 2.701152e+02 1.672372e+04
1.645380e+04 2.699242e+02 1.672373e+04
1.645237e+04 2.713662e+02 1.672374e+04
1.644945e+04 2.743016e+02 1.672375e+04
1.644522e+04 2.785447e+02 1.672376e+04
1.643991e+04 2.838686e+02 1.672378e+04
1.643379e+04 2.900108e+02 1.672380e+04
1.642714e+04 2.966731e+02 1.672382e+04
1.642029e+04 3.035516e+02 1.672384e+04
1.641355e+04 3.103122e+02 1.672386e+04
1.640726e+04 3.166231e+02 1.672388e+04
1.640174e+04 3.221560e+02 1.672390e+04
1.639729e+04 3.266153e+02 1.672391e+04
1.639418e+04 3.297350e+02 1.672392e+04
1.639263e+04 3.313017e+02 1.672393e+04
1.639279e+04 3.311481e+02 1.672394e+04
1.639476e+04 3.291819e+02 1.672394e+04
1.639858e+04 3.253620e+02 1.672394e+04
1.640421e+04 3.197302e+02 1.672394e+04
1.641154e+04 3.123839e+02 1.672393e+04
1.642044e+04 3.034786e+02 1.672392e+04
1.643071e+04 2.931948e+02 1.672391e+04
1.644214e+04 2.817580e+02 1.672389e+04
1.645448e+04 2.694036e+02 1.672388e+04
1.646750e+04 2.563706e+02 1.672387e+04
1.648096e+04 2.428904e+02 1.672386e+04
1.649467e+04 2.291785e+02 1.672384e+04
1.650841e+04 2.154287e+02 1.672384e+04
1.652202e+04 2.018088e+02 1.672383e+04
1.653536e+04 1.884536e+02 1.672382e+04
1.654833e+04 1.754817e+02 1.672381e+04
1.656082e+04 1.629855e+02 1.672381e+04
1.657278e+04 1.510230e+02 1.672381e+04
1.658417e+04 1.396310e+02 1.672380e+04
1.659496e+04 1.288450e+02 1.672380e+04
1.660513e+04 1.186697e+02 1.672380e+04
1.661470e+04 1.091033e+02 1.672381e+04
1.662367e+04 1.001295e+02 1.672380e+04
1.663206e+04 9.174171e+01 1.672381e+04
1.663990e+04 8.391224e+01 1.672381e+04
1.664720e+04 7.661570e+01 1.672381e+04
1.665399e+04 6.983039e+01 1.672382e+04
1.666031e+04 6.351735e+01 1.672382e+04
1.666617e+04 5.765406e+01 1.672383e+04
1.667162e+04 5.221301e+01 1.672383e+04
1.667666e+04 4.716759e+01 1.672383e+04
1.668134e+04 4.248673e+01 1.672383e+04
1.668567e+04 3.815722e+01 1.672383e+04
1.668968e+04 3.414522e+01 1.672383e+04
1.669339e+04 3.044011e+01 1.672383e+04
1.669681e+04 2.701622e+01 1.672383e+04
1.669998e+04 2.384904e+01 1.672383e+04
1.670290e+04 2.093164e+01 1.672383e+04
1.670559e+04 1.824185e+01 1.672383e+04
1.670807e+04 1.575844e+01 1.672382e+04
1.671035e+04 1.347752e+01 1.672383e+04
1.671245e+04 1.137984e+01 1.672383e+04
1.671438e+04 9.446874e+00 1.672382e+04
1.671615e+04 7.677239e+00 1.672382e+04
1.671777e+04 6.054038e+00 1.672382e+04
1.671926e+04 4.566463e+00 1.672383e+04
1.672062e+04 3.204379e+00 1.672383e+04
1.672187e+04 1.963726e+00 1.672383e+04
1.672301e+04 8.245505e-01 1.672383e+04
1.672405e+04 -2.158144e-01 1.672383e+04
1.672500e+04 -1.159664e+00 1.672384e+04
1.672587e+04 -2.025155e+00 1.672384e+04
1.672665e+04 -2.813469e+00 1.672384e+04
1.672737e+04 -3.530801e+00 1.672384e+04
1.672803e+04 -4.182878e+00 1.672384e+04
1.672862e+04 -4.769506e+00 1.672385e+04
1.672916e+04 -5.306592e+00 1.672385e+04
1.672964e+04 -5.792993e+00 1.672385e+04
1.673008e+04 -6.232770e+00 1.672385e+04
1.673048e+04 -6.629620e+00 1.672385e+04
1.673084e+04 -6.986893e+00 1.672385e+04
1.673116e+04 -7.307617e+00 1.672385e+04
1.673144e+04 -7.594512e+00 1.672385e+04
1.673170e+04 -7.850006e+00 1.672385e+04
1.673193e+04 -8.081760e+00 1.672384e+04
1.673213e+04 -8.280696e+00 1.672385e+04
1.673230e+04 -8.453934e+00 1.672385e+04
1.673245e+04 -8.602889e+00 1.672385e+04
1.673257e+04 -8.728751e+00 1.672385e+04
1.673268e+04 -8.827059e+00 1.672385e+04
1.673276e+04 -8.904154e+00 1.672386e+04
1.673282e+04 -8.955131e+00 1.672387e+04
1.673286e+04 -8.996641e+00 1.672387e+04
1.673289e+04 -9.017838e+00 1.672387e+04
1.673289e+04 -9.018628e+00 1.672387e+04
1.673287e+04 -8.998492e+00 1.672387e+04
1.673282e+04 -8.956774e+00 1.672387e+04
1.673276e+04 -8.892515e+00 1.672387e+04
1.673267e+04 -8.804542e+00 1.672387e+04
1.673256e+04 -8.691150e+00 1.672387e+04
1.673242e+04 -8.550053e+00 1.672387e+04
1.673224e+04 -8.378560e+00 1.672387e+04
1.673204e+04 -8.173341e+00 1.672387e+04
1.673180e+04 -7.930305e+00 1.672387e+04
1.673151e+04 -7.639076e+00 1.672387e+04
1.673117e+04 -7.304401e+00 1.672387e+04
1.673078e+04 -6.913310e+00 1.672387e+04
1.673032e+04 -6.456670e+00 1.672387e+04
1.672979e+04 -5.928792e+00 1.672386e+04
1.672917e+04 -5.305093e+00 1.672386e+04
1.672843e+04 -4.574043e+00 1.672386e+04
1.672757e+04 -3.714802e+00 1.672386e+04
1.672656e+04 -2.696132e+00 1.672386e+04
1.672535e+04 -1.497017e+00 1.672386e+04
1.672392e+04 -7.212112e-02 1.672385e+04
1.672222e+04 1.622595e+00 1.672384e+04
1.672017e+04 3.659780e+00 1.672383e+04
1.671772e+04 6.111533e+00 1.672383e+04
1.671474e+04 9.074427e+00 1.672382e+04
1.671114e+04 1.266898e+01 1.672380e+04
1.670674e+04 1.705070e+01 1.672379e+04
1.670138e+04 2.239501e+01 1.672377e+04
1.669481e+04 2.893757e+01 1.672375e+04
1.668676e+04 3.696080e+01 1.672372e+04
1.667688e+04 4.680803e+01 1.672369e+04
1.666475e+04 5.889152e+01 1.672365e+04
1.664990e+04 7.369811e+01 1.672360e+04
1.663175e+04 9.178986e+01 1.672354e+04
1.660969e+04 1.137900e+02 1.672348e+04
1.658303e+04 1.403819e+02 1.672342e+04
1.655113e+04 1.722301e+02 1.672336e+04
1.651339e+04 2.099255e+02 1.672331e+04
1.646943e+04 2.538644e+02 1.672329e+04
1.641922e+04 3.040882e+02 1.672331e+04
1.636329e+04 3.600883e+02 1.672337e+04
1.630291e+04 4.205976e+02 1.672351e+04
1.624030e+04 4.834227e+02 1.672372e+04
1.617860e+04 5.453977e+02 1.672400e+04
1.612178e+04 6.025147e+02 1.672430e+04
1.607422e+04 6.503727e+02 1.672459e+04
1.603999e+04 6.848181e+02 1.672481e+04
1.602218e+04 7.027266e+02 1.672491e+04
1.602220e+04 7.026700e+02 1.672487e+04
1.603945e+04 6.852469e+02 1.672470e+04
1.607151e+04 6.529230e+02 1.672443e+04
1.611461e+04 6.095156e+02 1.672412e+04
1.616442e+04 5.594145e+02 1.672383e+04
1.621673e+04 5.068625e+02 1.672359e+04
1.626798e+04 4.554380e+02 1.672342e+04
1.631551e+04 4.078061e+02 1.672332e+04
1.635756e+04 3.657062e+02 1.672327e+04
1.639317e+04 3.300914e+02 1.672326e+04
1.642193e+04 3.013389e+02 1.672327e+04
1.644383e+04 2.794656e+02 1.672329e+04
1.645900e+04 2.643168e+02 1.672331e+04
1.646761e+04 2.557132e+02 1.672332e+04
1.646976e+04 2.535561e+02 1.672332e+04
1.646540e+04 2.578969e+02 1.672330e+04
1.645428e+04 2.689766e+02 1.672326e+04
1.643596e+04 2.872371e+02 1.672320e+04
1.640981e+04 3.133053e+02 1.672312e+04
1.637509e+04 3.479339e+02 1.672303e+04
1.633102e+04 3.919213e+02 1.672294e+04
1.627697e+04 4.459088e+02 1.672287e+04
1.621270e+04 5.101463e+02 1.672285e+04
1.613875e+04 5.841404e+02 1.672289e+04
1.605680e+04 6.662372e+02 1.672304e+04
1.597009e+04 7.532153e+02 1.672331e+04
1.588366e+04 8.400346e+02 1.672370e+04
1.580422e+04 9.199524e+02 1.672417e+04
1.573944e+04 9.851968e+02 1.672464e+04
1.569677e+04 1.028235e+03 1.672500e+04
1.568177e+04 1.043385e+03 1.672516e+04
1.569682e+04 1.028240e+03 1.672506e+04
1.574042e+04 9.843256e+02 1.672475e+04
1.580763e+04 9.166634e+02 1.672429e+04
1.589130e+04 8.325130e+02 1.672381e+04
1.598367e+04 7.397263e+02 1.672340e+04
1.607772e+04 6.453722e+02 1.672310e+04
1.616800e+04 5.549213e+02 1.672292e+04
1.625083e+04 4.720208e+02 1.672285e+04
1.632417e+04 3.986901e+02 1.672286e+04
1.638718e+04 3.357291e+02 1.672291e+04
1.643979e+04 2.831785e+02 1.672297e+04
1.648226e+04 2.407529e+02 1.672302e+04
1.651478e+04 2.082329e+02 1.672301e+04
1.653707e+04 1.858576e+02 1.672293e+04
1.654791e+04 1.748109e+02 1.672272e+04
1.654440e+04 1.778745e+02 1.672228e+04
1.652081e+04 2.006328e+02 1.672144e+04
1.646658e+04 2.533710e+02 1.671995e+04
1.636297e+04 3.543707e+02 1.671735e+04
1.617786e+04 5.350999e+02 1.671296e+04
1.585900e+04 8.471272e+02 1.670613e+04
1.533101e+04 1.366271e+03 1.669729e+04
1.451530e+04 2.175867e+03 1.669116e+04
1.341499e+04 3.285507e+03 1.670050e+04
1.227958e+04 4.455829e+03 1.673540e+04
1.164859e+04 5.119101e+03 1.676770e+04
1.193736e+04 4.814571e+03 1.675193e+04
1.294914e+04 3.762648e+03 1.671179e+04
1.411912e+04 2.573028e+03 1.669214e+04
1.506596e+04 1.628064e+03 1.669402e+04
1.570908e+04 9.936901e+02 1.670277e+04
1.611002e+04 6.006062e+02 1.671063e+04
1.635063e+04 3.653397e+02 1.671597e+04
1.649303e+04 2.262056e+02 1.671924e+04
1.657707e+04 1.440871e+02 1.672116e+04
1.662665e+04 9.562400e+01 1.672227e+04
1.665574e+04 6.716984e+01 1.672291e+04
1.667250e+04 5.078909e+01 1.672329e+04
1.668166e+04 4.185181e+01 1.672351e+04
1.668600e+04 3.763389e+01 1.672364e+04
1.668717e+04 3.653501e+01 1.672371e+04
1.668614e+04 3.760963e+01 1.672375e+04
1.668349e+04 4.029045e+01 1.672378e+04
1.667954e+04 4.424475e+01 1.672379e+04
1.667449e+04 4.929925e+01 1.672379e+04
1.666844e+04 5.535227e+01 1.672380e+04
1.666143e+04 6.236155e+01 1.672380e+04
1.665348e+04 7.031721e+01 1.672379e+04
1.664456e+04 7.922742e+01 1.672379e+04
1.663468e+04 8.910240e+01 1.672378e+04
1.662381e+04 9.997387e+01 1.672378e+04
1.661195e+04 1.118330e+02 1.672378e+04
1.659910e+04 1.246788e+02 1.672378e+04
1.658530e+04 1.384833e+02 1.672378e+04
1.657059e+04 1.531916e+02 1.672378e+04
1.655507e+04 1.687197e+02 1.672379e+04
1.653887e+04 1.849282e+02 1.672380e+04
1.652216e+04 2.016500e+02 1.672381e+04
1.650516e+04 2.186662e+02 1.672383e+04
1.648813e+04 2.357120e+02 1.672384e+04
1.647138e+04 2.524814e+02 1.672386e+04
1.645525e+04 2.686363e+02 1.672388e+04
1.644008e+04 2.838261e+02 1.672391e+04
1.642624e+04 2.976849e+02 1.672393e+04
1.641406e+04 3.098877e+02 1.672394e+04
1.640380e+04 3.201535e+02 1.672396e+04
1.639568e+04 3.282769e+02 1.672396e+04
1.638981e+04 3.341512e+02 1.672396e+04
1.638616e+04 3.377864e+02 1.672395e+04
1.638460e+04 3.393214e+02 1.672393e+04
1.638487e+04 3.390269e+02 1.672390e+04
1.638656e+04 3.373012e+02 1.672386e+04
1.638916e+04 3.346647e+02 1.672382e+04
1.639205e+04 3.317276e+02 1.672378e+04
1.639454e+04 3.291832e+02 1.672372e+04
1.639586e+04 3.277943e+02 1.672365e+04
1.639521e+04 3.283809e+02 1.672359e+04
1.639175e+04 3.317751e+02 1.672352e+04
1.638463e+04 3.388246e+02 1.672346e+04
1.637302e+04 3.503637e+02 1.672339e+04
1.635614e+04 3.671792e+02 1.672332e+04
1.633331e+04 3.899602e+02 1.672327e+04
1.630400e+04 4.192232e+02 1.672322e+04
1.626800e+04 4.552072e+02 1.672320e+04
1.622548e+04 4.977369e+02 1.672322e+04
1.617722e+04 5.460626e+02 1.672329e+04
1.612471e+04 5.986991e+02 1.672341e+04
1.607028e+04 6.533095e+02 1.672359e+04
1.601712e+04 7.066945e+02 1.672382e+04
1.596912e+04 7.549543e+02 1.672408e+04
1.593046e+04 7.938676e+02 1.672433e+04
1.590505e+04 8.194726e+02 1.672453e+04
1.589591e+04 8.287143e+02 1.672462e+04
1.590455e+04 8.200533e+02 1.672460e+04
1.593070e+04 7.937791e+02 1.672448e+04
1.597235e+04 7.519132e+02 1.672427e+04
1.602621e+04 6.978080e+02 1.672402e+04
1.608827e+04 6.355027e+02 1.672377e+04
1.615446e+04 5.690955e+02 1.672356e+04
1.622121e+04 5.022007e+02 1.672341e+04
1.628564e+04 4.376691e+02 1.672331e+04
1.634575e+04 3.775156e+02 1.672326e+04
1.640031e+04 3.229489e+02 1.672326e+04
1.644875e+04 2.745395e+02 1.672328e+04
1.649094e+04 2.323864e+02 1.672333e+04
1.652710e+04 1.962752e+02 1.672337e+04
1.655758e+04 1.658351e+02 1.672342e+04
1.658286e+04 1.406102e+02 1.672347e+04
1.660335e+04 1.201562e+02 1.672350e+04
1.661944e+04 1.040884e+02 1.672353e+04
1.663143e+04 9.212570e+01 1.672355e+04
1.663946e+04 8.409890e+01 1.672356e+04
1.664353e+04 8.001237e+01 1.672354e+04
1.664345e+04 8.005874e+01 1.672351e+04
1.663881e+04 8.463594e+01 1.672345e+04
1.662891e+04 9.445210e+01 1.672336e+04
1.661271e+04 1.105399e+02 1.672325e+04
1.658874e+04 1.343400e+02 1.672308e+04
1.655504e+04 1.678153e+02 1.672286e+04
1.650906e+04 2.135099e+02 1.672257e+04
1.644763e+04 2.745889e+02 1.672222e+04
1.636704e+04 3.547922e+02 1.672183e+04
1.626336e+04 4.580711e+02 1.672143e+04
1.613321e+04 5.879060e+02 1.672112e+04
1.597515e+04 7.458850e+02 1.672103e+04
1.579185e+04 9.295207e+02 1.672137e+04
1.559279e+04 1.129527e+03 1.672232e+04
1.539621e+04 1.327673e+03 1.672388e+04
1.522840e+04 1.497315e+03 1.672572e+04
1.511844e+04 1.608752e+03 1.672719e+04
1.508868e+04 1.638956e+03 1.672763e+04
1.514564e+04 1.581178e+03 1.672681e+04
1.527708e+04 1.448063e+03 1.672514e+04
1.545742e+04 1.265914e+03 1.672334e+04
1.565762e+04 1.064335e+03 1.672196e+04
1.585364e+04 8.675707e+02 1.672121e+04
1.603017e+04 6.908622e+02 1.672103e+04
1.618022e+04 5.409919e+02 1.672122e+04
1.630276e+04 4.188202e+02 1.672158e+04
1.640008e+04 3.219031e+02 1.672199e+04
1.647595e+04 2.464272e+02 1.672238e+04
1.653434e+04 1.883682e+02 1.672271e+04
1.657892e+04 1.440646e+02 1.672298e+04
1.661276e+04 1.104263e+02 1.672319e+04
1.663838e+04 8.497914e+01 1.672336e+04
1.665771e+04 6.576953e+01 1.672348e+04
1.667228e+04 5.129637e+01 1.672358e+04
1.668324e+04 4.041497e+01 1.672365e+04
1.669145e+04 3.224693e+01 1.672370e+04
1.669758e+04 2.615942e+01 1.672374e+04
1.670212e+04 2.164850e+01 1.672377e+04
1.670545e+04 1.834349e+01 1.672379e+04
1.670784e+04 1.596660e+01 1.672381e+04
1.670951e+04 1.431070e+01 1.672382e+04
1.671061e+04 1.322304e+01 1.672383e+04
1.671124e+04 1.259332e+01 1.672384e+04
1.671150e+04 1.234525e+01 1.672384e+04
1.671141e+04 1.243085e+01 1.672384e+04
1.671102e+04 1.282691e+01 1.672384e+04
1.671031e+04 1.353342e+01 1.672384e+04
1.670926e+04 1.457917e+01 1.672384e+04
1.670783e+04 1.600171e+01 1.672384e+04
1.670594e+04 1.788442e+01 1.672383e+04
1.670347e+04 2.033479e+01 1.672381e+04
1.670027e+04 2.352068e+01 1.672379e+04
1.669612e+04 2.765019e+01 1.672377e+04
1.669073e+04 3.300433e+01 1.672373e+04
1.668371e+04 3.997611e+01 1.672369e+04
1.667456e+04 4.906777e+01 1.672363e+04
1.666261e+04 6.095171e+01 1.672356e+04
1.664694e+04 7.651601e+01 1.672346e+04
1.662640e+04 9.691789e+01 1.672332e+04
1.659945e+04 1.237066e+02 1.672315e+04
1.656409e+04 1.588494e+02 1.672294e+04
1.651779e+04 2.048708e+02 1.672266e+04
1.645740e+04 2.649194e+02 1.672232e+04
1.637914e+04 3.427843e+02 1.672192e+04
1.627871e+04 4.427683e+02 1.672148e+04
1.615176e+04 5.692943e+02 1.672106e+04
1.599469e+04 7.260393e+02 1.672073e+04
1.580613e+04 9.145274e+02 1.672065e+04
1.558890e+04 1.132076e+03 1.672098e+04
1.535203e+04 1.369745e+03 1.672178e+04
1.511146e+04 1.611480e+03 1.672294e+04
1.488793e+04 1.836153e+03 1.672408e+04
1.470129e+04 2.023388e+03 1.672468e+04
1.456329e+04 2.161119e+03 1.672441e+04
1.447336e+04 2.250095e+03 1.672345e+04
1.442132e+04 2.301152e+03 1.672247e+04
1.439605e+04 2.326110e+03 1.672216e+04
1.439470e+04 2.328082e+03 1.672278e+04
1.442601e+04 2.297955e+03 1.672396e+04
1.450519e+04 2.219739e+03 1.672493e+04
1.464342e+04 2.081594e+03 1.672501e+04
1.483901e+04 1.885116e+03 1.672413e+04
1.507606e+04 1.646666e+03 1.672273e+04
1.533061e+04 1.390813e+03 1.672143e+04
1.557927e+04 1.141350e+03 1.672062e+04
1.580509e+04 9.152662e+02 1.672035e+04
1.599924e+04 7.212776e+02 1.672052e+04
1.615961e+04 5.613068e+02 1.672092e+04
1.628835e+04 4.330565e+02 1.672141e+04
1.638967e+04 3.322172e+02 1.672188e+04
1.646835e+04 2.539510e+02 1.672231e+04
1.652895e+04 1.937029e+02 1.672266e+04
1.657539e+04 1.475484e+02 1.672293e+04
1.661088e+04 1.122764e+02 1.672315e+04
1.663798e+04 8.534133e+01 1.672332e+04
1.665868e+04 6.476500e+01 1.672345e+04
1.667452e+04 4.902337e+01 1.672354e+04
1.668664e+04 3.697063e+01 1.672361e+04
1.669595e+04 2.772369e+01 1.672367e+04
1.670309e+04 2.061817e+01 1.672371e+04
1.670859e+04 1.515137e+01 1.672374e+04
1.671282e+04 1.094830e+01 1.672377e+04
1.671608e+04 7.709676e+00 1.672379e+04
1.671858e+04 5.222644e+00 1.672380e+04
1.672049e+04 3.321416e+00 1.672381e+04
1.672194e+04 1.874654e+00 1.672382e+04
1.672303e+04 7.978226e-01 1.672382e+04
1.672381e+04 1.323951e-02 1.672383e+04
1.672436e+04 -5.335569e-01 1.672383e+04
1.672472e+04 -8.832836e-01 1.672383e+04
1.672490e+04 -1.065959e+00 1.672384e+04
1.672494e+04 -1.103186e+00 1.672384e+04
1.672485e+04 -1.009853e+00 1.672384e+04
1.672463e+04 -7.954018e-01 1.672384e+04
1.672430e+04 -4.647374e-01 1.672384e+04
1.672386e+04 -1.888709e-02 1.672384e+04
1.672329e+04 5.445623e-01 1.672384e+04
1.672261e+04 1.231194e+00 1.672384e+04
1.672179e+04 2.055089e+00 1.672384e+04
1.672082e+04 3.016946e+00 1.672384e+04
1.671970e+04 4.137074e+00 1.672384e+04
1.671840e+04 5.433598e+00 1.672384e+04
1.671691e+04 6.928249e+00 1.672383e+04
1.671518e+04 8.646725e+00 1.672383e+04
1.671321e+04 1.061912e+01 1.672383e+04
1.671094e+04 1.288043e+01 1.672383e+04
1.670835e+04 1.547110e+01 1.672382e+04
1.670538e+04 1.843758e+01 1.672382e+04
1.670198e+04 2.183845e+01 1.672382e+04
1.669809e+04 2.572298e+01 1.672381e+04
1.669364e+04 3.015921e+01 1.672380e+04
1.668856e+04 3.523942e+01 1.672380e+04
1.668276e+04 4.103131e+01 1.672379e+04
1.667615e+04 4.763220e+01 1.672378e+04
1.666863e+04 5.514067e+01 1.672377e+04
1.666010e+04 6.366039e+01 1.672376e+04
1.665046e+04 7.329739e+01 1.672375e+04
1.663959e+04 8.415593e+01 1.672374e+04
1.662740e+04 9.633270e+01 1.672374e+04
1.661382e+04 1.099036e+02 1.672372e+04
1.659878e+04 1.249303e+02 1.672371e+04
1.658227e+04 1.414372e+02 1.672371e+04
1.656433e+04 1.593865e+02 1.672372e+04
1.654505e+04 1.786788e+02 1.672373e+04
1.652461e+04 1.991326e+02 1.672374e+04
1.650330e+04 2.204701e+02 1.672377e+04
1.648149e+04 2.423192e+02 1.672381e+04
1.645968e+04 2.641674e+02 1.672385e+04
1.643846e+04 2.854365e+02 1.672389e+04
1.641848e+04 3.054600e+02 1.672394e+04
1.640046e+04 3.235356e+02 1.672400e+04
1.638509e+04 3.389519e+02 1.672404e+04
1.637300e+04 3.510787e+02 1.672407e+04
1.636469e+04 3.594044e+02 1.672410e+04
1.636051e+04 3.635993e+02 1.672411e+04
1.636057e+04 3.635367e+02 1.672411e+04
1.636477e+04 3.593131e+02 1.672408e+04
1.637277e+04 3.512669e+02 1.672404e+04
1.638407e+04 3.399182e+02 1.672399e+04
1.639803e+04 3.259145e+02 1.672394e+04
1.641390e+04 3.099902e+02 1.672389e+04
1.643093e+04 2.929039e+02 1.672384e+04
1.644840e+04 2.753892e+02 1.672379e+04
1.646563e+04 2.581182e+02 1.672375e+04
1.648204e+04 2.416787e+02 1.672372e+04
1.649713e+04 2.265653e+02 1.672369e+04
1.651049e+04 2.131817e+02 1.672367e+04
1.652180e+04 2.018503e+02 1.672365e+04
1.653081e+04 1.928325e+02 1.672364e+04
1.653731e+04 1.863239e+02 1.672363e+04
1.654112e+04 1.825030e+02 1.672362e+04
1.654209e+04 1.815178e+02 1.672360e+04
1.654007e+04 1.835233e+02 1.672359e+04
1.653492e+04 1.886551e+02 1.672358e+04
1.652651e+04 1.970508e+02 1.672356e+04
1.651471e+04 2.088382e+02 1.672355e+04
1.649942e+04 2.241211e+02 1.672354e+04
1.648058e+04 2.429569e+02 1.672353e+04
1.645821e+04 2.653242e+02 1.672353e+04
1.643246e+04 2.910830e+02 1.672354e+04
1.640364e+04 3.199222e+02 1.672356e+04
1.637227e+04 3.513323e+02 1.672360e+04
1.633914e+04 3.845303e+02 1.672367e+04
1.630529e+04 4.184547e+02 1.672375e+04
1.627208e+04 4.517548e+02 1.672383e+04
1.624106e+04 4.828764e+02 1.672394e+04
1.621392e+04 5.101253e+02 1.672405e+04
1.619234e+04 5.318056e+02 1.672414e+04
1.617777e+04 5.464485e+02 1.672422e+04
1.617128e+04 5.529711e+02 1.672425e+04
1.617341e+04 5.508336e+02 1.672425e+04
1.618408e+04 5.401192e+02 1.672420e+04
1.620260e+04 5.215231e+02 1.672412e+04
1.622777e+04 4.962583e+02 1.672402e+04
1.625804e+04 4.658702e+02 1.672391e+04
1.629173e+04 4.320792e+02 1.672381e+04
1.632713e+04 3.965793e+02 1.672371e+04
1.636273e+04 3.609083e+02 1.672364e+04
1.639725e+04 3.263471e+02 1.672360e+04
1.642969e+04 2.938645e+02 1.672355e+04
1.645935e+04 2.641843e+02 1.672354e+04
1.648579e+04 2.377432e+02 1.672353e+04
1.650877e+04 2.147655e+02 1.672354e+04
1.652825e+04 1.952936e+02 1.672354e+04
1.654429e+04 1.792745e+02 1.672356e+04
1.655705e+04 1.665300e+02 1.672358e+04
1.656678e+04 1.568285e+02 1.672361e+04
1.657374e+04 1.498934e+02 1.672364e+04
1.657825e+04 1.454170e+02 1.672366e+04
1.658062e+04 1.430740e+02 1.672370e+04
1.658122e+04 1.425112e+02 1.672373e+04
1.658040e+04 1.433619e+02 1.672376e+04
1.657853e+04 1.452616e+02 1.672379e+04
1.657598e+04 1.478367e+02 1.672382e+04
1.657313e+04 1.507224e+02 1.672386e+04
1.657033e+04 1.535507e+02 1.672388e+04
1.656791e+04 1.559945e+02 1.672390e+04
1.656617e+04 1.577577e+02 1.672392e+04
1.656534e+04 1.585933e+02 1.672394e+04
1.656563e+04 1.583135e+02 1.672395e+04
1.656715e+04 1.567985e+02 1.672395e+04
1.656995e+04 1.539935e+02 1.672394e+04
1.657401e+04 1.499310e+02 1.672394e+04
1.657924e+04 1.446910e+02 1.672393e+04
1.658550e+04 1.384143e+02 1.672391e+04
1.659262e+04 1.312833e+02 1.672390e+04
1.660037e+04 1.235082e+02 1.672388e+04
1.660855e+04 1.153118e+02 1.672387e+04
1.661693e+04 1.069164e+02 1.672385e+04
1.662530e+04 9.853243e+01 1.672384e+04
1.663348e+04 9.035466e+01 1.672383e+04
1.664129e+04 8.253521e+01 1.672382e+04
1.664860e+04 7.521298e+01 1.672381e+04
1.665532e+04 6.849109e+01 1.672381e+04
1.666136e+04 6.244347e+01 1.672381e+04
1.666669e+04 5.711821e+01 1.672380e+04
1.667126e+04 5.253458e+01 1.672380e+04
1.667509e+04 4.870898e+01 1.672380e+04
1.667818e+04 4.562586e+01 1.672380e+04
1.668054e+04 4.325210e+01 1.672379e+04
1.668222e+04 4.157867e+01 1.672380e+04
1.668324e+04 4.056308e+01 1.672381e+04
1.668366e+04 4.015324e+01 1.672381e+04
1.668350e+04 4.031120e+01 1.672381e+04
1.668282e+04 4.099266e+01 1.672382e+04
1.668167e+04 4.215307e+01 1.672382e+04
1.668008e+04 4.374837e+01 1.672382e+04
1.667809e+04 4.573510e+01 1.672383e+04
1.667576e+04 4.807108e+01 1.672383e+04
1.667312e+04 5.072054e+01 1.672384e+04
1.667021e+04 5.363209e+01 1.672384e+04
1.666707e+04 5.677188e+01 1.672384e+04
1.666375e+04 6.010134e+01 1.672385e+04
1.666027e+04 6.358267e+01 1.672385e+04
1.665667e+04 6.717892e+01 1.672385e+04
1.665300e+04 7.085399e+01 1.672386e+04
1.664929e+04 7.457278e+01 1.672386e+04
1.664556e+04 7.830138e+01 1.672386e+04
1.664186e+04 8.200728e+01 1.672386e+04
1.663821e+04 8.565966e+01 1.672386e+04
1.663464e+04 8.922961e+01 1.672387e+04
1.663118e+04 9.268491e+01 1.672386e+04
1.662785e+04 9.600675e+01 1.672386e+04
1.662468e+04 9.917890e+01 1.672386e+04
1.662169e+04 1.021772e+02 1.672386e+04
1.661888e+04 1.049854e+02 1.672386e+04
1.661627e+04 1.075900e+02 1.672386e+04
1.661389e+04 1.099800e+02 1.672387e+04
1.661172e+04 1.121467e+02 1.672387e+04
1.660978e+04 1.140830e+02 1.672387e+04
1.660808e+04 1.157834e+02 1.672387e+04
1.660662e+04 1.172436e+02 1.672387e+04
1.660541e+04 1.184652e+02 1.672387e+04
1.660444e+04 1.194340e+02 1.672387e+04
1.660372e+04 1.201527e+02 1.672387e+04
1.660326e+04 1.206130e+02 1.672387e+04
1.660305e+04 1.208180e+02 1.672386e+04
1.660309e+04 1.207718e+02 1.672386e+04
1.660339e+04 1.204689e+02 1.672386e+04
1.660395e+04 1.199116e+02 1.672386e+04
1.660476e+04 1.191109e+02 1.672387e+04
1.660580e+04 1.180662e+02 1.672387e+04
1.660707e+04 1.167993e+02 1.672386e+04
1.660853e+04 1.153288e+02 1.672386e+04
1.661015e+04 1.136987e+02 1.672385e+04
1.661190e+04 1.119477e+02 1.672385e+04
1.661371e+04 1.101326e+02 1.672384e+04
1.661551e+04 1.083247e+02 1.672384e+04
1.661722e+04 1.066115e+02 1.672383e+04
1.661872e+04 1.050987e+02 1.672382e+04
1.661989e+04 1.039125e+02 1.672380e+04
1.662059e+04 1.032020e+02 1.672379e+04
1.662063e+04 1.031419e+02 1.672377e+04
1.661982e+04 1.039363e+02 1.672375e+04
1.661791e+04 1.058285e+02 1.672374e+04
1.661462e+04 1.090844e+02 1.672371e+04
1.660964e+04 1.140321e+02 1.672368e+04
1.660259e+04 1.210472e+02 1.672364e+04
1.659303e+04 1.305680e+02 1.672360e+04
1.658044e+04 1.431049e+02 1.672354e+04
1.656423e+04 1.592500e+02 1.672348e+04
1.654373e+04 1.796903e+02 1.672342e+04
1.651815e+04 2.051881e+02 1.672334e+04
1.648665e+04 2.366049e+02 1.672325e+04
1.644831e+04 2.748513e+02 1.672316e+04
1.640224e+04 3.208327e+02 1.672307e+04
1.634765e+04 3.753418e+02 1.672299e+04
1.628405e+04 4.388936e+02 1.672294e+04
1.621148e+04 5.114623e+02 1.672294e+04
1.613084e+04 5.921760e+02 1.672302e+04
1.604421e+04 6.789799e+02 1.672319e+04
1.595513e+04 7.683338e+02 1.672347e+04
1.586869e+04 8.551428e+02 1.672383e+04
1.579117e+04 9.330698e+02 1.672424e+04
1.572926e+04 9.953507e+02 1.672461e+04
1.568878e+04 1.036051e+03 1.672483e+04
1.567340e+04 1.051452e+03 1.672485e+04
1.568357e+04 1.041082e+03 1.672465e+04
1.571631e+04 1.007960e+03 1.672427e+04
1.576585e+04 9.579430e+02 1.672379e+04
1.582488e+04 8.984381e+02 1.672332e+04
1.588596e+04 8.369627e+02 1.672292e+04
1.594265e+04 7.800039e+02 1.672265e+04
1.599022e+04 7.322946e+02 1.672252e+04
1.602592e+04 6.965870e+02 1.672251e+04
1.604893e+04 6.736949e+02 1.672262e+04
1.606013e+04 6.626929e+02 1.672283e+04
1.606192e+04 6.611839e+02 1.672311e+04
1.605781e+04 6.656236e+02 1.672343e+04
1.605204e+04 6.717352e+02 1.672377e+04
1.604904e+04 6.750437e+02 1.672408e+04
1.605284e+04 6.714747e+02 1.672431e+04
1.606644e+04 6.579984e+02 1.672444e+04
1.609137e+04 6.330689e+02 1.672444e+04
1.612753e+04 5.968071e+02 1.672434e+04
1.617334e+04 5.508145e+02 1.672416e+04
1.622618e+04 4.977563e+02 1.672394e+04
1.628295e+04 4.407869e+02 1.672374e+04
1.634059e+04 3.829778e+02 1.672356e+04
1.639650e+04 3.269375e+02 1.672344e+04
1.644875e+04 2.746204e+02 1.672337e+04
1.649609e+04 2.272571e+02 1.672334e+04
1.653790e+04 1.854534e+02 1.672335e+04
1.657406e+04 1.493209e+02 1.672339e+04
1.660481e+04 1.186248e+02 1.672343e+04
1.663057e+04 9.291650e+01 1.672348e+04
1.665190e+04 7.163887e+01 1.672354e+04
1.666939e+04 5.419565e+01 1.672358e+04
1.668360e+04 4.002340e+01 1.672363e+04
1.669508e+04 2.858708e+01 1.672367e+04
1.670429e+04 1.941647e+01 1.672370e+04
1.671163e+04 1.210511e+01 1.672373e+04
1.671745e+04 6.308859e+00 1.672376e+04
1.672203e+04 1.740999e+00 1.672378e+04
1.672563e+04 -1.834206e+00 1.672379e+04
1.672841e+04 -4.602881e+00 1.672381e+04
1.673055e+04 -6.730038e+00 1.672382e+04
1.673216e+04 -8.332633e+00 1.672383e+04
1.673334e+04 -9.506764e+00 1.672383e+04
1.673417e+04 -1.032655e+01 1.672384e+04
1.673469e+04 -1.084776e+01 1.672384e+04
1.673495e+04 -1.111067e+01 1.672384e+04
1.673499e+04 -1.113691e+01 1.672385e+04
1.673480e+04 -1.095298e+01 1.672385e+04
1.673441e+04 -1.055835e+01 1.672385e+04
1.673380e+04 -9.948382e+00 1.672385e+04
1.673296e+04 -9.108979e+00 1.672385e+04
1.673186e+04 -8.021980e+00 1.672384e+04
1.673048e+04 -6.642702e+00 1.672384e+04
1.672876e+04 -4.937450e+00 1.672383e+04
1.672666e+04 -2.838388e+00 1.672382e+04
1.672409e+04 -2.746874e-01 1.672382e+04
1.672098e+04 2.829555e+00 1.672381e+04
1.671721e+04 6.585476e+00 1.672380e+04
1.671267e+04 1.112048e+01 1.672379e+04
1.670718e+04 1.658751e+01 1.672377e+04
1.670058e+04 2.316927e+01 1.672375e+04
1.669265e+04 3.107751e+01 1.672372e+04
1.668312e+04 4.058040e+01 1.672370e+04
1.667169e+04 5.197510e+01 1.672367e+04
1.665802e+04 6.561528e+01 1.672363e+04
1.664168e+04 8.191070e+01 1.672359e+04
1.662222e+04 1.013308e+02 1.672355e+04
1.659909e+04 1.244065e+02 1.672349e+04
1.657171e+04 1.517264e+02 1.672344e+04
1.653945e+04 1.839220e+02 1.672337e+04
1.650164e+04 2.216744e+02 1.672331e+04
1.645762e+04 2.656269e+02 1.672325e+04
1.640681e+04 3.163866e+02 1.672319e+04
1.634873e+04 3.744213e+02 1.672315e+04
1.628316e+04 4.399632e+02 1.672313e+04
1.621026e+04 5.128801e+02 1.672314e+04
1.613067e+04 5.925254e+02 1.672319e+04
1.604572e+04 6.775837e+02 1.672330e+04
1.595754e+04 7.659374e+02 1.672348e+04
1.586911e+04 8.545957e+02 1.672371e+04
1.578425e+04 9.397401e+02 1.672399e+04
1.570740e+04 1.016892e+03 1.672429e+04
1.564324e+04 1.081346e+03 1.672459e+04
1.559620e+04 1.128621e+03 1.672482e+04
1.556984e+04 1.155126e+03 1.672497e+04
1.556630e+04 1.158695e+03 1.672499e+04
1.558593e+04 1.138968e+03 1.672490e+04
1.562724e+04 1.097447e+03 1.672469e+04
1.568713e+04 1.037286e+03 1.672441e+04
1.576133e+04 9.627728e+02 1.672410e+04
1.584509e+04 8.787121e+02 1.672380e+04
1.593372e+04 7.898273e+02 1.672355e+04
1.602305e+04 7.002965e+02 1.672335e+04
1.610974e+04 6.134751e+02 1.672322e+04
1.619134e+04 5.317994e+02 1.672314e+04
1.626629e+04 4.568354e+02 1.672313e+04
1.633376e+04 3.893799e+02 1.672314e+04
1.639350e+04 3.296796e+02 1.672318e+04
1.644569e+04 2.775470e+02 1.672324e+04
1.649079e+04 2.325107e+02 1.672330e+04
1.652941e+04 1.939587e+02 1.672337e+04
1.656223e+04 1.612026e+02 1.672344e+04
1.658995e+04 1.335429e+02 1.672350e+04
1.661324e+04 1.103078e+02 1.672355e+04
1.663273e+04 9.088069e+01 1.672361e+04
1.664896e+04 7.469016e+01 1.672365e+04
1.666244e+04 6.125147e+01 1.672369e+04
1.667360e+04 5.012158e+01 1.672372e+04
1.668282e+04 4.093367e+01 1.672375e+04
1.669040e+04 3.336931e+01 1.672377e+04
1.669663e+04 2.716345e+01 1.672380e+04
1.670174e+04 2.207104e+01 1.672381e+04
1.670590e+04 1.791614e+01 1.672382e+04
1.670930e+04 1.453176e+01 1.672383e+04
1.671206e+04 1.178272e+01 1.672384e+04
1.671429e+04 9.556137e+00 1.672385e+04
1.671610e+04 7.757993e+00 1.672386e+04
1.671755e+04 6.310201e+00 1.672386e+04
1.671872e+04 5.148190e+00 1.672387e+04
1.671965e+04 4.213346e+00 1.672386e+04
1.672039e+04 3.473544e+00 1.672387e+04
1.672098e+04 2.894334e+00 1.672387e+04
1.672144e+04 2.438252e+00 1.672388e+04
1.672179e+04 2.091623e+00 1.672388e+04
1.672204e+04 1.847798e+00 1.672388e+04
1.672219e+04 1.691198e+00 1.672388e+04
1.672225e+04 1.631043e+00 1.672388e+04
1.672220e+04 1.680462e+00 1.672388e+04
1.672201e+04 1.864506e+00 1.672388e+04
1.672165e+04 2.217483e+00 1.672387e+04
1.672105e+04 2.809725e+00 1.672386e+04
1.672013e+04 3.721220e+00 1.672385e+04
1.671876e+04 5.072207e+00 1.672384e+04
1.671679e+04 7.030181e+00 1.672382e+04
1.671396e+04 9.821323e+00 1.672378e+04
1.670997e+04 1.377540e+01 1.672375e+04
1.670437e+04 1.932952e+01 1.672370e+04
1.669657e+04 2.706902e+01 1.672364e+04
1.668574e+04 3.781366e+01 1.672355e+04
1.667079e+04 5.264118e+01 1.672343e+04
1.665026e+04 7.300585e+01 1.672327e+04
1.662226e+04 1.008045e+02 1.672306e+04
1.658434e+04 1.384610e+02 1.672281e+04
1.653354e+04 1.889612e+02 1.672250e+04
1.646638e+04 2.557740e+02 1.672215e+04
1.637928e+04 3.425437e+02 1.672183e+04
1.626921e+04 4.523849e+02 1.672160e+04
1.613502e+04 5.865989e+02 1.672162e+04
1.597933e+04 7.427027e+02 1.672203e+04
1.581081e+04 9.121969e+02 1.672301e+04
1.564557e+04 1.078915e+03 1.672449e+04
1.550625e+04 1.219906e+03 1.672615e+04
1.541712e+04 1.310311e+03 1.672743e+04
1.539623e+04 1.331518e+03 1.672775e+04
1.544814e+04 1.278824e+03 1.672697e+04
1.556192e+04 1.163518e+03 1.672544e+04
1.571584e+04 1.007949e+03 1.672379e+04
1.588547e+04 8.370378e+02 1.672251e+04
1.605060e+04 6.711820e+02 1.672178e+04
1.619833e+04 5.232194e+02 1.672155e+04
1.632283e+04 3.988294e+02 1.672166e+04
1.642334e+04 2.986086e+02 1.672195e+04
1.650200e+04 2.202855e+02 1.672228e+04
1.656220e+04 1.604143e+02 1.672261e+04
1.660754e+04 1.153643e+02 1.672290e+04
1.664128e+04 8.185433e+01 1.672314e+04
1.666618e+04 5.713430e+01 1.672332e+04
1.668443e+04 3.902668e+01 1.672346e+04
1.669773e+04 2.583421e+01 1.672357e+04
1.670737e+04 1.627568e+01 1.672365e+04
1.671431e+04 9.394719e+00 1.672371e+04
1.671926e+04 4.490180e+00 1.672375e+04
1.672275e+04 1.032840e+00 1.672379e+04
1.672516e+04 -1.348864e+00 1.672381e+04
1.672675e+04 -2.927965e+00 1.672382e+04
1.672774e+04 -3.900518e+00 1.672384e+04
1.672825e+04 -4.400362e+00 1.672385e+04
1.672839e+04 -4.535721e+00 1.672385e+04
1.672823e+04 -4.366906e+00 1.672386e+04
1.672780e+04 -3.936271e+00 1.672386e+04
1.672713e+04 -3.268120e+00 1.672386e+04
1.672623e+04 -2.372581e+00 1.672386e+04
1.672511e+04 -1.248273e+00 1.672386e+04
1.672374e+04 1.159406e-01 1.672386e+04
1.672212e+04 1.745271e+00 1.672386e+04
1.672020e+04 3.662135e+00 1.672386e+04
1.671796e+04 5.897108e+00 1.672386e+04
1.671536e+04 8.499803e+00 1.672386e+04
1.671233e+04 1.152292e+01 1.672385e+04
1.670882e+04 1.502837e+01 1.672384e+04
1.670475e+04 1.908812e+01 1.672384e+04
1.670004e+04 2.378497e+01 1.672383e+04
1.669461e+04 2.921356e+01 1.672382e+04
1.668833e+04 3.548112e+01 1.672381e+04
1.668109e+04 4.270814e+01 1.672380e+04
1.667276e+04 5.102861e+01 1.672378e+04
1.666318e+04 6.059507e+01 1.672378e+04
1.665220e+04 7.155546e+01 1.672376e+04
1.663966e+04 8.408333e+01 1.672374e+04
1.662537e+04 9.835120e+01 1.672373e+04
1.660918e+04 1.145289e+02 1.672371e+04
1.659092e+04 1.327731e+02 1.672369e+04
1.657047e+04 1.532132e+02 1.672368e+04
1.654774e+04 1.759318e+02 1.672367e+04
1.652272e+04 2.009414e+02 1.672366e+04
1.649551e+04 2.281560e+02 1.672367e+04
1.646632e+04 2.573599e+02 1.672368e+04
1.643553e+04 2.881762e+02 1.672371e+04
1.640371e+04 3.200407e+02 1.672375e+04
1.637162e+04 3.521856e+02 1.672380e+04
1.634023e+04 3.836435e+02 1.672387e+04
1.631067e+04 4.132770e+02 1.672394e+04
1.628418e+04 4.398394e+02 1.672402e+04
1.626203e+04 4.620623e+02 1.672409e+04
1.624536e+04 4.787927e+02 1.672415e+04
1.623510e+04 4.890850e+02 1.672419e+04
1.623187e+04 4.923339e+02 1.672420e+04
1.623584e+04 4.883455e+02 1.672418e+04
1.624678e+04 4.773626e+02 1.672414e+04
1.626405e+04 4.600331e+02 1.672408e+04
1.628668e+04 4.373286e+02 1.672401e+04
1.631350e+04 4.104357e+02 1.672394e+04
1.634325e+04 3.806045e+02 1.672386e+04
1.637470e+04 3.490787e+02 1.672378e+04
1.640673e+04 3.169955e+02 1.672373e+04
1.643840e+04 2.852897e+02 1.672369e+04
1.646896e+04 2.547058e+02 1.672366e+04
1.649786e+04 2.257861e+02 1.672365e+04
1.652476e+04 1.988883e+02 1.672365e+04
1.654944e+04 1.742122e+02 1.672365e+04
1.657183e+04 1.518267e+02 1.672366e+04
1.659195e+04 1.317220e+02 1.672367e+04
1.660988e+04 1.138052e+02 1.672369e+04
1.662576e+04 9.794545e+01 1.672370e+04
1.663973e+04 8.398679e+01 1.672372e+04
1.665198e+04 7.176259e+01 1.672374e+04
1.666265e+04 6.110574e+01 1.672375e+04
1.667191e+04 5.185034e+01 1.672376e+04
1.667991e+04 4.386947e+01 1.672378e+04
1.668679e+04 3.700188e+01 1.672379e+04
1.669266e+04 3.114699e+01 1.672381e+04
1.669762e+04 2.620049e+01 1.672382e+04
1.670175e+04 2.207794e+01 1.672383e+04
1.670510e+04 1.872710e+01 1.672383e+04
1.670772e+04 1.611334e+01 1.672383e+04
1.670960e+04 1.422272e+01 1.672382e+04
1.671073e+04 1.308881e+01 1.672382e+04
1.671104e+04 1.276619e+01 1.672381e+04
1.671043e+04 1.336197e+01 1.672380e+04
1.670873e+04 1.504407e+01 1.672378e+04
1.670568e+04 1.806067e+01 1.672375e+04
1.670094e+04 2.276747e+01 1.672370e+04
1.669398e+04 2.966597e+01 1.672365e+04
1.668411e+04 3.945119e+01 1.672356e+04
1.667034e+04 5.310705e+01 1.672345e+04
1.665132e+04 7.197375e+01 1.672329e+04
1.662518e+04 9.790303e+01 1.672308e+04
1.658936e+04 1.334242e+02 1.672279e+04
1.654045e+04 1.819498e+02 1.672240e+04
1.647390e+04 2.479945e+02 1.672190e+04
1.638396e+04 3.373004e+02 1.672126e+04
1.626375e+04 4.567762e+02 1.672052e+04
1.610599e+04 6.138092e+02 1.671980e+04
1.590486e+04 8.144451e+02 1.671930e+04
1.565962e+04 1.059812e+03 1.671943e+04
1.538015e+04 1.340506e+03 1.672065e+04
1.509269e+04 1.630497e+03 1.672319e+04
1.484111e+04 1.885396e+03 1.672650e+04
1.467752e+04 2.051652e+03 1.672917e+04
1.464171e+04 2.087931e+03 1.672964e+04
1.474059e+04 1.986998e+03 1.672759e+04
1.494409e+04 1.780146e+03 1.672424e+04
1.520104e+04 1.520170e+03 1.672121e+04
1.546164e+04 1.257745e+03 1.671939e+04
1.569161e+04 1.027183e+03 1.671879e+04
1.587425e+04 8.447375e+02 1.671899e+04
1.600576e+04 7.137855e+02 1.671955e+04
1.608930e+04 6.308857e+02 1.672018e+04
1.613071e+04 5.900526e+02 1.672076e+04
1.613629e+04 5.849619e+02 1.672125e+04
1.611202e+04 6.096661e+02 1.672169e+04
1.606366e+04 6.584551e+02 1.672212e+04
1.599729e+04 7.252974e+02 1.672258e+04
1.591983e+04 8.032968e+02 1.672313e+04
1.583937e+04 8.843635e+02 1.672374e+04
1.576490e+04 9.594570e+02 1.672435e+04
1.570535e+04 1.019517e+03 1.672487e+04
1.566823e+04 1.056958e+03 1.672519e+04
1.565797e+04 1.067248e+03 1.672522e+04
1.567507e+04 1.049911e+03 1.672498e+04
1.571609e+04 1.008458e+03 1.672455e+04
1.577476e+04 9.492921e+02 1.672405e+04
1.584364e+04 8.799522e+02 1.672360e+04
1.591569e+04 8.075548e+02 1.672325e+04
1.598532e+04 7.377185e+02 1.672304e+04
1.604883e+04 6.741299e+02 1.672296e+04
1.610429e+04 6.186764e+02 1.672297e+04
1.615121e+04 5.718316e+02 1.672304e+04
1.619003e+04 5.331236e+02 1.672315e+04
1.622171e+04 5.015546e+02 1.672326e+04
1.624745e+04 4.759227e+02 1.672337e+04
1.626842e+04 4.550397e+02 1.672346e+04
1.628568e+04 4.378607e+02 1.672354e+04
1.630004e+04 4.235493e+02 1.672359e+04
1.631213e+04 4.114911e+02 1.672362e+04
1.632234e+04 4.013058e+02 1.672365e+04
1.633087e+04 3.927868e+02 1.672366e+04
1.633777e+04 3.858921e+02 1.672366e+04
1.634298e+04 3.806758e+02 1.672365e+04
1.634636e+04 3.772859e+02 1.672365e+04
1.634776e+04 3.758808e+02 1.672364e+04
1.634700e+04 3.766316e+02 1.672363e+04
1.634396e+04 3.796665e+02 1.672362e+04
1.633858e+04 3.850450e+02 1.672362e+04
1.633090e+04 3.927307e+02 1.672363e+04
1.632108e+04 4.025670e+02 1.672365e+04
1.630941e+04 4.142518e+02 1.672367e+04
1.629635e+04 4.273479e+02 1.672370e+04
1.628250e+04 4.412478e+02 1.672375e+04
1.626859e+04 4.552079e+02 1.672380e+04
1.625549e+04 4.683720e+02 1.672386e+04
1.624410e+04 4.798237e+02 1.672392e+04
1.623535e+04 4.886293e+02 1.672398e+04
1.623008e+04 4.939453e+02 1.672402e+04
1.622898e+04 4.950746e+02 1.672406e+04
1.623253e+04 4.915408e+02 1.672407e+04
1.624093e+04 4.831361e+02 1.672407e+04
1.625411e+04 4.699402e+02 1.672405e+04
1.627170e+04 4.523065e+02 1.672401e+04
1.629315e+04 4.308183e+02 1.672397e+04
1.631769e+04 4.062242e+02 1.672392e+04
1.634450e+04 3.793625e+02 1.672386e+04
1.637273e+04 3.510880e+02 1.672382e+04
1.640157e+04 3.222092e+02 1.672378e+04
1.643030e+04 2.934427e+02 1.672375e+04
1.645834e+04 2.653847e+02 1.672372e+04
1.648521e+04 2.385005e+02 1.672371e+04
1.651058e+04 2.131265e+02 1.672370e+04
1.653422e+04 1.894820e+02 1.672370e+04
1.655602e+04 1.676861e+02 1.672371e+04
1.657594e+04 1.477711e+02 1.672371e+04
1.659400e+04 1.297237e+02 1.672372e+04
1.661026e+04 1.134692e+02 1.672373e+04
1.662484e+04 9.890759e+01 1.672374e+04
1.663784e+04 8.592016e+01 1.672376e+04
1.664939e+04 7.437890e+01 1.672377e+04
1.665963e+04 6.415330e+01 1.672378e+04
1.666868e+04 5.511528e+01 1.672379e+04
1.667666e+04 4.713702e+01 1.672380e+04
1.668369e+04 4.010974e+01 1.672380e+04
1.668988e+04 3.393392e+01 1.672381e+04
1.669531e+04 2.850885e+01 1.672382e+04
1.670008e+04 2.374917e+01 1.672382e+04
1.670425e+04 1.957928e+01 1.672383e+04
1.670790e+04 1.593307e+01 1.672384e+04
1.671109e+04 1.275354e+01 1.672384e+04
1.671385e+04 9.997867e+00 1.672385e+04
1.671624e+04 7.620993e+00 1.672386e+04
1.671827e+04 5.586320e+00 1.672386e+04
1.671998e+04 3.876823e+00 1.672386e+04
1.672138e+04 2.478980e+00 1.672386e+04
1.672247e+04 1.389004e+00 1.672386e+04
1.672324e+04 6.249263e-01 1.672387e+04
1.672368e+04 1.844842e-01 1.672387e+04
1.672375e+04 1.133731e-01 1.672386e+04
1.672339e+04 4.644191e-01 1.672386e+04
1.672253e+04 1.318350e+00 1.672385e+04
1.672107e+04 2.767657e+00 1.672384e+04
1.671887e+04 4.956816e+00 1.672383e+04
1.671574e+04 8.069832e+00 1.672381e+04
1.671143e+04 1.234242e+01 1.672377e+04
1.670564e+04 1.809924e+01 1.672374e+04
1.669796e+04 2.574000e+01 1.672370e+04
1.668786e+04 3.578418e+01 1.672364e+04
1.667468e+04 4.889207e+01 1.672357e+04
1.665759e+04 6.589385e+01 1.672348e+04
1.663556e+04 8.782327e+01 1.672338e+04
1.660733e+04 1.159169e+02 1.672325e+04
1.657145e+04 1.516543e+02 1.672311e+04
1.652627e+04 1.966772e+02 1.672294e+04
1.647006e+04 2.527250e+02 1.672278e+04
1.640127e+04 3.213713e+02 1.672265e+04
1.631889e+04 4.036792e+02 1.672257e+04
1.622301e+04 4.996009e+02 1.672261e+04
1.611561e+04 6.072196e+02 1.672283e+04
1.600130e+04 7.219755e+02 1.672327e+04
1.588782e+04 8.361156e+02 1.672393e+04
1.578576e+04 9.389605e+02 1.672472e+04
1.570714e+04 1.018306e+03 1.672544e+04
1.566279e+04 1.063113e+03 1.672590e+04
1.565940e+04 1.066525e+03 1.672592e+04
1.569741e+04 1.028109e+03 1.672552e+04
1.577084e+04 9.539693e+02 1.672481e+04
1.586920e+04 8.548149e+02 1.672402e+04
1.598042e+04 7.429082e+02 1.672333e+04
1.609354e+04 6.293116e+02 1.672285e+04
1.620031e+04 5.222780e+02 1.672259e+04
1.629565e+04 4.268767e+02 1.672252e+04
1.637716e+04 3.454140e+02 1.672257e+04
1.644442e+04 2.782739e+02 1.672269e+04
1.649820e+04 2.246413e+02 1.672284e+04
1.653985e+04 1.831419e+02 1.672299e+04
1.657087e+04 1.522509e+02 1.672312e+04
1.659269e+04 1.305402e+02 1.672323e+04
1.660650e+04 1.168085e+02 1.672331e+04
1.661323e+04 1.101368e+02 1.672336e+04
1.661349e+04 1.099031e+02 1.672339e+04
1.660762e+04 1.157777e+02 1.672339e+04
1.659566e+04 1.277108e+02 1.672337e+04
1.657741e+04 1.459193e+02 1.672333e+04
1.655239e+04 1.708739e+02 1.672327e+04
1.651990e+04 2.032860e+02 1.672318e+04
1.647899e+04 2.440881e+02 1.672308e+04
1.642856e+04 2.944012e+02 1.672296e+04
1.636735e+04 3.554765e+02 1.672283e+04
1.629410e+04 4.286019e+02 1.672270e+04
1.620766e+04 5.149268e+02 1.672259e+04
1.610728e+04 6.152351e+02 1.672251e+04
1.599288e+04 7.296246e+02 1.672250e+04
1.586552e+04 8.570664e+02 1.672258e+04
1.572784e+04 9.949655e+02 1.672280e+04
1.558446e+04 1.138711e+03 1.672317e+04
1.544220e+04 1.281487e+03 1.672369e+04
1.530984e+04 1.414460e+03 1.672430e+04
1.519737e+04 1.527548e+03 1.672492e+04
1.511466e+04 1.610769e+03 1.672543e+04
1.506974e+04 1.655992e+03 1.672573e+04
1.506720e+04 1.658546e+03 1.672574e+04
1.510721e+04 1.618260e+03 1.672547e+04
1.518553e+04 1.539440e+03 1.672497e+04
1.529440e+04 1.429956e+03 1.672436e+04
1.542417e+04 1.299578e+03 1.672375e+04
1.556493e+04 1.158304e+03 1.672323e+04
1.570786e+04 1.014989e+03 1.672285e+04
1.584604e+04 8.765796e+02 1.672262e+04
1.597467e+04 7.478452e+02 1.672252e+04
1.609095e+04 6.315683e+02 1.672252e+04
1.619367e+04 5.289222e+02 1.672259e+04
1.628279e+04 4.399170e+02 1.672271e+04
1.635904e+04 3.638086e+02 1.672284e+04
1.642356e+04 2.994274e+02 1.672298e+04
1.647770e+04 2.454169e+02 1.672311e+04
1.652284e+04 2.003982e+02 1.672324e+04
1.656030e+04 1.630440e+02 1.672335e+04
1.659128e+04 1.321635e+02 1.672344e+04
1.661682e+04 1.067012e+02 1.672352e+04
1.663784e+04 8.574594e+01 1.672359e+04
1.665512e+04 6.852266e+01 1.672364e+04
1.666931e+04 5.437396e+01 1.672368e+04
1.668095e+04 4.276697e+01 1.672372e+04
1.669051e+04 3.324523e+01 1.672375e+04
1.669834e+04 2.543623e+01 1.672378e+04
1.670477e+04 1.903329e+01 1.672380e+04
1.671003e+04 1.378453e+01 1.672382e+04
1.671435e+04 9.488805e+00 1.672384e+04
1.671788e+04 5.965876e+00 1.672385e+04
1.672078e+04 3.082937e+00 1.672386e+04
1.672314e+04 7.270871e-01 1.672387e+04
1.672507e+04 -1.188332e+00 1.672388e+04
1.672663e+04 -2.754678e+00 1.672388e+04
1.672790e+04 -4.016018e+00 1.672388e+04
1.672891e+04 -5.021003e+00 1.672389e+04
1.672971e+04 -5.819093e+00 1.672389e+04
1.673033e+04 -6.440264e+00 1.672389e+04
1.673079e+04 -6.896108e+00 1.672389e+04
1.673110e+04 -7.208064e+00 1.672389e+04
1.673128e+04 -7.391660e+00 1.672389e+04
1.673133e+04 -7.440138e+00 1.672389e+04
1.673124e+04 -7.352087e+00 1.672389e+04
1.673102e+04 -7.131393e+00 1.672389e+04
1.673065e+04 -6.759403e+00 1.672389e+04
1.673010e+04 -6.216343e+00 1.672389e+04
1.672936e+04 -5.474975e+00 1.672388e+04
1.672838e+04 -4.499474e+00 1.672388e+04
1.672712e+04 -3.249642e+00 1.672387e+04
1.672552e+04 -1.656725e+00 1.672386e+04
1.672351e+04 3.508960e-01 1.672386e+04
1.672100e+04 2.850416e+00 1.672385e+04
1.671788e+04 5.955409e+00 1.672384e+04
1.671403e+04 9.797216e+00 1.672383e+04
1.670928e+04 1.453465e+01 1.672381e+04
1.670343e+04 2.035856e+01 1.672379e+04
1.669627e+04 2.749666e+01 1.672377e+04
1.668752e+04 3.621835e+01 1.672374e+04
1.667687e+04 4.683906e+01 1.672371e+04
1.666395e+04 5.972323e+01 1.672367e+04
1.664835e+04 7.528484e+01 1.672363e+04
1.662961e+04 9.398380e+01 1.672359e+04
1.660723e+04 1.163158e+02 1.672354e+04
1.658070e+04 1.427932e+02 1.672349e+04
1.654953e+04 1.739134e+02 1.672345e+04
1.651329e+04 2.101126e+02 1.672340e+04
1.647167e+04 2.516987e+02 1.672337e+04
1.642456e+04 2.987982e+02 1.672336e+04
1.637212e+04 3.512460e+02 1.672336e+04
1.631485e+04 4.085511e+02 1.672340e+04
1.625359e+04 4.698495e+02 1.672344e+04
1.618946e+04 5.340322e+02 1.672349e+04
1.612362e+04 5.998916e+02 1.672351e+04
1.605697e+04 6.664990e+02 1.672347e+04
1.598960e+04 7.337172e+02 1.672332e+04
1.592029e+04 8.027355e+02 1.672303e+04
1.584596e+04 8.765933e+02 1.672256e+04
1.576151e+04 9.604097e+02 1.672192e+04
1.566010e+04 1.061091e+03 1.672119e+04
1.553436e+04 1.186152e+03 1.672051e+04
1.537879e+04 1.341347e+03 1.672014e+04
1.519367e+04 1.526772e+03 1.672044e+04
1.498974e+04 1.731977e+03 1.672171e+04
1.479180e+04 1.932148e+03 1.672395e+04
1.463702e+04 2.089485e+03 1.672650e+04
1.456467e+04 2.163520e+03 1.672819e+04
1.459976e+04 2.128299e+03 1.672806e+04
1.474016e+04 1.985997e+03 1.672616e+04
1.495732e+04 1.766180e+03 1.672350e+04
1.520980e+04 1.511422e+03 1.672122e+04
1.545930e+04 1.260590e+03 1.671989e+04
1.567995e+04 1.039533e+03 1.671948e+04
1.585935e+04 8.603332e+02 1.671969e+04
1.599507e+04 7.251213e+02 1.672019e+04
1.609026e+04 6.305223e+02 1.672078e+04
1.615041e+04 5.709141e+02 1.672133e+04
1.618155e+04 5.402602e+02 1.672181e+04
1.618937e+04 5.328520e+02 1.672222e+04
1.617906e+04 5.435156e+02 1.672258e+04
1.615549e+04 5.674153e+02 1.672290e+04
1.612333e+04 5.998918e+02 1.672322e+04
1.608726e+04 6.362713e+02 1.672353e+04
1.605196e+04 6.718839e+02 1.672384e+04
1.602190e+04 7.022086e+02 1.672411e+04
1.600107e+04 7.232427e+02 1.672431e+04
1.599253e+04 7.319033e+02 1.672443e+04
1.599804e+04 7.264159e+02 1.672446e+04
1.601786e+04 7.065253e+02 1.672439e+04
1.605079e+04 6.734429e+02 1.672423e+04
1.609448e+04 6.295675e+02 1.672404e+04
1.614586e+04 5.779850e+02 1.672385e+04
1.620168e+04 5.219845e+02 1.672367e+04
1.625890e+04 4.646264e+02 1.672353e+04
1.631496e+04 4.084630e+02 1.672343e+04
1.636795e+04 3.554168e+02 1.672337e+04
1.641656e+04 3.067862e+02 1.672335e+04
1.646001e+04 2.633346e+02 1.672335e+04
1.649795e+04 2.254181e+02 1.672336e+04
1.653027e+04 1.931155e+02 1.672338e+04
1.655703e+04 1.663763e+02 1.672340e+04
1.657832e+04 1.450968e+02 1.672341e+04
1.659418e+04 1.292354e+02 1.672341e+04
1.660450e+04 1.188865e+02 1.672338e+04
1.660895e+04 1.143849e+02 1.672333e+04
1.660688e+04 1.163633e+02 1.672325e+04
1.659723e+04 1.258745e+02 1.672311e+04
1.657838e+04 1.445316e+02 1.672291e+04
1.654799e+04 1.746499e+02 1.672264e+04
1.650287e+04 2.194027e+02 1.672227e+04
1.643882e+04 2.829773e+02 1.672180e+04
1.635064e+04 3.705945e+02 1.672124e+04
1.623243e+04 4.881921e+02 1.672062e+04
1.607858e+04 6.415133e+02 1.672009e+04
1.588587e+04 8.340160e+02 1.671988e+04
1.565707e+04 1.063278e+03 1.672035e+04
1.540566e+04 1.316157e+03 1.672182e+04
1.515952e+04 1.564767e+03 1.672428e+04
1.495942e+04 1.767669e+03 1.672709e+04
1.484842e+04 1.880544e+03 1.672897e+04
1.485436e+04 1.874517e+03 1.672888e+04
1.497597e+04 1.750912e+03 1.672689e+04
1.518358e+04 1.540498e+03 1.672407e+04
1.543374e+04 1.287935e+03 1.672168e+04
1.568656e+04 1.033745e+03 1.672031e+04
1.591545e+04 8.044706e+02 1.671992e+04
1.610806e+04 6.121079e+02 1.672017e+04
1.626240e+04 4.583289e+02 1.672073e+04
1.638209e+04 3.392640e+02 1.672135e+04
1.647296e+04 2.489637e+02 1.672192e+04
1.654102e+04 1.813742e+02 1.672240e+04
1.659160e+04 1.311811e+02 1.672278e+04
1.662900e+04 9.406341e+01 1.672306e+04
1.665660e+04 6.668225e+01 1.672328e+04
1.667693e+04 4.651543e+01 1.672344e+04
1.669189e+04 3.167237e+01 1.672356e+04
1.670287e+04 2.076922e+01 1.672364e+04
1.671089e+04 1.280502e+01 1.672370e+04
1.671670e+04 7.038570e+00 1.672374e+04
1.672083e+04 2.938650e+00 1.672377e+04
1.672367e+04 1.261225e-01 1.672379e+04
1.672547e+04 -1.663783e+00 1.672381e+04
1.672643e+04 -2.607947e+00 1.672382e+04
1.672664e+04 -2.813291e+00 1.672382e+04
1.672615e+04 -2.328024e+00 1.672382e+04
1.672496e+04 -1.147440e+00 1.672382e+04
1.672302e+04 7.850773e-01 1.672381e+04
1.672021e+04 3.576100e+00 1.672379e+04
1.671635e+04 7.418064e+00 1.672377e+04
1.671119e+04 1.254859e+01 1.672374e+04
1.670438e+04 1.932611e+01 1.672370e+04
1.669542e+04 2.823161e+01 1.672365e+04
1.668366e+04 3.992527e+01 1.672359e+04
1.666823e+04 5.525642e+01 1.672349e+04
1.664796e+04 7.539396e+01 1.672335e+04
1.662129e+04 1.018924e+02 1.672318e+04
1.658618e+04 1.367753e+02 1.672296e+04
1.653999e+04 1.826747e+02 1.672267e+04
1.647941e+04 2.428980e+02 1.672231e+04
1.640040e+04 3.214775e+02 1.672187e+04
1.629843e+04 4.229758e+02 1.672140e+04
1.616903e+04 5.519287e+02 1.672096e+04
1.600904e+04 7.116510e+02 1.672069e+04
1.581877e+04 9.020504e+02 1.672082e+04
1.560502e+04 1.116564e+03 1.672158e+04
1.538415e+04 1.338949e+03 1.672310e+04
1.518301e+04 1.542164e+03 1.672517e+04
1.503488e+04 1.692245e+03 1.672712e+04
1.496954e+04 1.758539e+03 1.672808e+04
1.500120e+04 1.726338e+03 1.672754e+04
1.512190e+04 1.603902e+03 1.672580e+04
1.530527e+04 1.418407e+03 1.672368e+04
1.551788e+04 1.204085e+03 1.672196e+04
1.573038e+04 9.906054e+02 1.672099e+04
1.592338e+04 7.973220e+02 1.672070e+04
1.608764e+04 6.332538e+02 1.672089e+04
1.622135e+04 4.999509e+02 1.672130e+04
1.632699e+04 3.947846e+02 1.672177e+04
1.640885e+04 3.133785e+02 1.672223e+04
1.647156e+04 2.510572e+02 1.672261e+04
1.651933e+04 2.036018e+02 1.672293e+04
1.655571e+04 1.674664e+02 1.672318e+04
1.658352e+04 1.398401e+02 1.672336e+04
1.660496e+04 1.185450e+02 1.672350e+04
1.662167e+04 1.019302e+02 1.672361e+04
1.663492e+04 8.876185e+01 1.672368e+04
1.664561e+04 7.812843e+01 1.672374e+04
1.665441e+04 6.936348e+01 1.672378e+04
1.666182e+04 6.198522e+01 1.672381e+04
1.666818e+04 5.565026e+01 1.672383e+04
1.667372e+04 5.012396e+01 1.672385e+04
1.667862e+04 4.523221e+01 1.672385e+04
1.668299e+04 4.087509e+01 1.672386e+04
1.668687e+04 3.699021e+01 1.672386e+04
1.669032e+04 3.354812e+01 1.672386e+04
1.669332e+04 3.055605e+01 1.672387e+04
1.669586e+04 2.800977e+01 1.672387e+04
1.669791e+04 2.595688e+01 1.672387e+04
1.669941e+04 2.445781e+01 1.672387e+04
1.670028e+04 2.357604e+01 1.672386e+04
1.670043e+04 2.341428e+01 1.672385e+04
1.669974e+04 2.410220e+01 1.672384e+04
1.669804e+04 2.578675e+01 1.672382e+04
1.669513e+04 2.866832e+01 1.672380e+04
1.669076e+04 3.301207e+01 1.672377e+04
1.668460e+04 3.913480e+01 1.672374e+04
1.667625e+04 4.744418e+01 1.672369e+04
1.666518e+04 5.845420e+01 1.672364e+04
1.665076e+04 7.280916e+01 1.672357e+04
1.663217e+04 9.130959e+01 1.672348e+04
1.660844e+04 1.149373e+02 1.672338e+04
1.657838e+04 1.448793e+02 1.672326e+04
1.654061e+04 1.825069e+02 1.672312e+04
1.649358e+04 2.293754e+02 1.672296e+04
1.643569e+04 2.871062e+02 1.672280e+04
1.636546e+04 3.571979e+02 1.672265e+04
1.628187e+04 4.406868e+02 1.672256e+04
1.618494e+04 5.376292e+02 1.672257e+04
1.607633e+04 6.464096e+02 1.672274e+04
1.596012e+04 7.629825e+02 1.672310e+04
1.584337e+04 8.803081e+02 1.672368e+04
1.573599e+04 9.884049e+02 1.672440e+04
1.564966e+04 1.075457e+03 1.672511e+04
1.559553e+04 1.130100e+03 1.672563e+04
1.558141e+04 1.144359e+03 1.672577e+04
1.560942e+04 1.116062e+03 1.672549e+04
1.567533e+04 1.049549e+03 1.672488e+04
1.576985e+04 9.542881e+02 1.672414e+04
1.588132e+04 8.421323e+02 1.672346e+04
1.599845e+04 7.244984e+02 1.672295e+04
1.611219e+04 6.104576e+02 1.672265e+04
1.621652e+04 5.060289e+02 1.672255e+04
1.630821e+04 4.143623e+02 1.672257e+04
1.638622e+04 3.364640e+02 1.672268e+04
1.645093e+04 2.718940e+02 1.672283e+04
1.650353e+04 2.194485e+02 1.672298e+04
1.654553e+04 1.776010e+02 1.672313e+04
1.657849e+04 1.447772e+02 1.672326e+04
1.660385e+04 1.195300e+02 1.672338e+04
1.662286e+04 1.006063e+02 1.672347e+04
1.663657e+04 8.696875e+01 1.672354e+04
1.664580e+04 7.778329e+01 1.672359e+04
1.665120e+04 7.242217e+01 1.672363e+04
1.665325e+04 7.040713e+01 1.672365e+04
1.665226e+04 7.140764e+01 1.672367e+04
1.664846e+04 7.521390e+01 1.672368e+04
1.664196e+04 8.171761e+01 1.672368e+04
1.663278e+04 9.089486e+01 1.672367e+04
1.662087e+04 1.027900e+02 1.672366e+04
1.660615e+04 1.174994e+02 1.672365e+04
1.658848e+04 1.351528e+02 1.672363e+04
1.656772e+04 1.558923e+02 1.672361e+04
1.654375e+04 1.798442e+02 1.672360e+04
1.651650e+04 2.070856e+02 1.672358e+04
1.648598e+04 2.376017e+02 1.672358e+04
1.645235e+04 2.712365e+02 1.672359e+04
1.641598e+04 3.076366e+02 1.672361e+04
1.637746e+04 3.462037e+02 1.672366e+04
1.633770e+04 3.860270e+02 1.672373e+04
1.629792e+04 4.258942e+02 1.672381e+04
1.625963e+04 4.642867e+02 1.672392e+04
1.622458e+04 4.994546e+02 1.672403e+04
1.619460e+04 5.295452e+02 1.672414e+04
1.617145e+04 5.527784e+02 1.672423e+04
1.615661e+04 5.676787e+02 1.672429e+04
1.615107e+04 5.732478e+02 1.672432e+04
1.615519e+04 5.691112e+02 1.672430e+04
1.616863e+04 5.556018e+02 1.672424e+04
1.619045e+04 5.336901e+02 1.672414e+04
1.621918e+04 5.048444e+02 1.672403e+04
1.625306e+04 4.708558e+02 1.672391e+04
1.629021e+04 4.335953e+02 1.672381e+04
1.632886e+04 3.948514e+02 1.672372e+04
1.636745e+04 3.561925e+02 1.672365e+04
1.640470e+04 3.188933e+02 1.672360e+04
1.643965e+04 2.839148e+02 1.672357e+04
1.647163e+04 2.519241e+02 1.672356e+04
1.650022e+04 2.233383e+02 1.672355e+04
1.652518e+04 1.983848e+02 1.672357e+04
1.654644e+04 1.771343e+02 1.672358e+04
1.656400e+04 1.595847e+02 1.672359e+04
1.657792e+04 1.456800e+02 1.672360e+04
1.658826e+04 1.353492e+02 1.672361e+04
1.659508e+04 1.285247e+02 1.672361e+04
1.659843e+04 1.251812e+02 1.672361e+04
1.659829e+04 1.253177e+02 1.672361e+04
1.659464e+04 1.289616e+02 1.672360e+04
1.658740e+04 1.361881e+02 1.672359e+04
1.657646e+04 1.471112e+02 1.672358e+04
1.656172e+04 1.618407e+02 1.672356e+04
1.654307e+04 1.804796e+02 1.672355e+04
1.652046e+04 2.030852e+02 1.672354e+04
1.649392e+04 2.296190e+02 1.672354e+04
1.646364e+04 2.599159e+02 1.672356e+04
1.643000e+04 2.935910e+02 1.672359e+04
1.639364e+04 3.300017e+02 1.672364e+04
1.635552e+04 3.681938e+02 1.672372e+04
1.631694e+04 4.068781e+02 1.672382e+04
1.627948e+04 4.444516e+02 1.672394e+04
1.624499e+04 4.790708e+02 1.672406e+04
1.621536e+04 5.088170e+02 1.672418e+04
1.619241e+04 5.318612e+02 1.672428e+04
1.617763e+04 5.467098e+02 1.672434e+04
1.617196e+04 5.524040e+02 1.672436e+04
1.617567e+04 5.486581e+02 1.672433e+04
1.618837e+04 5.358957e+02 1.672426e+04
1.620899e+04 5.151732e+02 1.672416e+04
1.623604e+04 4.880122e+02 1.672405e+04
1.626775e+04 4.561824e+02 1.672394e+04
1.630235e+04 4.214825e+02 1.672383e+04
1.633819e+04 3.855614e+02 1.672375e+04
1.637389e+04 3.497990e+02 1.672369e+04
1.640840e+04 3.152511e+02 1.672365e+04
1.644099e+04 2.826474e+02 1.672364e+04
1.647121e+04 2.524326e+02 1.672364e+04
1.649885e+04 2.247987e+02 1.672365e+04
1.652389e+04 1.997782e+02 1.672367e+04
1.654641e+04 1.772784e+02 1.672369e+04
1.656657e+04 1.571291e+02 1.672370e+04
1.658458e+04 1.391406e+02 1.672372e+04
1.660065e+04 1.230975e+02 1.672374e+04
1.661496e+04 1.087968e+02 1.672376e+04
1.662772e+04 9.605231e+01 1.672378e+04
1.663909e+04 8.469867e+01 1.672379e+04
1.664921e+04 7.458686e+01 1.672379e+04
1.665820e+04 6.560441e+01 1.672380e+04
1.666617e+04 5.764037e+01 1.672381e+04
1.667321e+04 5.060916e+01 1.672382e+04
1.667941e+04 4.442095e+01 1.672383e+04
1.668482e+04 3.901725e+01 1.672384e+04
1.668952e+04 3.432533e+01 1.672385e+04
1.669355e+04 3.029517e+01 1.672385e+04
1.669698e+04 2.687664e+01 1.672385e+04
1.669983e+04 2.401904e+01 1.672385e+04
1.670216e+04 2.169303e+01 1.672385e+04
1.670400e+04 1.985222e+01 1.672385e+04
1.670538e+04 1.847742e+01 1.672385e+04
1.670632e+04 1.754412e+01 1.672386e+04
1.670684e+04 1.702326e+01 1.672386e+04
1.670695e+04 1.690350e+01 1.672386e+04
1.670666e+04 1.719215e+01 1.672386e+04
1.670597e+04 1.788835e+01 1.672386e+04
1.670485e+04 1.900035e+01 1.672385e+04
1.670328e+04 2.056288e+01 1.672384e+04
1.670124e+04 2.260510e+01 1.672384e+04
1.669866e+04 2.516788e+01 1.672383e+04
1.669550e+04 2.832099e+01 1.672382e+04
1.669169e+04 3.213066e+01 1.672382e+04
1.668713e+04 3.668151e+01 1.672381e+04
1.668173e+04 4.207033e+01 1.672380e+04
1.667539e+04 4.840441e+01 1.672379e+04
1.666798e+04 5.579842e+01 1.672378e+04
1.665940e+04 6.436954e+01 1.672377e+04
1.664953e+04 7.423042e+01 1.672376e+04
1.663827e+04 8.547978e+01 1.672375e+04
1.662556e+04 9.819044e+01 1.672375e+04
1.661136e+04 1.124007e+02 1.672376e+04
1.659568e+04 1.280777e+02 1.672376e+04
1.657864e+04 1.451348e+02 1.672377e+04
1.656040e+04 1.633976e+02 1.672379e+04
1.654122e+04 1.826019e+02 1.672382e+04
1.652146e+04 2.023951e+02 1.672385e+04
1.650154e+04 2.223473e+02 1.672389e+04
1.648195e+04 2.419686e+02 1.672392e+04
1.646319e+04 2.607653e+02 1.672396e+04
1.644574e+04 2.782473e+02 1.672399e+04
1.643002e+04 2.939920e+02 1.672401e+04
1.641635e+04 3.076753e+02 1.672402e+04
1.640493e+04 3.191010e+02 1.672403e+04
1.639584e+04 3.281857e+02 1.672402e+04
1.638903e+04 3.349812e+02 1.672401e+04
1.638436e+04 3.396257e+02 1.672399e+04
1.638165e+04 3.423199e+02 1.672397e+04
1.638068e+04 3.432735e+02 1.672396e+04
1.638125e+04 3.426845e+02 1.672394e+04
1.638320e+04 3.407331e+02 1.672393e+04
1.638639e+04 3.375346e+02 1.672392e+04
1.639074e+04 3.331789e+02 1.672392e+04
1.639619e+04 3.277193e+02 1.672391e+04
1.640272e+04 3.211937e+02 1.672391e+04
1.641027e+04 3.136409e+02 1.672391e+04
1.641879e+04 3.051092e+02 1.672390e+04
1.642820e+04 2.956830e+02 1.672389e+04
1.643840e+04 2.854765e+02 1.672388e+04
1.644925e+04 2.746166e+02 1.672387e+04
1.646058e+04 2.632765e+02 1.672386e+04
1.647222e+04 2.516299e+02 1.672385e+04
1.648397e+04 2.398635e+02 1.672384e+04
1.649567e+04 2.281628e+02 1.672383e+04
1.650712e+04 2.167037e+02 1.672382e+04
1.651817e+04 2.056466e+02 1.672381e+04
1.652868e+04 1.951312e+02 1.672381e+04
1.653853e+04 1.852796e+02 1.672381e+04
1.654763e+04 1.761735e+02 1.672381e+04
1.655592e+04 1.678873e+02 1.672380e+04
1.656334e+04 1.604678e+02 1.672380e+04
1.656986e+04 1.539417e+02 1.672381e+04
1.657549e+04 1.483237e+02 1.672381e+04
1.658022e+04 1.435969e+02 1.672382e+04
1.658407e+04 1.397486e+02 1.672382e+04
1.658707e+04 1.367502e+02 1.672382e+04
1.658926e+04 1.345652e+02 1.672383e+04
1.659068e+04 1.331507e+02 1.672383e+04
1.659137e+04 1.324590e+02 1.672383e+04
1.659140e+04 1.324335e+02 1.672383e+04
1.659080e+04 1.330316e+02 1.672384e+04
1.658965e+04 1.341932e+02 1.672384e+04
1.658798e+04 1.358635e+02 1.672384e+04
1.658586e+04 1.379886e+02 1.672385e+04
1.658333e+04 1.405167e+02 1.672385e+04
1.658045e+04 1.434004e+02 1.672385e+04
1.657726e+04 1.465981e+02 1.672386e+04
1.657378e+04 1.500770e+02 1.672386e+04
1.657004e+04 1.538230e+02 1.672386e+04
1.656603e+04 1.578229e+02 1.672386e+04
1.656175e+04 1.621055e+02 1.672385e+04
1.655711e+04 1.667284e+02 1.672384e+04
1.655203e+04 1.717979e+02 1.672383e+04
1.654632e+04 1.774821e+02 1.672380e+04
1.653971e+04 1.840606e+02 1.672377e+04
1.653179e+04 1.919298e+02 1.672372e+04
1.652197e+04 2.016806e+02 1.672365e+04
1.650937e+04 2.141718e+02 1.672354e+04
1.649275e+04 2.306425e+02 1.672340e+04
1.647031e+04 2.528707e+02 1.672319e+04
1.643949e+04 2.833907e+02 1.672289e+04
1.639668e+04 3.257812e+02 1.672247e+04
1.633687e+04 3.850164e+02 1.672189e+04
1.625329e+04 4.678267e+02 1.672112e+04
1.613727e+04 5.829024e+02 1.672017e+04
1.597857e+04 7.405425e+02 1.671911e+04
1.576725e+04 9.509676e+02 1.671822e+04
1.549793e+04 1.220097e+03 1.671803e+04
1.517760e+04 1.541695e+03 1.671930e+04
1.483551e+04 1.887082e+03 1.672260e+04
1.452838e+04 2.198999e+03 1.672738e+04
1.432945e+04 2.401982e+03 1.673143e+04
1.429711e+04 2.435015e+03 1.673212e+04
1.444109e+04 2.287852e+03 1.672894e+04
1.471624e+04 2.007844e+03 1.672409e+04
1.505000e+04 1.670146e+03 1.672015e+04
1.537781e+04 1.340423e+03 1.671823e+04
1.566126e+04 1.056761e+03 1.671802e+04
1.588703e+04 8.317275e+02 1.671875e+04
1.605739e+04 6.624091e+02 1.671979e+04
1.618143e+04 5.393652e+02 1.672080e+04
1.626962e+04 4.520080e+02 1.672163e+04
1.633129e+04 3.909755e+02 1.672227e+04
1.637390e+04 3.488405e+02 1.672274e+04
1.640308e+04 3.200058e+02 1.672309e+04
1.642296e+04 3.003709e+02 1.672333e+04
1.643650e+04 2.869983e+02 1.672350e+04
1.644584e+04 2.777837e+02 1.672363e+04
1.645249e+04 2.712302e+02 1.672372e+04
1.645752e+04 2.662549e+02 1.672378e+04
1.646172e+04 2.620935e+02 1.672382e+04
1.646563e+04 2.582160e+02 1.672385e+04
1.646963e+04 2.542397e+02 1.672387e+04
1.647397e+04 2.499104e+02 1.672388e+04
1.647882e+04 2.450734e+02 1.672390e+04
1.648427e+04 2.396306e+02 1.672390e+04
1.649034e+04 2.335577e+02 1.672390e+04
1.649703e+04 2.268698e+02 1.672390e+04
1.650428e+04 2.196170e+02 1.672389e+04
1.651201e+04 2.118761e+02 1.672389e+04
1.652014e+04 2.037433e+02 1.672388e+04
1.652854e+04 1.953293e+02 1.672387e+04
1.653711e+04 1.867538e+02 1.672387e+04
1.654572e+04 1.781486e+02 1.672386e+04
1.655422e+04 1.696332e+02 1.672385e+04
1.656250e+04 1.613422e+02 1.672384e+04
1.657040e+04 1.534262e+02 1.672383e+04
1.657779e+04 1.460328e+02 1.672382e+04
1.658450e+04 1.393109e+02 1.672381e+04
1.659035e+04 1.334452e+02 1.672380e+04
1.659513e+04 1.286375e+02 1.672377e+04
1.659860e+04 1.251468e+02 1.672375e+04
1.660045e+04 1.232715e+02 1.672372e+04
1.660029e+04 1.233973e+02 1.672368e+04
1.659764e+04 1.260005e+02 1.672364e+04
1.659188e+04 1.316912e+02 1.672357e+04
1.658223e+04 1.412618e+02 1.672349e+04
1.656766e+04 1.557169e+02 1.672338e+04
1.654692e+04 1.763277e+02 1.672324e+04
1.651839e+04 2.046805e+02 1.672307e+04
1.648016e+04 2.427097e+02 1.672287e+04
1.642994e+04 2.926899e+02 1.672263e+04
1.636523e+04 3.571422e+02 1.672237e+04
1.628354e+04 4.385848e+02 1.672213e+04
1.618292e+04 5.390324e+02 1.672195e+04
1.606278e+04 6.591456e+02 1.672192e+04
1.592516e+04 7.969991e+02 1.672215e+04
1.577610e+04 9.466320e+02 1.672273e+04
1.562677e+04 1.096912e+03 1.672368e+04
1.549319e+04 1.231651e+03 1.672484e+04
1.539395e+04 1.331964e+03 1.672591e+04
1.534552e+04 1.380996e+03 1.672651e+04
1.535694e+04 1.369457e+03 1.672640e+04
1.542650e+04 1.299117e+03 1.672562e+04
1.554236e+04 1.182113e+03 1.672448e+04
1.568685e+04 1.036517e+03 1.672336e+04
1.584178e+04 8.807528e+02 1.672253e+04
1.599250e+04 7.295614e+02 1.672207e+04
1.612954e+04 5.923850e+02 1.672193e+04
1.624825e+04 4.737626e+02 1.672201e+04
1.634758e+04 3.746351e+02 1.672221e+04
1.642866e+04 2.938080e+02 1.672247e+04
1.649372e+04 2.290113e+02 1.672273e+04
1.654531e+04 1.776537e+02 1.672296e+04
1.658590e+04 1.372632e+02 1.672316e+04
1.661769e+04 1.056297e+02 1.672332e+04
1.664252e+04 8.092696e+01 1.672345e+04
1.666190e+04 6.164400e+01 1.672354e+04
1.667703e+04 4.659530e+01 1.672362e+04
1.668885e+04 3.482811e+01 1.672368e+04
1.669811e+04 2.561844e+01 1.672373e+04
1.670537e+04 1.839011e+01 1.672376e+04
1.671109e+04 1.270132e+01 1.672379e+04
1.671560e+04 8.210465e+00 1.672381e+04
1.671918e+04 4.653473e+00 1.672383e+04
1.672202e+04 1.826039e+00 1.672384e+04
1.672428e+04 -4.300937e-01 1.672385e+04
1.672610e+04 -2.237732e+00 1.672386e+04
1.672756e+04 -3.692367e+00 1.672387e+04
1.672874e+04 -4.868419e+00 1.672387e+04
1.672970e+04 -5.824029e+00 1.672388e+04
1.673048e+04 -6.604737e+00 1.672388e+04
1.673113e+04 -7.246309e+00 1.672388e+04
1.673166e+04 -7.771458e+00 1.672389e+04
1.673210e+04 -8.213455e+00 1.672389e+04
1.673248e+04 -8.584340e+00 1.672389e+04
1.673279e+04 -8.898102e+00 1.672389e+04
1.673306e+04 -9.165878e+00 1.672389e+04
1.673329e+04 -9.396553e+00 1.672389e+04
1.673349e+04 -9.597220e+00 1.672389e+04
1.673367e+04 -9.773541e+00 1.672389e+04
1.673382e+04 -9.935592e+00 1.672389e+04
1.673397e+04 -1.007594e+01 1.672389e+04
1.673409e+04 -1.020271e+01 1.672389e+04
1.673421e+04 -1.031792e+01 1.672389e+04
1.673431e+04 -1.042292e+01 1.672389e+04
1.673441e+04 -1.051842e+01 1.672389e+04
1.673449e+04 -1.060445e+01 1.672389e+04
1.673457e+04 -1.068027e+01 1.672389e+04
1.673463e+04 -1.074978e+01 1.672388e+04
1.673468e+04 -1.079940e+01 1.672388e+04
1.673471e+04 -1.083595e+01 1.672388e+04
1.673472e+04 -1.084263e+01 1.672388e+04
1.673469e+04 -1.082781e+01 1.672387e+04
1.673462e+04 -1.075299e+01 1.672387e+04
1.673449e+04 -1.063007e+01 1.672386e+04
1.673428e+04 -1.042733e+01 1.672385e+04
1.673396e+04 -1.011111e+01 1.672385e+04
1.673350e+04 -9.654326e+00 1.672384e+04
1.673283e+04 -8.994199e+00 1.672384e+04
1.673189e+04 -8.065867e+00 1.672383e+04
1.673059e+04 -6.779046e+00 1.672381e+04
1.672879e+04 -4.991843e+00 1.672380e+04
1.672631e+04 -2.529774e+00 1.672378e+04
1.672289e+04 8.548094e-01 1.672375e+04
1.671820e+04 5.504336e+00 1.672371e+04
1.671176e+04 1.188855e+01 1.672365e+04
1.670289e+04 2.068039e+01 1.672357e+04
1.669067e+04 3.279895e+01 1.672346e+04
1.667378e+04 4.953778e+01 1.672331e+04
1.665040e+04 7.270655e+01 1.672310e+04
1.661798e+04 1.048295e+02 1.672281e+04
1.657300e+04 1.494070e+02 1.672241e+04
1.651066e+04 2.111962e+02 1.672186e+04
1.642460e+04 2.965430e+02 1.672114e+04
1.630679e+04 4.134632e+02 1.672026e+04
1.614801e+04 5.712805e+02 1.671929e+04
1.593948e+04 7.789981e+02 1.671848e+04
1.567680e+04 1.041480e+03 1.671828e+04
1.536679e+04 1.352565e+03 1.671936e+04
1.503608e+04 1.686124e+03 1.672221e+04
1.473574e+04 1.990675e+03 1.672642e+04
1.453244e+04 2.197725e+03 1.673016e+04
1.448175e+04 2.249381e+03 1.673113e+04
1.459765e+04 2.130975e+03 1.672862e+04
1.484361e+04 1.880679e+03 1.672429e+04
1.515390e+04 1.566538e+03 1.672044e+04
1.546515e+04 1.253100e+03 1.671825e+04
1.573523e+04 9.823703e+02 1.671760e+04
1.594441e+04 7.733725e+02 1.671778e+04
1.608736e+04 6.307736e+02 1.671814e+04
1.616409e+04 5.541161e+02 1.671820e+04
1.617315e+04 5.445301e+02 1.671768e+04
1.610728e+04 6.090669e+02 1.671635e+04
1.595083e+04 7.632711e+02 1.671410e+04
1.567978e+04 1.031401e+03 1.671119e+04
1.526829e+04 1.440511e+03 1.670880e+04
1.470913e+04 2.000633e+03 1.670976e+04
1.405376e+04 2.663947e+03 1.671771e+04
1.345185e+04 3.280343e+03 1.673220e+04
1.312325e+04 3.619899e+03 1.674315e+04
1.321880e+04 3.520674e+03 1.673947e+04
1.368909e+04 3.036128e+03 1.672522e+04
1.433089e+04 2.382371e+03 1.671326e+04
1.494781e+04 1.761289e+03 1.670910e+04
1.544074e+04 1.269648e+03 1.671039e+04
1.579439e+04 9.191884e+02 1.671358e+04
1.603231e+04 6.843767e+02 1.671669e+04
1.618614e+04 5.329548e+02 1.671909e+04
1.628299e+04 4.377992e+02 1.672078e+04
1.634278e+04 3.791318e+02 1.672191e+04
1.637921e+04 3.434379e+02 1.672265e+04
1.640137e+04 3.217534e+02 1.672313e+04
1.641525e+04 3.081923e+02 1.672344e+04
1.642470e+04 2.989362e+02 1.672364e+04
1.643222e+04 2.915403e+02 1.672376e+04
1.643935e+04 2.844789e+02 1.672383e+04
1.644699e+04 2.768754e+02 1.672387e+04
1.645561e+04 2.682791e+02 1.672389e+04
1.646536e+04 2.585295e+02 1.672389e+04
1.647619e+04 2.476849e+02 1.672388e+04
1.648794e+04 2.359268e+02 1.672386e+04
1.650034e+04 2.235086e+02 1.672385e+04
1.651311e+04 2.107132e+02 1.672383e+04
1.652599e+04 1.978213e+02 1.672381e+04
1.653871e+04 1.850904e+02 1.672380e+04
1.655104e+04 1.727416e+02 1.672379e+04
1.656282e+04 1.609531e+02 1.672378e+04
1.657391e+04 1.498592e+02 1.672377e+04
1.658422e+04 1.395520e+02 1.672377e+04
1.659368e+04 1.300921e+02 1.672378e+04
1.660229e+04 1.214924e+02 1.672378e+04
1.661002e+04 1.137624e+02 1.672379e+04
1.661692e+04 1.068712e+02 1.672379e+04
1.662300e+04 1.007909e+02 1.672379e+04
1.662832e+04 9.548003e+01 1.672380e+04
1.663291e+04 9.089864e+01 1.672381e+04
1.663682e+04 8.698992e+01 1.672381e+04
1.664010e+04 8.371602e+01 1.672382e+04
1.664278e+04 8.103270e+01 1.672381e+04
1.664490e+04 7.891873e+01 1.672381e+04
1.664647e+04 7.734973e+01 1.672382e+04
1.664752e+04 7.629975e+01 1.672382e+04
1.664805e+04 7.575801e+01 1.672381e+04
1.664806e+04 7.575264e+01 1.672381e+04
1.664752e+04 7.629098e+01 1.672381e+04
1.664640e+04 7.740405e+01 1.672380e+04
1.664466e+04 7.913687e+01 1.672380e+04
1.664224e+04 8.154950e+01 1.672379e+04
1.663906e+04 8.471833e+01 1.672378e+04
1.663504e+04 8.873728e+01 1.672377e+04
1.663004e+04 9.371920e+01 1.672376e+04
1.662395e+04 9.979703e+01 1.672375e+04
1.661661e+04 1.071248e+02 1.672373e+04
1.660784e+04 1.158781e+02 1.672372e+04
1.659744e+04 1.262539e+02 1.672370e+04
1.658521e+04 1.384627e+02 1.672367e+04
1.657090e+04 1.527477e+02 1.672364e+04
1.655428e+04 1.693499e+02 1.672363e+04
1.653510e+04 1.885034e+02 1.672361e+04
1.651316e+04 2.104258e+02 1.672358e+04
1.648826e+04 2.353070e+02 1.672356e+04
1.646028e+04 2.632648e+02 1.672355e+04
1.642923e+04 2.943148e+02 1.672354e+04
1.639522e+04 3.283288e+02 1.672355e+04
1.635858e+04 3.649904e+02 1.672357e+04
1.631986e+04 4.037527e+02 1.672361e+04
1.627987e+04 4.438056e+02 1.672367e+04
1.623969e+04 4.840637e+02 1.672375e+04
1.620066e+04 5.231830e+02 1.672384e+04
1.616433e+04 5.596170e+02 1.672395e+04
1.613235e+04 5.917121e+02 1.672406e+04
1.610632e+04 6.178379e+02 1.672416e+04
1.608771e+04 6.365469e+02 1.672425e+04
1.607763e+04 6.466783e+02 1.672431e+04
1.607679e+04 6.475441e+02 1.672433e+04
1.608536e+04 6.389589e+02 1.672432e+04
1.610300e+04 6.212706e+02 1.672428e+04
1.612888e+04 5.953223e+02 1.672420e+04
1.616174e+04 5.623660e+02 1.672411e+04
1.620006e+04 5.239424e+02 1.672400e+04
1.624215e+04 4.817421e+02 1.672389e+04
1.628632e+04 4.374660e+02 1.672379e+04
1.633100e+04 3.927013e+02 1.672370e+04
1.637480e+04 3.488241e+02 1.672363e+04
1.641664e+04 3.069390e+02 1.672358e+04
1.645570e+04 2.678534e+02 1.672355e+04
1.649145e+04 2.320854e+02 1.672354e+04
1.652365e+04 1.999011e+02 1.672355e+04
1.655223e+04 1.713333e+02 1.672356e+04
1.657730e+04 1.462885e+02 1.672358e+04
1.659907e+04 1.245412e+02 1.672361e+04
1.661784e+04 1.058057e+02 1.672364e+04
1.663391e+04 8.976498e+01 1.672367e+04
1.664760e+04 7.609739e+01 1.672370e+04
1.665923e+04 6.448842e+01 1.672372e+04
1.666908e+04 5.466410e+01 1.672374e+04
1.667739e+04 4.636368e+01 1.672376e+04
1.668441e+04 3.936374e+01 1.672377e+04
1.669032e+04 3.347231e+01 1.672379e+04
1.669527e+04 2.852708e+01 1.672380e+04
1.669942e+04 2.438735e+01 1.672380e+04
1.670286e+04 2.095302e+01 1.672381e+04
1.670569e+04 1.812930e+01 1.672382e+04
1.670798e+04 1.584578e+01 1.672382e+04
1.670978e+04 1.404896e+01 1.672383e+04
1.671113e+04 1.270053e+01 1.672383e+04
1.671205e+04 1.177611e+01 1.672383e+04
1.671256e+04 1.127520e+01 1.672384e+04
1.671266e+04 1.117729e+01 1.672384e+04
1.671233e+04 1.150770e+01 1.672384e+04
1.671154e+04 1.228830e+01 1.672383e+04
1.671025e+04 1.357155e+01 1.672382e+04
1.670841e+04 1.540909e+01 1.672382e+04
1.670593e+04 1.787548e+01 1.672381e+04
1.670273e+04 2.106527e+01 1.672380e+04
1.669869e+04 2.509599e+01 1.672379e+04
1.669366e+04 3.011233e+01 1.672377e+04
1.668746e+04 3.629039e+01 1.672375e+04
1.667989e+04 4.384856e+01 1.672374e+04
1.667068e+04 5.303170e+01 1.672371e+04
1.665953e+04 6.415103e+01 1.672368e+04
1.664607e+04 7.756942e+01 1.672364e+04
1.662989e+04 9.371471e+01 1.672360e+04
1.661046e+04 1.130868e+02 1.672355e+04
1.658723e+04 1.362631e+02 1.672349e+04
1.655953e+04 1.639012e+02 1.672343e+04
1.652662e+04 1.967355e+02 1.672335e+04
1.648771e+04 2.355646e+02 1.672327e+04
1.644196e+04 2.812250e+02 1.672319e+04
1.638856e+04 3.345445e+02 1.672311e+04
1.632676e+04 3.962687e+02 1.672303e+04
1.625602e+04 4.669535e+02 1.672298e+04
1.617613e+04 5.468185e+02 1.672295e+04
1.608741e+04 6.355627e+02 1.672297e+04
1.599090e+04 7.321535e+02 1.672305e+04
1.588859e+04 8.346162e+02 1.672321e+04
1.578357e+04 9.398676e+02 1.672344e+04
1.568005e+04 1.043693e+03 1.672374e+04
1.558324e+04 1.140856e+03 1.672409e+04
1.549892e+04 1.225522e+03 1.672445e+04
1.543287e+04 1.291889e+03 1.672476e+04
1.538999e+04 1.334978e+03 1.672497e+04
1.537358e+04 1.351458e+03 1.672504e+04
1.538471e+04 1.340239e+03 1.672495e+04
1.542204e+04 1.302686e+03 1.672472e+04
1.548201e+04 1.242383e+03 1.672440e+04
1.555951e+04 1.164508e+03 1.672402e+04
1.564863e+04 1.075027e+03 1.672366e+04
1.574347e+04 9.798828e+02 1.672335e+04
1.583874e+04 8.843717e+02 1.672311e+04
1.593018e+04 7.927667e+02 1.672295e+04
1.601467e+04 7.081868e+02 1.672286e+04
1.609018e+04 6.326526e+02 1.672283e+04
1.615560e+04 5.672570e+02 1.672286e+04
1.621055e+04 5.123579e+02 1.672291e+04
1.625518e+04 4.677948e+02 1.672297e+04
1.628997e+04 4.330803e+02 1.672305e+04
1.631563e+04 4.074970e+02 1.672313e+04
1.633298e+04 3.902313e+02 1.672321e+04
1.634287e+04 3.804070e+02 1.672328e+04
1.634620e+04 3.771418e+02 1.672334e+04
1.634386e+04 3.795529e+02 1.672341e+04
1.633672e+04 3.867503e+02 1.672347e+04
1.632568e+04 3.978525e+02 1.672354e+04
1.631162e+04 4.119863e+02 1.672360e+04
1.629540e+04 4.282670e+02 1.672366e+04
1.627788e+04 4.458401e+02 1.672372e+04
1.625990e+04 4.638691e+02 1.672377e+04
1.624223e+04 4.815840e+02 1.672381e+04
1.622558e+04 4.982736e+02 1.672385e+04
1.621055e+04 5.133320e+02 1.672389e+04
1.619764e+04 5.262732e+02 1.672391e+04
1.618718e+04 5.367444e+02 1.672392e+04
1.617940e+04 5.445326e+02 1.672393e+04
1.617440e+04 5.495340e+02 1.672393e+04
1.617216e+04 5.517726e+02 1.672393e+04
1.617259e+04 5.513313e+02 1.672392e+04
1.617555e+04 5.483628e+02 1.672391e+04
1.618086e+04 5.430423e+02 1.672390e+04
1.618834e+04 5.355545e+02 1.672389e+04
1.619780e+04 5.260820e+02 1.672388e+04
1.620907e+04 5.148019e+02 1.672388e+04
1.622198e+04 5.018890e+02 1.672387e+04
1.623634e+04 4.875220e+02 1.672386e+04
1.625196e+04 4.718913e+02 1.672385e+04
1.626863e+04 4.552103e+02 1.672384e+04
1.628613e+04 4.376899e+02 1.672382e+04
1.630422e+04 4.195924e+02 1.672381e+04
1.632263e+04 4.011703e+02 1.672380e+04
1.634110e+04 3.826847e+02 1.672378e+04
1.635938e+04 3.643896e+02 1.672377e+04
1.637724e+04 3.465216e+02 1.672376e+04
1.639446e+04 3.292900e+02 1.672375e+04
1.641088e+04 3.128698e+02 1.672375e+04
1.642635e+04 2.973967e+02 1.672375e+04
1.644078e+04 2.829653e+02 1.672375e+04
1.645412e+04 2.696286e+02 1.672375e+04
1.646635e+04 2.574014e+02 1.672375e+04
1.647750e+04 2.462741e+02 1.672377e+04
1.648760e+04 2.361741e+02 1.672378e+04
1.649675e+04 2.270376e+02 1.672379e+04
1.650503e+04 2.187763e+02 1.672380e+04
1.651254e+04 2.112720e+02 1.672381e+04
1.651941e+04 2.044156e+02 1.672382e+04
1.652574e+04 1.980894e+02 1.672383e+04
1.653167e+04 1.921772e+02 1.672384e+04
1.653728e+04 1.865738e+02 1.672386e+04
1.654270e+04 1.811662e+02 1.672386e+04
1.654800e+04 1.758688e+02 1.672387e+04
1.655327e+04 1.705981e+02 1.672387e+04
1.655857e+04 1.653012e+02 1.672388e+04
1.656396e+04 1.599233e+02 1.672388e+04
1.656945e+04 1.544298e+02 1.672388e+04
1.657508e+04 1.487999e+02 1.672388e+04
1.658086e+04 1.430261e+02 1.672388e+04
1.658677e+04 1.371120e+02 1.672388e+04
1.659281e+04 1.310659e+02 1.672388e+04
1.659896e+04 1.249208e+02 1.672388e+04
1.660518e+04 1.186993e+02 1.672387e+04
1.661144e+04 1.124343e+02 1.672387e+04
1.661771e+04 1.061618e+02 1.672387e+04
1.662395e+04 9.991946e+01 1.672387e+04
1.663012e+04 9.374015e+01 1.672386e+04
1.663619e+04 8.767883e+01 1.672386e+04
1.664210e+04 8.175765e+01 1.672386e+04
1.664784e+04 7.602088e+01 1.672386e+04
1.665335e+04 7.050854e+01 1.672386e+04
1.665859e+04 6.526893e+01 1.672386e+04
1.666351e+04 6.033964e+01 1.672385e+04
1.666807e+04 5.578408e+01 1.672385e+04
1.667217e+04 5.167523e+01 1.672384e+04
1.667572e+04 4.810920e+01 1.672383e+04
1.667860e+04 4.521657e+01 1.672382e+04
1.668062e+04 4.317873e+01 1.672380e+04
1.668152e+04 4.225114e+01 1.672377e+04
1.668093e+04 4.279117e+01 1.672372e+04
1.667833e+04 4.532818e+01 1.672366e+04
1.667297e+04 5.059925e+01 1.672357e+04
1.666377e+04 5.966922e+01 1.672344e+04
1.664920e+04 7.406388e+01 1.672326e+04
1.662704e+04 9.595627e+01 1.672300e+04
1.659419e+04 1.284462e+02 1.672264e+04
1.654628e+04 1.758488e+02 1.672213e+04
1.647739e+04 2.440702e+02 1.672146e+04
1.637973e+04 3.408678e+02 1.672060e+04
1.624387e+04 4.757279e+02 1.671960e+04
1.605989e+04 6.587751e+02 1.671867e+04
1.582061e+04 8.976084e+02 1.671822e+04
1.552790e+04 1.191025e+03 1.671892e+04
1.520180e+04 1.519654e+03 1.672146e+04
1.488794e+04 1.837812e+03 1.672575e+04
1.465335e+04 2.076852e+03 1.673020e+04
1.456279e+04 2.169414e+03 1.673221e+04
1.464442e+04 2.085941e+03 1.673036e+04
1.487229e+04 1.853664e+03 1.672595e+04
1.518251e+04 1.539087e+03 1.672159e+04
1.550741e+04 1.211559e+03 1.671896e+04
1.580012e+04 9.180669e+02 1.671818e+04
1.603949e+04 6.791037e+02 1.671859e+04
1.622296e+04 4.965511e+02 1.671951e+04
1.635737e+04 3.631231e+02 1.672049e+04
1.645253e+04 2.688224e+02 1.672135e+04
1.651784e+04 2.041893e+02 1.672203e+04
1.656105e+04 1.614786e+02 1.672253e+04
1.658809e+04 1.348033e+02 1.672289e+04
1.660327e+04 1.198731e+02 1.672314e+04
1.660968e+04 1.136370e+02 1.672332e+04
1.660949e+04 1.139512e+02 1.672344e+04
1.660422e+04 1.193108e+02 1.672353e+04
1.659495e+04 1.286436e+02 1.672359e+04
1.658248e+04 1.411574e+02 1.672364e+04
1.656745e+04 1.562262e+02 1.672367e+04
1.655040e+04 1.733074e+02 1.672371e+04
1.653187e+04 1.918856e+02 1.672375e+04
1.651238e+04 2.114092e+02 1.672379e+04
1.649254e+04 2.312976e+02 1.672384e+04
1.647297e+04 2.509099e+02 1.672388e+04
1.645437e+04 2.695582e+02 1.672393e+04
1.643745e+04 2.865304e+02 1.672398e+04
1.642289e+04 3.011276e+02 1.672402e+04
1.641135e+04 3.127114e+02 1.672406e+04
1.640333e+04 3.207548e+02 1.672408e+04
1.639921e+04 3.248949e+02 1.672410e+04
1.639915e+04 3.249463e+02 1.672410e+04
1.640313e+04 3.209501e+02 1.672408e+04
1.641090e+04 3.131481e+02 1.672405e+04
1.642205e+04 3.019619e+02 1.672401e+04
1.643602e+04 2.879507e+02 1.672397e+04
1.645217e+04 2.717651e+02 1.672393e+04
1.646982e+04 2.540713e+02 1.672389e+04
1.648831e+04 2.355348e+02 1.672385e+04
1.650705e+04 2.167657e+02 1.672382e+04
1.652552e+04 1.982751e+02 1.672379e+04
1.654328e+04 1.804943e+02 1.672377e+04
1.656001e+04 1.637489e+02 1.672376e+04
1.657548e+04 1.482691e+02 1.672375e+04
1.658955e+04 1.342004e+02 1.672375e+04
1.660214e+04 1.216161e+02 1.672375e+04
1.661323e+04 1.105321e+02 1.672376e+04
1.662285e+04 1.009197e+02 1.672377e+04
1.663106e+04 9.271858e+01 1.672377e+04
1.663794e+04 8.585226e+01 1.672379e+04
1.664358e+04 8.021461e+01 1.672380e+04
1.664810e+04 7.571497e+01 1.672381e+04
1.665158e+04 7.223909e+01 1.672382e+04
1.665414e+04 6.969119e+01 1.672383e+04
1.665586e+04 6.797441e+01 1.672384e+04
1.665685e+04 6.699800e+01 1.672384e+04
1.665717e+04 6.667842e+01 1.672385e+04
1.665691e+04 6.694001e+01 1.672385e+04
1.665614e+04 6.771553e+01 1.672386e+04
1.665492e+04 6.894655e+01 1.672386e+04
1.665328e+04 7.058397e+01 1.672387e+04
1.665128e+04 7.258873e+01 1.672387e+04
1.664894e+04 7.493274e+01 1.672387e+04
1.664627e+04 7.760023e+01 1.672387e+04
1.664328e+04 8.058966e+01 1.672387e+04
1.663995e+04 8.391609e+01 1.672386e+04
1.663624e+04 8.761445e+01 1.672386e+04
1.663211e+04 9.174365e+01 1.672385e+04
1.662745e+04 9.638616e+01 1.672383e+04
1.662214e+04 1.016769e+02 1.672382e+04
1.661602e+04 1.077780e+02 1.672380e+04
1.660887e+04 1.149109e+02 1.672378e+04
1.660038e+04 1.233626e+02 1.672375e+04
1.659021e+04 1.335001e+02 1.672371e+04
1.657787e+04 1.457862e+02 1.672366e+04
1.656280e+04 1.607971e+02 1.672360e+04
1.654428e+04 1.792406e+02 1.672352e+04
1.652146e+04 2.019704e+02 1.672343e+04
1.649334e+04 2.299928e+02 1.672333e+04
1.645876e+04 2.644572e+02 1.672321e+04
1.641647e+04 3.066148e+02 1.672309e+04
1.636524e+04 3.577274e+02 1.672296e+04
1.630396e+04 4.189007e+02 1.672286e+04
1.623199e+04 4.908196e+02 1.672281e+04
1.614949e+04 5.733371e+02 1.672283e+04
1.605796e+04 6.650085e+02 1.672297e+04
1.596068e+04 7.625826e+02 1.672326e+04
1.586311e+04 8.605885e+02 1.672370e+04
1.577276e+04 9.514732e+02 1.672424e+04
1.569847e+04 1.026320e+03 1.672479e+04
1.564884e+04 1.076370e+03 1.672521e+04
1.563034e+04 1.095034e+03 1.672538e+04
1.564555e+04 1.079687e+03 1.672524e+04
1.569242e+04 1.032417e+03 1.672484e+04
1.576482e+04 9.594655e+02 1.672428e+04
1.585417e+04 8.695469e+02 1.672372e+04
1.595141e+04 7.718351e+02 1.672324e+04
1.604858e+04 6.743370e+02 1.672291e+04
1.613971e+04 5.830205e+02 1.672273e+04
1.622102e+04 5.016626e+02 1.672268e+04
1.629054e+04 4.321649e+02 1.672271e+04
1.634772e+04 3.750605e+02 1.672278e+04
1.639286e+04 3.300189e+02 1.672288e+04
1.642673e+04 2.962541e+02 1.672298e+04
1.645026e+04 2.728108e+02 1.672307e+04
1.646441e+04 2.587414e+02 1.672315e+04
1.647001e+04 2.532010e+02 1.672321e+04
1.646777e+04 2.554823e+02 1.672326e+04
1.645828e+04 2.650121e+02 1.672329e+04
1.644200e+04 2.813211e+02 1.672332e+04
1.641934e+04 3.040000e+02 1.672334e+04
1.639075e+04 3.326154e+02 1.672337e+04
1.635673e+04 3.666700e+02 1.672340e+04
1.631795e+04 4.054982e+02 1.672345e+04
1.627529e+04 4.482192e+02 1.672351e+04
1.622995e+04 4.936445e+02 1.672360e+04
1.618344e+04 5.402750e+02 1.672371e+04
1.613755e+04 5.862974e+02 1.672384e+04
1.609430e+04 6.296741e+02 1.672398e+04
1.605580e+04 6.682938e+02 1.672410e+04
1.602403e+04 7.001764e+02 1.672420e+04
1.600061e+04 7.236739e+02 1.672428e+04
1.598664e+04 7.376699e+02 1.672431e+04
1.598256e+04 7.417374e+02 1.672429e+04
1.598809e+04 7.361431e+02 1.672424e+04
1.600238e+04 7.217706e+02 1.672415e+04
1.602410e+04 6.999513e+02 1.672406e+04
1.605171e+04 6.722541e+02 1.672396e+04
1.608359e+04 6.402868e+02 1.672388e+04
1.611830e+04 6.055014e+02 1.672380e+04
1.615458e+04 5.691709e+02 1.672375e+04
1.619145e+04 5.322689e+02 1.672372e+04
1.622820e+04 4.955056e+02 1.672370e+04
1.626430e+04 4.593892e+02 1.672369e+04
1.629944e+04 4.242559e+02 1.672369e+04
1.633337e+04 3.903255e+02 1.672369e+04
1.636595e+04 3.577436e+02 1.672370e+04
1.639709e+04 3.266122e+02 1.672370e+04
1.642670e+04 2.970084e+02 1.672371e+04
1.645472e+04 2.689875e+02 1.672371e+04
1.648110e+04 2.426034e+02 1.672371e+04
1.650581e+04 2.178964e+02 1.672371e+04
1.652884e+04 1.948805e+02 1.672372e+04
1.655017e+04 1.735523e+02 1.672372e+04
1.656982e+04 1.539061e+02 1.672372e+04
1.658783e+04 1.359016e+02 1.672373e+04
1.660425e+04 1.194870e+02 1.672374e+04
1.661915e+04 1.045959e+02 1.672375e+04
1.663261e+04 9.114953e+01 1.672376e+04
1.664471e+04 7.906050e+01 1.672377e+04
1.665554e+04 6.822990e+01 1.672377e+04
1.666521e+04 5.857206e+01 1.672378e+04
1.667381e+04 4.998438e+01 1.672379e+04
1.668143e+04 4.236557e+01 1.672379e+04
1.668817e+04 3.563385e+01 1.672380e+04
1.669411e+04 2.969000e+01 1.672380e+04
1.669935e+04 2.446212e+01 1.672381e+04
1.670395e+04 1.986776e+01 1.672382e+04
1.670798e+04 1.583630e+01 1.672382e+04
1.671152e+04 1.230360e+01 1.672383e+04
1.671462e+04 9.212098e+00 1.672383e+04
1.671732e+04 6.510620e+00 1.672383e+04
1.671968e+04 4.154228e+00 1.672384e+04
1.672174e+04 2.098431e+00 1.672383e+04
1.672352e+04 3.208588e-01 1.672384e+04
1.672505e+04 -1.211952e+00 1.672384e+04
1.672636e+04 -2.523011e+00 1.672384e+04
1.672747e+04 -3.630645e+00 1.672384e+04
1.672839e+04 -4.548791e+00 1.672384e+04
1.672913e+04 -5.287253e+00 1.672384e+04
1.672969e+04 -5.851901e+00 1.672384e+04
1.673009e+04 -6.244826e+00 1.672384e+04
1.673031e+04 -6.458976e+00 1.672385e+04
1.673035e+04 -6.500001e+00 1.672385e+04
1.673020e+04 -6.353309e+00 1.672385e+04
1.672985e+04 -6.005880e+00 1.672384e+04
1.672928e+04 -5.440488e+00 1.672384e+04
1.672848e+04 -4.635336e+00 1.672384e+04
1.672740e+04 -3.563579e+00 1.672384e+04
1.672603e+04 -2.192745e+00 1.672383e+04
1.672431e+04 -4.840327e-01 1.672383e+04
1.672222e+04 1.608497e+00 1.672383e+04
1.671968e+04 4.138839e+00 1.672382e+04
1.671664e+04 7.170057e+00 1.672381e+04
1.671303e+04 1.078083e+01 1.672381e+04
1.670876e+04 1.504467e+01 1.672380e+04
1.670373e+04 2.006406e+01 1.672380e+04
1.669784e+04 2.594934e+01 1.672378e+04
1.669095e+04 3.282508e+01 1.672377e+04
1.668293e+04 4.083044e+01 1.672376e+04
1.667363e+04 5.011344e+01 1.672374e+04
1.666287e+04 6.085190e+01 1.672372e+04
1.665049e+04 7.321803e+01 1.672371e+04
1.663629e+04 8.739600e+01 1.672369e+04
1.662010e+04 1.035699e+02 1.672367e+04
1.660174e+04 1.219199e+02 1.672366e+04
1.658106e+04 1.425871e+02 1.672364e+04
1.655794e+04 1.656901e+02 1.672363e+04
1.653234e+04 1.912826e+02 1.672363e+04
1.650429e+04 2.193347e+02 1.672363e+04
1.647393e+04 2.497030e+02 1.672363e+04
1.644152e+04 2.821280e+02 1.672365e+04
1.640750e+04 3.161825e+02 1.672368e+04
1.637244e+04 3.512849e+02 1.672373e+04
1.633707e+04 3.867014e+02 1.672378e+04
1.630226e+04 4.215746e+02 1.672383e+04
1.626891e+04 4.549767e+02 1.672389e+04
1.623796e+04 4.859903e+02 1.672395e+04
1.621021e+04 5.137783e+02 1.672398e+04
1.618629e+04 5.377126e+02 1.672400e+04
1.616656e+04 5.574296e+02 1.672399e+04
1.615105e+04 5.729128e+02 1.672397e+04
1.613944e+04 5.844678e+02 1.672391e+04
1.613111e+04 5.927320e+02 1.672385e+04
1.612521e+04 5.985581e+02 1.672377e+04
1.612077e+04 6.029236e+02 1.672370e+04
1.611684e+04 6.067937e+02 1.672363e+04
1.611260e+04 6.109883e+02 1.672359e+04
1.610750e+04 6.160619e+02 1.672356e+04
1.610136e+04 6.222110e+02 1.672357e+04
1.609438e+04 6.292260e+02 1.672361e+04
1.608720e+04 6.364640e+02 1.672367e+04
1.608082e+04 6.429301e+02 1.672375e+04
1.607648e+04 6.473609e+02 1.672384e+04
1.607554e+04 6.483832e+02 1.672393e+04
1.607930e+04 6.446987e+02 1.672400e+04
1.608877e+04 6.352699e+02 1.672404e+04
1.610458e+04 6.194757e+02 1.672406e+04
1.612683e+04 5.972096e+02 1.672404e+04
1.615512e+04 5.688706e+02 1.672399e+04
1.618859e+04 5.353301e+02 1.672392e+04
1.622606e+04 4.977822e+02 1.672384e+04
1.626617e+04 4.575933e+02 1.672376e+04
1.630754e+04 4.161413e+02 1.672368e+04
1.634892e+04 3.747107e+02 1.672363e+04
1.638921e+04 3.343738e+02 1.672359e+04
1.642759e+04 2.959685e+02 1.672356e+04
1.646346e+04 2.600868e+02 1.672355e+04
1.649646e+04 2.270942e+02 1.672355e+04
1.652640e+04 1.971641e+02 1.672356e+04
1.655326e+04 1.703190e+02 1.672358e+04
1.657713e+04 1.464648e+02 1.672360e+04
1.659817e+04 1.254485e+02 1.672362e+04
1.661659e+04 1.070545e+02 1.672365e+04
1.663262e+04 9.104960e+01 1.672367e+04
1.664650e+04 7.719391e+01 1.672369e+04
1.665846e+04 6.525247e+01 1.672371e+04
1.666873e+04 5.500275e+01 1.672373e+04
1.667751e+04 4.623345e+01 1.672374e+04
1.668499e+04 3.876858e+01 1.672376e+04
1.669133e+04 3.243544e+01 1.672377e+04
1.669669e+04 2.708585e+01 1.672378e+04
1.670120e+04 2.258956e+01 1.672379e+04
1.670497e+04 1.883294e+01 1.672380e+04
1.670809e+04 1.571739e+01 1.672381e+04
1.671065e+04 1.315778e+01 1.672381e+04
1.671274e+04 1.108641e+01 1.672382e+04
1.671440e+04 9.429549e+00 1.672383e+04
1.671569e+04 8.133775e+00 1.672382e+04
1.671666e+04 7.164858e+00 1.672383e+04
1.671735e+04 6.479310e+00 1.672383e+04
1.671779e+04 6.039896e+00 1.672383e+04
1.671800e+04 5.836956e+00 1.672383e+04
1.671800e+04 5.827820e+00 1.672383e+04
1.671782e+04 6.013034e+00 1.672383e+04
1.671746e+04 6.376055e+00 1.672383e+04
1.671692e+04 6.910444e+00 1.672383e+04
1.671622e+04 7.614711e+00 1.672383e+04
1.671534e+04 8.492764e+00 1.672383e+04
1.671427e+04 9.554643e+00 1.672383e+04
1.671301e+04 1.081759e+01 1.672383e+04
1.671152e+04 1.230756e+01 1.672382e+04
1.670976e+04 1.406127e+01 1.672382e+04
1.670769e+04 1.612896e+01 1.672381e+04
1.670523e+04 1.857803e+01 1.672381e+04
1.670230e+04 2.149235e+01 1.672379e+04
1.669878e+04 2.499520e+01 1.672377e+04
1.669451e+04 2.924672e+01 1.672376e+04
1.668929e+04 3.444385e+01 1.672373e+04
1.668285e+04 4.084535e+01 1.672370e+04
1.667485e+04 4.880737e+01 1.672366e+04
1.666484e+04 5.877406e+01 1.672361e+04
1.665222e+04 7.132445e+01 1.672354e+04
1.663623e+04 8.722681e+01 1.672346e+04
1.661590e+04 1.074517e+02 1.672335e+04
1.658997e+04 1.332461e+02 1.672322e+04
1.655687e+04 1.661823e+02 1.672305e+04
1.651464e+04 2.082034e+02 1.672284e+04
1.646096e+04 2.616373e+02 1.672259e+04
1.639318e+04 3.291373e+02 1.672232e+04
1.630856e+04 4.134872e+02 1.672204e+04
1.620467e+04 5.171378e+02 1.672181e+04
1.608027e+04 6.414403e+02 1.672171e+04
1.593647e+04 7.853880e+02 1.672185e+04
1.577831e+04 9.440400e+02 1.672235e+04
1.561621e+04 1.107049e+03 1.672326e+04
1.546623e+04 1.258249e+03 1.672447e+04
1.534818e+04 1.377512e+03 1.672569e+04
1.528107e+04 1.445424e+03 1.672650e+04
1.527705e+04 1.449500e+03 1.672655e+04
1.533687e+04 1.388961e+03 1.672583e+04
1.544960e+04 1.275030e+03 1.672463e+04
1.559674e+04 1.126650e+03 1.672339e+04
1.575818e+04 9.642489e+02 1.672243e+04
1.591713e+04 8.047450e+02 1.672187e+04
1.606229e+04 6.593843e+02 1.672167e+04
1.618779e+04 5.339312e+02 1.672172e+04
1.629179e+04 4.301132e+02 1.672190e+04
1.637483e+04 3.472862e+02 1.672212e+04
1.643847e+04 2.838276e+02 1.672230e+04
1.648424e+04 2.381583e+02 1.672240e+04
1.651285e+04 2.095062e+02 1.672236e+04
1.652350e+04 1.986093e+02 1.672211e+04
1.651296e+04 2.085992e+02 1.672156e+04
1.647415e+04 2.463619e+02 1.672051e+04
1.639389e+04 3.247631e+02 1.671865e+04
1.624939e+04 4.661563e+02 1.671555e+04
1.600346e+04 7.072206e+02 1.671068e+04
1.560086e+04 1.103093e+03 1.670396e+04
1.497532e+04 1.722095e+03 1.669741e+04
1.409096e+04 2.607100e+03 1.669806e+04
1.304588e+04 3.670665e+03 1.671654e+04
1.217936e+04 4.569214e+03 1.674858e+04
1.194378e+04 4.815764e+03 1.675954e+04
1.247923e+04 4.254770e+03 1.673400e+04
1.344987e+04 3.255468e+03 1.670534e+04
1.441278e+04 2.283156e+03 1.669594e+04
1.514263e+04 1.557138e+03 1.669977e+04
1.561814e+04 1.088708e+03 1.670685e+04
1.589758e+04 8.152162e+02 1.671280e+04
1.604480e+04 6.720529e+02 1.671686e+04
1.610762e+04 6.118032e+02 1.671942e+04
1.611776e+04 6.032650e+02 1.672102e+04
1.609576e+04 6.262932e+02 1.672205e+04
1.605531e+04 6.674422e+02 1.672276e+04
1.600609e+04 7.171704e+02 1.672326e+04
1.595524e+04 7.683776e+02 1.672362e+04
1.590797e+04 8.158618e+02 1.672383e+04
1.586747e+04 8.563955e+02 1.672387e+04
1.583463e+04 8.890747e+02 1.672371e+04
1.580765e+04 9.156922e+02 1.672334e+04
1.578185e+04 9.409005e+02 1.672275e+04
1.574964e+04 9.722959e+02 1.672194e+04
1.570056e+04 1.020317e+03 1.672088e+04
1.562142e+04 1.098156e+03 1.671957e+04
1.549651e+04 1.221528e+03 1.671804e+04
1.530871e+04 1.407709e+03 1.671642e+04
1.504270e+04 1.672489e+03 1.671519e+04
1.469262e+04 2.022664e+03 1.671529e+04
1.427562e+04 2.442363e+03 1.671798e+04
1.384724e+04 2.876573e+03 1.672381e+04
1.350325e+04 3.227591e+03 1.673084e+04
1.334802e+04 3.386674e+03 1.673469e+04
1.343596e+04 3.296459e+03 1.673242e+04
1.373530e+04 2.990736e+03 1.672603e+04
1.415245e+04 2.567537e+03 1.671999e+04
1.459014e+04 2.126657e+03 1.671680e+04
1.498597e+04 1.730292e+03 1.671627e+04
1.531590e+04 1.401279e+03 1.671718e+04
1.558005e+04 1.138472e+03 1.671852e+04
1.578853e+04 9.312284e+02 1.671976e+04
1.595311e+04 7.676259e+02 1.672073e+04
1.608378e+04 6.376642e+02 1.672144e+04
1.618801e+04 5.339153e+02 1.672193e+04
1.627103e+04 4.512303e+02 1.672226e+04
1.633626e+04 3.862056e+02 1.672246e+04
1.638575e+04 3.368090e+02 1.672256e+04
1.642041e+04 3.021565e+02 1.672256e+04
1.643999e+04 2.824688e+02 1.672246e+04
1.644304e+04 2.791882e+02 1.672223e+04
1.642664e+04 2.951927e+02 1.672184e+04
1.638607e+04 3.351852e+02 1.672126e+04
1.631450e+04 4.059634e+02 1.672046e+04
1.620298e+04 5.165126e+02 1.671949e+04
1.604126e+04 6.772182e+02 1.671848e+04
1.582047e+04 8.973436e+02 1.671781e+04
1.553893e+04 1.179251e+03 1.671818e+04
1.521140e+04 1.508951e+03 1.672035e+04
1.487849e+04 1.846080e+03 1.672457e+04
1.460649e+04 2.123015e+03 1.672950e+04
1.446694e+04 2.265457e+03 1.673240e+04
1.449997e+04 2.231221e+03 1.673119e+04
1.468905e+04 2.037687e+03 1.672674e+04
1.497135e+04 1.750488e+03 1.672184e+04
1.527342e+04 1.445195e+03 1.671861e+04
1.554118e+04 1.176269e+03 1.671745e+04
1.574853e+04 9.691822e+02 1.671771e+04
1.589087e+04 8.277648e+02 1.671863e+04
1.597522e+04 7.444938e+02 1.671971e+04
1.601299e+04 7.077505e+02 1.672074e+04
1.601622e+04 7.054117e+02 1.672163e+04
1.599628e+04 7.261388e+02 1.672242e+04
1.596355e+04 7.595518e+02 1.672311e+04
1.592749e+04 7.962105e+02 1.672370e+04
1.589640e+04 8.277780e+02 1.672418e+04
1.587702e+04 8.474956e+02 1.672451e+04
1.587392e+04 8.507434e+02 1.672466e+04
1.588911e+04 8.355121e+02 1.672462e+04
1.592196e+04 8.024864e+02 1.672445e+04
1.596961e+04 7.545591e+02 1.672417e+04
1.602779e+04 6.960740e+02 1.672386e+04
1.609173e+04 6.318602e+02 1.672359e+04
1.615694e+04 5.664309e+02 1.672337e+04
1.621976e+04 5.034641e+02 1.672322e+04
1.627756e+04 4.455925e+02 1.672315e+04
1.632869e+04 3.944320e+02 1.672312e+04
1.637237e+04 3.507775e+02 1.672314e+04
1.640839e+04 3.147954e+02 1.672319e+04
1.643698e+04 2.862616e+02 1.672324e+04
1.645856e+04 2.647329e+02 1.672329e+04
1.647366e+04 2.496719e+02 1.672334e+04
1.648283e+04 2.405600e+02 1.672339e+04
1.648653e+04 2.368933e+02 1.672342e+04
1.648519e+04 2.382612e+02 1.672345e+04
1.647914e+04 2.443229e+02 1.672347e+04
1.646868e+04 2.548041e+02 1.672348e+04
1.645401e+04 2.694772e+02 1.672349e+04
1.643537e+04 2.881285e+02 1.672349e+04
1.641296e+04 3.105468e+02 1.672350e+04
1.638706e+04 3.364537e+02 1.672352e+04
1.635805e+04 3.654866e+02 1.672354e+04
1.632641e+04 3.971581e+02 1.672357e+04
1.629278e+04 4.308309e+02 1.672361e+04
1.625795e+04 4.657114e+02 1.672366e+04
1.622284e+04 5.008614e+02 1.672370e+04
1.618845e+04 5.353028e+02 1.672375e+04
1.615572e+04 5.680593e+02 1.672378e+04
1.612544e+04 5.983511e+02 1.672379e+04
1.609798e+04 6.257741e+02 1.672376e+04
1.607316e+04 6.505079e+02 1.672367e+04
1.604998e+04 6.735233e+02 1.672350e+04
1.602649e+04 6.967578e+02 1.672325e+04
1.599963e+04 7.232738e+02 1.672290e+04
1.596516e+04 7.572963e+02 1.672245e+04
1.591771e+04 8.042033e+02 1.672191e+04
1.585100e+04 8.703044e+02 1.672131e+04
1.575843e+04 9.622733e+02 1.672070e+04
1.563431e+04 1.085938e+03 1.672025e+04
1.547610e+04 1.244070e+03 1.672017e+04
1.528777e+04 1.432989e+03 1.672076e+04
1.508368e+04 1.638559e+03 1.672224e+04
1.489075e+04 1.833750e+03 1.672450e+04
1.474543e+04 1.981408e+03 1.672684e+04
1.468338e+04 2.044828e+03 1.672821e+04
1.472486e+04 2.003024e+03 1.672789e+04
1.486495e+04 1.861099e+03 1.672605e+04
1.507603e+04 1.647626e+03 1.672365e+04
1.532048e+04 1.401170e+03 1.672165e+04
1.556449e+04 1.156021e+03 1.672051e+04
1.578555e+04 9.346352e+02 1.672018e+04
1.597308e+04 7.473218e+02 1.672040e+04
1.612522e+04 5.956619e+02 1.672088e+04
1.624502e+04 4.764145e+02 1.672144e+04
1.633756e+04 3.843952e+02 1.672195e+04
1.640819e+04 3.142046e+02 1.672239e+04
1.646174e+04 2.610049e+02 1.672274e+04
1.650222e+04 2.207976e+02 1.672302e+04
1.653283e+04 1.904023e+02 1.672323e+04
1.655600e+04 1.673805e+02 1.672338e+04
1.657362e+04 1.498876e+02 1.672351e+04
1.658709e+04 1.365059e+02 1.672360e+04
1.659746e+04 1.262007e+02 1.672366e+04
1.660552e+04 1.181911e+02 1.672371e+04
1.661186e+04 1.118939e+02 1.672375e+04
1.661690e+04 1.068739e+02 1.672378e+04
1.662099e+04 1.028071e+02 1.672380e+04
1.662436e+04 9.945322e+01 1.672381e+04
1.662719e+04 9.663524e+01 1.672382e+04
1.662960e+04 9.422487e+01 1.672383e+04
1.663170e+04 9.213154e+01 1.672383e+04
1.663354e+04 9.029447e+01 1.672384e+04
1.663516e+04 8.867692e+01 1.672384e+04
1.663658e+04 8.725662e+01 1.672383e+04
1.663779e+04 8.604467e+01 1.672383e+04
1.663878e+04 8.505104e+01 1.672383e+04
1.663952e+04 8.430570e+01 1.672383e+04
1.663997e+04 8.384676e+01 1.672382e+04
1.664007e+04 8.374290e+01 1.672381e+04
1.663974e+04 8.406127e+01 1.672380e+04
1.663891e+04 8.489615e+01 1.672380e+04
1.663745e+04 8.634334e+01 1.672379e+04
1.663524e+04 8.853007e+01 1.672377e+04
1.663214e+04 9.161748e+01 1.672376e+04
1.662797e+04 9.577622e+01 1.672374e+04
1.662251e+04 1.012116e+02 1.672372e+04
1.661554e+04 1.081664e+02 1.672370e+04
1.660678e+04 1.169017e+02 1.672368e+04
1.659592e+04 1.277307e+02 1.672365e+04
1.658262e+04 1.410004e+02 1.672362e+04
1.656651e+04 1.570711e+02 1.672358e+04
1.654721e+04 1.763371e+02 1.672355e+04
1.652432e+04 1.991857e+02 1.672351e+04
1.649750e+04 2.259654e+02 1.672347e+04
1.646648e+04 2.569625e+02 1.672344e+04
1.643113e+04 2.923043e+02 1.672343e+04
1.639154e+04 3.319007e+02 1.672344e+04
1.634813e+04 3.753441e+02 1.672348e+04
1.630173e+04 4.218118e+02 1.672355e+04
1.625367e+04 4.699846e+02 1.672365e+04
1.620578e+04 5.180047e+02 1.672379e+04
1.616042e+04 5.635340e+02 1.672395e+04
1.612023e+04 6.038970e+02 1.672413e+04
1.608798e+04 6.363121e+02 1.672429e+04
1.606612e+04 6.582954e+02 1.672441e+04
1.605646e+04 6.680111e+02 1.672447e+04
1.605986e+04 6.645882e+02 1.672445e+04
1.607609e+04 6.482756e+02 1.672437e+04
1.610383e+04 6.203957e+02 1.672423e+04
1.614095e+04 5.831084e+02 1.672406e+04
1.618482e+04 5.390588e+02 1.672388e+04
1.623273e+04 4.909989e+02 1.672373e+04
1.628213e+04 4.414693e+02 1.672360e+04
1.633093e+04 3.925874e+02 1.672351e+04
1.637751e+04 3.459501e+02 1.672346e+04
1.642081e+04 3.026324e+02 1.672344e+04
1.646020e+04 2.632484e+02 1.672344e+04
1.649542e+04 2.280431e+02 1.672346e+04
1.652650e+04 1.969962e+02 1.672350e+04
1.655364e+04 1.698893e+02 1.672353e+04
1.657716e+04 1.464115e+02 1.672357e+04
1.659742e+04 1.261815e+02 1.672360e+04
1.661479e+04 1.088365e+02 1.672363e+04
1.662967e+04 9.399096e+01 1.672366e+04
1.664239e+04 8.129624e+01 1.672369e+04
1.665328e+04 7.043742e+01 1.672371e+04
1.666260e+04 6.113625e+01 1.672374e+04
1.667060e+04 5.315096e+01 1.672375e+04
1.667749e+04 4.627414e+01 1.672377e+04
1.668345e+04 4.032963e+01 1.672378e+04
1.668862e+04 3.516895e+01 1.672379e+04
1.669313e+04 3.066221e+01 1.672379e+04
1.669708e+04 2.671673e+01 1.672380e+04
1.670057e+04 2.324098e+01 1.672381e+04
1.670365e+04 2.016363e+01 1.672381e+04
1.670639e+04 1.743113e+01 1.672382e+04
1.670884e+04 1.498379e+01 1.672383e+04
1.671104e+04 1.278684e+01 1.672383e+04
1.671302e+04 1.080690e+01 1.672383e+04
1.671482e+04 9.016308e+00 1.672383e+04
1.671644e+04 7.391988e+00 1.672383e+04
1.671792e+04 5.920100e+00 1.672384e+04
1.671927e+04 4.573386e+00 1.672384e+04
1.672050e+04 3.343650e+00 1.672384e+04
1.672162e+04 2.219146e+00 1.672384e+04
1.672266e+04 1.184155e+00 1.672384e+04
1.672360e+04 2.408941e-01 1.672384e+04
1.672446e+04 -6.290905e-01 1.672384e+04
1.672526e+04 -1.421569e+00 1.672384e+04
1.672598e+04 -2.147755e+00 1.672384e+04
1.672665e+04 -2.812701e+00 1.672384e+04
1.672726e+04 -3.420743e+00 1.672384e+04
1.672781e+04 -3.975517e+00 1.672384e+04
1.672832e+04 -4.485613e+00 1.672383e+04
1.672877e+04 -4.942023e+00 1.672383e+04
1.672918e+04 -5.351486e+00 1.672383e+04
1.672955e+04 -5.708813e+00 1.672384e+04
1.672986e+04 -6.024224e+00 1.672384e+04
1.673013e+04 -6.289905e+00 1.672384e+04
1.673034e+04 -6.502007e+00 1.672384e+04
1.673049e+04 -6.654697e+00 1.672384e+04
1.673057e+04 -6.745215e+00 1.672383e+04
1.673058e+04 -6.745950e+00 1.672383e+04
1.673049e+04 -6.658272e+00 1.672383e+04
1.673029e+04 -6.456954e+00 1.672383e+04
1.672994e+04 -6.116466e+00 1.672383e+04
1.672943e+04 -5.603888e+00 1.672382e+04
1.672870e+04 -4.876944e+00 1.672382e+04
1.672769e+04 -3.881476e+00 1.672381e+04
1.672635e+04 -2.548180e+00 1.672381e+04
1.672458e+04 -7.884053e-01 1.672380e+04
1.672227e+04 1.511265e+00 1.672378e+04
1.671927e+04 4.495989e+00 1.672377e+04
1.671540e+04 8.351639e+00 1.672375e+04
1.671041e+04 1.331628e+01 1.672372e+04
1.670400e+04 1.968925e+01 1.672369e+04
1.669577e+04 2.787142e+01 1.672364e+04
1.668523e+04 3.835560e+01 1.672359e+04
1.667175e+04 5.178103e+01 1.672353e+04
1.665450e+04 6.893887e+01 1.672344e+04
1.663249e+04 9.084064e+01 1.672333e+04
1.660447e+04 1.187315e+02 1.672320e+04
1.656892e+04 1.541220e+02 1.672304e+04
1.652407e+04 1.987900e+02 1.672286e+04
1.646792e+04 2.547365e+02 1.672266e+04
1.639844e+04 3.240192e+02 1.672245e+04
1.631379e+04 4.084939e+02 1.672229e+04
1.621295e+04 5.092512e+02 1.672220e+04
1.609640e+04 6.258663e+02 1.672227e+04
1.596722e+04 7.553597e+02 1.672258e+04
1.583198e+04 8.911842e+02 1.672316e+04
1.570130e+04 1.022702e+03 1.672400e+04
1.558909e+04 1.135856e+03 1.672494e+04
1.551017e+04 1.215563e+03 1.672573e+04
1.547654e+04 1.249558e+03 1.672610e+04
1.549364e+04 1.232252e+03 1.672590e+04
1.555849e+04 1.166714e+03 1.672521e+04
1.566070e+04 1.063585e+03 1.672428e+04
1.578584e+04 9.375483e+02 1.672339e+04
1.591941e+04 8.033043e+02 1.672272e+04
1.604967e+04 6.726619e+02 1.672233e+04
1.616881e+04 5.533833e+02 1.672220e+04
1.627282e+04 4.494196e+02 1.672224e+04
1.636052e+04 3.618685e+02 1.672239e+04
1.643260e+04 2.899949e+02 1.672259e+04
1.649068e+04 2.321204e+02 1.672280e+04
1.653677e+04 1.862156e+02 1.672299e+04
1.657290e+04 1.502581e+02 1.672315e+04
1.660087e+04 1.224166e+02 1.672329e+04
1.662228e+04 1.011249e+02 1.672340e+04
1.663840e+04 8.508806e+01 1.672349e+04
1.665027e+04 7.329069e+01 1.672356e+04
1.665870e+04 6.491146e+01 1.672361e+04
1.666430e+04 5.934433e+01 1.672365e+04
1.666753e+04 5.614131e+01 1.672367e+04
1.666870e+04 5.499325e+01 1.672369e+04
1.666799e+04 5.571101e+01 1.672370e+04
1.666548e+04 5.821228e+01 1.672370e+04
1.666117e+04 6.251363e+01 1.672369e+04
1.665494e+04 6.872145e+01 1.672366e+04
1.664658e+04 7.705512e+01 1.672364e+04
1.663578e+04 8.782295e+01 1.672361e+04
1.662213e+04 1.014281e+02 1.672356e+04
1.660510e+04 1.183973e+02 1.672350e+04
1.658404e+04 1.393854e+02 1.672343e+04
1.655820e+04 1.651409e+02 1.672334e+04
1.652672e+04 1.965368e+02 1.672325e+04
1.648866e+04 2.344971e+02 1.672316e+04
1.644311e+04 2.799521e+02 1.672307e+04
1.638927e+04 3.337166e+02 1.672298e+04
1.632662e+04 3.963121e+02 1.672293e+04
1.625521e+04 4.677186e+02 1.672293e+04
1.617593e+04 5.470657e+02 1.672300e+04
1.609085e+04 6.323129e+02 1.672316e+04
1.600340e+04 7.200169e+02 1.672342e+04
1.591841e+04 8.053448e+02 1.672376e+04
1.584162e+04 8.824715e+02 1.672409e+04
1.577881e+04 9.455455e+02 1.672435e+04
1.573438e+04 9.900385e+02 1.672442e+04
1.570995e+04 1.014262e+03 1.672421e+04
1.570311e+04 1.020578e+03 1.672368e+04
1.570688e+04 1.015956e+03 1.672283e+04
1.570986e+04 1.011831e+03 1.672169e+04
1.569678e+04 1.023481e+03 1.672026e+04
1.564939e+04 1.069232e+03 1.671862e+04
1.554770e+04 1.169185e+03 1.671688e+04
1.537290e+04 1.342530e+03 1.671543e+04
1.511405e+04 1.601073e+03 1.671512e+04
1.478047e+04 1.936729e+03 1.671720e+04
1.441769e+04 2.304783e+03 1.672248e+04
1.411350e+04 2.616063e+03 1.672956e+04
1.397297e+04 2.761269e+03 1.673424e+04
1.406162e+04 2.671285e+03 1.673291e+04
1.436056e+04 2.366164e+03 1.672672e+04
1.478073e+04 1.939485e+03 1.672021e+04
1.522041e+04 1.496059e+03 1.671647e+04
1.561046e+04 1.105210e+03 1.671567e+04
1.592293e+04 7.936591e+02 1.671659e+04
1.615792e+04 5.601931e+02 1.671811e+04
1.632800e+04 3.915975e+02 1.671960e+04
1.644841e+04 2.723948e+02 1.672081e+04
1.653266e+04 1.890487e+02 1.672171e+04
1.659129e+04 1.310696e+02 1.672236e+04
1.663200e+04 9.080911e+01 1.672281e+04
1.666025e+04 6.286988e+01 1.672312e+04
1.667983e+04 4.350345e+01 1.672333e+04
1.669333e+04 3.014864e+01 1.672347e+04
1.670253e+04 2.104104e+01 1.672357e+04
1.670866e+04 1.498776e+01 1.672365e+04
1.671252e+04 1.116608e+01 1.672369e+04
1.671468e+04 9.038276e+00 1.672372e+04
1.671549e+04 8.250388e+00 1.672374e+04
1.671516e+04 8.585131e+00 1.672375e+04
1.671382e+04 9.927744e+00 1.672375e+04
1.671150e+04 1.224477e+01 1.672375e+04
1.670817e+04 1.557229e+01 1.672374e+04
1.670371e+04 2.001690e+01 1.672373e+04
1.669797e+04 2.573002e+01 1.672370e+04
1.669070e+04 3.297131e+01 1.672368e+04
1.668157e+04 4.206846e+01 1.672364e+04
1.667012e+04 5.346888e+01 1.672359e+04
1.665575e+04 6.776564e+01 1.672352e+04
1.663765e+04 8.577500e+01 1.672342e+04
1.661471e+04 1.085825e+02 1.672329e+04
1.658539e+04 1.377165e+02 1.672311e+04
1.654754e+04 1.753163e+02 1.672286e+04
1.649803e+04 2.244473e+02 1.672248e+04
1.643229e+04 2.896202e+02 1.672191e+04
1.634354e+04 3.775268e+02 1.672107e+04
1.622163e+04 4.981686e+02 1.671979e+04
1.605155e+04 6.663752e+02 1.671793e+04
1.581192e+04 9.034194e+02 1.671534e+04
1.547478e+04 1.237416e+03 1.671219e+04
1.501071e+04 1.698767e+03 1.670948e+04
1.440678e+04 2.303007e+03 1.670979e+04
1.370399e+04 3.012844e+03 1.671684e+04
1.303962e+04 3.691460e+03 1.673108e+04
1.263210e+04 4.111399e+03 1.674350e+04
1.265253e+04 4.089350e+03 1.674188e+04
1.307949e+04 3.648600e+03 1.672809e+04
1.372007e+04 2.995025e+03 1.671509e+04
1.436787e+04 2.341884e+03 1.670976e+04
1.490857e+04 1.801766e+03 1.671034e+04
1.531601e+04 1.397169e+03 1.671318e+04
1.560766e+04 1.108447e+03 1.671611e+04
1.581155e+04 9.068199e+02 1.671837e+04
1.595221e+04 7.677234e+02 1.671994e+04
1.604739e+04 6.735623e+02 1.672095e+04
1.610890e+04 6.126853e+02 1.672158e+04
1.614428e+04 5.777070e+02 1.672198e+04
1.615824e+04 5.639904e+02 1.672223e+04
1.615371e+04 5.686692e+02 1.672238e+04
1.613254e+04 5.899239e+02 1.672247e+04
1.609599e+04 6.265336e+02 1.672253e+04
1.604510e+04 6.774847e+02 1.672258e+04
1.598100e+04 7.416524e+02 1.672266e+04
1.590528e+04 8.174939e+02 1.672277e+04
1.582018e+04 9.027662e+02 1.672295e+04
1.572887e+04 9.943166e+02 1.672319e+04
1.563545e+04 1.088028e+03 1.672348e+04
1.554478e+04 1.179019e+03 1.672380e+04
1.546197e+04 1.262126e+03 1.672409e+04
1.539159e+04 1.332707e+03 1.672429e+04
1.533687e+04 1.387488e+03 1.672436e+04
1.529902e+04 1.425255e+03 1.672427e+04
1.527697e+04 1.447086e+03 1.672406e+04
1.526777e+04 1.456008e+03 1.672378e+04
1.526733e+04 1.456167e+03 1.672350e+04
1.527149e+04 1.451787e+03 1.672328e+04
1.527697e+04 1.446203e+03 1.672318e+04
1.528199e+04 1.441218e+03 1.672320e+04
1.528650e+04 1.436840e+03 1.672334e+04
1.529205e+04 1.431496e+03 1.672354e+04
1.530126e+04 1.422516e+03 1.672378e+04
1.531711e+04 1.406872e+03 1.672398e+04
1.534217e+04 1.381946e+03 1.672412e+04
1.537798e+04 1.346170e+03 1.672415e+04
1.542472e+04 1.299372e+03 1.672410e+04
1.548121e+04 1.242760e+03 1.672397e+04
1.554520e+04 1.178602e+03 1.672380e+04
1.561392e+04 1.109723e+03 1.672364e+04
1.568454e+04 1.038965e+03 1.672350e+04
1.575458e+04 9.688212e+02 1.672340e+04
1.582217e+04 9.011726e+02 1.672334e+04
1.588607e+04 8.372526e+02 1.672332e+04
1.594567e+04 7.776734e+02 1.672334e+04
1.600080e+04 7.225734e+02 1.672337e+04
1.605166e+04 6.717598e+02 1.672342e+04
1.609862e+04 6.248459e+02 1.672347e+04
1.614215e+04 5.813622e+02 1.672351e+04
1.618272e+04 5.408373e+02 1.672355e+04
1.622074e+04 5.028481e+02 1.672359e+04
1.625657e+04 4.670466e+02 1.672361e+04
1.629047e+04 4.331731e+02 1.672364e+04
1.632263e+04 4.010300e+02 1.672366e+04
1.635316e+04 3.705030e+02 1.672367e+04
1.638215e+04 3.415241e+02 1.672368e+04
1.640962e+04 3.140608e+02 1.672368e+04
1.643559e+04 2.880961e+02 1.672368e+04
1.646005e+04 2.636389e+02 1.672369e+04
1.648301e+04 2.406818e+02 1.672369e+04
1.650448e+04 2.192167e+02 1.672370e+04
1.652448e+04 1.992255e+02 1.672371e+04
1.654303e+04 1.806844e+02 1.672372e+04
1.656018e+04 1.635411e+02 1.672373e+04
1.657598e+04 1.477497e+02 1.672373e+04
1.659049e+04 1.332499e+02 1.672374e+04
1.660377e+04 1.199744e+02 1.672375e+04
1.661591e+04 1.078453e+02 1.672375e+04
1.662696e+04 9.679865e+01 1.672376e+04
1.663701e+04 8.674773e+01 1.672376e+04
1.664614e+04 7.762793e+01 1.672377e+04
1.665441e+04 6.936000e+01 1.672377e+04
1.666191e+04 6.186722e+01 1.672377e+04
1.666869e+04 5.509811e+01 1.672379e+04
1.667482e+04 4.897226e+01 1.672379e+04
1.668036e+04 4.343529e+01 1.672380e+04
1.668537e+04 3.843163e+01 1.672380e+04
1.668989e+04 3.391004e+01 1.672380e+04
1.669398e+04 2.982355e+01 1.672381e+04
1.669768e+04 2.612934e+01 1.672381e+04
1.670103e+04 2.278851e+01 1.672381e+04
1.670405e+04 1.976595e+01 1.672382e+04
1.670679e+04 1.703001e+01 1.672382e+04
1.670927e+04 1.455233e+01 1.672382e+04
1.671152e+04 1.231299e+01 1.672383e+04
1.671355e+04 1.027844e+01 1.672383e+04
1.671540e+04 8.434258e+00 1.672383e+04
1.671707e+04 6.762805e+00 1.672383e+04
1.671859e+04 5.248578e+00 1.672383e+04
1.671996e+04 3.878045e+00 1.672384e+04
1.672120e+04 2.639484e+00 1.672384e+04
1.672231e+04 1.517326e+00 1.672383e+04
1.672332e+04 5.140078e-01 1.672383e+04
1.672422e+04 -3.830171e-01 1.672383e+04
1.672501e+04 -1.179503e+00 1.672383e+04
1.672571e+04 -1.879939e+00 1.672383e+04
1.672632e+04 -2.487603e+00 1.672383e+04
1.672684e+04 -3.004605e+00 1.672383e+04
1.672727e+04 -3.426452e+00 1.672384e+04
1.672760e+04 -3.763959e+00 1.672384e+04
1.672785e+04 -4.010296e+00 1.672384e+04
1.672800e+04 -4.157547e+00 1.672384e+04
1.672806e+04 -4.213090e+00 1.672384e+04
1.672801e+04 -4.161088e+00 1.672385e+04
1.672785e+04 -4.006355e+00 1.672385e+04
1.672758e+04 -3.735901e+00 1.672385e+04
1.672719e+04 -3.340883e+00 1.672385e+04
1.672666e+04 -2.811005e+00 1.672385e+04
1.672598e+04 -2.134459e+00 1.672384e+04
1.672514e+04 -1.297863e+00 1.672384e+04
1.672413e+04 -2.862223e-01 1.672384e+04
1.672292e+04 9.171013e-01 1.672384e+04
1.672151e+04 2.335845e+00 1.672384e+04
1.671986e+04 3.978801e+00 1.672384e+04
1.671797e+04 5.873003e+00 1.672384e+04
1.671580e+04 8.041206e+00 1.672384e+04
1.671333e+04 1.050729e+01 1.672384e+04
1.671054e+04 1.329594e+01 1.672383e+04
1.670740e+04 1.643760e+01 1.672384e+04
1.670389e+04 1.994608e+01 1.672384e+04
1.669998e+04 2.385068e+01 1.672383e+04
1.669566e+04 2.817322e+01 1.672383e+04
1.669090e+04 3.293252e+01 1.672383e+04
1.668569e+04 3.814304e+01 1.672383e+04
1.668001e+04 4.381343e+01 1.672383e+04
1.667388e+04 4.994485e+01 1.672383e+04
1.666730e+04 5.652926e+01 1.672383e+04
1.666028e+04 6.354765e+01 1.672383e+04
1.665286e+04 7.096828e+01 1.672383e+04
1.664509e+04 7.874527e+01 1.672384e+04
1.663702e+04 8.681751e+01 1.672384e+04
1.662874e+04 9.510817e+01 1.672385e+04
1.662033e+04 1.035305e+02 1.672386e+04
1.661190e+04 1.119672e+02 1.672387e+04
1.660357e+04 1.203067e+02 1.672388e+04
1.659546e+04 1.284242e+02 1.672388e+04
1.658770e+04 1.361987e+02 1.672390e+04
1.658041e+04 1.434921e+02 1.672390e+04
1.657369e+04 1.502063e+02 1.672390e+04
1.656764e+04 1.562540e+02 1.672390e+04
1.656231e+04 1.615836e+02 1.672390e+04
1.655772e+04 1.661717e+02 1.672390e+04
1.655384e+04 1.700480e+02 1.672389e+04
1.655058e+04 1.732958e+02 1.672388e+04
1.654780e+04 1.760588e+02 1.672386e+04
1.654529e+04 1.785440e+02 1.672384e+04
1.654279e+04 1.810245e+02 1.672381e+04
1.653994e+04 1.838403e+02 1.672378e+04
1.653634e+04 1.873980e+02 1.672374e+04
1.653153e+04 1.921639e+02 1.672369e+04
1.652496e+04 1.986827e+02 1.672364e+04
1.651605e+04 2.075391e+02 1.672359e+04
1.650416e+04 2.193708e+02 1.672353e+04
1.648862e+04 2.348464e+02 1.672347e+04
1.646877e+04 2.546330e+02 1.672340e+04
1.644397e+04 2.793756e+02 1.672335e+04
1.641371e+04 3.096045e+02 1.672331e+04
1.637764e+04 3.456437e+02 1.672329e+04
1.633577e+04 3.875224e+02 1.672330e+04
1.628856e+04 4.347835e+02 1.672334e+04
1.623707e+04 4.863676e+02 1.672344e+04
1.618313e+04 5.404651e+02 1.672360e+04
1.612935e+04 5.944361e+02 1.672379e+04
1.607906e+04 6.449704e+02 1.672403e+04
1.603600e+04 6.882768e+02 1.672428e+04
1.600391e+04 7.205747e+02 1.672449e+04
1.598591e+04 7.387080e+02 1.672462e+04
1.598394e+04 7.407025e+02 1.672465e+04
1.599840e+04 7.261615e+02 1.672456e+04
1.602802e+04 6.963653e+02 1.672438e+04
1.607018e+04 6.539725e+02 1.672415e+04
1.612138e+04 6.025240e+02 1.672391e+04
1.617786e+04 5.458323e+02 1.672369e+04
1.623606e+04 4.874445e+02 1.672351e+04
1.629308e+04 4.303081e+02 1.672339e+04
1.634674e+04 3.765779e+02 1.672332e+04
1.639566e+04 3.276411e+02 1.672330e+04
1.643909e+04 2.842123e+02 1.672330e+04
1.647683e+04 2.465011e+02 1.672333e+04
1.650902e+04 2.143563e+02 1.672338e+04
1.653604e+04 1.873892e+02 1.672343e+04
1.655839e+04 1.650946e+02 1.672348e+04
1.657661e+04 1.469210e+02 1.672353e+04
1.659126e+04 1.323199e+02 1.672358e+04
1.660284e+04 1.207698e+02 1.672361e+04
1.661184e+04 1.118146e+02 1.672365e+04
1.661864e+04 1.050367e+02 1.672368e+04
1.662363e+04 1.000794e+02 1.672371e+04
1.662709e+04 9.663894e+01 1.672373e+04
1.662929e+04 9.445937e+01 1.672374e+04
1.663043e+04 9.332795e+01 1.672376e+04
1.663070e+04 9.307542e+01 1.672378e+04
1.663024e+04 9.354980e+01 1.672379e+04
1.662915e+04 9.464569e+01 1.672379e+04
1.662752e+04 9.627934e+01 1.672380e+04
1.662541e+04 9.839234e+01 1.672380e+04
1.662285e+04 1.009508e+02 1.672380e+04
1.661985e+04 1.039456e+02 1.672380e+04
1.661640e+04 1.073936e+02 1.672379e+04
1.661245e+04 1.113404e+02 1.672379e+04
1.660791e+04 1.158642e+02 1.672378e+04
1.660268e+04 1.210813e+02 1.672376e+04
1.659659e+04 1.271533e+02 1.672374e+04
1.658942e+04 1.342962e+02 1.672372e+04
1.658090e+04 1.427916e+02 1.672369e+04
1.657065e+04 1.530003e+02 1.672365e+04
1.655823e+04 1.653771e+02 1.672360e+04
1.654306e+04 1.804873e+02 1.672354e+04
1.652445e+04 1.990216e+02 1.672347e+04
1.650158e+04 2.218074e+02 1.672339e+04
1.647348e+04 2.498101e+02 1.672329e+04
1.643907e+04 2.841140e+02 1.672318e+04
1.639720e+04 3.258710e+02 1.672307e+04
1.634677e+04 3.761950e+02 1.672296e+04
1.628691e+04 4.359809e+02 1.672289e+04
1.621724e+04 5.056262e+02 1.672286e+04
1.613828e+04 5.846539e+02 1.672293e+04
1.605187e+04 6.712361e+02 1.672311e+04
1.596163e+04 7.617980e+02 1.672343e+04
1.587310e+04 8.507726e+02 1.672388e+04
1.579357e+04 9.308320e+02 1.672440e+04
1.573113e+04 9.937567e+02 1.672489e+04
1.569330e+04 1.031937e+03 1.672523e+04
1.568519e+04 1.040141e+03 1.672533e+04
1.570823e+04 1.016924e+03 1.672516e+04
1.575973e+04 9.650170e+02 1.672475e+04
1.583364e+04 8.905981e+02 1.672423e+04
1.592204e+04 8.016784e+02 1.672372e+04
1.601692e+04 7.063808e+02 1.672331e+04
1.611145e+04 6.115786e+02 1.672303e+04
1.620063e+04 5.222564e+02 1.672288e+04
1.628141e+04 4.414420e+02 1.672285e+04
1.635238e+04 3.705165e+02 1.672289e+04
1.641332e+04 3.096604e+02 1.672298e+04
1.646477e+04 2.583154e+02 1.672308e+04
1.650769e+04 2.155071e+02 1.672320e+04
1.654321e+04 1.800931e+02 1.672331e+04
1.657246e+04 1.509504e+02 1.672341e+04
1.659647e+04 1.270235e+02 1.672349e+04
1.661618e+04 1.073866e+02 1.672357e+04
1.663238e+04 9.124869e+01 1.672363e+04
1.664573e+04 7.793270e+01 1.672366e+04
1.665678e+04 6.692241e+01 1.672370e+04
1.666597e+04 5.776483e+01 1.672373e+04
1.667365e+04 5.010837e+01 1.672376e+04
1.668013e+04 4.365536e+01 1.672378e+04
1.668561e+04 3.817077e+01 1.672379e+04
1.669030e+04 3.349335e+01 1.672380e+04
1.669434e+04 2.946631e+01 1.672381e+04
1.669784e+04 2.597328e+01 1.672382e+04
1.670090e+04 2.292156e+01 1.672382e+04
1.670359e+04 2.023727e+01 1.672383e+04
1.670597e+04 1.786150e+01 1.672383e+04
1.670809e+04 1.574729e+01 1.672383e+04
1.670998e+04 1.385719e+01 1.672384e+04
1.671168e+04 1.216141e+01 1.672384e+04
1.671320e+04 1.063632e+01 1.672384e+04
1.671458e+04 9.263321e+00 1.672384e+04
1.671581e+04 8.027907e+00 1.672384e+04
1.671692e+04 6.919022e+00 1.672384e+04
1.671791e+04 5.928535e+00 1.672384e+04
1.671879e+04 5.050858e+00 1.672384e+04
1.671956e+04 4.282694e+00 1.672384e+04
1.672022e+04 3.622863e+00 1.672384e+04
1.672077e+04 3.072229e+00 1.672384e+04
1.672121e+04 2.633688e+00 1.672384e+04
1.672153e+04 2.312239e+00 1.672384e+04
1.672173e+04 2.115112e+00 1.672384e+04
1.672179e+04 2.051871e+00 1.672384e+04
1.672170e+04 2.134823e+00 1.672384e+04
1.672146e+04 2.379606e+00 1.672384e+04
1.672103e+04 2.805184e+00 1.672384e+04
1.672040e+04 3.434578e+00 1.672383e+04
1.671953e+04 4.295510e+00 1.672383e+04
1.671841e+04 5.421186e+00 1.672383e+04
1.671697e+04 6.851215e+00 1.672382e+04
1.671519e+04 8.632689e+00 1.672382e+04
1.671299e+04 1.081590e+01 1.672381e+04
1.671032e+04 1.347790e+01 1.672380e+04
1.670710e+04 1.669115e+01 1.672379e+04
1.670324e+04 2.055277e+01 1.672379e+04
1.669862e+04 2.515933e+01 1.672378e+04
1.669312e+04 3.064196e+01 1.672377e+04
1.668660e+04 3.714121e+01 1.672375e+04
1.667889e+04 4.484223e+01 1.672373e+04
1.666979e+04 5.392238e+01 1.672372e+04
1.665909e+04 6.460697e+01 1.672369e+04
1.664653e+04 7.714234e+01 1.672367e+04
1.663184e+04 9.179970e+01 1.672364e+04
1.661474e+04 1.088706e+02 1.672361e+04
1.659492e+04 1.286581e+02 1.672358e+04
1.657209e+04 1.514620e+02 1.672355e+04
1.654597e+04 1.775558e+02 1.672352e+04
1.651635e+04 2.071426e+02 1.672349e+04
1.648312e+04 2.403553e+02 1.672348e+04
1.644634e+04 2.771275e+02 1.672347e+04
1.640630e+04 3.171929e+02 1.672349e+04
1.636356e+04 3.599758e+02 1.672354e+04
1.631908e+04 4.045265e+02 1.672361e+04
1.627419e+04 4.495091e+02 1.672370e+04
1.623064e+04 4.931785e+02 1.672382e+04
1.619047e+04 5.334802e+02 1.672395e+04
1.615592e+04 5.681687e+02 1.672409e+04
1.612915e+04 5.950569e+02 1.672420e+04
1.611200e+04 6.122842e+02 1.672428e+04
1.610573e+04 6.185842e+02 1.672431e+04
1.611081e+04 6.134834e+02 1.672429e+04
1.612683e+04 5.973792e+02 1.672421e+04
1.615263e+04 5.714742e+02 1.672410e+04
1.618638e+04 5.375918e+02 1.672397e+04
1.622595e+04 4.978844e+02 1.672383e+04
1.626910e+04 4.546125e+02 1.672371e+04
1.631375e+04 4.098634e+02 1.672361e+04
1.635814e+04 3.653916e+02 1.672354e+04
1.640090e+04 3.225897e+02 1.672349e+04
1.644105e+04 2.824241e+02 1.672347e+04
1.647797e+04 2.455042e+02 1.672348e+04
1.651137e+04 2.121184e+02 1.672349e+04
1.654117e+04 1.823380e+02 1.672351e+04
1.656748e+04 1.560626e+02 1.672354e+04
1.659049e+04 1.330838e+02 1.672357e+04
1.661047e+04 1.131303e+02 1.672360e+04
1.662773e+04 9.589687e+01 1.672362e+04
1.664256e+04 8.108951e+01 1.672365e+04
1.665527e+04 6.840842e+01 1.672368e+04
1.666612e+04 5.757895e+01 1.672370e+04
1.667537e+04 4.835102e+01 1.672372e+04
1.668323e+04 4.050101e+01 1.672374e+04
1.668992e+04 3.383152e+01 1.672375e+04
1.669559e+04 2.817013e+01 1.672376e+04
1.670041e+04 2.336732e+01 1.672377e+04
1.670449e+04 1.929420e+01 1.672378e+04
1.670795e+04 1.584021e+01 1.672379e+04
1.671089e+04 1.291077e+01 1.672380e+04
1.671338e+04 1.042523e+01 1.672380e+04
1.671549e+04 8.314926e+00 1.672381e+04
1.671729e+04 6.521505e+00 1.672381e+04
1.671882e+04 5.000871e+00 1.672382e+04
1.672013e+04 3.699965e+00 1.672383e+04
1.672124e+04 2.583218e+00 1.672382e+04
1.672219e+04 1.631426e+00 1.672382e+04
1.672301e+04 8.136733e-01 1.672383e+04
1.672372e+04 1.083732e-01 1.672383e+04
1.672433e+04 -5.027192e-01 1.672383e+04
1.672487e+04 -1.024120e+00 1.672384e+04
1.672533e+04 -1.490783e+00 1.672384e+04
1.672575e+04 -1.902576e+00 1.672384e+04
1.672611e+04 -2.268704e+00 1.672384e+04
1.672644e+04 -2.596893e+00 1.672384e+04
1.672674e+04 -2.899106e+00 1.672384e+04
1.672701e+04 -3.164365e+00 1.672385e+04
1.672726e+04 -3.413640e+00 1.672385e+04
1.672749e+04 -3.645082e+00 1.672385e+04
1.672771e+04 -3.850909e+00 1.672386e+04
1.672791e+04 -4.061096e+00 1.672385e+04
1.672811e+04 -4.255813e+00 1.672385e+04
1.672829e+04 -4.442003e+00 1.672385e+04
1.672847e+04 -4.620970e+00 1.672385e+04
1.672865e+04 -4.793721e+00 1.672385e+04
1.672881e+04 -4.961006e+00 1.672385e+04
1.672898e+04 -5.123345e+00 1.672385e+04
1.672913e+04 -5.286559e+00 1.672385e+04
1.672929e+04 -5.439802e+00 1.672385e+04
1.672944e+04 -5.588503e+00 1.672385e+04
1.672958e+04 -5.732446e+00 1.672385e+04
1.672972e+04 -5.876834e+00 1.672384e+04
1.672985e+04 -6.015629e+00 1.672384e+04
1.672998e+04 -6.142644e+00 1.672384e+04
1.673010e+04 -6.262304e+00 1.672384e+04
1.673021e+04 -6.368067e+00 1.672384e+04
1.673031e+04 -6.469437e+00 1.672384e+04
1.673040e+04 -6.559280e+00 1.672384e+04
1.673048e+04 -6.635656e+00 1.672384e+04
1.673054e+04 -6.701771e+00 1.672383e+04
1.673058e+04 -6.749677e+00 1.672383e+04
1.673060e+04 -6.770643e+00 1.672383e+04
1.673059e+04 -6.761109e+00 1.672383e+04
1.673056e+04 -6.727943e+00 1.672383e+04
1.673049e+04 -6.655494e+00 1.672384e+04
1.673039e+04 -6.554767e+00 1.672383e+04
1.673023e+04 -6.403009e+00 1.672383e+04
1.673003e+04 -6.198439e+00 1.672383e+04
1.672976e+04 -5.927371e+00 1.672384e+04
1.672943e+04 -5.591357e+00 1.672383e+04
1.672901e+04 -5.174055e+00 1.672383e+04
1.672850e+04 -4.663124e+00 1.672383e+04
1.672788e+04 -4.044461e+00 1.672383e+04
1.672713e+04 -3.301967e+00 1.672383e+04
1.672625e+04 -2.417271e+00 1.672383e+04
1.672520e+04 -1.369430e+00 1.672383e+04
1.672396e+04 -1.345810e-01 1.672382e+04
1.672251e+04 1.314432e+00 1.672382e+04
1.672081e+04 3.002867e+00 1.672381e+04
1.671883e+04 4.976819e+00 1.672381e+04
1.671653e+04 7.270561e+00 1.672381e+04
1.671387e+04 9.929003e+00 1.672380e+04
1.671079e+04 1.299732e+01 1.672379e+04
1.670724e+04 1.654332e+01 1.672379e+04
1.670315e+04 2.063086e+01 1.672378e+04
1.669846e+04 2.531993e+01 1.672378e+04
1.669308e+04 3.069486e+01 1.672377e+04
1.668692e+04 3.684220e+01 1.672376e+04
1.667990e+04 4.385627e+01 1.672375e+04
1.667190e+04 5.183871e+01 1.672374e+04
1.666284e+04 6.089739e+01 1.672373e+04
1.665258e+04 7.114478e+01 1.672372e+04
1.664101e+04 8.269526e+01 1.672371e+04
1.662804e+04 9.566132e+01 1.672370e+04
1.661354e+04 1.101484e+02 1.672369e+04
1.659743e+04 1.262428e+02 1.672367e+04
1.657964e+04 1.440251e+02 1.672366e+04
1.656013e+04 1.635275e+02 1.672366e+04
1.653891e+04 1.847446e+02 1.672366e+04
1.651604e+04 2.076163e+02 1.672366e+04
1.649165e+04 2.320175e+02 1.672366e+04
1.646592e+04 2.577551e+02 1.672368e+04
1.643915e+04 2.845439e+02 1.672370e+04
1.641167e+04 3.120455e+02 1.672371e+04
1.638387e+04 3.398634e+02 1.672373e+04
1.635617e+04 3.675798e+02 1.672375e+04
1.632896e+04 3.947985e+02 1.672375e+04
1.630252e+04 4.212302e+02 1.672375e+04
1.627699e+04 4.467392e+02 1.672373e+04
1.625223e+04 4.714539e+02 1.672368e+04
1.622774e+04 4.958583e+02 1.672360e+04
1.620258e+04 5.209006e+02 1.672348e+04
1.617526e+04 5.480501e+02 1.672331e+04
1.614360e+04 5.794660e+02 1.672307e+04
1.610469e+04 6.180642e+02 1.672275e+04
1.605470e+04 6.676507e+02 1.672235e+04
1.598879e+04 7.330434e+02 1.672184e+04
1.590106e+04 8.201473e+02 1.672121e+04
1.578460e+04 9.358967e+02 1.672050e+04
1.563203e+04 1.087742e+03 1.671977e+04
1.543684e+04 1.282352e+03 1.671919e+04
1.519624e+04 1.522849e+03 1.671908e+04
1.491574e+04 1.804151e+03 1.671989e+04
1.461496e+04 2.106996e+03 1.672195e+04
1.433124e+04 2.393886e+03 1.672513e+04
1.411553e+04 2.612823e+03 1.672836e+04
1.401664e+04 2.713409e+03 1.673005e+04
1.405945e+04 2.669795e+03 1.672924e+04
1.423224e+04 2.494234e+03 1.672648e+04
1.449376e+04 2.229518e+03 1.672328e+04
1.479367e+04 1.927243e+03 1.672092e+04
1.509090e+04 1.628875e+03 1.671977e+04
1.536089e+04 1.358714e+03 1.671960e+04
1.559370e+04 1.126278e+03 1.671998e+04
1.578867e+04 9.318847e+02 1.672055e+04
1.594959e+04 7.715583e+02 1.672114e+04
1.608165e+04 6.400163e+02 1.672166e+04
1.618995e+04 5.321430e+02 1.672209e+04
1.627891e+04 4.435286e+02 1.672244e+04
1.635215e+04 3.705586e+02 1.672271e+04
1.641259e+04 3.103277e+02 1.672292e+04
1.646258e+04 2.605099e+02 1.672309e+04
1.650399e+04 2.192373e+02 1.672323e+04
1.653833e+04 1.850004e+02 1.672333e+04
1.656685e+04 1.565725e+02 1.672342e+04
1.659054e+04 1.329519e+02 1.672350e+04
1.661024e+04 1.133175e+02 1.672355e+04
1.662661e+04 9.699576e+01 1.672360e+04
1.664021e+04 8.343317e+01 1.672364e+04
1.665150e+04 7.217557e+01 1.672367e+04
1.666085e+04 6.285093e+01 1.672370e+04
1.666856e+04 5.516089e+01 1.672373e+04
1.667489e+04 4.884762e+01 1.672374e+04
1.668004e+04 4.371735e+01 1.672376e+04
1.668416e+04 3.961631e+01 1.672377e+04
1.668737e+04 3.640804e+01 1.672378e+04
1.668978e+04 3.400107e+01 1.672379e+04
1.669147e+04 3.232263e+01 1.672379e+04
1.669247e+04 3.131495e+01 1.672379e+04
1.669284e+04 3.095424e+01 1.672379e+04
1.669258e+04 3.121500e+01 1.672379e+04
1.669170e+04 3.208972e+01 1.672379e+04
1.669021e+04 3.358137e+01 1.672379e+04
1.668809e+04 3.570177e+01 1.672379e+04
1.668531e+04 3.847021e+01 1.672379e+04
1.668187e+04 4.191242e+01 1.672378e+04
1.667772e+04 4.606005e+01 1.672378e+04
1.667282e+04 5.095616e+01 1.672378e+04
1.666714e+04 5.662853e+01 1.672377e+04
1.666062e+04 6.314632e+01 1.672377e+04
1.665319e+04 7.056793e+01 1.672376e+04
1.664478e+04 7.897268e+01 1.672375e+04
1.663528e+04 8.846651e+01 1.672374e+04
1.662456e+04 9.916800e+01 1.672373e+04
1.661246e+04 1.112508e+02 1.672371e+04
1.659875e+04 1.249385e+02 1.672369e+04
1.658316e+04 1.405022e+02 1.672366e+04
1.656531e+04 1.583085e+02 1.672362e+04
1.654476e+04 1.788126e+02 1.672357e+04
1.652093e+04 2.025800e+02 1.672351e+04
1.649314e+04 2.302973e+02 1.672344e+04
1.646058e+04 2.627777e+02 1.672335e+04
1.642231e+04 3.009457e+02 1.672325e+04
1.637732e+04 3.458286e+02 1.672315e+04
1.632459e+04 3.984561e+02 1.672304e+04
1.626318e+04 4.597640e+02 1.672295e+04
1.619248e+04 5.304036e+02 1.672288e+04
1.611239e+04 6.104828e+02 1.672288e+04
1.602373e+04 6.992097e+02 1.672294e+04
1.592855e+04 7.945643e+02 1.672311e+04
1.583041e+04 8.929854e+02 1.672339e+04
1.573445e+04 9.893115e+02 1.672376e+04
1.564706e+04 1.077117e+03 1.672417e+04
1.557499e+04 1.149556e+03 1.672454e+04
1.552413e+04 1.200636e+03 1.672477e+04
1.549821e+04 1.226580e+03 1.672479e+04
1.549778e+04 1.226820e+03 1.672460e+04
1.552013e+04 1.204126e+03 1.672425e+04
1.555993e+04 1.163896e+03 1.672383e+04
1.561058e+04 1.112836e+03 1.672342e+04
1.566556e+04 1.057542e+03 1.672310e+04
1.571949e+04 1.003420e+03 1.672291e+04
1.576872e+04 9.541166e+02 1.672284e+04
1.581143e+04 9.114435e+02 1.672287e+04
1.584736e+04 8.756211e+02 1.672298e+04
1.587744e+04 8.456976e+02 1.672313e+04
1.590329e+04 8.200081e+02 1.672330e+04
1.592684e+04 7.966133e+02 1.672346e+04
1.594994e+04 7.736364e+02 1.672358e+04
1.597407e+04 7.495966e+02 1.672366e+04
1.600017e+04 7.235256e+02 1.672370e+04
1.602860e+04 6.950915e+02 1.672370e+04
1.605912e+04 6.645409e+02 1.672366e+04
1.609097e+04 6.326251e+02 1.672360e+04
1.612306e+04 6.004562e+02 1.672352e+04
1.615408e+04 5.693552e+02 1.672344e+04
1.618264e+04 5.407161e+02 1.672335e+04
1.620737e+04 5.159028e+02 1.672328e+04
1.622702e+04 4.961861e+02 1.672320e+04
1.624042e+04 4.827187e+02 1.672314e+04
1.624653e+04 4.765405e+02 1.672307e+04
1.624440e+04 4.786051e+02 1.672301e+04
1.623312e+04 4.898183e+02 1.672294e+04
1.621178e+04 5.110822e+02 1.672286e+04
1.617942e+04 5.433423e+02 1.672276e+04
1.613502e+04 5.876364e+02 1.672265e+04
1.607737e+04 6.451540e+02 1.672252e+04
1.600508e+04 7.172766e+02 1.672235e+04
1.591646e+04 8.056855e+02 1.672214e+04
1.580946e+04 9.124219e+02 1.672188e+04
1.568159e+04 1.039963e+03 1.672156e+04
1.552996e+04 1.191214e+03 1.672117e+04
1.535145e+04 1.369320e+03 1.672077e+04
1.514345e+04 1.576976e+03 1.672043e+04
1.490530e+04 1.815024e+03 1.672033e+04
1.464086e+04 2.079858e+03 1.672071e+04
1.436195e+04 2.359898e+03 1.672185e+04
1.409143e+04 2.632365e+03 1.672379e+04
1.386275e+04 2.863379e+03 1.672612e+04
1.371307e+04 3.014878e+03 1.672794e+04
1.367015e+04 3.058165e+03 1.672831e+04
1.373973e+04 2.987271e+03 1.672700e+04
1.390251e+04 2.822180e+03 1.672469e+04
1.412334e+04 2.599100e+03 1.672244e+04
1.436571e+04 2.355240e+03 1.672095e+04
1.460256e+04 2.117820e+03 1.672038e+04
1.481950e+04 1.900989e+03 1.672049e+04
1.501257e+04 1.708389e+03 1.672096e+04
1.518392e+04 1.537592e+03 1.672151e+04
1.533800e+04 1.383994e+03 1.672200e+04
1.547909e+04 1.243253e+03 1.672234e+04
1.561014e+04 1.112415e+03 1.672256e+04
1.573258e+04 9.900894e+02 1.672267e+04
1.584666e+04 8.760637e+02 1.672272e+04
1.595194e+04 7.708108e+02 1.672275e+04
1.604779e+04 6.749819e+02 1.672277e+04
1.613373e+04 5.890808e+02 1.672282e+04
1.620958e+04 5.132981e+02 1.672287e+04
1.627547e+04 4.474772e+02 1.672295e+04
1.633187e+04 3.911544e+02 1.672302e+04
1.637945e+04 3.436636e+02 1.672311e+04
1.641900e+04 3.041899e+02 1.672319e+04
1.645141e+04 2.718668e+02 1.672327e+04
1.647752e+04 2.458266e+02 1.672335e+04
1.649818e+04 2.252382e+02 1.672342e+04
1.651415e+04 2.093288e+02 1.672348e+04
1.652614e+04 1.973937e+02 1.672353e+04
1.653478e+04 1.888041e+02 1.672358e+04
1.654064e+04 1.829870e+02 1.672363e+04
1.654423e+04 1.794365e+02 1.672367e+04
1.654600e+04 1.776963e+02 1.672370e+04
1.654636e+04 1.773696e+02 1.672373e+04
1.654566e+04 1.781029e+02 1.672376e+04
1.654421e+04 1.795658e+02 1.672378e+04
1.654232e+04 1.814811e+02 1.672380e+04
1.654021e+04 1.836025e+02 1.672381e+04
1.653811e+04 1.857198e+02 1.672383e+04
1.653617e+04 1.876615e+02 1.672384e+04
1.653454e+04 1.892968e+02 1.672384e+04
1.653330e+04 1.905342e+02 1.672384e+04
1.653249e+04 1.913478e+02 1.672384e+04
1.653208e+04 1.917544e+02 1.672384e+04
1.653200e+04 1.918200e+02 1.672382e+04
1.653211e+04 1.916937e+02 1.672381e+04
1.653219e+04 1.915947e+02 1.672378e+04
1.653192e+04 1.918298e+02 1.672375e+04
1.653090e+04 1.928089e+02 1.672371e+04
1.652859e+04 1.950664e+02 1.672365e+04
1.652429e+04 1.992902e+02 1.672358e+04
1.651713e+04 2.063655e+02 1.672349e+04
1.650597e+04 2.174023e+02 1.672338e+04
1.648940e+04 2.338288e+02 1.672323e+04
1.646560e+04 2.574378e+02 1.672304e+04
1.643234e+04 2.904594e+02 1.672280e+04
1.638691e+04 3.356042e+02 1.672251e+04
1.632615e+04 3.960374e+02 1.672218e+04
1.624663e+04 4.752048e+02 1.672184e+04
1.614514e+04 5.763860e+02 1.672153e+04
1.601954e+04 7.018046e+02 1.672135e+04
1.587027e+04 8.511842e+02 1.672145e+04
1.570228e+04 1.019706e+03 1.672198e+04
1.552706e+04 1.195978e+03 1.672303e+04
1.536333e+04 1.361172e+03 1.672451e+04
1.523498e+04 1.491029e+03 1.672601e+04
1.516519e+04 1.561794e+03 1.672698e+04
1.516862e+04 1.558379e+03 1.672700e+04
1.524546e+04 1.480586e+03 1.672604e+04
1.538137e+04 1.343182e+03 1.672455e+04
1.555324e+04 1.169838e+03 1.672308e+04
1.573708e+04 9.849237e+02 1.672201e+04
1.591394e+04 8.075179e+02 1.672145e+04
1.607205e+04 6.492927e+02 1.672134e+04
1.620619e+04 5.153116e+02 1.672150e+04
1.631568e+04 4.061099e+02 1.672179e+04
1.640242e+04 3.197084e+02 1.672212e+04
1.646934e+04 2.530913e+02 1.672243e+04
1.651953e+04 2.031524e+02 1.672268e+04
1.655573e+04 1.671465e+02 1.672288e+04
1.658012e+04 1.428946e+02 1.672301e+04
1.659426e+04 1.288296e+02 1.672309e+04
1.659913e+04 1.239999e+02 1.672313e+04
1.659513e+04 1.279909e+02 1.672312e+04
1.658218e+04 1.408850e+02 1.672306e+04
1.655977e+04 1.632113e+02 1.672298e+04
1.652706e+04 1.958186e+02 1.672288e+04
1.648302e+04 2.397566e+02 1.672278e+04
1.642668e+04 2.960132e+02 1.672269e+04
1.635747e+04 3.651840e+02 1.672266e+04
1.627579e+04 4.469338e+02 1.672273e+04
1.618360e+04 5.393568e+02 1.672295e+04
1.608504e+04 6.383243e+02 1.672336e+04
1.598687e+04 7.370839e+02 1.672395e+04
1.589816e+04 8.264856e+02 1.672464e+04
1.582913e+04 8.961631e+02 1.672529e+04
1.578907e+04 9.366329e+02 1.672570e+04
1.578395e+04 9.418147e+02 1.672576e+04
1.581461e+04 9.108394e+02 1.672545e+04
1.587653e+04 8.483284e+02 1.672486e+04
1.596120e+04 7.629681e+02 1.672417e+04
1.605843e+04 6.651070e+02 1.672354e+04
1.615863e+04 5.644357e+02 1.672307e+04
1.625428e+04 4.685014e+02 1.672279e+04
1.634045e+04 3.822212e+02 1.672267e+04
1.641453e+04 3.081394e+02 1.672267e+04
1.647570e+04 2.470449e+02 1.672274e+04
1.652419e+04 1.986497e+02 1.672284e+04
1.656076e+04 1.621630e+02 1.672292e+04
1.658623e+04 1.367484e+02 1.672298e+04
1.660120e+04 1.218070e+02 1.672300e+04
1.660576e+04 1.172037e+02 1.672296e+04
1.659936e+04 1.234836e+02 1.672285e+04
1.658060e+04 1.420370e+02 1.672264e+04
1.654701e+04 1.753127e+02 1.672232e+04
1.649482e+04 2.270422e+02 1.672186e+04
1.641883e+04 3.024304e+02 1.672126e+04
1.631236e+04 4.081633e+02 1.672052e+04
1.616781e+04 5.519230e+02 1.671973e+04
1.597827e+04 7.408448e+02 1.671911e+04
1.574091e+04 9.781493e+02 1.671905e+04
1.546269e+04 1.257382e+03 1.672008e+04
1.516719e+04 1.555363e+03 1.672255e+04
1.489792e+04 1.828209e+03 1.672613e+04
1.471118e+04 2.018199e+03 1.672938e+04
1.465505e+04 2.075392e+03 1.673044e+04
1.474488e+04 1.983740e+03 1.672862e+04
1.495437e+04 1.770700e+03 1.672507e+04
1.523033e+04 1.491338e+03 1.672167e+04
1.551805e+04 1.201509e+03 1.671956e+04
1.577888e+04 9.399703e+02 1.671885e+04
1.599386e+04 7.252001e+02 1.671906e+04
1.615875e+04 5.609415e+02 1.671970e+04
1.627720e+04 4.432067e+02 1.672040e+04
1.635558e+04 3.654284e+02 1.672100e+04
1.640013e+04 3.213090e+02 1.672144e+04
1.641564e+04 3.060505e+02 1.672169e+04
1.640510e+04 3.166887e+02 1.672179e+04
1.636979e+04 3.519535e+02 1.672175e+04
1.630968e+04 4.119426e+02 1.672162e+04
1.622398e+04 4.974825e+02 1.672146e+04
1.611211e+04 6.092558e+02 1.672137e+04
1.597507e+04 7.464018e+02 1.672147e+04
1.581719e+04 9.047125e+02 1.672190e+04
1.564810e+04 1.074688e+03 1.672279e+04
1.548378e+04 1.240293e+03 1.672408e+04
1.534554e+04 1.379962e+03 1.672551e+04
1.525576e+04 1.470848e+03 1.672661e+04
1.523117e+04 1.495772e+03 1.672694e+04
1.527667e+04 1.449686e+03 1.672635e+04
1.538340e+04 1.341709e+03 1.672511e+04
1.553237e+04 1.191343e+03 1.672371e+04
1.570118e+04 1.021380e+03 1.672256e+04
1.587031e+04 8.515605e+02 1.672187e+04
1.602630e+04 6.953140e+02 1.672161e+04
1.616206e+04 5.596062e+02 1.672167e+04
1.627547e+04 4.464321e+02 1.672190e+04
1.636748e+04 3.547207e+02 1.672220e+04
1.644066e+04 2.818564e+02 1.672252e+04
1.649807e+04 2.247333e+02 1.672280e+04
1.654271e+04 1.803312e+02 1.672304e+04
1.657725e+04 1.459845e+02 1.672323e+04
1.660392e+04 1.194677e+02 1.672339e+04
1.662452e+04 9.898552e+01 1.672351e+04
1.664048e+04 8.312143e+01 1.672360e+04
1.665290e+04 7.077369e+01 1.672367e+04
1.666263e+04 6.109931e+01 1.672373e+04
1.667034e+04 5.343815e+01 1.672377e+04
1.667650e+04 4.729614e+01 1.672380e+04
1.668151e+04 4.230957e+01 1.672382e+04
1.668565e+04 3.818989e+01 1.672384e+04
1.668913e+04 3.472396e+01 1.672385e+04
1.669211e+04 3.175202e+01 1.672386e+04
1.669472e+04 2.915489e+01 1.672387e+04
1.669703e+04 2.683873e+01 1.672387e+04
1.669913e+04 2.474949e+01 1.672388e+04
1.670104e+04 2.283450e+01 1.672388e+04
1.670282e+04 2.105407e+01 1.672387e+04
1.670448e+04 1.939502e+01 1.672388e+04
1.670604e+04 1.783495e+01 1.672388e+04
1.670752e+04 1.635659e+01 1.672387e+04
1.670891e+04 1.496312e+01 1.672387e+04
1.671023e+04 1.364383e+01 1.672387e+04
1.671148e+04 1.238973e+01 1.672387e+04
1.671266e+04 1.120946e+01 1.672387e+04
1.671377e+04 1.009584e+01 1.672387e+04
1.671482e+04 9.047515e+00 1.672387e+04
1.671581e+04 8.063189e+00 1.672387e+04
1.671673e+04 7.141521e+00 1.672387e+04
1.671759e+04 6.281007e+00 1.672387e+04
1.671839e+04 5.479936e+00 1.672387e+04
1.671913e+04 4.736372e+00 1.672387e+04
1.671982e+04 4.048158e+00 1.672387e+04
1.672046e+04 3.412940e+00 1.672387e+04
1.672104e+04 2.828195e+00 1.672387e+04
1.672158e+04 2.296668e+00 1.672388e+04
1.672207e+04 1.804723e+00 1.672388e+04
1.672252e+04 1.355049e+00 1.672388e+04
1.672293e+04 9.448241e-01 1.672388e+04
1.672331e+04 5.712380e-01 1.672388e+04
1.672365e+04 2.315227e-01 1.672388e+04
1.672395e+04 -7.702311e-02 1.672388e+04
1.672423e+04 -3.516572e-01 1.672388e+04
1.672449e+04 -6.057427e-01 1.672388e+04
1.672472e+04 -8.361703e-01 1.672388e+04
1.672493e+04 -1.045206e+00 1.672388e+04
1.672512e+04 -1.234984e+00 1.672388e+04
1.672529e+04 -1.407501e+00 1.672388e+04
1.672545e+04 -1.564616e+00 1.672388e+04
1.672559e+04 -1.708055e+00 1.672388e+04
1.672572e+04 -1.833934e+00 1.672389e+04
1.672584e+04 -1.949307e+00 1.672390e+04
1.672596e+04 -2.060883e+00 1.672390e+04
1.672606e+04 -2.164378e+00 1.672390e+04
1.672616e+04 -2.260893e+00 1.672390e+04
1.672625e+04 -2.351425e+00 1.672390e+04
1.672633e+04 -2.436867e+00 1.672390e+04
1.672641e+04 -2.518024e+00 1.672390e+04
1.672649e+04 -2.595611e+00 1.672390e+04
1.672657e+04 -2.664814e+00 1.672390e+04
1.672664e+04 -2.731834e+00 1.672391e+04
1.672671e+04 -2.802524e+00 1.672391e+04
1.672678e+04 -2.866382e+00 1.672391e+04
1.672685e+04 -2.934785e+00 1.672391e+04
1.672691e+04 -3.002445e+00 1.672391e+04
1.672698e+04 -3.064216e+00 1.672392e+04
1.672705e+04 -3.131297e+00 1.672392e+04
1.672712e+04 -3.192982e+00 1.672392e+04
1.672718e+04 -3.260315e+00 1.672392e+04
1.672725e+04 -3.327961e+00 1.672392e+04
1.672732e+04 -3.396037e+00 1.672392e+04
1.672739e+04 -3.459216e+00 1.672393e+04
1.672746e+04 -3.528511e+00 1.672393e+04
1.672753e+04 -3.592994e+00 1.672393e+04
1.672760e+04 -3.663753e+00 1.672393e+04
1.672767e+04 -3.729785e+00 1.672394e+04
1.672774e+04 -3.807551e+00 1.672393e+04
1.672782e+04 -3.880727e+00 1.672393e+04
1.672789e+04 -3.954639e+00 1.672393e+04
1.672796e+04 -4.029274e+00 1.672393e+04
1.672804e+04 -4.099154e+00 1.672394e+04
1.672812e+04 -4.175318e+00 1.672394e+04
1.672819e+04 -4.252116e+00 1.672394e+04
1.672827e+04 -4.329514e+00 1.672394e+04
1.672835e+04 -4.413085e+00 1.672393e+04
1.672843e+04 -4.491713e+00 1.672393e+04
1.672851e+04 -4.576342e+00 1.672393e+04
1.672858e+04 -4.655937e+00 1.672393e+04
1.672866e+04 -4.735921e+00 1.672393e+04
1.672875e+04 -4.821737e+00 1.672392e+04
1.672883e+04 -4.902653e+00 1.672392e+04
1.672891e+04 -4.978520e+00 1.672393e+04
1.672899e+04 -5.060160e+00 1.672393e+04
1.672907e+04 -5.136520e+00 1.672393e+04
1.672915e+04 -5.218549e+00 1.672393e+04
1.672924e+04 -5.300708e+00 1.672393e+04
1.672932e+04 -5.382970e+00 1.672393e+04
1.672940e+04 -5.465310e+00 1.672393e+04
1.672948e+04 -5.547772e+00 1.672393e+04
1.672956e+04 -5.630346e+00 1.672393e+04
1.672965e+04 -5.712946e+00 1.672393e+04
1.672973e+04 -5.795558e+00 1.672393e+04
1.672981e+04 -5.878172e+00 1.672393e+04
1.672990e+04 -5.960778e+00 1.672393e+04
1.672998e+04 -6.043365e+00 1.672393e+04
1.673006e+04 -6.125921e+00 1.672393e+04
1.673014e+04 -6.208433e+00 1.672393e+04
1.673023e+04 -6.290885e+00 1.672393e+04
1.673031e+04 -6.373253e+00 1.672393e+04
1.673039e+04 -6.455510e+00 1.672393e+04
1.673047e+04 -6.543143e+00 1.672393e+04
1.673055e+04 -6.625109e+00 1.672393e+04
1.673064e+04 -6.706818e+00 1.672393e+04
1.673072e+04 -6.788197e+00 1.672393e+04
1.673080e+04 -6.869156e+00 1.672393e+04
1.673088e+04 -6.955169e+00 1.672392e+04
1.673096e+04 -7.035107e+00 1.672392e+04
1.673104e+04 -7.114231e+00 1.672392e+04
1.673112e+04 -7.192358e+00 1.672392e+04
1.673119e+04 -7.269274e+00 1.672392e+04
1.673127e+04 -7.344729e+00 1.672392e+04
1.673134e+04 -7.418436e+00 1.672392e+04
1.673141e+04 -7.490063e+00 1.672392e+04
1.673148e+04 -7.559231e+00 1.672392e+04
1.673155e+04 -7.620045e+00 1.672393e+04
1.673161e+04 -7.682966e+00 1.672393e+04
1.673167e+04 -7.741924e+00 1.672393e+04
1.673172e+04 -7.796272e+00 1.672393e+04
1.673177e+04 -7.839852e+00 1.672393e+04
1.673182e+04 -7.882740e+00 1.672393e+04
1.673185e+04 -7.913014e+00 1.672394e+04
1.673188e+04 -7.940588e+00 1.672394e+04
1.673190e+04 -7.958645e+00 1.672394e+04
1.673190e+04 -7.971237e+00 1.672393e+04
1.673190e+04 -7.965767e+00 1.672393e+04
1.673188e+04 -7.945812e+00 1.672393e+04
1.673184e+04 -7.909209e+00 1.672393e+04
1.673179e+04 -7.853476e+00 1.672393e+04
1.673171e+04 -7.775764e+00 1.672393e+04
1.673160e+04 -7.678453e+00 1.672393e+04
1.673147e+04 -7.546658e+00 1.672393e+04
1.673131e+04 -7.381508e+00 1.672393e+04
1.673110e+04 -7.183491e+00 1.672392e+04
1.673086e+04 -6.930530e+00 1.672392e+04
1.673056e+04 -6.626938e+00 1.672393e+04
1.673020e+04 -6.276107e+00 1.672392e+04
1.672977e+04 -5.852613e+00 1.672392e+04
1.672927e+04 -5.346225e+00 1.672393e+04
1.672868e+04 -4.756167e+00 1.672393e+04
1.672799e+04 -4.063351e+00 1.672392e+04
1.672717e+04 -3.252099e+00 1.672392e+04
1.672623e+04 -2.309912e+00 1.672392e+04
1.672512e+04 -1.204924e+00 1.672391e+04
1.672383e+04 8.162280e-02 1.672391e+04
1.672233e+04 1.577576e+00 1.672391e+04
1.672059e+04 3.315063e+00 1.672391e+04
1.671857e+04 5.331130e+00 1.672390e+04
1.671623e+04 7.668465e+00 1.672390e+04
1.671352e+04 1.037622e+01 1.672389e+04
1.671038e+04 1.351092e+01 1.672389e+04
1.670674e+04 1.713752e+01 1.672388e+04
1.670254e+04 2.132503e+01 1.672387e+04
1.669769e+04 2.616974e+01 1.672386e+04
1.669209e+04 3.176394e+01 1.672385e+04
1.668562e+04 3.822474e+01 1.672384e+04
1.667816e+04 4.566864e+01 1.672383e+04
1.666957e+04 5.424676e+01 1.672382e+04
1.665967e+04 6.412012e+01 1.672379e+04
1.664828e+04 7.549105e+01 1.672377e+04
1.663517e+04 8.857580e+01 1.672375e+04
1.662009e+04 1.036350e+02 1.672372e+04
1.660270e+04 1.209817e+02 1.672368e+04
1.658263e+04 1.409992e+02 1.672363e+04
1.655937e+04 1.641948e+02 1.672357e+04
1.653222e+04 1.912547e+02 1.672348e+04
1.650021e+04 2.231418e+02 1.672335e+04
1.646186e+04 2.612975e+02 1.672316e+04
1.641491e+04 3.079400e+02 1.672285e+04
1.635577e+04 3.665937e+02 1.672236e+04
1.627868e+04 4.429125e+02 1.672159e+04
1.617438e+04 5.459818e+02 1.672036e+04
1.602815e+04 6.902778e+02 1.671843e+04
1.581739e+04 8.981539e+02 1.671554e+04
1.550971e+04 1.201932e+03 1.671164e+04
1.506558e+04 1.641901e+03 1.670748e+04
1.445459e+04 2.251197e+03 1.670579e+04
1.369864e+04 3.013067e+03 1.671171e+04
1.293609e+04 3.792147e+03 1.672823e+04
1.243249e+04 4.313238e+03 1.674572e+04
1.243099e+04 4.314856e+03 1.674584e+04
1.293312e+04 3.795269e+03 1.672839e+04
1.369656e+04 3.015088e+03 1.671165e+04
1.445324e+04 2.252255e+03 1.670550e+04
1.506162e+04 1.645445e+03 1.670706e+04
1.549774e+04 1.213433e+03 1.671117e+04
1.579116e+04 9.239000e+02 1.671506e+04
1.598125e+04 7.367033e+02 1.671796e+04
1.610054e+04 6.193619e+02 1.671990e+04
1.617198e+04 5.491715e+02 1.672115e+04
1.621078e+04 5.111705e+02 1.672195e+04
1.622684e+04 4.956241e+02 1.672247e+04
1.622680e+04 4.960338e+02 1.672283e+04
1.621534e+04 5.077633e+02 1.672310e+04
1.619618e+04 5.271518e+02 1.672333e+04
1.617257e+04 5.509783e+02 1.672354e+04
1.614756e+04 5.761896e+02 1.672375e+04
1.612410e+04 5.998247e+02 1.672393e+04
1.610496e+04 6.191299e+02 1.672409e+04
1.609248e+04 6.317281e+02 1.672421e+04
1.608838e+04 6.358902e+02 1.672427e+04
1.609351e+04 6.307376e+02 1.672425e+04
1.610777e+04 6.164052e+02 1.672418e+04
1.613009e+04 5.939561e+02 1.672405e+04
1.615862e+04 5.652628e+02 1.672388e+04
1.619093e+04 5.327698e+02 1.672370e+04
1.622433e+04 4.991855e+02 1.672352e+04
1.625608e+04 4.672638e+02 1.672334e+04
1.628354e+04 4.396340e+02 1.672317e+04
1.630429e+04 4.187229e+02 1.672302e+04
1.631612e+04 4.067505e+02 1.672287e+04
1.631695e+04 4.057656e+02 1.672271e+04
1.630488e+04 4.176900e+02 1.672257e+04
1.627813e+04 4.442925e+02 1.672242e+04
1.623520e+04 4.870925e+02 1.672229e+04
1.617510e+04 5.471083e+02 1.672221e+04
1.609785e+04 6.243757e+02 1.672223e+04
1.600512e+04 7.172915e+02 1.672241e+04
1.590101e+04 8.217719e+02 1.672279e+04
1.579270e+04 9.306841e+02 1.672339e+04
1.569047e+04 1.033688e+03 1.672416e+04
1.560668e+04 1.118262e+03 1.672494e+04
1.555355e+04 1.171983e+03 1.672553e+04
1.554007e+04 1.185678e+03 1.672575e+04
1.556940e+04 1.156111e+03 1.672551e+04
1.563785e+04 1.087056e+03 1.672490e+04
1.573613e+04 9.879972e+02 1.672413e+04
1.585212e+04 8.712782e+02 1.672339e+04
1.597380e+04 7.490360e+02 1.672283e+04
1.609141e+04 6.310812e+02 1.672249e+04
1.619825e+04 5.240877e+02 1.672234e+04
1.629050e+04 4.318196e+02 1.672232e+04
1.636643e+04 3.559311e+02 1.672236e+04
1.642556e+04 2.968514e+02 1.672241e+04
1.646776e+04 2.546528e+02 1.672241e+04
1.649253e+04 2.297823e+02 1.672232e+04
1.649835e+04 2.237086e+02 1.672206e+04
1.648192e+04 2.396622e+02 1.672158e+04
1.643733e+04 2.834592e+02 1.672079e+04
1.635502e+04 3.645457e+02 1.671957e+04
1.622072e+04 4.970975e+02 1.671782e+04
1.601503e+04 7.005477e+02 1.671558e+04
1.571553e+04 9.977560e+02 1.671329e+04
1.530521e+04 1.406975e+03 1.671219e+04
1.479214e+04 1.922388e+03 1.671453e+04
1.423908e+04 2.483147e+03 1.672223e+04
1.377969e+04 2.953421e+03 1.673311e+04
1.357647e+04 3.162885e+03 1.673935e+04
1.371641e+04 3.018670e+03 1.673508e+04
1.414028e+04 2.584145e+03 1.672442e+04
1.469195e+04 2.023776e+03 1.671572e+04
1.522625e+04 1.486159e+03 1.671240e+04
1.566647e+04 1.046575e+03 1.671305e+04
1.599636e+04 7.189156e+02 1.671528e+04
1.623037e+04 4.872708e+02 1.671764e+04
1.639141e+04 3.281524e+02 1.671956e+04
1.650058e+04 2.203848e+02 1.672097e+04
1.657416e+04 1.477824e+02 1.672194e+04
1.662372e+04 9.887654e+01 1.672260e+04
1.665719e+04 6.583420e+01 1.672303e+04
1.667990e+04 4.341900e+01 1.672331e+04
1.669537e+04 2.813303e+01 1.672351e+04
1.670598e+04 1.765429e+01 1.672363e+04
1.671328e+04 1.043512e+01 1.672372e+04
1.671834e+04 5.439363e+00 1.672378e+04
1.672185e+04 1.969415e+00 1.672381e+04
1.672429e+04 -4.528319e-01 1.672384e+04
1.672599e+04 -2.138460e+00 1.672385e+04
1.672718e+04 -3.319509e+00 1.672386e+04
1.672801e+04 -4.137295e+00 1.672387e+04
1.672858e+04 -4.703125e+00 1.672388e+04
1.672897e+04 -5.090892e+00 1.672388e+04
1.672924e+04 -5.358016e+00 1.672388e+04
1.672941e+04 -5.530229e+00 1.672388e+04
1.672952e+04 -5.638846e+00 1.672388e+04
1.672958e+04 -5.713867e+00 1.672387e+04
1.672962e+04 -5.746234e+00 1.672387e+04
1.672963e+04 -5.751023e+00 1.672388e+04
1.672962e+04 -5.746157e+00 1.672388e+04
1.672961e+04 -5.731084e+00 1.672388e+04
1.672959e+04 -5.709522e+00 1.672388e+04
1.672956e+04 -5.684217e+00 1.672388e+04
1.672954e+04 -5.651850e+00 1.672388e+04
1.672951e+04 -5.619359e+00 1.672389e+04
1.672948e+04 -5.598819e+00 1.672388e+04
1.672946e+04 -5.574638e+00 1.672388e+04
1.672944e+04 -5.552938e+00 1.672388e+04
1.672942e+04 -5.534210e+00 1.672388e+04
1.672940e+04 -5.518816e+00 1.672388e+04
1.672939e+04 -5.512538e+00 1.672388e+04
1.672938e+04 -5.504604e+00 1.672388e+04
1.672938e+04 -5.500572e+00 1.672388e+04
1.672938e+04 -5.500503e+00 1.672388e+04
1.672938e+04 -5.504409e+00 1.672388e+04
1.672939e+04 -5.512256e+00 1.672388e+04
1.672940e+04 -5.529568e+00 1.672387e+04
1.672942e+04 -5.539757e+00 1.672388e+04
1.672944e+04 -5.553680e+00 1.672388e+04
1.672946e+04 -5.576623e+00 1.672388e+04
1.672949e+04 -5.602783e+00 1.672388e+04
1.672952e+04 -5.631908e+00 1.672388e+04
1.672955e+04 -5.658256e+00 1.672389e+04
1.672958e+04 -5.692503e+00 1.672389e+04
1.672962e+04 -5.734283e+00 1.672388e+04
1.672966e+04 -5.772240e+00 1.672388e+04
1.672970e+04 -5.811309e+00 1.672388e+04
1.672974e+04 -5.850978e+00 1.672388e+04
1.672978e+04 -5.890676e+00 1.672388e+04
1.672981e+04 -5.929771e+00 1.672388e+04
1.672985e+04 -5.967556e+00 1.672388e+04
1.672989e+04 -6.003246e+00 1.672388e+04
1.672992e+04 -6.035967e+00 1.672388e+04
1.672995e+04 -6.064746e+00 1.672388e+04
1.672997e+04 -6.083085e+00 1.672389e+04
1.672999e+04 -6.100778e+00 1.672389e+04
1.673000e+04 -6.110878e+00 1.672389e+04
1.673000e+04 -6.111883e+00 1.672389e+04
1.672999e+04 -6.102116e+00 1.672389e+04
1.672997e+04 -6.079706e+00 1.672389e+04
1.672993e+04 -6.042570e+00 1.672389e+04
1.672988e+04 -5.988382e+00 1.672389e+04
1.672980e+04 -5.914550e+00 1.672389e+04
1.672971e+04 -5.818187e+00 1.672389e+04
1.672958e+04 -5.696074e+00 1.672389e+04
1.672943e+04 -5.544623e+00 1.672389e+04
1.672925e+04 -5.359834e+00 1.672389e+04
1.672902e+04 -5.137250e+00 1.672389e+04
1.672876e+04 -4.871897e+00 1.672389e+04
1.672844e+04 -4.558228e+00 1.672389e+04
1.672807e+04 -4.190046e+00 1.672388e+04
1.672764e+04 -3.760422e+00 1.672388e+04
1.672715e+04 -3.261603e+00 1.672388e+04
1.672657e+04 -2.684898e+00 1.672388e+04
1.672590e+04 -2.020547e+00 1.672388e+04
1.672514e+04 -1.257572e+00 1.672388e+04
1.672426e+04 -3.835922e-01 1.672388e+04
1.672326e+04 6.207394e-01 1.672388e+04
1.672212e+04 1.760235e+00 1.672388e+04
1.672082e+04 3.058630e+00 1.672388e+04
1.671934e+04 4.536494e+00 1.672388e+04
1.671766e+04 6.217370e+00 1.672388e+04
1.671575e+04 8.128289e+00 1.672387e+04
1.671357e+04 1.030040e+01 1.672387e+04
1.671110e+04 1.276973e+01 1.672387e+04
1.670828e+04 1.557806e+01 1.672386e+04
1.670508e+04 1.877407e+01 1.672386e+04
1.670144e+04 2.241457e+01 1.672385e+04
1.669728e+04 2.656608e+01 1.672385e+04
1.669253e+04 3.130669e+01 1.672384e+04
1.668710e+04 3.672818e+01 1.672383e+04
1.668088e+04 4.293854e+01 1.672382e+04
1.667374e+04 5.006487e+01 1.672381e+04
1.666553e+04 5.825109e+01 1.672378e+04
1.665608e+04 6.768344e+01 1.672377e+04
1.664518e+04 7.856132e+01 1.672375e+04
1.663260e+04 9.112808e+01 1.672373e+04
1.661805e+04 1.056523e+02 1.672371e+04
1.660123e+04 1.224347e+02 1.672367e+04
1.658179e+04 1.418458e+02 1.672364e+04
1.655935e+04 1.642505e+02 1.672360e+04
1.653350e+04 1.900565e+02 1.672356e+04
1.650385e+04 2.196666e+02 1.672352e+04
1.647003e+04 2.534461e+02 1.672347e+04
1.643175e+04 2.916947e+02 1.672344e+04
1.638888e+04 3.345440e+02 1.672343e+04
1.634154e+04 3.818888e+02 1.672343e+04
1.629019e+04 4.332737e+02 1.672346e+04
1.623575e+04 4.877846e+02 1.672354e+04
1.617972e+04 5.439287e+02 1.672365e+04
1.612418e+04 5.996189e+02 1.672380e+04
1.607179e+04 6.521940e+02 1.672399e+04
1.602559e+04 6.985917e+02 1.672418e+04
1.598870e+04 7.356563e+02 1.672435e+04
1.596393e+04 7.605549e+02 1.672448e+04
1.595332e+04 7.712241e+02 1.672454e+04
1.595779e+04 7.667341e+02 1.672452e+04
1.597696e+04 7.474621e+02 1.672442e+04
1.600924e+04 7.150218e+02 1.672426e+04
1.605210e+04 6.719707e+02 1.672407e+04
1.610249e+04 6.213843e+02 1.672388e+04
1.615730e+04 5.664144e+02 1.672371e+04
1.621365e+04 5.099221e+02 1.672357e+04
1.626921e+04 4.542719e+02 1.672349e+04
1.632223e+04 4.012107e+02 1.672344e+04
1.637154e+04 3.518827e+02 1.672343e+04
1.641650e+04 3.069384e+02 1.672344e+04
1.645684e+04 2.666285e+02 1.672347e+04
1.649260e+04 2.308944e+02 1.672350e+04
1.652401e+04 1.995283e+02 1.672354e+04
1.655141e+04 1.721752e+02 1.672358e+04
1.657517e+04 1.484510e+02 1.672362e+04
1.659570e+04 1.279557e+02 1.672366e+04
1.661339e+04 1.103150e+02 1.672370e+04
1.662858e+04 9.515197e+01 1.672373e+04
1.664160e+04 8.216042e+01 1.672376e+04
1.665271e+04 7.106342e+01 1.672378e+04
1.666217e+04 6.162426e+01 1.672379e+04
1.667016e+04 5.364458e+01 1.672381e+04
1.667686e+04 4.696176e+01 1.672382e+04
1.668238e+04 4.144625e+01 1.672383e+04
1.668683e+04 3.699907e+01 1.672383e+04
1.669029e+04 3.354981e+01 1.672384e+04
1.669278e+04 3.105524e+01 1.672384e+04
1.669434e+04 2.949865e+01 1.672384e+04
1.669495e+04 2.888421e+01 1.672383e+04
1.669456e+04 2.926013e+01 1.672382e+04
1.669313e+04 3.068706e+01 1.672382e+04
1.669054e+04 3.326246e+01 1.672380e+04
1.668667e+04 3.711830e+01 1.672379e+04
1.668135e+04 4.241945e+01 1.672377e+04
1.667435e+04 4.938451e+01 1.672374e+04
1.666543e+04 5.827939e+01 1.672371e+04
1.665427e+04 6.941081e+01 1.672368e+04
1.664050e+04 8.314553e+01 1.672364e+04
1.662369e+04 9.990535e+01 1.672360e+04
1.660339e+04 1.201627e+02 1.672355e+04
1.657907e+04 1.444285e+02 1.672350e+04
1.655022e+04 1.732226e+02 1.672344e+04
1.651634e+04 2.070547e+02 1.672339e+04
1.647702e+04 2.463224e+02 1.672335e+04
1.643206e+04 2.912685e+02 1.672333e+04
1.638153e+04 3.418001e+02 1.672333e+04
1.632598e+04 3.973963e+02 1.672338e+04
1.626654e+04 4.569257e+02 1.672347e+04
1.620509e+04 5.185219e+02 1.672362e+04
1.614429e+04 5.795282e+02 1.672381e+04
1.608747e+04 6.365794e+02 1.672405e+04
1.603841e+04 6.858677e+02 1.672428e+04
1.600088e+04 7.236026e+02 1.672448e+04
1.597801e+04 7.465979e+02 1.672461e+04
1.597178e+04 7.528535e+02 1.672464e+04
1.598260e+04 7.419569e+02 1.672456e+04
1.600921e+04 7.151739e+02 1.672438e+04
1.604896e+04 6.751951e+02 1.672416e+04
1.609829e+04 6.256266e+02 1.672391e+04
1.615330e+04 5.703855e+02 1.672369e+04
1.621035e+04 5.131624e+02 1.672351e+04
1.626633e+04 4.570539e+02 1.672339e+04
1.631892e+04 4.043916e+02 1.672331e+04
1.636655e+04 3.567354e+02 1.672328e+04
1.640831e+04 3.149738e+02 1.672329e+04
1.644384e+04 2.794779e+02 1.672332e+04
1.647312e+04 2.502352e+02 1.672336e+04
1.649638e+04 2.270191e+02 1.672340e+04
1.651396e+04 2.094756e+02 1.672344e+04
1.652627e+04 1.972073e+02 1.672348e+04
1.653368e+04 1.898262e+02 1.672351e+04
1.653655e+04 1.869860e+02 1.672353e+04
1.653515e+04 1.883983e+02 1.672355e+04
1.652973e+04 1.938367e+02 1.672357e+04
1.652044e+04 2.031323e+02 1.672357e+04
1.650742e+04 2.161603e+02 1.672358e+04
1.649076e+04 2.328192e+02 1.672358e+04
1.647059e+04 2.530018e+02 1.672359e+04
1.644704e+04 2.765583e+02 1.672360e+04
1.642037e+04 3.032510e+02 1.672362e+04
1.639094e+04 3.327035e+02 1.672365e+04
1.635935e+04 3.643531e+02 1.672370e+04
1.632638e+04 3.973822e+02 1.672377e+04
1.629313e+04 4.307278e+02 1.672386e+04
1.626092e+04 4.630392e+02 1.672396e+04
1.623131e+04 4.927628e+02 1.672407e+04
1.620596e+04 5.182200e+02 1.672418e+04
1.618651e+04 5.377626e+02 1.672428e+04
1.617439e+04 5.499574e+02 1.672435e+04
1.617061e+04 5.537724e+02 1.672438e+04
1.617564e+04 5.487255e+02 1.672437e+04
1.618936e+04 5.349543e+02 1.672431e+04
1.621101e+04 5.132209e+02 1.672423e+04
1.623935e+04 4.847662e+02 1.672412e+04
1.627282e+04 4.511847e+02 1.672400e+04
1.630970e+04 4.141914e+02 1.672389e+04
1.634833e+04 3.754586e+02 1.672379e+04
1.638722e+04 3.364932e+02 1.672371e+04
1.642514e+04 2.985195e+02 1.672366e+04
1.646116e+04 2.624720e+02 1.672363e+04
1.649464e+04 2.289764e+02 1.672361e+04
1.652519e+04 1.984166e+02 1.672361e+04
1.655266e+04 1.709605e+02 1.672362e+04
1.657702e+04 1.466168e+02 1.672363e+04
1.659837e+04 1.252821e+02 1.672365e+04
1.661689e+04 1.067815e+02 1.672367e+04
1.663280e+04 9.090034e+01 1.672370e+04
1.664631e+04 7.740838e+01 1.672372e+04
1.665766e+04 6.608212e+01 1.672374e+04
1.666706e+04 5.669982e+01 1.672376e+04
1.667472e+04 4.905994e+01 1.672378e+04
1.668080e+04 4.299578e+01 1.672379e+04
1.668544e+04 3.836104e+01 1.672380e+04
1.668877e+04 3.504127e+01 1.672382e+04
1.669089e+04 3.293178e+01 1.672382e+04
1.669186e+04 3.196954e+01 1.672383e+04
1.669172e+04 3.211018e+01 1.672383e+04
1.669049e+04 3.333229e+01 1.672383e+04
1.668819e+04 3.563616e+01 1.672382e+04
1.668478e+04 3.904247e+01 1.672382e+04
1.668023e+04 4.359086e+01 1.672382e+04
1.667447e+04 4.933823e+01 1.672381e+04
1.666745e+04 5.635669e+01 1.672380e+04
1.665906e+04 6.473092e+01 1.672379e+04
1.664923e+04 7.455468e+01 1.672378e+04
1.663785e+04 8.592629e+01 1.672377e+04
1.662482e+04 9.893725e+01 1.672376e+04
1.661006e+04 1.136867e+02 1.672375e+04
1.659351e+04 1.302395e+02 1.672374e+04
1.657510e+04 1.486365e+02 1.672374e+04
1.655486e+04 1.688767e+02 1.672374e+04
1.653284e+04 1.909027e+02 1.672375e+04
1.650917e+04 2.145854e+02 1.672376e+04
1.648407e+04 2.397095e+02 1.672378e+04
1.645784e+04 2.659496e+02 1.672379e+04
1.643092e+04 2.929109e+02 1.672383e+04
1.640383e+04 3.200389e+02 1.672387e+04
1.637721e+04 3.467025e+02 1.672392e+04
1.635179e+04 3.721777e+02 1.672397e+04
1.632834e+04 3.956822e+02 1.672402e+04
1.630766e+04 4.164156e+02 1.672407e+04
1.629051e+04 4.336144e+02 1.672413e+04
1.627758e+04 4.465799e+02 1.672416e+04
1.626939e+04 4.547815e+02 1.672417e+04
1.626631e+04 4.578705e+02 1.672418e+04
1.626847e+04 4.557066e+02 1.672417e+04
1.627576e+04 4.483874e+02 1.672415e+04
1.628788e+04 4.362347e+02 1.672411e+04
1.630430e+04 4.197662e+02 1.672407e+04
1.632436e+04 3.996457e+02 1.672401e+04
1.634731e+04 3.766565e+02 1.672396e+04
1.637232e+04 3.515962e+02 1.672391e+04
1.639861e+04 3.252573e+02 1.672387e+04
1.642543e+04 2.983790e+02 1.672381e+04
1.645213e+04 2.716442e+02 1.672378e+04
1.647815e+04 2.456003e+02 1.672375e+04
1.650303e+04 2.206966e+02 1.672373e+04
1.652644e+04 1.972760e+02 1.672372e+04
1.654813e+04 1.755844e+02 1.672371e+04
1.656792e+04 1.557849e+02 1.672371e+04
1.658574e+04 1.379734e+02 1.672371e+04
1.660152e+04 1.221952e+02 1.672371e+04
1.661526e+04 1.084599e+02 1.672372e+04
1.662697e+04 9.675455e+01 1.672372e+04
1.663667e+04 8.705538e+01 1.672372e+04
1.664439e+04 7.933560e+01 1.672373e+04
1.665016e+04 7.357137e+01 1.672373e+04
1.665399e+04 6.974453e+01 1.672373e+04
1.665589e+04 6.784251e+01 1.672373e+04
1.665588e+04 6.785506e+01 1.672373e+04
1.665397e+04 6.976243e+01 1.672373e+04
1.665019e+04 7.354796e+01 1.672373e+04
1.664459e+04 7.915819e+01 1.672375e+04
1.663727e+04 8.648863e+01 1.672376e+04
1.662838e+04 9.539513e+01 1.672377e+04
1.661814e+04 1.056570e+02 1.672380e+04
1.660686e+04 1.169705e+02 1.672383e+04
1.659492e+04 1.289433e+02 1.672386e+04
1.658281e+04 1.411039e+02 1.672391e+04
1.657106e+04 1.528954e+02 1.672395e+04
1.656026e+04 1.637394e+02 1.672400e+04
1.655098e+04 1.730566e+02 1.672404e+04
1.654374e+04 1.803272e+02 1.672407e+04
1.653894e+04 1.851483e+02 1.672409e+04
1.653680e+04 1.872888e+02 1.672409e+04
1.653733e+04 1.867348e+02 1.672407e+04
1.654031e+04 1.837180e+02 1.672403e+04
1.654524e+04 1.787300e+02 1.672397e+04
1.655136e+04 1.725308e+02 1.672389e+04
1.655766e+04 1.661309e+02 1.672379e+04
1.656281e+04 1.608498e+02 1.672366e+04
1.656516e+04 1.583296e+02 1.672349e+04
1.656258e+04 1.606913e+02 1.672327e+04
1.655224e+04 1.707205e+02 1.672296e+04
1.653032e+04 1.921974e+02 1.672251e+04
1.649149e+04 2.304039e+02 1.672189e+04
1.642827e+04 2.927465e+02 1.672101e+04
1.633025e+04 3.895442e+02 1.671980e+04
1.618359e+04 5.346277e+02 1.671821e+04
1.597140e+04 7.449984e+02 1.671640e+04
1.567706e+04 1.037834e+03 1.671489e+04
1.529308e+04 1.421742e+03 1.671482e+04
1.483805e+04 1.879786e+03 1.671783e+04
1.437647e+04 2.348169e+03 1.672464e+04
1.402114e+04 2.711547e+03 1.673268e+04
1.389112e+04 2.845183e+03 1.673630e+04
1.403740e+04 2.694971e+03 1.673237e+04
1.440453e+04 2.319751e+03 1.672428e+04
1.487231e+04 1.845327e+03 1.671764e+04
1.532991e+04 1.384912e+03 1.671482e+04
1.571546e+04 9.995525e+02 1.671501e+04
1.601222e+04 7.043518e+02 1.671657e+04
1.622851e+04 4.898737e+02 1.671839e+04
1.638119e+04 3.387596e+02 1.671995e+04
1.648703e+04 2.341224e+02 1.672116e+04
1.655966e+04 1.623586e+02 1.672202e+04
1.660917e+04 1.134428e+02 1.672261e+04
1.664269e+04 8.033646e+01 1.672302e+04
1.666509e+04 5.819393e+01 1.672329e+04
1.667968e+04 4.378447e+01 1.672346e+04
1.668861e+04 3.496137e+01 1.672357e+04
1.669328e+04 3.035779e+01 1.672364e+04
1.669451e+04 2.916648e+01 1.672368e+04
1.669271e+04 3.097894e+01 1.672368e+04
1.668793e+04 3.573845e+01 1.672366e+04
1.667994e+04 4.367720e+01 1.672361e+04
1.666820e+04 5.534379e+01 1.672354e+04
1.665183e+04 7.160618e+01 1.672344e+04
1.662958e+04 9.370967e+01 1.672329e+04
1.659971e+04 1.233857e+02 1.672310e+04
1.655991e+04 1.629279e+02 1.672284e+04
1.650722e+04 2.152905e+02 1.672251e+04
1.643798e+04 2.841337e+02 1.672212e+04
1.634793e+04 3.737311e+02 1.672167e+04
1.623263e+04 4.885949e+02 1.672123e+04
1.608838e+04 6.325145e+02 1.672089e+04
1.591396e+04 8.068895e+02 1.672085e+04
1.571333e+04 1.008003e+03 1.672134e+04
1.549871e+04 1.223830e+03 1.672254e+04
1.529251e+04 1.431887e+03 1.672440e+04
1.512558e+04 1.600856e+03 1.672644e+04
1.502961e+04 1.698217e+03 1.672783e+04
1.502556e+04 1.702328e+03 1.672789e+04
1.511436e+04 1.612221e+03 1.672658e+04
1.527650e+04 1.448066e+03 1.672457e+04
1.548072e+04 1.241945e+03 1.672267e+04
1.569574e+04 1.025655e+03 1.672139e+04
1.589827e+04 8.225827e+02 1.672085e+04
1.607527e+04 6.455833e+02 1.672086e+04
1.622222e+04 4.989529e+02 1.672118e+04
1.634001e+04 3.816140e+02 1.672162e+04
1.643220e+04 2.898722e+02 1.672208e+04
1.650325e+04 2.192265e+02 1.672248e+04
1.655747e+04 1.653446e+02 1.672282e+04
1.659860e+04 1.244818e+02 1.672308e+04
1.662970e+04 9.358734e+01 1.672329e+04
1.665318e+04 7.026238e+01 1.672344e+04
1.667090e+04 5.266207e+01 1.672356e+04
1.668426e+04 3.938748e+01 1.672365e+04
1.669433e+04 2.938797e+01 1.672372e+04
1.670188e+04 2.188042e+01 1.672376e+04
1.670751e+04 1.628563e+01 1.672380e+04
1.671164e+04 1.217442e+01 1.672382e+04
1.671458e+04 9.254078e+00 1.672384e+04
1.671654e+04 7.304205e+00 1.672384e+04
1.671764e+04 6.202936e+00 1.672385e+04
1.671797e+04 5.877638e+00 1.672385e+04
1.671752e+04 6.315895e+00 1.672384e+04
1.671625e+04 7.582031e+00 1.672383e+04
1.671402e+04 9.783902e+00 1.672381e+04
1.671066e+04 1.312739e+01 1.672378e+04
1.670585e+04 1.789600e+01 1.672375e+04
1.669920e+04 2.449823e+01 1.672370e+04
1.669014e+04 3.349829e+01 1.672364e+04
1.667789e+04 4.566510e+01 1.672355e+04
1.666140e+04 6.203681e+01 1.672343e+04
1.663928e+04 8.400865e+01 1.672328e+04
1.660967e+04 1.134105e+02 1.672308e+04
1.657016e+04 1.526454e+02 1.672281e+04
1.651768e+04 2.047890e+02 1.672247e+04
1.644846e+04 2.736110e+02 1.672207e+04
1.635816e+04 3.634655e+02 1.672162e+04
1.624229e+04 4.788943e+02 1.672119e+04
1.609730e+04 6.235845e+02 1.672088e+04
1.592234e+04 7.985585e+02 1.672090e+04
1.572213e+04 9.993562e+02 1.672149e+04
1.550996e+04 1.212833e+03 1.672280e+04
1.530939e+04 1.415348e+03 1.672474e+04
1.515176e+04 1.575004e+03 1.672676e+04
1.506792e+04 1.660098e+03 1.672802e+04
1.507654e+04 1.651344e+03 1.672789e+04
1.517565e+04 1.550777e+03 1.672642e+04
1.534357e+04 1.380785e+03 1.672436e+04
1.554854e+04 1.173960e+03 1.672250e+04
1.576016e+04 9.611489e+02 1.672131e+04
1.595670e+04 7.641455e+02 1.672084e+04
1.612658e+04 5.943139e+02 1.672090e+04
1.626635e+04 4.548929e+02 1.672124e+04
1.637749e+04 3.442092e+02 1.672169e+04
1.646385e+04 2.582953e+02 1.672214e+04
1.652993e+04 1.926010e+02 1.672253e+04
1.658001e+04 1.428465e+02 1.672286e+04
1.661773e+04 1.053840e+02 1.672311e+04
1.664604e+04 7.726946e+01 1.672331e+04
1.666725e+04 5.620432e+01 1.672345e+04
1.668314e+04 4.043009e+01 1.672357e+04
1.669503e+04 2.861857e+01 1.672365e+04
1.670394e+04 1.977429e+01 1.672371e+04
1.671060e+04 1.315460e+01 1.672376e+04
1.671558e+04 8.206962e+00 1.672379e+04
1.671930e+04 4.520968e+00 1.672382e+04
1.672204e+04 1.797692e+00 1.672384e+04
1.672405e+04 -1.992269e-01 1.672385e+04
1.672549e+04 -1.630260e+00 1.672386e+04
1.672649e+04 -2.616942e+00 1.672387e+04
1.672712e+04 -3.247023e+00 1.672388e+04
1.672746e+04 -3.582316e+00 1.672388e+04
1.672755e+04 -3.658906e+00 1.672389e+04
1.672740e+04 -3.518759e+00 1.672388e+04
1.672704e+04 -3.151710e+00 1.672389e+04
1.672646e+04 -2.574573e+00 1.672389e+04
1.672566e+04 -1.766187e+00 1.672389e+04
1.672461e+04 -7.122274e-01 1.672389e+04
1.672328e+04 6.124047e-01 1.672389e+04
1.672163e+04 2.254027e+00 1.672389e+04
1.671962e+04 4.265071e+00 1.672388e+04
1.671716e+04 6.710998e+00 1.672387e+04
1.671419e+04 9.672157e+00 1.672387e+04
1.671061e+04 1.324611e+01 1.672386e+04
1.670629e+04 1.755039e+01 1.672384e+04
1.670110e+04 2.272570e+01 1.672383e+04
1.669487e+04 2.893954e+01 1.672381e+04
1.668740e+04 3.639005e+01 1.672379e+04
1.667846e+04 4.530993e+01 1.672377e+04
1.666777e+04 5.597008e+01 1.672374e+04
1.665503e+04 6.868226e+01 1.672371e+04
1.663988e+04 8.379982e+01 1.672368e+04
1.662192e+04 1.017152e+02 1.672364e+04
1.660074e+04 1.228518e+02 1.672359e+04
1.657590e+04 1.476539e+02 1.672356e+04
1.654698e+04 1.765252e+02 1.672350e+04
1.651360e+04 2.098532e+02 1.672346e+04
1.647553e+04 2.479014e+02 1.672343e+04
1.643271e+04 2.907097e+02 1.672342e+04
1.638542e+04 3.380224e+02 1.672344e+04
1.633434e+04 3.891602e+02 1.672350e+04
1.628069e+04 4.429084e+02 1.672359e+04
1.622629e+04 4.974398e+02 1.672373e+04
1.617360e+04 5.503141e+02 1.672391e+04
1.612551e+04 5.985927e+02 1.672410e+04
1.608520e+04 6.390966e+02 1.672430e+04
1.605565e+04 6.687952e+02 1.672445e+04
1.603927e+04 6.852642e+02 1.672454e+04
1.603744e+04 6.871051e+02 1.672455e+04
1.605026e+04 6.742085e+02 1.672447e+04
1.607654e+04 6.477777e+02 1.672432e+04
1.611403e+04 6.101065e+02 1.672413e+04
1.615975e+04 5.641801e+02 1.672393e+04
1.621053e+04 5.132168e+02 1.672375e+04
1.626334e+04 4.602609e+02 1.672360e+04
1.631559e+04 4.078998e+02 1.672349e+04
1.636530e+04 3.581253e+02 1.672342e+04
1.641108e+04 3.123175e+02 1.672339e+04
1.645208e+04 2.713128e+02 1.672339e+04
1.648789e+04 2.355133e+02 1.672340e+04
1.651842e+04 2.050071e+02 1.672343e+04
1.654378e+04 1.796782e+02 1.672346e+04
1.656420e+04 1.592968e+02 1.672349e+04
1.657993e+04 1.435886e+02 1.672352e+04
1.659126e+04 1.322889e+02 1.672355e+04
1.659841e+04 1.251532e+02 1.672357e+04
1.660157e+04 1.220050e+02 1.672357e+04
1.660083e+04 1.227452e+02 1.672357e+04
1.659624e+04 1.273224e+02 1.672357e+04
1.658778e+04 1.357725e+02 1.672356e+04
1.657537e+04 1.481706e+02 1.672354e+04
1.655889e+04 1.646355e+02 1.672353e+04
1.653821e+04 1.852932e+02 1.672350e+04
1.651323e+04 2.102691e+02 1.672350e+04
1.648390e+04 2.395860e+02 1.672349e+04
1.645034e+04 2.731588e+02 1.672350e+04
1.641282e+04 3.106974e+02 1.672352e+04
1.637193e+04 3.516362e+02 1.672356e+04
1.632857e+04 3.950652e+02 1.672364e+04
1.628405e+04 4.396825e+02 1.672374e+04
1.624007e+04 4.837924e+02 1.672386e+04
1.619863e+04 5.253697e+02 1.672400e+04
1.616193e+04 5.622067e+02 1.672414e+04
1.613212e+04 5.921384e+02 1.672426e+04
1.611102e+04 6.133203e+02 1.672434e+04
1.609986e+04 6.245096e+02 1.672437e+04
1.609909e+04 6.252594e+02 1.672435e+04
1.610824e+04 6.160254e+02 1.672426e+04
1.612603e+04 5.980995e+02 1.672413e+04
1.615053e+04 5.734429e+02 1.672398e+04
1.617941e+04 5.444099e+02 1.672382e+04
1.621018e+04 5.134824e+02 1.672366e+04
1.624048e+04 4.830443e+02 1.672352e+04
1.626817e+04 4.552332e+02 1.672341e+04
1.629143e+04 4.318795e+02 1.672331e+04
1.630871e+04 4.145178e+02 1.672322e+04
1.631869e+04 4.044511e+02 1.672315e+04
1.632022e+04 4.028384e+02 1.672306e+04
1.631215e+04 4.108180e+02 1.672296e+04
1.629329e+04 4.295678e+02 1.672285e+04
1.626233e+04 4.604038e+02 1.672273e+04
1.621780e+04 5.047827e+02 1.672258e+04
1.615811e+04 5.643028e+02 1.672241e+04
1.608170e+04 6.405656e+02 1.672226e+04
1.598725e+04 7.348712e+02 1.672212e+04
1.587419e+04 8.478738e+02 1.672206e+04
1.574323e+04 9.788820e+02 1.672211e+04
1.559713e+04 1.125214e+03 1.672235e+04
1.544127e+04 1.281506e+03 1.672278e+04
1.528380e+04 1.439560e+03 1.672336e+04
1.513488e+04 1.589091e+03 1.672397e+04
1.500489e+04 1.719556e+03 1.672444e+04
1.490178e+04 1.822813e+03 1.672460e+04
1.482877e+04 1.895605e+03 1.672437e+04
1.478330e+04 1.940543e+03 1.672384e+04
1.475822e+04 1.964989e+03 1.672321e+04
1.474454e+04 1.978157e+03 1.672269e+04
1.473473e+04 1.987756e+03 1.672249e+04
1.472525e+04 1.997386e+03 1.672264e+04
1.471750e+04 2.005592e+03 1.672310e+04
1.471705e+04 2.006648e+03 1.672370e+04
1.473153e+04 1.992725e+03 1.672426e+04
1.476787e+04 1.956719e+03 1.672459e+04
1.482991e+04 1.894711e+03 1.672462e+04
1.491716e+04 1.807208e+03 1.672437e+04
1.502515e+04 1.698794e+03 1.672395e+04
1.514691e+04 1.576582e+03 1.672349e+04
1.527482e+04 1.448289e+03 1.672310e+04
1.540214e+04 1.320707e+03 1.672284e+04
1.552385e+04 1.198865e+03 1.672271e+04
1.563677e+04 1.085916e+03 1.672268e+04
1.573930e+04 9.834257e+02 1.672272e+04
1.583098e+04 8.918215e+02 1.672280e+04
1.591208e+04 8.108251e+02 1.672290e+04
1.598322e+04 7.397839e+02 1.672300e+04
1.604520e+04 6.778930e+02 1.672309e+04
1.609885e+04 6.243241e+02 1.672318e+04
1.614496e+04 5.782905e+02 1.672325e+04
1.618424e+04 5.390718e+02 1.672332e+04
1.621735e+04 5.060173e+02 1.672337e+04
1.624488e+04 4.785388e+02 1.672342e+04
1.626737e+04 4.561008e+02 1.672347e+04
1.628530e+04 4.382043e+02 1.672350e+04
1.629914e+04 4.244005e+02 1.672354e+04
1.630932e+04 4.142519e+02 1.672357e+04
1.631625e+04 4.073547e+02 1.672361e+04
1.632032e+04 4.033110e+02 1.672364e+04
1.632190e+04 4.017606e+02 1.672366e+04
1.632132e+04 4.023614e+02 1.672368e+04
1.631891e+04 4.047974e+02 1.672370e+04
1.631494e+04 4.087819e+02 1.672372e+04
1.630967e+04 4.140613e+02 1.672373e+04
1.630333e+04 4.204162e+02 1.672375e+04
1.629609e+04 4.276617e+02 1.672375e+04
1.628812e+04 4.356499e+02 1.672377e+04
1.627953e+04 4.442406e+02 1.672377e+04
1.627045e+04 4.533296e+02 1.672378e+04
1.626100e+04 4.627894e+02 1.672379e+04
1.625131e+04 4.724908e+02 1.672380e+04
1.624155e+04 4.822620e+02 1.672381e+04
1.623195e+04 4.918713e+02 1.672382e+04
1.622281e+04 5.010356e+02 1.672385e+04
1.621449e+04 5.093824e+02 1.672388e+04
1.620743e+04 5.164755e+02 1.672391e+04
1.620212e+04 5.218267e+02 1.672394e+04
1.619905e+04 5.249252e+02 1.672398e+04
1.619873e+04 5.252774e+02 1.672401e+04
1.620158e+04 5.224533e+02 1.672403e+04
1.620791e+04 5.161330e+02 1.672404e+04
1.621790e+04 5.061458e+02 1.672404e+04
1.623154e+04 4.924957e+02 1.672403e+04
1.624864e+04 4.753684e+02 1.672401e+04
1.626886e+04 4.551190e+02 1.672398e+04
1.629170e+04 4.322419e+02 1.672394e+04
1.631658e+04 4.073290e+02 1.672390e+04
1.634284e+04 3.810266e+02 1.672387e+04
1.636987e+04 3.539678e+02 1.672383e+04
1.639704e+04 3.267649e+02 1.672380e+04
1.642382e+04 2.999574e+02 1.672378e+04
1.644976e+04 2.739987e+02 1.672376e+04
1.647450e+04 2.492483e+02 1.672374e+04
1.649776e+04 2.259722e+02 1.672374e+04
1.651938e+04 2.043501e+02 1.672373e+04
1.653925e+04 1.844866e+02 1.672374e+04
1.655732e+04 1.664245e+02 1.672374e+04
1.657359e+04 1.501582e+02 1.672375e+04
1.658811e+04 1.356465e+02 1.672376e+04
1.660094e+04 1.228239e+02 1.672376e+04
1.661216e+04 1.116101e+02 1.672377e+04
1.662186e+04 1.019183e+02 1.672378e+04
1.663013e+04 9.366105e+01 1.672379e+04
1.663704e+04 8.675527e+01 1.672380e+04
1.664268e+04 8.112612e+01 1.672380e+04
1.664710e+04 7.670979e+01 1.672381e+04
1.665036e+04 7.345573e+01 1.672381e+04
1.665248e+04 7.132854e+01 1.672381e+04
1.665350e+04 7.030959e+01 1.672381e+04
1.665341e+04 7.039872e+01 1.672381e+04
1.665219e+04 7.162145e+01 1.672381e+04
1.664980e+04 7.400932e+01 1.672381e+04
1.664616e+04 7.763021e+01 1.672379e+04
1.664119e+04 8.259170e+01 1.672378e+04
1.663475e+04 8.901834e+01 1.672377e+04
1.662667e+04 9.707958e+01 1.672375e+04
1.661673e+04 1.069923e+02 1.672373e+04
1.660467e+04 1.190256e+02 1.672369e+04
1.659012e+04 1.335366e+02 1.672365e+04
1.657265e+04 1.509554e+02 1.672361e+04
1.655172e+04 1.718307e+02 1.672355e+04
1.652662e+04 1.968552e+02 1.672347e+04
1.649647e+04 2.269043e+02 1.672338e+04
1.646017e+04 2.630873e+02 1.672326e+04
1.641629e+04 3.068133e+02 1.672311e+04
1.636307e+04 3.598463e+02 1.672292e+04
1.629828e+04 4.243895e+02 1.672267e+04
1.621922e+04 5.031481e+02 1.672237e+04
1.612269e+04 5.993370e+02 1.672203e+04
1.600512e+04 7.165262e+02 1.672165e+04
1.586301e+04 8.582815e+02 1.672129e+04
1.569370e+04 1.027347e+03 1.672104e+04
1.549685e+04 1.224206e+03 1.672106e+04
1.527654e+04 1.444968e+03 1.672150e+04
1.504359e+04 1.678938e+03 1.672252e+04
1.481700e+04 1.907071e+03 1.672407e+04
1.462252e+04 2.103250e+03 1.672577e+04
1.448704e+04 2.239982e+03 1.672703e+04
1.442969e+04 2.297564e+03 1.672726e+04
1.445417e+04 2.272172e+03 1.672634e+04
1.454710e+04 2.177591e+03 1.672469e+04
1.468363e+04 2.039336e+03 1.672297e+04
1.483635e+04 1.885282e+03 1.672163e+04
1.498256e+04 1.738298e+03 1.672085e+04
1.510739e+04 1.613182e+03 1.672057e+04
1.520349e+04 1.517140e+03 1.672063e+04
1.526916e+04 1.451746e+03 1.672090e+04
1.530644e+04 1.414851e+03 1.672129e+04
1.531996e+04 1.401820e+03 1.672178e+04
1.531622e+04 1.406122e+03 1.672235e+04
1.530334e+04 1.419640e+03 1.672298e+04
1.529053e+04 1.433108e+03 1.672363e+04
1.528723e+04 1.436987e+03 1.672422e+04
1.530177e+04 1.422847e+03 1.672462e+04
1.533984e+04 1.384934e+03 1.672478e+04
1.540332e+04 1.321336e+03 1.672466e+04
1.549004e+04 1.234283e+03 1.672432e+04
1.559456e+04 1.129315e+03 1.672387e+04
1.570967e+04 1.013766e+03 1.672343e+04
1.582797e+04 8.951053e+02 1.672307e+04
1.594316e+04 7.796817e+02 1.672284e+04
1.605063e+04 6.721001e+02 1.672273e+04
1.614760e+04 5.751153e+02 1.672272e+04
1.623281e+04 4.899640e+02 1.672278e+04
1.630615e+04 4.167246e+02 1.672288e+04
1.636824e+04 3.547495e+02 1.672299e+04
1.642009e+04 3.030147e+02 1.672311e+04
1.646290e+04 2.603247e+02 1.672322e+04
1.649784e+04 2.254869e+02 1.672332e+04
1.652602e+04 1.973932e+02 1.672341e+04
1.654842e+04 1.750622e+02 1.672348e+04
1.656589e+04 1.576534e+02 1.672354e+04
1.657913e+04 1.444647e+02 1.672359e+04
1.658871e+04 1.349274e+02 1.672364e+04
1.659510e+04 1.285701e+02 1.672367e+04
1.659865e+04 1.250311e+02 1.672369e+04
1.659966e+04 1.240440e+02 1.672370e+04
1.659832e+04 1.253921e+02 1.672371e+04
1.659477e+04 1.289354e+02 1.672371e+04
1.658913e+04 1.345845e+02 1.672371e+04
1.658143e+04 1.422799e+02 1.672371e+04
1.657171e+04 1.520006e+02 1.672371e+04
1.655996e+04 1.637496e+02 1.672371e+04
1.654616e+04 1.775453e+02 1.672370e+04
1.653029e+04 1.934115e+02 1.672370e+04
1.651233e+04 2.113660e+02 1.672369e+04
1.649229e+04 2.314013e+02 1.672369e+04
1.647020e+04 2.534913e+02 1.672369e+04
1.644615e+04 2.775398e+02 1.672369e+04
1.642032e+04 3.033831e+02 1.672370e+04
1.639296e+04 3.307631e+02 1.672372e+04
1.636444e+04 3.593089e+02 1.672375e+04
1.633526e+04 3.885212e+02 1.672379e+04
1.630607e+04 4.177654e+02 1.672383e+04
1.627761e+04 4.462773e+02 1.672388e+04
1.625076e+04 4.731784e+02 1.672394e+04
1.622646e+04 4.975387e+02 1.672400e+04
1.620565e+04 5.184021e+02 1.672406e+04
1.618922e+04 5.348808e+02 1.672410e+04
1.617791e+04 5.462285e+02 1.672414e+04
1.617224e+04 5.519137e+02 1.672416e+04
1.617248e+04 5.516747e+02 1.672415e+04
1.617858e+04 5.455479e+02 1.672413e+04
1.619023e+04 5.338614e+02 1.672409e+04
1.620685e+04 5.171980e+02 1.672404e+04
1.622766e+04 4.963324e+02 1.672399e+04
1.625177e+04 4.721553e+02 1.672393e+04
1.627828e+04 4.455959e+02 1.672387e+04
1.630627e+04 4.175535e+02 1.672382e+04
1.633494e+04 3.888396e+02 1.672378e+04
1.636358e+04 3.601658e+02 1.672375e+04
1.639163e+04 3.320951e+02 1.672372e+04
1.641865e+04 3.050573e+02 1.672370e+04
1.644432e+04 2.793746e+02 1.672370e+04
1.646845e+04 2.552504e+02 1.672370e+04
1.649092e+04 2.327880e+02 1.672370e+04
1.651167e+04 2.120380e+02 1.672371e+04
1.653072e+04 1.929935e+02 1.672372e+04
1.654811e+04 1.756121e+02 1.672373e+04
1.656391e+04 1.598287e+02 1.672374e+04
1.657818e+04 1.455611e+02 1.672374e+04
1.659101e+04 1.327404e+02 1.672375e+04
1.660247e+04 1.212854e+02 1.672375e+04
1.661263e+04 1.111293e+02 1.672376e+04
1.662154e+04 1.022195e+02 1.672376e+04
1.662924e+04 9.451623e+01 1.672376e+04
1.663574e+04 8.801869e+01 1.672376e+04
1.664102e+04 8.273727e+01 1.672376e+04
1.664503e+04 7.872628e+01 1.672375e+04
1.664768e+04 7.606349e+01 1.672374e+04
1.664883e+04 7.489252e+01 1.672373e+04
1.664829e+04 7.541201e+01 1.672370e+04
1.664578e+04 7.789605e+01 1.672367e+04
1.664092e+04 8.271283e+01 1.672363e+04
1.663323e+04 9.034845e+01 1.672358e+04
1.662207e+04 1.014360e+02 1.672351e+04
1.660663e+04 1.167902e+02 1.672342e+04
1.658586e+04 1.374470e+02 1.672331e+04
1.655847e+04 1.647034e+02 1.672317e+04
1.652285e+04 2.001524e+02 1.672300e+04
1.647711e+04 2.456950e+02 1.672280e+04
1.641908e+04 3.035058e+02 1.672258e+04
1.634644e+04 3.759072e+02 1.672235e+04
1.625705e+04 4.650918e+02 1.672214e+04
1.614939e+04 5.726171e+02 1.672201e+04
1.602341e+04 6.986193e+02 1.672203e+04
1.588155e+04 8.407332e+02 1.672228e+04
1.572981e+04 9.930085e+02 1.672282e+04
1.557843e+04 1.145213e+03 1.672364e+04
1.544123e+04 1.283350e+03 1.672458e+04
1.533339e+04 1.391999e+03 1.672539e+04
1.526747e+04 1.458297e+03 1.672576e+04
1.524939e+04 1.476155e+03 1.672555e+04
1.527627e+04 1.448535e+03 1.672481e+04
1.533736e+04 1.386462e+03 1.672382e+04
1.541765e+04 1.305230e+03 1.672288e+04
1.550229e+04 1.219919e+03 1.672221e+04
1.557985e+04 1.142030e+03 1.672188e+04
1.564379e+04 1.078086e+03 1.672187e+04
1.569231e+04 1.029798e+03 1.672211e+04
1.572734e+04 9.951515e+02 1.672249e+04
1.575312e+04 9.697993e+02 1.672292e+04
1.577486e+04 9.484523e+02 1.672331e+04
1.579750e+04 9.261045e+02 1.672361e+04
1.582476e+04 8.990111e+02 1.672377e+04
1.585849e+04 8.652914e+02 1.672378e+04
1.589848e+04 8.251766e+02 1.672366e+04
1.594262e+04 7.808077e+02 1.672343e+04
1.598735e+04 7.357854e+02 1.672314e+04
1.602823e+04 6.945752e+02 1.672281e+04
1.606046e+04 6.620122e+02 1.672247e+04
1.607927e+04 6.428800e+02 1.672215e+04
1.608022e+04 6.416323e+02 1.672185e+04
1.605947e+04 6.621244e+02 1.672160e+04
1.601424e+04 7.072026e+02 1.672144e+04
1.594346e+04 7.779892e+02 1.672145e+04
1.584897e+04 8.727661e+02 1.672174e+04
1.573678e+04 9.856181e+02 1.672240e+04
1.561817e+04 1.105270e+03 1.672344e+04
1.550952e+04 1.215196e+03 1.672471e+04
1.542993e+04 1.295964e+03 1.672589e+04
1.539652e+04 1.330049e+03 1.672656e+04
1.541893e+04 1.307555e+03 1.672649e+04
1.549591e+04 1.229790e+03 1.672570e+04
1.561590e+04 1.108624e+03 1.672453e+04
1.576148e+04 9.619017e+02 1.672338e+04
1.591479e+04 8.077332e+02 1.672252e+04
1.606165e+04 6.604061e+02 1.672206e+04
1.619312e+04 5.287964e+02 1.672192e+04
1.630511e+04 4.169012e+02 1.672201e+04
1.639705e+04 3.251734e+02 1.672223e+04
1.647048e+04 2.520074e+02 1.672249e+04
1.652789e+04 1.948600e+02 1.672275e+04
1.657201e+04 1.509728e+02 1.672298e+04
1.660541e+04 1.177642e+02 1.672317e+04
1.663033e+04 9.299565e+01 1.672333e+04
1.664861e+04 7.483697e+01 1.672345e+04
1.666174e+04 6.180514e+01 1.672354e+04
1.667086e+04 5.276364e+01 1.672362e+04
1.667687e+04 4.680632e+01 1.672368e+04
1.668046e+04 4.325828e+01 1.672372e+04
1.668215e+04 4.160274e+01 1.672375e+04
1.668233e+04 4.144887e+01 1.672378e+04
1.668129e+04 4.250176e+01 1.672380e+04
1.667927e+04 4.453890e+01 1.672381e+04
1.667643e+04 4.739200e+01 1.672382e+04
1.667289e+04 5.093298e+01 1.672383e+04
1.666877e+04 5.506330e+01 1.672383e+04
1.666413e+04 5.971115e+01 1.672384e+04
1.665904e+04 6.479791e+01 1.672384e+04
1.665356e+04 7.029343e+01 1.672385e+04
1.664772e+04 7.613594e+01 1.672385e+04
1.664157e+04 8.228926e+01 1.672386e+04
1.663514e+04 8.871331e+01 1.672386e+04
1.662849e+04 9.536807e+01 1.672386e+04
1.662165e+04 1.022071e+02 1.672386e+04
1.661466e+04 1.091988e+02 1.672386e+04
1.660757e+04 1.162934e+02 1.672386e+04
1.660042e+04 1.234452e+02 1.672386e+04
1.659326e+04 1.306074e+02 1.672387e+04
1.658614e+04 1.377332e+02 1.672387e+04
1.657909e+04 1.447775e+02 1.672387e+04
1.657218e+04 1.516980e+02 1.672387e+04
1.656542e+04 1.584581e+02 1.672388e+04
1.655885e+04 1.650286e+02 1.672388e+04
1.655248e+04 1.713915e+02 1.672388e+04
1.654633e+04 1.775425e+02 1.672387e+04
1.654038e+04 1.834892e+02 1.672386e+04
1.653458e+04 1.892771e+02 1.672386e+04
1.652889e+04 1.949608e+02 1.672385e+04
1.652321e+04 2.006299e+02 1.672384e+04
1.651742e+04 2.064031e+02 1.672382e+04
1.651135e+04 2.124549e+02 1.672380e+04
1.650479e+04 2.189878e+02 1.672378e+04
1.649750e+04 2.262597e+02 1.672376e+04
1.648914e+04 2.345831e+02 1.672373e+04
1.647936e+04 2.443298e+02 1.672369e+04
1.646771e+04 2.559342e+02 1.672365e+04
1.645370e+04 2.698940e+02 1.672360e+04
1.643678e+04 2.867654e+02 1.672354e+04
1.641633e+04 3.071523e+02 1.672349e+04
1.639174e+04 3.316820e+02 1.672343e+04
1.636240e+04 3.609603e+02 1.672336e+04
1.632778e+04 3.955296e+02 1.672331e+04
1.628754e+04 4.357451e+02 1.672328e+04
1.624160e+04 4.816738e+02 1.672328e+04
1.619037e+04 5.329398e+02 1.672331e+04
1.613483e+04 5.885639e+02 1.672339e+04
1.607671e+04 6.468265e+02 1.672353e+04
1.601852e+04 7.052049e+02 1.672372e+04
1.596349e+04 7.604512e+02 1.672395e+04
1.591531e+04 8.088622e+02 1.672417e+04
1.587761e+04 8.467548e+02 1.672436e+04
1.585339e+04 8.710834e+02 1.672447e+04
1.584441e+04 8.800580e+02 1.672447e+04
1.585076e+04 8.735835e+02 1.672434e+04
1.587074e+04 8.533750e+02 1.672412e+04
1.590111e+04 8.227180e+02 1.672383e+04
1.593758e+04 7.859281e+02 1.672351e+04
1.597544e+04 7.477601e+02 1.672320e+04
1.601011e+04 7.128207e+02 1.672293e+04
1.603753e+04 6.851693e+02 1.672270e+04
1.605445e+04 6.680848e+02 1.672253e+04
1.605843e+04 6.639867e+02 1.672242e+04
1.604801e+04 6.743537e+02 1.672236e+04
1.602270e+04 6.996693e+02 1.672237e+04
1.598316e+04 7.393067e+02 1.672246e+04
1.593134e+04 7.913073e+02 1.672265e+04
1.587072e+04 8.522260e+02 1.672294e+04
1.580623e+04 9.170894e+02 1.672332e+04
1.574408e+04 9.796687e+02 1.672374e+04
1.569095e+04 1.033187e+03 1.672414e+04
1.565296e+04 1.071450e+03 1.672441e+04
1.563433e+04 1.090164e+03 1.672449e+04
1.563633e+04 1.088015e+03 1.672435e+04
1.565691e+04 1.067094e+03 1.672401e+04
1.569107e+04 1.032476e+03 1.672355e+04
1.573193e+04 9.911294e+02 1.672306e+04
1.577204e+04 9.505746e+02 1.672261e+04
1.580457e+04 9.176919e+02 1.672226e+04
1.582410e+04 8.979322e+02 1.672203e+04
1.582697e+04 8.949399e+02 1.672191e+04
1.581142e+04 9.104808e+02 1.672190e+04
1.577744e+04 9.445446e+02 1.672199e+04
1.572659e+04 9.955546e+02 1.672214e+04
1.566164e+04 1.060694e+03 1.672233e+04
1.558612e+04 1.136400e+03 1.672252e+04
1.550358e+04 1.219053e+03 1.672263e+04
1.541689e+04 1.305754e+03 1.672264e+04
1.532760e+04 1.394922e+03 1.672253e+04
1.523601e+04 1.486349e+03 1.672236e+04
1.514200e+04 1.580277e+03 1.672227e+04
1.504688e+04 1.675555e+03 1.672243e+04
1.495568e+04 1.767300e+03 1.672298e+04
1.487868e+04 1.845206e+03 1.672389e+04
1.483085e+04 1.894087e+03 1.672494e+04
1.482822e+04 1.897507e+03 1.672573e+04
1.488212e+04 1.843750e+03 1.672587e+04
1.499409e+04 1.731185e+03 1.672528e+04
1.515445e+04 1.569722e+03 1.672417e+04
1.534553e+04 1.377441e+03 1.672297e+04
1.554741e+04 1.174602e+03 1.672201e+04
1.574305e+04 9.784165e+02 1.672146e+04
1.592092e+04 8.003738e+02 1.672129e+04
1.607518e+04 6.462270e+02 1.672141e+04
1.620439e+04 5.172807e+02 1.672167e+04
1.630990e+04 4.120925e+02 1.672199e+04
1.639448e+04 3.278344e+02 1.672231e+04
1.646135e+04 2.612630e+02 1.672261e+04
1.651366e+04 2.092029e+02 1.672286e+04
1.655421e+04 1.688567e+02 1.672307e+04
1.658537e+04 1.378628e+02 1.672324e+04
1.660907e+04 1.142941e+02 1.672337e+04
1.662686e+04 9.661084e+01 1.672347e+04
1.663995e+04 8.360424e+01 1.672356e+04
1.664930e+04 7.431411e+01 1.672362e+04
1.665566e+04 6.801303e+01 1.672367e+04
1.665959e+04 6.411177e+01 1.672370e+04
1.666155e+04 6.218240e+01 1.672373e+04
1.666188e+04 6.187923e+01 1.672376e+04
1.666085e+04 6.292115e+01 1.672378e+04
1.665869e+04 6.510027e+01 1.672379e+04
1.665555e+04 6.824561e+01 1.672380e+04
1.665159e+04 7.221710e+01 1.672381e+04
1.664692e+04 7.689667e+01 1.672382e+04
1.664164e+04 8.218109e+01 1.672382e+04
1.663585e+04 8.797649e+01 1.672383e+04
1.662964e+04 9.419408e+01 1.672384e+04
1.662309e+04 1.007471e+02 1.672384e+04
1.661630e+04 1.075540e+02 1.672385e+04
1.660934e+04 1.145209e+02 1.672386e+04
1.660232e+04 1.215523e+02 1.672387e+04
1.659531e+04 1.285624e+02 1.672388e+04
1.658842e+04 1.354650e+02 1.672389e+04
1.658173e+04 1.421592e+02 1.672389e+04
1.657533e+04 1.485644e+02 1.672390e+04
1.656930e+04 1.546064e+02 1.672391e+04
1.656371e+04 1.602039e+02 1.672391e+04
1.655861e+04 1.653032e+02 1.672391e+04
1.655406e+04 1.698642e+02 1.672392e+04
1.655008e+04 1.738454e+02 1.672392e+04
1.654669e+04 1.772309e+02 1.672392e+04
1.654389e+04 1.800361e+02 1.672392e+04
1.654166e+04 1.822619e+02 1.672393e+04
1.654000e+04 1.839248e+02 1.672392e+04
1.653886e+04 1.850585e+02 1.672392e+04
1.653823e+04 1.856942e+02 1.672392e+04
1.653806e+04 1.858611e+02 1.672392e+04
1.653834e+04 1.855829e+02 1.672392e+04
1.653905e+04 1.848691e+02 1.672391e+04
1.654018e+04 1.837290e+02 1.672391e+04
1.654175e+04 1.821603e+02 1.672391e+04
1.654378e+04 1.801385e+02 1.672392e+04
1.654628e+04 1.776354e+02 1.672392e+04
1.654931e+04 1.746172e+02 1.672392e+04
1.655288e+04 1.710436e+02 1.672392e+04
1.655703e+04 1.668946e+02 1.672392e+04
1.656178e+04 1.621484e+02 1.672393e+04
1.656715e+04 1.567856e+02 1.672393e+04
1.657311e+04 1.508210e+02 1.672393e+04
1.657964e+04 1.442828e+02 1.672393e+04
1.658670e+04 1.372135e+02 1.672392e+04
1.659422e+04 1.296912e+02 1.672391e+04
1.660211e+04 1.217933e+02 1.672390e+04
1.661028e+04 1.136151e+02 1.672390e+04
1.661863e+04 1.052597e+02 1.672389e+04
1.662705e+04 9.683300e+01 1.672388e+04
1.663543e+04 8.843914e+01 1.672387e+04
1.664369e+04 8.018154e+01 1.672387e+04
1.665173e+04 7.213810e+01 1.672387e+04
1.665947e+04 6.439105e+01 1.672386e+04
1.666685e+04 5.700365e+01 1.672386e+04
1.667383e+04 5.002503e+01 1.672386e+04
1.668036e+04 4.349035e+01 1.672385e+04
1.668643e+04 3.742158e+01 1.672385e+04
1.669203e+04 3.182327e+01 1.672385e+04
1.669714e+04 2.670593e+01 1.672385e+04
1.670180e+04 2.205516e+01 1.672385e+04
1.670600e+04 1.785495e+01 1.672385e+04
1.670977e+04 1.408397e+01 1.672386e+04
1.671314e+04 1.071156e+01 1.672385e+04
1.671613e+04 7.715569e+00 1.672385e+04
1.671878e+04 5.072591e+00 1.672385e+04
1.672111e+04 2.753298e+00 1.672386e+04
1.672314e+04 7.177383e-01 1.672386e+04
1.672492e+04 -1.051309e+00 1.672387e+04
1.672646e+04 -2.591376e+00 1.672387e+04
1.672780e+04 -3.927550e+00 1.672387e+04
1.672894e+04 -5.072235e+00 1.672387e+04
1.672992e+04 -6.057692e+00 1.672387e+04
1.673076e+04 -6.892631e+00 1.672387e+04
1.673147e+04 -7.599955e+00 1.672387e+04
1.673207e+04 -8.195595e+00 1.672387e+04
1.673257e+04 -8.693546e+00 1.672387e+04
1.673298e+04 -9.106276e+00 1.672387e+04
1.673332e+04 -9.444817e+00 1.672387e+04
1.673359e+04 -9.718857e+00 1.672387e+04
1.673381e+04 -9.936865e+00 1.672387e+04
1.673398e+04 -1.010622e+01 1.672388e+04
1.673411e+04 -1.023332e+01 1.672388e+04
1.673420e+04 -1.032368e+01 1.672388e+04
1.673426e+04 -1.038209e+01 1.672388e+04
1.673429e+04 -1.041816e+01 1.672387e+04
1.673430e+04 -1.042446e+01 1.672387e+04
1.673428e+04 -1.040943e+01 1.672387e+04
1.673425e+04 -1.037574e+01 1.672387e+04
1.673420e+04 -1.032542e+01 1.672387e+04
1.673413e+04 -1.026035e+01 1.672387e+04
1.673405e+04 -1.018215e+01 1.672387e+04
1.673396e+04 -1.009792e+01 1.672387e+04
1.673386e+04 -9.997756e+00 1.672387e+04
1.673376e+04 -9.888282e+00 1.672387e+04
1.673364e+04 -9.770542e+00 1.672387e+04
1.673351e+04 -9.645527e+00 1.672387e+04
1.673338e+04 -9.514202e+00 1.672387e+04
1.673325e+04 -9.372122e+00 1.672387e+04
1.673310e+04 -9.236832e+00 1.672387e+04
1.673296e+04 -9.087260e+00 1.672387e+04
1.673281e+04 -8.940899e+00 1.672387e+04
1.673267e+04 -8.793261e+00 1.672387e+04
1.673252e+04 -8.645455e+00 1.672387e+04
1.673237e+04 -8.498615e+00 1.672387e+04
1.673223e+04 -8.353887e+00 1.672387e+04
1.673209e+04 -8.212409e+00 1.672387e+04
1.673195e+04 -8.075279e+00 1.672387e+04
1.673182e+04 -7.943527e+00 1.672387e+04
1.673169e+04 -7.812587e+00 1.672388e+04
1.673157e+04 -7.688832e+00 1.672389e+04
1.673146e+04 -7.578156e+00 1.672389e+04
1.673136e+04 -7.475314e+00 1.672389e+04
1.673127e+04 -7.380211e+00 1.672388e+04
1.673118e+04 -7.292320e+00 1.672388e+04
1.673110e+04 -7.210592e+00 1.672388e+04
1.673102e+04 -7.127908e+00 1.672389e+04
1.673094e+04 -7.052879e+00 1.672389e+04
1.673087e+04 -6.976647e+00 1.672389e+04
1.673078e+04 -6.894911e+00 1.672389e+04
1.673069e+04 -6.802174e+00 1.672389e+04
1.673058e+04 -6.691538e+00 1.672389e+04
1.673044e+04 -6.554466e+00 1.672389e+04
1.673027e+04 -6.380500e+00 1.672389e+04
1.673004e+04 -6.156931e+00 1.672388e+04
1.672975e+04 -5.868421e+00 1.672388e+04
1.672938e+04 -5.496551e+00 1.672388e+04
1.672890e+04 -5.019308e+00 1.672388e+04
1.672829e+04 -4.410500e+00 1.672388e+04
1.672751e+04 -3.639101e+00 1.672387e+04
1.672654e+04 -2.668519e+00 1.672387e+04
1.672532e+04 -1.455830e+00 1.672387e+04
1.672381e+04 4.352500e-02 1.672386e+04
1.672195e+04 1.892915e+00 1.672384e+04
1.671967e+04 4.164590e+00 1.672384e+04
1.671690e+04 6.928983e+00 1.672383e+04
1.671355e+04 1.027683e+01 1.672383e+04
1.670953e+04 1.429205e+01 1.672382e+04
1.670473e+04 1.908353e+01 1.672381e+04
1.669904e+04 2.476171e+01 1.672380e+04
1.669235e+04 3.144141e+01 1.672379e+04
1.668454e+04 3.923785e+01 1.672378e+04
1.667551e+04 4.826115e+01 1.672377e+04
1.666516e+04 5.861453e+01 1.672377e+04
1.665340e+04 7.036388e+01 1.672377e+04
1.664020e+04 8.356056e+01 1.672376e+04
1.662556e+04 9.820888e+01 1.672377e+04
1.660951e+04 1.142674e+02 1.672378e+04
1.659217e+04 1.316249e+02 1.672379e+04
1.657370e+04 1.501094e+02 1.672381e+04
1.655432e+04 1.695029e+02 1.672383e+04
1.653431e+04 1.895392e+02 1.672385e+04
1.651393e+04 2.099341e+02 1.672387e+04
1.649346e+04 2.304265e+02 1.672388e+04
1.647309e+04 2.508016e+02 1.672389e+04
1.645291e+04 2.709777e+02 1.672388e+04
1.643285e+04 2.910098e+02 1.672386e+04
1.641265e+04 3.111642e+02 1.672382e+04
1.639184e+04 3.319145e+02 1.672375e+04
1.636974e+04 3.539388e+02 1.672368e+04
1.634551e+04 3.780799e+02 1.672359e+04
1.631824e+04 4.052703e+02 1.672351e+04
1.628701e+04 4.364207e+02 1.672343e+04
1.625109e+04 4.722738e+02 1.672337e+04
1.621012e+04 5.132272e+02 1.672334e+04
1.616423e+04 5.591389e+02 1.672337e+04
1.611431e+04 6.091387e+02 1.672345e+04
1.606211e+04 6.614878e+02 1.672360e+04
1.601026e+04 7.135493e+02 1.672381e+04
1.596215e+04 7.619007e+02 1.672405e+04
1.592157e+04 8.027149e+02 1.672428e+04
1.589219e+04 8.322905e+02 1.672448e+04
1.587689e+04 8.476897e+02 1.672458e+04
1.587721e+04 8.473683e+02 1.672458e+04
1.589298e+04 8.314789e+02 1.672446e+04
1.592236e+04 8.018912e+02 1.672425e+04
1.596221e+04 7.617948e+02 1.672400e+04
1.600865e+04 7.151010e+02 1.672375e+04
1.605774e+04 6.657959e+02 1.672354e+04
1.610597e+04 6.174101e+02 1.672338e+04
1.615060e+04 5.726883e+02 1.672328e+04
1.618978e+04 5.334626e+02 1.672325e+04
1.622258e+04 5.006802e+02 1.672326e+04
1.624879e+04 4.745238e+02 1.672331e+04
1.626882e+04 4.545652e+02 1.672339e+04
1.628353e+04 4.399483e+02 1.672348e+04
1.629408e+04 4.295068e+02 1.672359e+04
1.630178e+04 4.219183e+02 1.672369e+04
1.630798e+04 4.158174e+02 1.672379e+04
1.631398e+04 4.099020e+02 1.672388e+04
1.632093e+04 4.030256e+02 1.672395e+04
1.632973e+04 3.942734e+02 1.672400e+04
1.634101e+04 3.830142e+02 1.672403e+04
1.635511e+04 3.689193e+02 1.672403e+04
1.637204e+04 3.519718e+02 1.672401e+04
1.639156e+04 3.324193e+02 1.672398e+04
1.641324e+04 3.107044e+02 1.672394e+04
1.643649e+04 2.874103e+02 1.672390e+04
1.646068e+04 2.631826e+02 1.672386e+04
1.648516e+04 2.386645e+02 1.672383e+04
1.650935e+04 2.144465e+02 1.672379e+04
1.653274e+04 1.910317e+02 1.672377e+04
1.655494e+04 1.688187e+02 1.672376e+04
1.657565e+04 1.480979e+02 1.672375e+04
1.659469e+04 1.290578e+02 1.672374e+04
1.661195e+04 1.117979e+02 1.672375e+04
1.662741e+04 9.634516e+01 1.672375e+04
1.664109e+04 8.266503e+01 1.672376e+04
1.665307e+04 7.069918e+01 1.672377e+04
1.666343e+04 6.034660e+01 1.672378e+04
1.667229e+04 5.150217e+01 1.672379e+04
1.667977e+04 4.404381e+01 1.672381e+04
1.668597e+04 3.785046e+01 1.672382e+04
1.669101e+04 3.281199e+01 1.672382e+04
1.669499e+04 2.884396e+01 1.672384e+04
1.669800e+04 2.584542e+01 1.672385e+04
1.670012e+04 2.372228e+01 1.672384e+04
1.670141e+04 2.244282e+01 1.672385e+04
1.670192e+04 2.193326e+01 1.672386e+04
1.670170e+04 2.216542e+01 1.672386e+04
1.670076e+04 2.310134e+01 1.672386e+04
1.669913e+04 2.473144e+01 1.672386e+04
1.669681e+04 2.705158e+01 1.672386e+04
1.669379e+04 3.006796e+01 1.672386e+04
1.669006e+04 3.379637e+01 1.672386e+04
1.668560e+04 3.826127e+01 1.672386e+04
1.668036e+04 4.348927e+01 1.672385e+04
1.667431e+04 4.952988e+01 1.672384e+04
1.666742e+04 5.642110e+01 1.672384e+04
1.665962e+04 6.420934e+01 1.672383e+04
1.665089e+04 7.294167e+01 1.672383e+04
1.664116e+04 8.266280e+01 1.672382e+04
1.663041e+04 9.341146e+01 1.672382e+04
1.661860e+04 1.052160e+02 1.672382e+04
1.660572e+04 1.180893e+02 1.672381e+04
1.659179e+04 1.320227e+02 1.672381e+04
1.657683e+04 1.469796e+02 1.672381e+04
1.656093e+04 1.628887e+02 1.672382e+04
1.654419e+04 1.796371e+02 1.672382e+04
1.652677e+04 1.970651e+02 1.672383e+04
1.650889e+04 2.149613e+02 1.672385e+04
1.649080e+04 2.330621e+02 1.672387e+04
1.647283e+04 2.510538e+02 1.672389e+04
1.645533e+04 2.685800e+02 1.672391e+04
1.643868e+04 2.852543e+02 1.672393e+04
1.642328e+04 3.006844e+02 1.672396e+04
1.640951e+04 3.144733e+02 1.672398e+04
1.639772e+04 3.262785e+02 1.672400e+04
1.638819e+04 3.358064e+02 1.672400e+04
1.638112e+04 3.428870e+02 1.672400e+04
1.637657e+04 3.474280e+02 1.672400e+04
1.637452e+04 3.494766e+02 1.672399e+04
1.637478e+04 3.491892e+02 1.672397e+04
1.637709e+04 3.468625e+02 1.672395e+04
1.638104e+04 3.428746e+02 1.672392e+04
1.638618e+04 3.376954e+02 1.672388e+04
1.639198e+04 3.318612e+02 1.672384e+04
1.639788e+04 3.259207e+02 1.672380e+04
1.640333e+04 3.204329e+02 1.672377e+04
1.640779e+04 3.159401e+02 1.672373e+04
1.641075e+04 3.129512e+02 1.672370e+04
1.641174e+04 3.119238e+02 1.672366e+04
1.641036e+04 3.132760e+02 1.672364e+04
1.640627e+04 3.173400e+02 1.672361e+04
1.639920e+04 3.243976e+02 1.672359e+04
1.638895e+04 3.346320e+02 1.672358e+04
1.637544e+04 3.481369e+02 1.672358e+04
1.635869e+04 3.648942e+02 1.672358e+04
1.633884e+04 3.847547e+02 1.672359e+04
1.631620e+04 4.074161e+02 1.672362e+04
1.629125e+04 4.324082e+02 1.672366e+04
1.626465e+04 4.590568e+02 1.672371e+04
1.623726e+04 4.865135e+02 1.672377e+04
1.621009e+04 5.137498e+02 1.672384e+04
1.618431e+04 5.396024e+02 1.672392e+04
1.616115e+04 5.628394e+02 1.672399e+04
1.614181e+04 5.822561e+02 1.672407e+04
1.612736e+04 5.967593e+02 1.672412e+04
1.611865e+04 6.055056e+02 1.672415e+04
1.611620e+04 6.079682e+02 1.672417e+04
1.612016e+04 6.039958e+02 1.672415e+04
1.613030e+04 5.938205e+02 1.672412e+04
1.614605e+04 5.780189e+02 1.672406e+04
1.616657e+04 5.574343e+02 1.672400e+04
1.619086e+04 5.330761e+02 1.672394e+04
1.621786e+04 5.060157e+02 1.672388e+04
1.624653e+04 4.772929e+02 1.672382e+04
1.627594e+04 4.478464e+02 1.672378e+04
1.630528e+04 4.184699e+02 1.672375e+04
1.633393e+04 3.897948e+02 1.672373e+04
1.636142e+04 3.622933e+02 1.672372e+04
1.638742e+04 3.362955e+02 1.672371e+04
1.641170e+04 3.120159e+02 1.672371e+04
1.643413e+04 2.895771e+02 1.672371e+04
1.645465e+04 2.690601e+02 1.672371e+04
1.647322e+04 2.505042e+02 1.672372e+04
1.648979e+04 2.339256e+02 1.672372e+04
1.650433e+04 2.193870e+02 1.672371e+04
1.651674e+04 2.069623e+02 1.672371e+04
1.652691e+04 1.967865e+02 1.672370e+04
1.653463e+04 1.890510e+02 1.672368e+04
1.653962e+04 1.840268e+02 1.672365e+04
1.654149e+04 1.821221e+02 1.672361e+04
1.653973e+04 1.838305e+02 1.672356e+04
1.653368e+04 1.898122e+02 1.672349e+04
1.652252e+04 2.008850e+02 1.672341e+04
1.650527e+04 2.180395e+02 1.672331e+04
1.648076e+04 2.424337e+02 1.672319e+04
1.644771e+04 2.753546e+02 1.672306e+04
1.640481e+04 3.181263e+02 1.672294e+04
1.635090e+04 3.719349e+02 1.672284e+04
1.628524e+04 4.375388e+02 1.672278e+04
1.620798e+04 5.148432e+02 1.672282e+04
1.612063e+04 6.023544e+02 1.672299e+04
1.602671e+04 6.966053e+02 1.672332e+04
1.593206e+04 7.917562e+02 1.672382e+04
1.584475e+04 8.796787e+02 1.672443e+04
1.577421e+04 9.508255e+02 1.672503e+04
1.572952e+04 9.959612e+02 1.672548e+04
1.571725e+04 1.008379e+03 1.672563e+04
1.573966e+04 9.857843e+02 1.672544e+04
1.579398e+04 9.309887e+02 1.672497e+04
1.587330e+04 8.510634e+02 1.672436e+04
1.596838e+04 7.553766e+02 1.672376e+04
1.606988e+04 6.533943e+02 1.672327e+04
1.616993e+04 5.530301e+02 1.672296e+04
1.626294e+04 4.598664e+02 1.672281e+04
1.634564e+04 3.771377e+02 1.672278e+04
1.641668e+04 3.061625e+02 1.672284e+04
1.647603e+04 2.469236e+02 1.672295e+04
1.652447e+04 1.986065e+02 1.672307e+04
1.656319e+04 1.600128e+02 1.672320e+04
1.659347e+04 1.298392e+02 1.672331e+04
1.661656e+04 1.068450e+02 1.672341e+04
1.663355e+04 8.993992e+01 1.672349e+04
1.664533e+04 7.822078e+01 1.672355e+04
1.665261e+04 7.097913e+01 1.672359e+04
1.665593e+04 6.769873e+01 1.672363e+04
1.665562e+04 6.801972e+01 1.672364e+04
1.665189e+04 7.175644e+01 1.672365e+04
1.664478e+04 7.886105e+01 1.672364e+04
1.663420e+04 8.941663e+01 1.672362e+04
1.661996e+04 1.036256e+02 1.672359e+04
1.660175e+04 1.217921e+02 1.672355e+04
1.657917e+04 1.443276e+02 1.672350e+04
1.655175e+04 1.716894e+02 1.672344e+04
1.651900e+04 2.043875e+02 1.672339e+04
1.648045e+04 2.428905e+02 1.672334e+04
1.643574e+04 2.875655e+02 1.672330e+04
1.638473e+04 3.385627e+02 1.672329e+04
1.632766e+04 3.956474e+02 1.672330e+04
1.626530e+04 4.580591e+02 1.672336e+04
1.619916e+04 5.243116e+02 1.672347e+04
1.613156e+04 5.920913e+02 1.672365e+04
1.606567e+04 6.582044e+02 1.672388e+04
1.600538e+04 7.187640e+02 1.672414e+04
1.595484e+04 7.695463e+02 1.672438e+04
1.591796e+04 8.066157e+02 1.672457e+04
1.589767e+04 8.269919e+02 1.672466e+04
1.589537e+04 8.292588e+02 1.672463e+04
1.591060e+04 8.138876e+02 1.672448e+04
1.594109e+04 7.831656e+02 1.672425e+04
1.598322e+04 7.407573e+02 1.672398e+04
1.603266e+04 6.910504e+02 1.672371e+04
1.608499e+04 6.384877e+02 1.672347e+04
1.613624e+04 5.870469e+02 1.672329e+04
1.618322e+04 5.399428e+02 1.672317e+04
1.622355e+04 4.995428e+02 1.672309e+04
1.625562e+04 4.674352e+02 1.672305e+04
1.627846e+04 4.445789e+02 1.672304e+04
1.629157e+04 4.314758e+02 1.672304e+04
1.629473e+04 4.283254e+02 1.672305e+04
1.628792e+04 4.351490e+02 1.672307e+04
1.627123e+04 4.518425e+02 1.672308e+04
1.624484e+04 4.782469e+02 1.672309e+04
1.620900e+04 5.140960e+02 1.672310e+04
1.616411e+04 5.590099e+02 1.672312e+04
1.611076e+04 6.123955e+02 1.672316e+04
1.604987e+04 6.733473e+02 1.672322e+04
1.598279e+04 7.405247e+02 1.672331e+04
1.591142e+04 8.120289e+02 1.672345e+04
1.583833e+04 8.853081e+02 1.672364e+04
1.576673e+04 9.571302e+02 1.672386e+04
1.570045e+04 1.023670e+03 1.672412e+04
1.564362e+04 1.080754e+03 1.672437e+04
1.560032e+04 1.124267e+03 1.672459e+04
1.557406e+04 1.150685e+03 1.672474e+04
1.556716e+04 1.157629e+03 1.672479e+04
1.558044e+04 1.144292e+03 1.672473e+04
1.561295e+04 1.111620e+03 1.672457e+04
1.566216e+04 1.062165e+03 1.672433e+04
1.572438e+04 9.996743e+02 1.672405e+04
1.579526e+04 9.285222e+02 1.672378e+04
1.587040e+04 8.531380e+02 1.672354e+04
1.594579e+04 7.775571e+02 1.672335e+04
1.601806e+04 7.051483e+02 1.672320e+04
1.608459e+04 6.385155e+02 1.672311e+04
1.614352e+04 5.795331e+02 1.672305e+04
1.619356e+04 5.294594e+02 1.672302e+04
1.623393e+04 4.890802e+02 1.672301e+04
1.626416e+04 4.588471e+02 1.672301e+04
1.628402e+04 4.389813e+02 1.672301e+04
1.629344e+04 4.295665e+02 1.672301e+04
1.629248e+04 4.305402e+02 1.672302e+04
1.628135e+04 4.416916e+02 1.672304e+04
1.626049e+04 4.625842e+02 1.672308e+04
1.623070e+04 4.924408e+02 1.672314e+04
1.619325e+04 5.299996e+02 1.672325e+04
1.615004e+04 5.733680e+02 1.672341e+04
1.610369e+04 6.199206e+02 1.672361e+04
1.605756e+04 6.663006e+02 1.672386e+04
1.601554e+04 7.085846e+02 1.672412e+04
1.598172e+04 7.426470e+02 1.672437e+04
1.595986e+04 7.646960e+02 1.672456e+04
1.595277e+04 7.718800e+02 1.672465e+04
1.596183e+04 7.628000e+02 1.672463e+04
1.598675e+04 7.377577e+02 1.672450e+04
1.602562e+04 6.986841e+02 1.672430e+04
1.607537e+04 6.486969e+02 1.672407e+04
1.613230e+04 5.915281e+02 1.672383e+04
1.619268e+04 5.309400e+02 1.672362e+04
1.625322e+04 4.702510e+02 1.672348e+04
1.631132e+04 4.120585e+02 1.672338e+04
1.636516e+04 3.581751e+02 1.672334e+04
1.641365e+04 3.096812e+02 1.672333e+04
1.645630e+04 2.670577e+02 1.672336e+04
1.649306e+04 2.303427e+02 1.672340e+04
1.652417e+04 1.992734e+02 1.672344e+04
1.655007e+04 1.734296e+02 1.672349e+04
1.657125e+04 1.522910e+02 1.672355e+04
1.658827e+04 1.353114e+02 1.672358e+04
1.660163e+04 1.220015e+02 1.672363e+04
1.661180e+04 1.118652e+02 1.672367e+04
1.661921e+04 1.044863e+02 1.672370e+04
1.662423e+04 9.949838e+01 1.672372e+04
1.662716e+04 9.658936e+01 1.672375e+04
1.662827e+04 9.549687e+01 1.672376e+04
1.662778e+04 9.600822e+01 1.672378e+04
1.662586e+04 9.793284e+01 1.672380e+04
1.662268e+04 1.011294e+02 1.672381e+04
1.661833e+04 1.054786e+02 1.672381e+04
1.661294e+04 1.108841e+02 1.672382e+04
1.660656e+04 1.172683e+02 1.672382e+04
1.659926e+04 1.245697e+02 1.672383e+04
1.659109e+04 1.327396e+02 1.672383e+04
1.658209e+04 1.417404e+02 1.672383e+04
1.657229e+04 1.515375e+02 1.672382e+04
1.656170e+04 1.621212e+02 1.672382e+04
1.655035e+04 1.734662e+02 1.672382e+04
1.653824e+04 1.855739e+02 1.672382e+04
1.652538e+04 1.984326e+02 1.672382e+04
1.651178e+04 2.120425e+02 1.672382e+04
1.649743e+04 2.263848e+02 1.672382e+04
1.648237e+04 2.414499e+02 1.672382e+04
1.646661e+04 2.572093e+02 1.672382e+04
1.645021e+04 2.736072e+02 1.672381e+04
1.643325e+04 2.905729e+02 1.672382e+04
1.641585e+04 3.079774e+02 1.672383e+04
1.639820e+04 3.256491e+02 1.672385e+04
1.638053e+04 3.433367e+02 1.672386e+04
1.636315e+04 3.607341e+02 1.672389e+04
1.634646e+04 3.774567e+02 1.672392e+04
1.633090e+04 3.930514e+02 1.672395e+04
1.631697e+04 4.070113e+02 1.672398e+04
1.630522e+04 4.187997e+02 1.672402e+04
1.629617e+04 4.278843e+02 1.672405e+04
1.629030e+04 4.337779e+02 1.672408e+04
1.628801e+04 4.360824e+02 1.672409e+04
1.628957e+04 4.345286e+02 1.672410e+04
1.629509e+04 4.290071e+02 1.672410e+04
1.630450e+04 4.195852e+02 1.672408e+04
1.631755e+04 4.065046e+02 1.672405e+04
1.633386e+04 3.901628e+02 1.672402e+04
1.635290e+04 3.710796e+02 1.672398e+04
1.637408e+04 3.498543e+02 1.672394e+04
1.639678e+04 3.271203e+02 1.672390e+04
1.642036e+04 3.035020e+02 1.672386e+04
1.644425e+04 2.795793e+02 1.672383e+04
1.646794e+04 2.558625e+02 1.672380e+04
1.649101e+04 2.327761e+02 1.672378e+04
1.651312e+04 2.106595e+02 1.672378e+04
1.653402e+04 1.897465e+02 1.672377e+04
1.655356e+04 1.702058e+02 1.672377e+04
1.657164e+04 1.521247e+02 1.672376e+04
1.658822e+04 1.355538e+02 1.672377e+04
1.660331e+04 1.204593e+02 1.672377e+04
1.661697e+04 1.068057e+02 1.672377e+04
1.662926e+04 9.452776e+01 1.672378e+04
1.664026e+04 8.353329e+01 1.672379e+04
1.665008e+04 7.372634e+01 1.672380e+04
1.665880e+04 6.500708e+01 1.672381e+04
1.666654e+04 5.727577e+01 1.672382e+04
1.667339e+04 5.043557e+01 1.672383e+04
1.667944e+04 4.439446e+01 1.672383e+04
1.668478e+04 3.906640e+01 1.672384e+04
1.668948e+04 3.437200e+01 1.672385e+04
1.669361e+04 3.023878e+01 1.672385e+04
1.669726e+04 2.659540e+01 1.672385e+04
1.670046e+04 2.339389e+01 1.672386e+04
1.670329e+04 2.057613e+01 1.672386e+04
1.670577e+04 1.809516e+01 1.672386e+04
1.670796e+04 1.590937e+01 1.672387e+04
1.670989e+04 1.398740e+01 1.672388e+04
1.671159e+04 1.228599e+01 1.672388e+04
1.671310e+04 1.078220e+01 1.672388e+04
1.671443e+04 9.451089e+00 1.672388e+04
1.671561e+04 8.270821e+00 1.672388e+04
1.671666e+04 7.216763e+00 1.672388e+04
1.671760e+04 6.283229e+00 1.672388e+04
1.671843e+04 5.450247e+00 1.672388e+04
1.671918e+04 4.705150e+00 1.672388e+04
1.671985e+04 4.036905e+00 1.672388e+04
1.672045e+04 3.435910e+00 1.672388e+04
1.672099e+04 2.888276e+00 1.672388e+04
1.672148e+04 2.397696e+00 1.672388e+04
1.672193e+04 1.952435e+00 1.672388e+04
1.672233e+04 1.547004e+00 1.672388e+04
1.672270e+04 1.176634e+00 1.672388e+04
1.672304e+04 8.426561e-01 1.672389e+04
1.672336e+04 5.305012e-01 1.672389e+04
1.672365e+04 2.370451e-01 1.672388e+04
1.672391e+04 -2.952623e-02 1.672388e+04
1.672416e+04 -2.770040e-01 1.672388e+04
1.672439e+04 -5.074465e-01 1.672388e+04
1.672461e+04 -7.228358e-01 1.672388e+04
1.672481e+04 -9.245817e-01 1.672388e+04
1.672500e+04 -1.113996e+00 1.672388e+04
1.672518e+04 -1.292265e+00 1.672388e+04
1.672534e+04 -1.460422e+00 1.672388e+04
1.672550e+04 -1.619372e+00 1.672388e+04
1.672565e+04 -1.769905e+00 1.672388e+04
1.672580e+04 -1.912715e+00 1.672388e+04
1.672593e+04 -2.053952e+00 1.672388e+04
1.672606e+04 -2.183177e+00 1.672388e+04
1.672618e+04 -2.306298e+00 1.672388e+04
1.672630e+04 -2.423734e+00 1.672388e+04
1.672641e+04 -2.530427e+00 1.672388e+04
1.672652e+04 -2.637666e+00 1.672388e+04
1.672662e+04 -2.740209e+00 1.672388e+04
1.672672e+04 -2.832983e+00 1.672389e+04
1.672682e+04 -2.927039e+00 1.672389e+04
1.672691e+04 -3.022672e+00 1.672388e+04
1.672699e+04 -3.103678e+00 1.672389e+04
1.672708e+04 -3.186626e+00 1.672389e+04
1.672716e+04 -3.271602e+00 1.672388e+04
1.672723e+04 -3.347795e+00 1.672388e+04
1.672730e+04 -3.420776e+00 1.672388e+04
1.672737e+04 -3.479814e+00 1.672389e+04
1.672744e+04 -3.546881e+00 1.672389e+04
1.672751e+04 -3.616506e+00 1.672389e+04
1.672757e+04 -3.677792e+00 1.672389e+04
1.672763e+04 -3.736247e+00 1.672389e+04
1.672768e+04 -3.791897e+00 1.672389e+04
1.672773e+04 -3.844747e+00 1.672389e+04
1.672778e+04 -3.894778e+00 1.672389e+04
1.672783e+04 -3.941945e+00 1.672389e+04
1.672788e+04 -3.986170e+00 1.672389e+04
1.672792e+04 -4.027341e+00 1.672389e+04
1.672795e+04 -4.065305e+00 1.672389e+04
1.672799e+04 -4.105341e+00 1.672388e+04
1.672802e+04 -4.136279e+00 1.672388e+04
1.672805e+04 -4.163232e+00 1.672388e+04
1.672807e+04 -4.180382e+00 1.672389e+04
1.672809e+04 -4.198202e+00 1.672389e+04
1.672810e+04 -4.210585e+00 1.672389e+04
1.672811e+04 -4.222327e+00 1.672388e+04
1.672811e+04 -4.221770e+00 1.672388e+04
1.672810e+04 -4.213297e+00 1.672388e+04
1.672808e+04 -4.195763e+00 1.672388e+04
1.672805e+04 -4.167830e+00 1.672388e+04
1.672801e+04 -4.127934e+00 1.672388e+04
1.672796e+04 -4.074255e+00 1.672388e+04
1.672789e+04 -4.004684e+00 1.672388e+04
1.672780e+04 -3.916781e+00 1.672388e+04
1.672769e+04 -3.807733e+00 1.672388e+04
1.672756e+04 -3.674307e+00 1.672388e+04
1.672739e+04 -3.512798e+00 1.672388e+04
1.672720e+04 -3.318971e+00 1.672388e+04
1.672697e+04 -3.087998e+00 1.672388e+04
1.672669e+04 -2.814397e+00 1.672388e+04
1.672637e+04 -2.491957e+00 1.672388e+04
1.672599e+04 -2.113668e+00 1.672388e+04
1.672555e+04 -1.677171e+00 1.672387e+04
1.672503e+04 -1.162767e+00 1.672387e+04
1.672444e+04 -5.659409e-01 1.672387e+04
1.672375e+04 1.240669e-01 1.672387e+04
1.672295e+04 9.195141e-01 1.672387e+04
1.672203e+04 1.833774e+00 1.672387e+04
1.672098e+04 2.881404e+00 1.672387e+04
1.671979e+04 4.078214e+00 1.672386e+04
1.671842e+04 5.446582e+00 1.672387e+04
1.671687e+04 6.999247e+00 1.672387e+04
1.671512e+04 8.750044e+00 1.672387e+04
1.671314e+04 1.072458e+01 1.672387e+04
1.671092e+04 1.294357e+01 1.672387e+04
1.670844e+04 1.543334e+01 1.672387e+04
1.670566e+04 1.820382e+01 1.672387e+04
1.670259e+04 2.128060e+01 1.672387e+04
1.669918e+04 2.468236e+01 1.672387e+04
1.669544e+04 2.842559e+01 1.672386e+04
1.669134e+04 3.252372e+01 1.672386e+04
1.668688e+04 3.698611e+01 1.672386e+04
1.668205e+04 4.181698e+01 1.672386e+04
1.667685e+04 4.701436e+01 1.672386e+04
1.667129e+04 5.256903e+01 1.672386e+04
1.666540e+04 5.846913e+01 1.672387e+04
1.665920e+04 6.467764e+01 1.672387e+04
1.665271e+04 7.116503e+01 1.672388e+04
1.664599e+04 7.788758e+01 1.672388e+04
1.663909e+04 8.479926e+01 1.672389e+04
1.663206e+04 9.182632e+01 1.672389e+04
1.662497e+04 9.891938e+01 1.672389e+04
1.661786e+04 1.060243e+02 1.672389e+04
1.661081e+04 1.130822e+02 1.672389e+04
1.660384e+04 1.200518e+02 1.672389e+04
1.659698e+04 1.269110e+02 1.672389e+04
1.659022e+04 1.336653e+02 1.672389e+04
1.658352e+04 1.403566e+02 1.672388e+04
1.657679e+04 1.470722e+02 1.672387e+04
1.656989e+04 1.539606e+02 1.672385e+04
1.656261e+04 1.612126e+02 1.672382e+04
1.655467e+04 1.691209e+02 1.672379e+04
1.654569e+04 1.780556e+02 1.672375e+04
1.653524e+04 1.884669e+02 1.672370e+04
1.652274e+04 2.009131e+02 1.672365e+04
1.650755e+04 2.160371e+02 1.672359e+04
1.648891e+04 2.345982e+02 1.672351e+04
1.646599e+04 2.574399e+02 1.672343e+04
1.643787e+04 2.854712e+02 1.672334e+04
1.640363e+04 3.196198e+02 1.672325e+04
1.636242e+04 3.607524e+02 1.672317e+04
1.631355e+04 4.095437e+02 1.672310e+04
1.625675e+04 4.663291e+02 1.672308e+04
1.619232e+04 5.307913e+02 1.672311e+04
1.612144e+04 6.017711e+02 1.672321e+04
1.604644e+04 6.769530e+02 1.672340e+04
1.597096e+04 7.527141e+02 1.672367e+04
1.589983e+04 8.241890e+02 1.672402e+04
1.583869e+04 8.856795e+02 1.672437e+04
1.579321e+04 9.314496e+02 1.672466e+04
1.576805e+04 9.567856e+02 1.672483e+04
1.576579e+04 9.590372e+02 1.672482e+04
1.578637e+04 9.382695e+02 1.672464e+04
1.582702e+04 8.973008e+02 1.672432e+04
1.588291e+04 8.410336e+02 1.672394e+04
1.594810e+04 7.754683e+02 1.672357e+04
1.601663e+04 7.066301e+02 1.672326e+04
1.608328e+04 6.397488e+02 1.672302e+04
1.614398e+04 5.789042e+02 1.672288e+04
1.619593e+04 5.268854e+02 1.672281e+04
1.623740e+04 4.853935e+02 1.672279e+04
1.626751e+04 4.552913e+02 1.672280e+04
1.628596e+04 4.368703e+02 1.672283e+04
1.629279e+04 4.300687e+02 1.672286e+04
1.628827e+04 4.346187e+02 1.672289e+04
1.627280e+04 4.501196e+02 1.672292e+04
1.624692e+04 4.760421e+02 1.672296e+04
1.621133e+04 5.116769e+02 1.672301e+04
1.616704e+04 5.560387e+02 1.672308e+04
1.611544e+04 6.077478e+02 1.672318e+04
1.605841e+04 6.649179e+02 1.672332e+04
1.599841e+04 7.250904e+02 1.672350e+04
1.593844e+04 7.852607e+02 1.672371e+04
1.588188e+04 8.420389e+02 1.672392e+04
1.583215e+04 8.919590e+02 1.672411e+04
1.579235e+04 9.319059e+02 1.672425e+04
1.576475e+04 9.595726e+02 1.672432e+04
1.575048e+04 9.738257e+02 1.672431e+04
1.574935e+04 9.748693e+02 1.672422e+04
1.575995e+04 9.641132e+02 1.672406e+04
1.578000e+04 9.438912e+02 1.672389e+04
1.580678e+04 9.169403e+02 1.672372e+04
1.583763e+04 8.859634e+02 1.672359e+04
1.587023e+04 8.532675e+02 1.672350e+04
1.590288e+04 8.205697e+02 1.672345e+04
1.593446e+04 7.889670e+02 1.672343e+04
1.596440e+04 7.590353e+02 1.672343e+04
1.599243e+04 7.310113e+02 1.672344e+04
1.601843e+04 7.050101e+02 1.672344e+04
1.604217e+04 6.812466e+02 1.672341e+04
1.606311e+04 6.602382e+02 1.672335e+04
1.608024e+04 6.429827e+02 1.672323e+04
1.609193e+04 6.311102e+02 1.672304e+04
1.609578e+04 6.270117e+02 1.672279e+04
1.608851e+04 6.339406e+02 1.672245e+04
1.606598e+04 6.560644e+02 1.672204e+04
1.602321e+04 6.983552e+02 1.672156e+04
1.595483e+04 7.662570e+02 1.672109e+04
1.585603e+04 8.646954e+02 1.672072e+04
1.572433e+04 9.963446e+02 1.672067e+04
1.556251e+04 1.158698e+03 1.672121e+04
1.538204e+04 1.340511e+03 1.672255e+04
1.520539e+04 1.519241e+03 1.672464e+04
1.506437e+04 1.662544e+03 1.672691e+04
1.499192e+04 1.736523e+03 1.672844e+04
1.500957e+04 1.718892e+03 1.672847e+04
1.511742e+04 1.609536e+03 1.672696e+04
1.529413e+04 1.430575e+03 1.672470e+04
1.550685e+04 1.215784e+03 1.672264e+04
1.572388e+04 9.974173e+02 1.672130e+04
1.592274e+04 7.980347e+02 1.672077e+04
1.609186e+04 6.289500e+02 1.672081e+04
1.622833e+04 4.928489e+02 1.672118e+04
1.633433e+04 3.873194e+02 1.672165e+04
1.641437e+04 3.077499e+02 1.672212e+04
1.647342e+04 2.491028e+02 1.672252e+04
1.651605e+04 2.068022e+02 1.672285e+04
1.654604e+04 1.770606e+02 1.672310e+04
1.656638e+04 1.569059e+02 1.672328e+04
1.657931e+04 1.441088e+02 1.672342e+04
1.658650e+04 1.370114e+02 1.672351e+04
1.658914e+04 1.344403e+02 1.672358e+04
1.658807e+04 1.355578e+02 1.672363e+04
1.658386e+04 1.397887e+02 1.672365e+04
1.657690e+04 1.467676e+02 1.672367e+04
1.656742e+04 1.562524e+02 1.672368e+04
1.655558e+04 1.681099e+02 1.672369e+04
1.654143e+04 1.822542e+02 1.672369e+04
1.652503e+04 1.986505e+02 1.672368e+04
1.650641e+04 2.172726e+02 1.672369e+04
1.648563e+04 2.380601e+02 1.672369e+04
1.646276e+04 2.609263e+02 1.672369e+04
1.643799e+04 2.857094e+02 1.672370e+04
1.641156e+04 3.121529e+02 1.672372e+04
1.638386e+04 3.398775e+02 1.672374e+04
1.635539e+04 3.683855e+02 1.672377e+04
1.632680e+04 3.970213e+02 1.672382e+04
1.629887e+04 4.250006e+02 1.672387e+04
1.627250e+04 4.514312e+02 1.672393e+04
1.624863e+04 4.753595e+02 1.672399e+04
1.622820e+04 4.958369e+02 1.672404e+04
1.621209e+04 5.119994e+02 1.672409e+04
1.620096e+04 5.231568e+02 1.672412e+04
1.619528e+04 5.288444e+02 1.672413e+04
1.619521e+04 5.289071e+02 1.672412e+04
1.620060e+04 5.234958e+02 1.672409e+04
1.621099e+04 5.130549e+02 1.672405e+04
1.622572e+04 4.982718e+02 1.672399e+04
1.624393e+04 4.800022e+02 1.672394e+04
1.626469e+04 4.591864e+02 1.672388e+04
1.628706e+04 4.367678e+02 1.672383e+04
1.631016e+04 4.136252e+02 1.672378e+04
1.633322e+04 3.905186e+02 1.672374e+04
1.635563e+04 3.680884e+02 1.672372e+04
1.637692e+04 3.467915e+02 1.672371e+04
1.639674e+04 3.269549e+02 1.672370e+04
1.641492e+04 3.087854e+02 1.672370e+04
1.643135e+04 2.923617e+02 1.672371e+04
1.644604e+04 2.776790e+02 1.672372e+04
1.645907e+04 2.646641e+02 1.672373e+04
1.647055e+04 2.531954e+02 1.672375e+04
1.648065e+04 2.431194e+02 1.672377e+04
1.648952e+04 2.342642e+02 1.672378e+04
1.649735e+04 2.264508e+02 1.672380e+04
1.650431e+04 2.194961e+02 1.672381e+04
1.651058e+04 2.132411e+02 1.672382e+04
1.651631e+04 2.075231e+02 1.672383e+04
1.652164e+04 2.022010e+02 1.672384e+04
1.652670e+04 1.971521e+02 1.672385e+04
1.653159e+04 1.922733e+02 1.672386e+04
1.653638e+04 1.874819e+02 1.672386e+04
1.654115e+04 1.827153e+02 1.672387e+04
1.654594e+04 1.779302e+02 1.672387e+04
1.655077e+04 1.731020e+02 1.672387e+04
1.655565e+04 1.682225e+02 1.672387e+04
1.656057e+04 1.632990e+02 1.672387e+04
1.656552e+04 1.583516e+02 1.672387e+04
1.657046e+04 1.534115e+02 1.672387e+04
1.657534e+04 1.485192e+02 1.672386e+04
1.658014e+04 1.437219e+02 1.672386e+04
1.658478e+04 1.390722e+02 1.672386e+04
1.658923e+04 1.346263e+02 1.672385e+04
1.659341e+04 1.304427e+02 1.672385e+04
1.659726e+04 1.265811e+02 1.672384e+04
1.660074e+04 1.231014e+02 1.672384e+04
1.660377e+04 1.200630e+02 1.672384e+04
1.660631e+04 1.175193e+02 1.672383e+04
1.660828e+04 1.155387e+02 1.672382e+04
1.660965e+04 1.141720e+02 1.672382e+04
1.661034e+04 1.134741e+02 1.672381e+04
1.661031e+04 1.134925e+02 1.672380e+04
1.660951e+04 1.142894e+02 1.672380e+04
1.660789e+04 1.159083e+02 1.672379e+04
1.660540e+04 1.183951e+02 1.672379e+04
1.660199e+04 1.217973e+02 1.672379e+04
1.659765e+04 1.261406e+02 1.672379e+04
1.659233e+04 1.314599e+02 1.672379e+04
1.658601e+04 1.377755e+02 1.672378e+04
1.657869e+04 1.450950e+02 1.672378e+04
1.657037e+04 1.534106e+02 1.672378e+04
1.656109e+04 1.626945e+02 1.672378e+04
1.655089e+04 1.728898e+02 1.672378e+04
1.653986e+04 1.839282e+02 1.672378e+04
1.652810e+04 1.956925e+02 1.672379e+04
1.651577e+04 2.080404e+02 1.672381e+04
1.650304e+04 2.207753e+02 1.672382e+04
1.649016e+04 2.336780e+02 1.672384e+04
1.647737e+04 2.464875e+02 1.672385e+04
1.646496e+04 2.589105e+02 1.672387e+04
1.645326e+04 2.706304e+02 1.672389e+04
1.644259e+04 2.813187e+02 1.672391e+04
1.643328e+04 2.906495e+02 1.672393e+04
1.642563e+04 2.983224e+02 1.672395e+04
1.641991e+04 3.040583e+02 1.672397e+04
1.641633e+04 3.076493e+02 1.672398e+04
1.641503e+04 3.089451e+02 1.672398e+04
1.641608e+04 3.078914e+02 1.672397e+04
1.641947e+04 3.045008e+02 1.672397e+04
1.642508e+04 2.988737e+02 1.672396e+04
1.643276e+04 2.911847e+02 1.672394e+04
1.644225e+04 2.816710e+02 1.672392e+04
1.645329e+04 2.706162e+02 1.672391e+04
1.646555e+04 2.583330e+02 1.672389e+04
1.647872e+04 2.451517e+02 1.672387e+04
1.649247e+04 2.313828e+02 1.672385e+04
1.650650e+04 2.173427e+02 1.672384e+04
1.652053e+04 2.033012e+02 1.672383e+04
1.653430e+04 1.895136e+02 1.672382e+04
1.654761e+04 1.761975e+02 1.672381e+04
1.656026e+04 1.635391e+02 1.672380e+04
1.657209e+04 1.516909e+02 1.672378e+04
1.658298e+04 1.407994e+02 1.672378e+04
1.659279e+04 1.309792e+02 1.672377e+04
1.660142e+04 1.223430e+02 1.672376e+04
1.660875e+04 1.150055e+02 1.672376e+04
1.661465e+04 1.090932e+02 1.672375e+04
1.661898e+04 1.047559e+02 1.672373e+04
1.662153e+04 1.021794e+02 1.672371e+04
1.662209e+04 1.016004e+02 1.672369e+04
1.662033e+04 1.033172e+02 1.672365e+04
1.661588e+04 1.077313e+02 1.672361e+04
1.660822e+04 1.153367e+02 1.672355e+04
1.659672e+04 1.267659e+02 1.672349e+04
1.658059e+04 1.428053e+02 1.672340e+04
1.655885e+04 1.644460e+02 1.672330e+04
1.653033e+04 1.928445e+02 1.672318e+04
1.649366e+04 2.293748e+02 1.672303e+04
1.644732e+04 2.755590e+02 1.672288e+04
1.638975e+04 3.329678e+02 1.672272e+04
1.631957e+04 4.030166e+02 1.672259e+04
1.623591e+04 4.865952e+02 1.672251e+04
1.613898e+04 5.835483e+02 1.672253e+04
1.603072e+04 6.919895e+02 1.672271e+04
1.591552e+04 8.075750e+02 1.672309e+04
1.580070e+04 9.229793e+02 1.672368e+04
1.569631e+04 1.028076e+03 1.672439e+04
1.561392e+04 1.111156e+03 1.672507e+04
1.556427e+04 1.161269e+03 1.672554e+04
1.555452e+04 1.171107e+03 1.672563e+04
1.558608e+04 1.139229e+03 1.672531e+04
1.565414e+04 1.070557e+03 1.672470e+04
1.574913e+04 9.748308e+02 1.672396e+04
1.585939e+04 8.639088e+02 1.672329e+04
1.597376e+04 7.490406e+02 1.672280e+04
1.608340e+04 6.391114e+02 1.672251e+04
1.618236e+04 5.400354e+02 1.672240e+04
1.626740e+04 4.550069e+02 1.672241e+04
1.633730e+04 3.851931e+02 1.672249e+04
1.639218e+04 3.304356e+02 1.672261e+04
1.643286e+04 2.898788e+02 1.672274e+04
1.646047e+04 2.623875e+02 1.672285e+04
1.647616e+04 2.467956e+02 1.672295e+04
1.648102e+04 2.420187e+02 1.672304e+04
1.647604e+04 2.470733e+02 1.672312e+04
1.646219e+04 2.610048e+02 1.672320e+04
1.644048e+04 2.827977e+02 1.672328e+04
1.641213e+04 3.112598e+02 1.672339e+04
1.637864e+04 3.448834e+02 1.672352e+04
1.634196e+04 3.817350e+02 1.672370e+04
1.630446e+04 4.194329e+02 1.672389e+04
1.626887e+04 4.552216e+02 1.672409e+04
1.623812e+04 4.861742e+02 1.672429e+04
1.621497e+04 5.094802e+02 1.672445e+04
1.620171e+04 5.228515e+02 1.672456e+04
1.619970e+04 5.248778e+02 1.672458e+04
1.620926e+04 5.152572e+02 1.672451e+04
1.622953e+04 4.948516e+02 1.672438e+04
1.625874e+04 4.654750e+02 1.672421e+04
1.629445e+04 4.295762e+02 1.672403e+04
1.633402e+04 3.898338e+02 1.672385e+04
1.637491e+04 3.487933e+02 1.672370e+04
1.641499e+04 3.086096e+02 1.672360e+04
1.645262e+04 2.709078e+02 1.672353e+04
1.648671e+04 2.367847e+02 1.672349e+04
1.651666e+04 2.068314e+02 1.672349e+04
1.654226e+04 1.812452e+02 1.672350e+04
1.656358e+04 1.599530e+02 1.672353e+04
1.658089e+04 1.426765e+02 1.672357e+04
1.659457e+04 1.290341e+02 1.672361e+04
1.660505e+04 1.185955e+02 1.672365e+04
1.661276e+04 1.109234e+02 1.672368e+04
1.661811e+04 1.055991e+02 1.672371e+04
1.662150e+04 1.022373e+02 1.672374e+04
1.662327e+04 1.004928e+02 1.672377e+04
1.662373e+04 1.000610e+02 1.672379e+04
1.662313e+04 1.006770e+02 1.672381e+04
1.662171e+04 1.021110e+02 1.672382e+04
1.661967e+04 1.041648e+02 1.672383e+04
1.661718e+04 1.066669e+02 1.672385e+04
1.661439e+04 1.094630e+02 1.672385e+04
1.661142e+04 1.124350e+02 1.672386e+04
1.660840e+04 1.154593e+02 1.672386e+04
1.660542e+04 1.184537e+02 1.672387e+04
1.660256e+04 1.213158e+02 1.672388e+04
1.659991e+04 1.239766e+02 1.672388e+04
1.659751e+04 1.263720e+02 1.672389e+04
1.659544e+04 1.284480e+02 1.672389e+04
1.659373e+04 1.301600e+02 1.672389e+04
1.659242e+04 1.314733e+02 1.672389e+04
1.659153e+04 1.323568e+02 1.672389e+04
1.659109e+04 1.328050e+02 1.672389e+04
1.659108e+04 1.328053e+02 1.672389e+04
1.659153e+04 1.323591e+02 1.672389e+04
1.659241e+04 1.314814e+02 1.672389e+04
1.659371e+04 1.301782e+02 1.672389e+04
1.659541e+04 1.284788e+02 1.672389e+04
1.659748e+04 1.264128e+02 1.672389e+04
1.659987e+04 1.240200e+02 1.672389e+04
1.660256e+04 1.213279e+02 1.672389e+04
1.660550e+04 1.183829e+02 1.672389e+04
1.660866e+04 1.152279e+02 1.672388e+04
1.661197e+04 1.119065e+02 1.672388e+04
1.661542e+04 1.084622e+02 1.672388e+04
1.661894e+04 1.049428e+02 1.672388e+04
1.662250e+04 1.013787e+02 1.672388e+04
1.662606e+04 9.781439e+01 1.672388e+04
1.662959e+04 9.428653e+01 1.672388e+04
1.663304e+04 9.082908e+01 1.672387e+04
1.663640e+04 8.747316e+01 1.672387e+04
1.663962e+04 8.424711e+01 1.672387e+04
1.664269e+04 8.117648e+01 1.672387e+04
1.664558e+04 7.828426e+01 1.672387e+04
1.664828e+04 7.559106e+01 1.672387e+04
1.665075e+04 7.310994e+01 1.672386e+04
1.665299e+04 7.086863e+01 1.672386e+04
1.665498e+04 6.887724e+01 1.672386e+04
1.665671e+04 6.715033e+01 1.672386e+04
1.665815e+04 6.570202e+01 1.672386e+04
1.665931e+04 6.454642e+01 1.672386e+04
1.666016e+04 6.369825e+01 1.672385e+04
1.666068e+04 6.317335e+01 1.672385e+04
1.666086e+04 6.298942e+01 1.672385e+04
1.666068e+04 6.317227e+01 1.672386e+04
1.666012e+04 6.373475e+01 1.672385e+04
1.665914e+04 6.471097e+01 1.672385e+04
1.665771e+04 6.613556e+01 1.672385e+04
1.665579e+04 6.805092e+01 1.672384e+04
1.665333e+04 7.050941e+01 1.672384e+04
1.665025e+04 7.357056e+01 1.672383e+04
1.664649e+04 7.732669e+01 1.672382e+04
1.664193e+04 8.187458e+01 1.672381e+04
1.663645e+04 8.734300e+01 1.672379e+04
1.662988e+04 9.390016e+01 1.672378e+04
1.662202e+04 1.017413e+02 1.672376e+04
1.661260e+04 1.111332e+02 1.672373e+04
1.660129e+04 1.224069e+02 1.672370e+04
1.658767e+04 1.359806e+02 1.672365e+04
1.657121e+04 1.523811e+02 1.672359e+04
1.655126e+04 1.722665e+02 1.672352e+04
1.652699e+04 1.964513e+02 1.672344e+04
1.649740e+04 2.259278e+02 1.672333e+04
1.646133e+04 2.618783e+02 1.672321e+04
1.641740e+04 3.056601e+02 1.672306e+04
1.636413e+04 3.587757e+02 1.672290e+04
1.630003e+04 4.227135e+02 1.672275e+04
1.622386e+04 4.987608e+02 1.672262e+04
1.613498e+04 5.875853e+02 1.672256e+04
1.603391e+04 6.887099e+02 1.672262e+04
1.592305e+04 7.997928e+02 1.672284e+04
1.580729e+04 9.159655e+02 1.672326e+04
1.569441e+04 1.029447e+03 1.672386e+04
1.559471e+04 1.129855e+03 1.672457e+04
1.551956e+04 1.205645e+03 1.672521e+04
1.547906e+04 1.246548e+03 1.672561e+04
1.547929e+04 1.246336e+03 1.672562e+04
1.552052e+04 1.204733e+03 1.672525e+04
1.559711e+04 1.127514e+03 1.672462e+04
1.569918e+04 1.024734e+03 1.672391e+04
1.581530e+04 9.079854e+02 1.672329e+04
1.593496e+04 7.878830e+02 1.672285e+04
1.605007e+04 6.725344e+02 1.672261e+04
1.615543e+04 5.671083e+02 1.672254e+04
1.624842e+04 4.741697e+02 1.672259e+04
1.632835e+04 3.943549e+02 1.672271e+04
1.639579e+04 3.270734e+02 1.672286e+04
1.645194e+04 2.710719e+02 1.672301e+04
1.649830e+04 2.248536e+02 1.672316e+04
1.653639e+04 1.868897e+02 1.672328e+04
1.656762e+04 1.557731e+02 1.672339e+04
1.659321e+04 1.302655e+02 1.672348e+04
1.661422e+04 1.093329e+02 1.672356e+04
1.663151e+04 9.210406e+01 1.672362e+04
1.664579e+04 7.787157e+01 1.672366e+04
1.665764e+04 6.606828e+01 1.672371e+04
1.666752e+04 5.622799e+01 1.672375e+04
1.667579e+04 4.797597e+01 1.672377e+04
1.668277e+04 4.102193e+01 1.672379e+04
1.668868e+04 3.512895e+01 1.672381e+04
1.669371e+04 3.010704e+01 1.672382e+04
1.669803e+04 2.580353e+01 1.672383e+04
1.670174e+04 2.209539e+01 1.672384e+04
1.670496e+04 1.888318e+01 1.672384e+04
1.670776e+04 1.608066e+01 1.672384e+04
1.671022e+04 1.363855e+01 1.672385e+04
1.671237e+04 1.148662e+01 1.672386e+04
1.671427e+04 9.586281e+00 1.672386e+04
1.671596e+04 7.906464e+00 1.672387e+04
1.671746e+04 6.411588e+00 1.672388e+04
1.671881e+04 5.071094e+00 1.672388e+04
1.672001e+04 3.869564e+00 1.672388e+04
1.672109e+04 2.789409e+00 1.672388e+04
1.672207e+04 1.815807e+00 1.672388e+04
1.672295e+04 9.362256e-01 1.672388e+04
1.672374e+04 1.400194e-01 1.672388e+04
1.672447e+04 -5.818848e-01 1.672388e+04
1.672512e+04 -1.242742e+00 1.672388e+04
1.672572e+04 -1.838289e+00 1.672388e+04
1.672626e+04 -2.379716e+00 1.672388e+04
1.672675e+04 -2.866561e+00 1.672389e+04
1.672720e+04 -3.314164e+00 1.672389e+04
1.672761e+04 -3.720701e+00 1.672389e+04
1.672798e+04 -4.084070e+00 1.672389e+04
1.672831e+04 -4.412761e+00 1.672390e+04
1.672861e+04 -4.714642e+00 1.672390e+04
1.672888e+04 -4.975589e+00 1.672391e+04
1.672913e+04 -5.219529e+00 1.672391e+04
1.672935e+04 -5.442750e+00 1.672390e+04
1.672954e+04 -5.636003e+00 1.672390e+04
1.672971e+04 -5.806361e+00 1.672390e+04
1.672986e+04 -5.955041e+00 1.672390e+04
1.672999e+04 -6.083324e+00 1.672390e+04
1.673010e+04 -6.192410e+00 1.672390e+04
1.673019e+04 -6.283435e+00 1.672390e+04
1.673026e+04 -6.357482e+00 1.672390e+04
1.673032e+04 -6.415595e+00 1.672390e+04
1.673036e+04 -6.458785e+00 1.672391e+04
1.673039e+04 -6.488035e+00 1.672391e+04
1.673041e+04 -6.504303e+00 1.672391e+04
1.673041e+04 -6.508514e+00 1.672391e+04
1.673041e+04 -6.501557e+00 1.672391e+04
1.673039e+04 -6.484267e+00 1.672391e+04
1.673036e+04 -6.457398e+00 1.672391e+04
1.673033e+04 -6.427087e+00 1.672390e+04
1.673028e+04 -6.382922e+00 1.672390e+04
1.673023e+04 -6.330563e+00 1.672390e+04
1.673017e+04 -6.269959e+00 1.672390e+04
1.673010e+04 -6.200636e+00 1.672390e+04
1.673002e+04 -6.121551e+00 1.672390e+04
1.672993e+04 -6.030903e+00 1.672390e+04
1.672983e+04 -5.920415e+00 1.672390e+04
1.672970e+04 -5.796925e+00 1.672390e+04
1.672955e+04 -5.649064e+00 1.672390e+04
1.672937e+04 -5.468672e+00 1.672390e+04
1.672915e+04 -5.244590e+00 1.672390e+04
1.672886e+04 -4.961709e+00 1.672390e+04
1.672850e+04 -4.599709e+00 1.672390e+04
1.672803e+04 -4.125865e+00 1.672390e+04
1.672741e+04 -3.520166e+00 1.672389e+04
1.672660e+04 -2.717119e+00 1.672388e+04
1.672553e+04 -1.656167e+00 1.672388e+04
1.672412e+04 -2.423870e-01 1.672387e+04
1.672222e+04 1.635380e+00 1.672386e+04
1.671969e+04 4.145378e+00 1.672383e+04
1.671627e+04 7.532654e+00 1.672381e+04
1.671165e+04 1.211552e+01 1.672376e+04
1.670533e+04 1.837329e+01 1.672371e+04
1.669665e+04 2.696865e+01 1.672362e+04
1.668461e+04 3.889241e+01 1.672350e+04
1.666775e+04 5.557761e+01 1.672333e+04
1.664391e+04 7.915369e+01 1.672307e+04
1.660988e+04 1.127906e+02 1.672267e+04
1.656087e+04 1.612150e+02 1.672209e+04
1.648978e+04 2.314427e+02 1.672122e+04
1.638622e+04 3.337381e+02 1.671996e+04
1.623558e+04 4.826440e+02 1.671822e+04
1.601858e+04 6.974650e+02 1.671604e+04
1.571329e+04 1.000527e+03 1.671382e+04
1.530300e+04 1.409705e+03 1.671271e+04
1.479440e+04 1.920389e+03 1.671479e+04
1.424504e+04 2.476831e+03 1.672187e+04
1.377916e+04 2.952952e+03 1.673211e+04
1.355088e+04 3.187505e+03 1.673839e+04
1.364809e+04 3.086768e+03 1.673486e+04
1.402163e+04 2.703166e+03 1.672479e+04
1.452436e+04 2.191639e+03 1.671600e+04
1.501188e+04 1.700270e+03 1.671215e+04
1.540199e+04 1.310210e+03 1.671220e+04
1.567137e+04 1.042542e+03 1.671392e+04
1.582844e+04 8.874113e+02 1.671585e+04
1.589174e+04 8.257240e+02 1.671746e+04
1.587998e+04 8.387455e+02 1.671872e+04
1.580997e+04 9.098512e+02 1.671982e+04
1.569828e+04 1.022717e+03 1.672100e+04
1.556388e+04 1.158557e+03 1.672244e+04
1.542969e+04 1.294409e+03 1.672410e+04
1.532138e+04 1.404294e+03 1.672568e+04
1.526272e+04 1.463991e+03 1.672671e+04
1.526883e+04 1.457993e+03 1.672682e+04
1.534125e+04 1.384767e+03 1.672601e+04
1.546787e+04 1.256793e+03 1.672466e+04
1.562815e+04 1.095150e+03 1.672330e+04
1.580023e+04 9.220414e+02 1.672228e+04
1.596651e+04 7.552183e+02 1.672173e+04
1.611580e+04 6.057837e+02 1.672158e+04
1.624298e+04 4.787337e+02 1.672171e+04
1.634726e+04 3.747231e+02 1.672198e+04
1.643039e+04 2.919072e+02 1.672230e+04
1.649527e+04 2.273426e+02 1.672261e+04
1.654504e+04 1.778368e+02 1.672288e+04
1.658266e+04 1.404390e+02 1.672310e+04
1.661067e+04 1.126076e+02 1.672328e+04
1.663117e+04 9.225563e+01 1.672342e+04
1.664582e+04 7.771661e+01 1.672353e+04
1.665594e+04 6.768199e+01 1.672362e+04
1.666255e+04 6.113375e+01 1.672369e+04
1.666645e+04 5.728255e+01 1.672374e+04
1.666826e+04 5.551549e+01 1.672378e+04
1.666845e+04 5.535408e+01 1.672381e+04
1.666741e+04 5.641582e+01 1.672383e+04
1.666543e+04 5.841139e+01 1.672385e+04
1.666277e+04 6.109311e+01 1.672386e+04
1.665961e+04 6.426354e+01 1.672388e+04
1.665612e+04 6.776075e+01 1.672389e+04
1.665244e+04 7.145229e+01 1.672389e+04
1.664867e+04 7.523167e+01 1.672390e+04
1.664489e+04 7.901668e+01 1.672390e+04
1.664116e+04 8.274905e+01 1.672391e+04
1.663751e+04 8.639513e+01 1.672391e+04
1.663396e+04 8.994708e+01 1.672391e+04
1.663048e+04 9.342427e+01 1.672390e+04
1.662702e+04 9.687486e+01 1.672390e+04
1.662351e+04 1.003771e+02 1.672389e+04
1.661983e+04 1.040405e+02 1.672387e+04
1.661585e+04 1.080070e+02 1.672386e+04
1.661139e+04 1.124512e+02 1.672384e+04
1.660624e+04 1.175817e+02 1.672382e+04
1.660016e+04 1.236409e+02 1.672380e+04
1.659287e+04 1.309058e+02 1.672377e+04
1.658405e+04 1.396828e+02 1.672374e+04
1.657338e+04 1.503287e+02 1.672370e+04
1.656045e+04 1.632168e+02 1.672367e+04
1.654487e+04 1.787600e+02 1.672363e+04
1.652622e+04 1.973767e+02 1.672359e+04
1.650404e+04 2.195105e+02 1.672355e+04
1.647792e+04 2.455878e+02 1.672351e+04
1.644748e+04 2.759924e+02 1.672347e+04
1.641242e+04 3.110200e+02 1.672344e+04
1.637260e+04 3.508132e+02 1.672342e+04
1.632811e+04 3.953081e+02 1.672342e+04
1.627933e+04 4.441145e+02 1.672344e+04
1.622705e+04 4.964519e+02 1.672350e+04
1.617251e+04 5.510763e+02 1.672359e+04
1.611745e+04 6.062565e+02 1.672371e+04
1.606402e+04 6.598279e+02 1.672385e+04
1.601465e+04 7.093453e+02 1.672400e+04
1.597178e+04 7.523435e+02 1.672412e+04
1.593753e+04 7.866772e+02 1.672421e+04
1.591335e+04 8.108852e+02 1.672424e+04
1.589973e+04 8.244603e+02 1.672419e+04
1.589605e+04 8.280298e+02 1.672408e+04
1.590064e+04 8.232605e+02 1.672391e+04
1.591104e+04 8.126626e+02 1.672371e+04
1.592430e+04 7.992074e+02 1.672350e+04
1.593740e+04 7.859294e+02 1.672333e+04
1.594764e+04 7.755517e+02 1.672319e+04
1.595292e+04 7.701949e+02 1.672312e+04
1.595199e+04 7.711154e+02 1.672310e+04
1.594453e+04 7.786335e+02 1.672316e+04
1.593126e+04 7.920245e+02 1.672328e+04
1.591392e+04 8.095458e+02 1.672347e+04
1.589514e+04 8.285571e+02 1.672370e+04
1.587818e+04 8.457656e+02 1.672394e+04
1.586653e+04 8.576427e+02 1.672417e+04
1.586346e+04 8.609006e+02 1.672436e+04
1.587144e+04 8.530194e+02 1.672446e+04
1.589176e+04 8.327007e+02 1.672446e+04
1.592432e+04 8.000485e+02 1.672437e+04
1.596772e+04 7.564989e+02 1.672421e+04
1.601953e+04 7.044928e+02 1.672402e+04
1.607683e+04 6.470064e+02 1.672383e+04
1.613659e+04 5.870712e+02 1.672367e+04
1.619615e+04 5.273924e+02 1.672354e+04
1.625334e+04 4.701185e+02 1.672346e+04
1.630666e+04 4.167603e+02 1.672342e+04
1.635519e+04 3.682235e+02 1.672341e+04
1.639853e+04 3.249075e+02 1.672343e+04
1.643664e+04 2.868302e+02 1.672347e+04
1.646976e+04 2.537481e+02 1.672351e+04
1.649830e+04 2.252600e+02 1.672356e+04
1.652272e+04 2.008798e+02 1.672360e+04
1.654353e+04 1.801092e+02 1.672364e+04
1.656122e+04 1.624634e+02 1.672368e+04
1.657624e+04 1.474813e+02 1.672372e+04
1.658899e+04 1.347535e+02 1.672375e+04
1.659985e+04 1.239203e+02 1.672377e+04
1.660913e+04 1.146712e+02 1.672380e+04
1.661707e+04 1.067417e+02 1.672382e+04
1.662392e+04 9.990894e+01 1.672383e+04
1.662986e+04 9.398669e+01 1.672384e+04
1.663503e+04 8.882042e+01 1.672386e+04
1.663958e+04 8.428276e+01 1.672386e+04
1.664360e+04 8.026386e+01 1.672387e+04
1.664718e+04 7.668964e+01 1.672387e+04
1.665039e+04 7.348602e+01 1.672388e+04
1.665328e+04 7.059791e+01 1.672388e+04
1.665590e+04 6.798698e+01 1.672389e+04
1.665828e+04 6.560794e+01 1.672389e+04
1.666045e+04 6.344531e+01 1.672390e+04
1.666243e+04 6.145698e+01 1.672389e+04
1.666423e+04 5.965592e+01 1.672389e+04
1.666587e+04 5.802116e+01 1.672389e+04
1.666734e+04 5.654623e+01 1.672389e+04
1.666866e+04 5.522762e+01 1.672389e+04
1.666983e+04 5.406427e+01 1.672389e+04
1.667083e+04 5.306244e+01 1.672390e+04
1.667168e+04 5.221377e+01 1.672390e+04
1.667237e+04 5.152758e+01 1.672390e+04
1.667289e+04 5.100876e+01 1.672390e+04
1.667323e+04 5.066316e+01 1.672389e+04
1.667340e+04 5.049746e+01 1.672389e+04
1.667337e+04 5.051363e+01 1.672389e+04
1.667316e+04 5.073101e+01 1.672389e+04
1.667273e+04 5.114815e+01 1.672388e+04
1.667209e+04 5.178087e+01 1.672387e+04
1.667123e+04 5.264667e+01 1.672387e+04
1.667012e+04 5.375344e+01 1.672387e+04
1.666875e+04 5.511615e+01 1.672387e+04
1.666712e+04 5.675706e+01 1.672387e+04
1.666519e+04 5.868383e+01 1.672387e+04
1.666295e+04 6.092253e+01 1.672387e+04
1.666037e+04 6.349546e+01 1.672387e+04
1.665744e+04 6.642648e+01 1.672387e+04
1.665412e+04 6.974601e+01 1.672387e+04
1.665040e+04 7.346859e+01 1.672387e+04
1.664624e+04 7.762512e+01 1.672386e+04
1.664162e+04 8.223973e+01 1.672386e+04
1.663652e+04 8.733420e+01 1.672386e+04
1.663093e+04 9.293195e+01 1.672386e+04
1.662483e+04 9.903462e+01 1.672386e+04
1.661821e+04 1.056531e+02 1.672386e+04
1.661108e+04 1.127783e+02 1.672385e+04
1.660345e+04 1.204061e+02 1.672385e+04
1.659535e+04 1.285029e+02 1.672386e+04
1.658683e+04 1.370252e+02 1.672386e+04
1.657795e+04 1.459125e+02 1.672386e+04
1.656878e+04 1.550856e+02 1.672387e+04
1.655943e+04 1.644460e+02 1.672387e+04
1.655001e+04 1.738753e+02 1.672388e+04
1.654065e+04 1.832368e+02 1.672389e+04
1.653152e+04 1.923765e+02 1.672390e+04
1.652278e+04 2.011325e+02 1.672392e+04
1.651461e+04 2.093175e+02 1.672393e+04
1.650718e+04 2.167574e+02 1.672394e+04
1.650067e+04 2.232761e+02 1.672395e+04
1.649525e+04 2.287088e+02 1.672396e+04
1.649105e+04 2.329094e+02 1.672396e+04
1.648821e+04 2.357581e+02 1.672397e+04
1.648681e+04 2.371675e+02 1.672397e+04
1.648689e+04 2.370877e+02 1.672397e+04
1.648846e+04 2.355086e+02 1.672397e+04
1.649151e+04 2.324609e+02 1.672397e+04
1.649595e+04 2.280135e+02 1.672396e+04
1.650168e+04 2.222704e+02 1.672395e+04
1.650858e+04 2.153641e+02 1.672394e+04
1.651648e+04 2.074491e+02 1.672393e+04
1.652523e+04 1.986942e+02 1.672392e+04
1.653464e+04 1.892749e+02 1.672391e+04
1.654454e+04 1.793664e+02 1.672390e+04
1.655476e+04 1.691428e+02 1.672390e+04
1.656514e+04 1.587503e+02 1.672389e+04
1.657555e+04 1.483368e+02 1.672388e+04
1.658585e+04 1.380268e+02 1.672388e+04
1.659595e+04 1.279321e+02 1.672388e+04
1.660575e+04 1.181288e+02 1.672388e+04
1.661518e+04 1.086974e+02 1.672388e+04
1.662420e+04 9.967928e+01 1.672388e+04
1.663276e+04 9.111740e+01 1.672388e+04
1.664084e+04 8.303572e+01 1.672388e+04
1.664843e+04 7.544693e+01 1.672388e+04
1.665553e+04 6.835978e+01 1.672389e+04
1.666213e+04 6.175896e+01 1.672389e+04
1.666825e+04 5.563978e+01 1.672389e+04
1.667391e+04 4.998761e+01 1.672389e+04
1.667911e+04 4.478472e+01 1.672390e+04
1.668389e+04 4.001133e+01 1.672390e+04
1.668825e+04 3.564648e+01 1.672390e+04
1.669223e+04 3.166373e+01 1.672390e+04
1.669584e+04 2.805333e+01 1.672390e+04
1.669911e+04 2.479003e+01 1.672390e+04
1.670205e+04 2.185528e+01 1.672390e+04
1.670467e+04 1.923217e+01 1.672390e+04
1.670700e+04 1.690565e+01 1.672390e+04
1.670904e+04 1.486282e+01 1.672391e+04
1.671081e+04 1.309344e+01 1.672391e+04
1.671232e+04 1.158967e+01 1.672391e+04
1.671356e+04 1.034646e+01 1.672391e+04
1.671454e+04 9.361764e+00 1.672391e+04
1.671527e+04 8.636729e+00 1.672391e+04
1.671573e+04 8.175997e+00 1.672391e+04
1.671592e+04 7.982409e+00 1.672390e+04
1.671582e+04 8.079552e+00 1.672390e+04
1.671542e+04 8.479125e+00 1.672390e+04
1.671469e+04 9.203344e+00 1.672389e+04
1.671361e+04 1.028011e+01 1.672389e+04
1.671214e+04 1.174373e+01 1.672389e+04
1.671025e+04 1.364122e+01 1.672389e+04
1.670787e+04 1.600598e+01 1.672388e+04
1.670496e+04 1.890845e+01 1.672387e+04
1.670143e+04 2.242469e+01 1.672386e+04
1.669722e+04 2.663263e+01 1.672385e+04
1.669221e+04 3.162520e+01 1.672384e+04
1.668629e+04 3.752950e+01 1.672382e+04
1.667933e+04 4.447710e+01 1.672381e+04
1.667116e+04 5.262988e+01 1.672379e+04
1.666159e+04 6.217939e+01 1.672377e+04
1.665040e+04 7.335269e+01 1.672375e+04
1.663730e+04 8.641953e+01 1.672372e+04
1.662199e+04 1.017010e+02 1.672369e+04
1.660407e+04 1.195802e+02 1.672365e+04
1.658309e+04 1.405142e+02 1.672360e+04
1.655850e+04 1.650489e+02 1.672355e+04
1.652964e+04 1.938352e+02 1.672348e+04
1.649575e+04 2.276455e+02 1.672339e+04
1.645591e+04 2.673908e+02 1.672330e+04
1.640905e+04 3.141380e+02 1.672319e+04
1.635397e+04 3.690921e+02 1.672306e+04
1.628930e+04 4.336212e+02 1.672292e+04
1.621359e+04 5.091720e+02 1.672276e+04
1.612538e+04 5.972269e+02 1.672260e+04
1.602331e+04 6.991441e+02 1.672245e+04
1.590637e+04 8.159533e+02 1.672232e+04
1.577414e+04 9.481044e+02 1.672224e+04
1.562713e+04 1.095110e+03 1.672224e+04
1.546710e+04 1.255226e+03 1.672232e+04
1.529737e+04 1.425143e+03 1.672252e+04
1.512308e+04 1.599760e+03 1.672284e+04
1.495126e+04 1.772032e+03 1.672329e+04
1.479098e+04 1.932912e+03 1.672389e+04
1.465315e+04 2.071444e+03 1.672460e+04
1.454999e+04 2.175343e+03 1.672533e+04
1.449339e+04 2.232523e+03 1.672591e+04
1.449231e+04 2.233806e+03 1.672612e+04
1.454964e+04 2.176146e+03 1.672579e+04
1.466017e+04 2.064791e+03 1.672496e+04
1.481096e+04 1.912872e+03 1.672383e+04
1.498442e+04 1.738291e+03 1.672271e+04
1.516243e+04 1.559401e+03 1.672183e+04
1.532993e+04 1.391378e+03 1.672131e+04
1.547676e+04 1.244364e+03 1.672113e+04
1.559792e+04 1.123320e+03 1.672124e+04
1.569270e+04 1.028841e+03 1.672154e+04
1.576355e+04 9.584056e+02 1.672196e+04
1.581498e+04 9.074481e+02 1.672243e+04
1.585261e+04 8.702960e+02 1.672290e+04
1.588238e+04 8.409691e+02 1.672335e+04
1.590988e+04 8.138303e+02 1.672371e+04
1.593976e+04 7.841898e+02 1.672395e+04
1.597526e+04 7.488215e+02 1.672408e+04
1.601798e+04 7.061256e+02 1.672410e+04
1.606791e+04 6.561221e+02 1.672403e+04
1.612374e+04 6.001485e+02 1.672389e+04
1.618333e+04 5.404069e+02 1.672374e+04
1.624420e+04 4.793923e+02 1.672359e+04
1.630397e+04 4.195056e+02 1.672348e+04
1.636067e+04 3.627297e+02 1.672340e+04
1.641287e+04 3.104943e+02 1.672336e+04
1.645969e+04 2.636656e+02 1.672336e+04
1.650076e+04 2.226168e+02 1.672338e+04
1.653608e+04 1.873385e+02 1.672341e+04
1.656591e+04 1.575537e+02 1.672346e+04
1.659069e+04 1.328098e+02 1.672350e+04
1.661095e+04 1.126034e+02 1.672355e+04
1.662723e+04 9.637227e+01 1.672360e+04
1.664006e+04 8.357805e+01 1.672364e+04
1.664996e+04 7.371825e+01 1.672368e+04
1.665738e+04 6.633807e+01 1.672372e+04
1.666271e+04 6.104015e+01 1.672375e+04
1.666631e+04 5.746210e+01 1.672378e+04
1.666849e+04 5.530673e+01 1.672380e+04
1.666950e+04 5.431549e+01 1.672382e+04
1.666956e+04 5.426955e+01 1.672383e+04
1.666886e+04 5.498550e+01 1.672384e+04
1.666754e+04 5.631159e+01 1.672385e+04
1.666574e+04 5.812464e+01 1.672386e+04
1.666354e+04 6.032751e+01 1.672387e+04
1.666102e+04 6.284710e+01 1.672387e+04
1.665824e+04 6.563831e+01 1.672388e+04
1.665522e+04 6.866079e+01 1.672388e+04
1.665197e+04 7.191080e+01 1.672388e+04
1.664848e+04 7.539797e+01 1.672388e+04
1.664472e+04 7.915491e+01 1.672388e+04
1.664066e+04 8.321967e+01 1.672388e+04
1.663623e+04 8.764476e+01 1.672387e+04
1.663136e+04 9.250615e+01 1.672387e+04
1.662597e+04 9.788458e+01 1.672386e+04
1.661998e+04 1.038686e+02 1.672385e+04
1.661329e+04 1.105515e+02 1.672384e+04
1.660580e+04 1.180287e+02 1.672383e+04
1.659743e+04 1.263941e+02 1.672382e+04
1.658808e+04 1.357314e+02 1.672381e+04
1.657767e+04 1.461322e+02 1.672380e+04
1.656614e+04 1.576598e+02 1.672380e+04
1.655343e+04 1.703670e+02 1.672379e+04
1.653950e+04 1.842869e+02 1.672379e+04
1.652436e+04 1.994243e+02 1.672378e+04
1.650801e+04 2.157742e+02 1.672378e+04
1.649050e+04 2.332861e+02 1.672379e+04
1.647191e+04 2.518841e+02 1.672379e+04
1.645234e+04 2.714605e+02 1.672380e+04
1.643193e+04 2.918750e+02 1.672381e+04
1.641086e+04 3.129557e+02 1.672382e+04
1.638933e+04 3.345006e+02 1.672383e+04
1.636756e+04 3.562791e+02 1.672384e+04
1.634582e+04 3.780403e+02 1.672386e+04
1.632439e+04 3.994869e+02 1.672387e+04
1.630356e+04 4.203323e+02 1.672389e+04
1.628366e+04 4.402472e+02 1.672391e+04
1.626504e+04 4.588827e+02 1.672393e+04
1.624806e+04 4.758900e+02 1.672395e+04
1.623308e+04 4.908923e+02 1.672397e+04
1.622048e+04 5.035148e+02 1.672399e+04
1.621062e+04 5.133874e+02 1.672401e+04
1.620384e+04 5.201841e+02 1.672402e+04
1.620042e+04 5.236071e+02 1.672403e+04
1.620058e+04 5.234550e+02 1.672404e+04
1.620443e+04 5.196083e+02 1.672403e+04
1.621195e+04 5.120705e+02 1.672402e+04
1.622303e+04 5.009741e+02 1.672401e+04
1.623740e+04 4.865825e+02 1.672398e+04
1.625467e+04 4.692803e+02 1.672395e+04
1.627436e+04 4.495543e+02 1.672391e+04
1.629591e+04 4.279675e+02 1.672388e+04
1.631871e+04 4.051303e+02 1.672384e+04
1.634212e+04 3.816786e+02 1.672380e+04
1.636553e+04 3.582299e+02 1.672376e+04
1.638832e+04 3.354023e+02 1.672372e+04
1.640990e+04 3.137893e+02 1.672369e+04
1.642967e+04 2.939735e+02 1.672365e+04
1.644705e+04 2.765469e+02 1.672360e+04
1.646140e+04 2.621449e+02 1.672355e+04
1.647199e+04 2.514933e+02 1.672348e+04
1.647792e+04 2.454721e+02 1.672339e+04
1.647808e+04 2.451918e+02 1.672327e+04
1.647099e+04 2.521179e+02 1.672311e+04
1.645474e+04 2.681668e+02 1.672290e+04
1.642678e+04 2.958449e+02 1.672262e+04
1.638385e+04 3.384102e+02 1.672226e+04
1.632189e+04 3.999302e+02 1.672182e+04
1.623611e+04 4.852080e+02 1.672132e+04
1.612146e+04 5.993527e+02 1.672081e+04
1.597374e+04 7.466974e+02 1.672044e+04
1.579172e+04 9.287038e+02 1.672042e+04
1.558038e+04 1.140681e+03 1.672106e+04
1.535464e+04 1.367914e+03 1.672255e+04
1.514149e+04 1.583286e+03 1.672478e+04
1.497704e+04 1.750034e+03 1.672708e+04
1.489642e+04 1.832001e+03 1.672842e+04
1.491962e+04 1.808484e+03 1.672811e+04
1.504199e+04 1.684311e+03 1.672630e+04
1.523655e+04 1.487380e+03 1.672393e+04
1.546633e+04 1.255604e+03 1.672193e+04
1.569785e+04 1.022923e+03 1.672077e+04
1.590861e+04 8.118071e+02 1.672041e+04
1.608778e+04 6.328118e+02 1.672060e+04
1.623320e+04 4.878526e+02 1.672105e+04
1.634756e+04 3.740077e+02 1.672157e+04
1.643566e+04 2.864029e+02 1.672206e+04
1.650262e+04 2.198678e+02 1.672248e+04
1.655306e+04 1.697636e+02 1.672282e+04
1.659083e+04 1.322542e+02 1.672308e+04
1.661896e+04 1.043163e+02 1.672328e+04
1.663979e+04 8.363741e+01 1.672342e+04
1.665505e+04 6.848410e+01 1.672353e+04
1.666603e+04 5.757139e+01 1.672360e+04
1.667368e+04 4.997947e+01 1.672366e+04
1.667866e+04 4.503742e+01 1.672370e+04
1.668144e+04 4.228722e+01 1.672373e+04
1.668233e+04 4.140973e+01 1.672374e+04
1.668153e+04 4.222348e+01 1.672375e+04
1.667911e+04 4.463865e+01 1.672375e+04
1.667510e+04 4.864589e+01 1.672375e+04
1.666943e+04 5.430503e+01 1.672373e+04
1.666198e+04 6.173765e+01 1.672372e+04
1.665258e+04 7.112201e+01 1.672370e+04
1.664098e+04 8.268919e+01 1.672367e+04
1.662692e+04 9.671883e+01 1.672364e+04
1.661008e+04 1.135330e+02 1.672361e+04
1.659009e+04 1.334860e+02 1.672357e+04
1.656659e+04 1.569479e+02 1.672354e+04
1.653922e+04 1.842780e+02 1.672350e+04
1.650768e+04 2.157861e+02 1.672347e+04
1.647177e+04 2.516774e+02 1.672344e+04
1.643146e+04 2.919792e+02 1.672344e+04
1.638700e+04 3.364513e+02 1.672345e+04
1.633901e+04 3.844851e+02 1.672350e+04
1.628857e+04 4.350075e+02 1.672358e+04
1.623729e+04 4.864059e+02 1.672370e+04
1.618731e+04 5.365523e+02 1.672386e+04
1.614122e+04 5.828128e+02 1.672403e+04
1.610187e+04 6.223383e+02 1.672420e+04
1.607202e+04 6.523324e+02 1.672435e+04
1.605400e+04 6.704498e+02 1.672445e+04
1.604930e+04 6.751732e+02 1.672448e+04
1.605835e+04 6.660780e+02 1.672443e+04
1.608041e+04 6.439102e+02 1.672432e+04
1.611371e+04 6.104506e+02 1.672416e+04
1.615577e+04 5.681983e+02 1.672397e+04
1.620378e+04 5.200252e+02 1.672380e+04
1.625492e+04 4.687353e+02 1.672366e+04
1.630673e+04 4.168147e+02 1.672355e+04
1.635720e+04 3.662733e+02 1.672347e+04
1.640488e+04 3.185613e+02 1.672344e+04
1.644884e+04 2.746034e+02 1.672344e+04
1.648857e+04 2.348899e+02 1.672346e+04
1.652392e+04 1.995587e+02 1.672348e+04
1.655498e+04 1.685332e+02 1.672351e+04
1.658199e+04 1.415515e+02 1.672355e+04
1.660530e+04 1.182836e+02 1.672359e+04
1.662528e+04 9.834265e+01 1.672362e+04
1.664232e+04 8.134059e+01 1.672366e+04
1.665678e+04 6.689915e+01 1.672368e+04
1.666903e+04 5.468430e+01 1.672371e+04
1.667935e+04 4.437993e+01 1.672373e+04
1.668804e+04 3.571138e+01 1.672376e+04
1.669533e+04 2.843939e+01 1.672377e+04
1.670143e+04 2.235788e+01 1.672379e+04
1.670651e+04 1.729094e+01 1.672380e+04
1.671072e+04 1.308952e+01 1.672381e+04
1.671419e+04 9.628157e+00 1.672382e+04
1.671703e+04 6.807363e+00 1.672383e+04
1.671931e+04 4.529028e+00 1.672384e+04
1.672112e+04 2.726924e+00 1.672384e+04
1.672251e+04 1.342509e+00 1.672385e+04
1.672352e+04 3.287287e-01 1.672385e+04
1.672421e+04 -3.570131e-01 1.672385e+04
1.672458e+04 -7.374765e-01 1.672384e+04
1.672467e+04 -8.273245e-01 1.672385e+04
1.672449e+04 -6.448544e-01 1.672385e+04
1.672404e+04 -1.907108e-01 1.672385e+04
1.672333e+04 5.246616e-01 1.672385e+04
1.672234e+04 1.513783e+00 1.672385e+04
1.672106e+04 2.790382e+00 1.672385e+04
1.671947e+04 4.375230e+00 1.672385e+04
1.671755e+04 6.296679e+00 1.672384e+04
1.671525e+04 8.591413e+00 1.672384e+04
1.671253e+04 1.130539e+01 1.672383e+04
1.670933e+04 1.449501e+01 1.672383e+04
1.670559e+04 1.823395e+01 1.672383e+04
1.670123e+04 2.259287e+01 1.672382e+04
1.669613e+04 2.767412e+01 1.672381e+04
1.669021e+04 3.359164e+01 1.672380e+04
1.668331e+04 4.047849e+01 1.672378e+04
1.667528e+04 4.848886e+01 1.672377e+04
1.666595e+04 5.779422e+01 1.672375e+04
1.665512e+04 6.860666e+01 1.672373e+04
1.664256e+04 8.114633e+01 1.672370e+04
1.662802e+04 9.566197e+01 1.672368e+04
1.661123e+04 1.124219e+02 1.672365e+04
1.659192e+04 1.317073e+02 1.672362e+04
1.656980e+04 1.538000e+02 1.672360e+04
1.654460e+04 1.789650e+02 1.672357e+04
1.651612e+04 2.074246e+02 1.672355e+04
1.648421e+04 2.393173e+02 1.672353e+04
1.644885e+04 2.746698e+02 1.672352e+04
1.641019e+04 3.133325e+02 1.672352e+04
1.636864e+04 3.549093e+02 1.672355e+04
1.632489e+04 3.987234e+02 1.672361e+04
1.627994e+04 4.437488e+02 1.672368e+04
1.623515e+04 4.886307e+02 1.672378e+04
1.619219e+04 5.317005e+02 1.672389e+04
1.615293e+04 5.710775e+02 1.672401e+04
1.611929e+04 6.048248e+02 1.672412e+04
1.609302e+04 6.311875e+02 1.672421e+04
1.607549e+04 6.487663e+02 1.672426e+04
1.606749e+04 6.567715e+02 1.672426e+04
1.606910e+04 6.551241e+02 1.672423e+04
1.607969e+04 6.444569e+02 1.672414e+04
1.609798e+04 6.260544e+02 1.672403e+04
1.612225e+04 6.016568e+02 1.672390e+04
1.615052e+04 5.732604e+02 1.672378e+04
1.618076e+04 5.428999e+02 1.672366e+04
1.621101e+04 5.125400e+02 1.672355e+04
1.623945e+04 4.839838e+02 1.672343e+04
1.626440e+04 4.589217e+02 1.672333e+04
1.628420e+04 4.390007e+02 1.672320e+04
1.629700e+04 4.260304e+02 1.672303e+04
1.630055e+04 4.222414e+02 1.672280e+04
1.629181e+04 4.306438e+02 1.672245e+04
1.626645e+04 4.554922e+02 1.672195e+04
1.621836e+04 5.028612e+02 1.672122e+04
1.613894e+04 5.812753e+02 1.672022e+04
1.601675e+04 7.021693e+02 1.671892e+04
1.583785e+04 8.795813e+02 1.671744e+04
1.558838e+04 1.127783e+03 1.671617e+04
1.526130e+04 1.454683e+03 1.671598e+04
1.486914e+04 1.849010e+03 1.671815e+04
1.445982e+04 2.263585e+03 1.672341e+04
1.412184e+04 2.608440e+03 1.673028e+04
1.395821e+04 2.776382e+03 1.673460e+04
1.403017e+04 2.702808e+03 1.673298e+04
1.431491e+04 2.411847e+03 1.672676e+04
1.472211e+04 1.998264e+03 1.672037e+04
1.515086e+04 1.565892e+03 1.671675e+04
1.553311e+04 1.182883e+03 1.671599e+04
1.584130e+04 8.755933e+02 1.671689e+04
1.607520e+04 6.431645e+02 1.671837e+04
1.624676e+04 4.730425e+02 1.671980e+04
1.637053e+04 3.504308e+02 1.672096e+04
1.645945e+04 2.623788e+02 1.672183e+04
1.652359e+04 1.988605e+02 1.672245e+04
1.657027e+04 1.526071e+02 1.672288e+04
1.660466e+04 1.185062e+02 1.672317e+04
1.663032e+04 9.304504e+01 1.672337e+04
1.664966e+04 7.383726e+01 1.672350e+04
1.666431e+04 5.927739e+01 1.672359e+04
1.667534e+04 4.830114e+01 1.672364e+04
1.668345e+04 4.022050e+01 1.672367e+04
1.668904e+04 3.464573e+01 1.672369e+04
1.669229e+04 3.139725e+01 1.672368e+04
1.669316e+04 3.050707e+01 1.672366e+04
1.669140e+04 3.221853e+01 1.672362e+04
1.668650e+04 3.704494e+01 1.672354e+04
1.667759e+04 4.583904e+01 1.672343e+04
1.666336e+04 5.990403e+01 1.672326e+04
1.664179e+04 8.122641e+01 1.672302e+04
1.660994e+04 1.127202e+02 1.672266e+04
1.656350e+04 1.586449e+02 1.672215e+04
1.649629e+04 2.251203e+02 1.672141e+04
1.639967e+04 3.207269e+02 1.672040e+04
1.626209e+04 4.569896e+02 1.671908e+04
1.606935e+04 6.481908e+02 1.671754e+04
1.580687e+04 9.092815e+02 1.671615e+04
1.546598e+04 1.249746e+03 1.671573e+04
1.505638e+04 1.661176e+03 1.671755e+04
1.462245e+04 2.100094e+03 1.672254e+04
1.425090e+04 2.478593e+03 1.672949e+04
1.404802e+04 2.686314e+03 1.673434e+04
1.408334e+04 2.649934e+03 1.673327e+04
1.434183e+04 2.385336e+03 1.672717e+04
1.473467e+04 1.985817e+03 1.672049e+04
1.515642e+04 1.560064e+03 1.671648e+04
1.553278e+04 1.182665e+03 1.671544e+04
1.583129e+04 8.848960e+02 1.671619e+04
1.604849e+04 6.690183e+02 1.671751e+04
1.619387e+04 5.248665e+02 1.671874e+04
1.627913e+04 4.404409e+02 1.671957e+04
1.631294e+04 4.069657e+02 1.671990e+04
1.629880e+04 4.208944e+02 1.671970e+04
1.623419e+04 4.847212e+02 1.671891e+04
1.611017e+04 6.073583e+02 1.671753e+04
1.591172e+04 8.039161e+02 1.671563e+04
1.562052e+04 1.093190e+03 1.671371e+04
1.522344e+04 1.489501e+03 1.671294e+04
1.473100e+04 1.984390e+03 1.671539e+04
1.420364e+04 2.518971e+03 1.672261e+04
1.376483e+04 2.967714e+03 1.673255e+04
1.356244e+04 3.175855e+03 1.673830e+04
1.367661e+04 3.058038e+03 1.673465e+04
1.405674e+04 2.668272e+03 1.672501e+04
1.456252e+04 2.154262e+03 1.671678e+04
1.505907e+04 1.654259e+03 1.671333e+04
1.547145e+04 1.242167e+03 1.671362e+04
1.578075e+04 9.347887e+02 1.671554e+04
1.599821e+04 7.194962e+02 1.671770e+04
1.614444e+04 5.750854e+02 1.671952e+04
1.623922e+04 4.816602e+02 1.672088e+04
1.629819e+04 4.236261e+02 1.672182e+04
1.633273e+04 3.897423e+02 1.672247e+04
1.635076e+04 3.721515e+02 1.672291e+04
1.635776e+04 3.654550e+02 1.672321e+04
1.635750e+04 3.659229e+02 1.672342e+04
1.635263e+04 3.709382e+02 1.672357e+04
1.634505e+04 3.786154e+02 1.672367e+04
1.633616e+04 3.875829e+02 1.672375e+04
1.632700e+04 3.968013e+02 1.672380e+04
1.631834e+04 4.055005e+02 1.672384e+04
1.631074e+04 4.131279e+02 1.672387e+04
1.630455e+04 4.193254e+02 1.672388e+04
1.629996e+04 4.239172e+02 1.672388e+04
1.629697e+04 4.268992e+02 1.672387e+04
1.629542e+04 4.284309e+02 1.672385e+04
1.629503e+04 4.287882e+02 1.672382e+04
1.629539e+04 4.284025e+02 1.672379e+04
1.629602e+04 4.277370e+02 1.672376e+04
1.629640e+04 4.273280e+02 1.672373e+04
1.629598e+04 4.277141e+02 1.672369e+04
1.629423e+04 4.294252e+02 1.672365e+04
1.629069e+04 4.329386e+02 1.672362e+04
1.628494e+04 4.386606e+02 1.672360e+04
1.627667e+04 4.469055e+02 1.672358e+04
1.626569e+04 4.578787e+02 1.672357e+04
1.625191e+04 4.716603e+02 1.672357e+04
1.623539e+04 4.881906e+02 1.672358e+04
1.621634e+04 5.072563e+02 1.672360e+04
1.619515e+04 5.284785e+02 1.672363e+04
1.617236e+04 5.513002e+02 1.672366e+04
1.614871e+04 5.750095e+02 1.672372e+04
1.612506e+04 5.987195e+02 1.672378e+04
1.610242e+04 6.214207e+02 1.672384e+04
1.608189e+04 6.420303e+02 1.672392e+04
1.606454e+04 6.594400e+02 1.672398e+04
1.605141e+04 6.726330e+02 1.672404e+04
1.604333e+04 6.807526e+02 1.672408e+04
1.604091e+04 6.831919e+02 1.672410e+04
1.604444e+04 6.796621e+02 1.672410e+04
1.605388e+04 6.702014e+02 1.672408e+04
1.606884e+04 6.551996e+02 1.672404e+04
1.608865e+04 6.353300e+02 1.672398e+04
1.611244e+04 6.114802e+02 1.672392e+04
1.613920e+04 5.846611e+02 1.672386e+04
1.616788e+04 5.559141e+02 1.672380e+04
1.619752e+04 5.262303e+02 1.672375e+04
1.622722e+04 4.964873e+02 1.672371e+04
1.625627e+04 4.674036e+02 1.672368e+04
1.628412e+04 4.395414e+02 1.672366e+04
1.631038e+04 4.132725e+02 1.672366e+04
1.633485e+04 3.888069e+02 1.672366e+04
1.635744e+04 3.662357e+02 1.672367e+04
1.637819e+04 3.455011e+02 1.672369e+04
1.639723e+04 3.264789e+02 1.672371e+04
1.641476e+04 3.089776e+02 1.672374e+04
1.643099e+04 2.927683e+02 1.672376e+04
1.644617e+04 2.776073e+02 1.672378e+04
1.646055e+04 2.632552e+02 1.672380e+04
1.647433e+04 2.494919e+02 1.672382e+04
1.648770e+04 2.361288e+02 1.672383e+04
1.650083e+04 2.230103e+02 1.672384e+04
1.651380e+04 2.100407e+02 1.672385e+04
1.652670e+04 1.971508e+02 1.672385e+04
1.653953e+04 1.843231e+02 1.672385e+04
1.655229e+04 1.715591e+02 1.672385e+04
1.656494e+04 1.588997e+02 1.672384e+04
1.657742e+04 1.464177e+02 1.672384e+04
1.658965e+04 1.341878e+02 1.672384e+04
1.660156e+04 1.222790e+02 1.672384e+04
1.661305e+04 1.107760e+02 1.672383e+04
1.662408e+04 9.975153e+01 1.672383e+04
1.663456e+04 8.926826e+01 1.672382e+04
1.664445e+04 7.937634e+01 1.672382e+04
1.665371e+04 7.010668e+01 1.672382e+04
1.666232e+04 6.149245e+01 1.672382e+04
1.667028e+04 5.353743e+01 1.672382e+04
1.667758e+04 4.623946e+01 1.672382e+04
1.668423e+04 3.958584e+01 1.672382e+04
1.669027e+04 3.356070e+01 1.672383e+04
1.669571e+04 2.812511e+01 1.672383e+04
1.670058e+04 2.325165e+01 1.672383e+04
1.670493e+04 1.890405e+01 1.672384e+04
1.670880e+04 1.504409e+01 1.672384e+04
1.671221e+04 1.163277e+01 1.672384e+04
1.671522e+04 8.631256e+00 1.672385e+04
1.671785e+04 6.001664e+00 1.672385e+04
1.672015e+04 3.707615e+00 1.672385e+04
1.672214e+04 1.714646e+00 1.672386e+04
1.672387e+04 -9.518896e-03 1.672386e+04
1.672536e+04 -1.494808e+00 1.672386e+04
1.672663e+04 -2.768736e+00 1.672386e+04
1.672772e+04 -3.856406e+00 1.672387e+04
1.672865e+04 -4.780567e+00 1.672387e+04
1.672943e+04 -5.561704e+00 1.672387e+04
1.673009e+04 -6.218159e+00 1.672387e+04
1.673064e+04 -6.766265e+00 1.672387e+04
1.673109e+04 -7.220487e+00 1.672387e+04
1.673147e+04 -7.593566e+00 1.672387e+04
1.673177e+04 -7.896657e+00 1.672387e+04
1.673201e+04 -8.139462e+00 1.672387e+04
1.673221e+04 -8.330348e+00 1.672388e+04
1.673235e+04 -8.476461e+00 1.672388e+04
1.673246e+04 -8.589302e+00 1.672387e+04
1.673253e+04 -8.663210e+00 1.672387e+04
1.673258e+04 -8.707412e+00 1.672387e+04
1.673260e+04 -8.724872e+00 1.672387e+04
1.673259e+04 -8.717742e+00 1.672387e+04
1.673256e+04 -8.687281e+00 1.672387e+04
1.673251e+04 -8.633846e+00 1.672387e+04
1.673243e+04 -8.556865e+00 1.672387e+04
1.673233e+04 -8.454776e+00 1.672387e+04
1.673220e+04 -8.324954e+00 1.672387e+04
1.673203e+04 -8.163592e+00 1.672387e+04
1.673184e+04 -7.965565e+00 1.672387e+04
1.673159e+04 -7.724243e+00 1.672387e+04
1.673130e+04 -7.425831e+00 1.672387e+04
1.673094e+04 -7.070978e+00 1.672387e+04
1.673051e+04 -6.641445e+00 1.672387e+04
1.672999e+04 -6.121843e+00 1.672387e+04
1.672936e+04 -5.493619e+00 1.672387e+04
1.672860e+04 -4.729052e+00 1.672387e+04
1.672768e+04 -3.807233e+00 1.672387e+04
1.672657e+04 -2.696489e+00 1.672388e+04
1.672524e+04 -1.364854e+00 1.672387e+04
1.672363e+04 2.372870e-01 1.672387e+04
1.672170e+04 2.161670e+00 1.672386e+04
1.671939e+04 4.474103e+00 1.672386e+04
1.671662e+04 7.233840e+00 1.672386e+04
1.671332e+04 1.052726e+01 1.672385e+04
1.670939e+04 1.444690e+01 1.672384e+04
1.670473e+04 1.909762e+01 1.672383e+04
1.669922e+04 2.460231e+01 1.672382e+04
1.669273e+04 3.107954e+01 1.672381e+04
1.668512e+04 3.866981e+01 1.672379e+04
1.667625e+04 4.752706e+01 1.672377e+04
1.666595e+04 5.780905e+01 1.672376e+04
1.665409e+04 6.965913e+01 1.672375e+04
1.664052e+04 8.321283e+01 1.672374e+04
1.662515e+04 9.857909e+01 1.672373e+04
1.660790e+04 1.158285e+02 1.672373e+04
1.658878e+04 1.349505e+02 1.672373e+04
1.656788e+04 1.558625e+02 1.672374e+04
1.654540e+04 1.783624e+02 1.672376e+04
1.652168e+04 2.021105e+02 1.672379e+04
1.649722e+04 2.266171e+02 1.672384e+04
1.647268e+04 2.512141e+02 1.672389e+04
1.644886e+04 2.751036e+02 1.672396e+04
1.642668e+04 2.973466e+02 1.672403e+04
1.640714e+04 3.169581e+02 1.672409e+04
1.639119e+04 3.329634e+02 1.672415e+04
1.637970e+04 3.444913e+02 1.672419e+04
1.637333e+04 3.508893e+02 1.672422e+04
1.637246e+04 3.517695e+02 1.672423e+04
1.637713e+04 3.470784e+02 1.672421e+04
1.638706e+04 3.370998e+02 1.672416e+04
1.640169e+04 3.224267e+02 1.672411e+04
1.642017e+04 3.038713e+02 1.672404e+04
1.644156e+04 2.824105e+02 1.672397e+04
1.646483e+04 2.590713e+02 1.672391e+04
1.648899e+04 2.348457e+02 1.672383e+04
1.651310e+04 2.106698e+02 1.672377e+04
1.653638e+04 1.873436e+02 1.672372e+04
1.655812e+04 1.655579e+02 1.672368e+04
1.657775e+04 1.458940e+02 1.672365e+04
1.659473e+04 1.288830e+02 1.672361e+04
1.660850e+04 1.150654e+02 1.672356e+04
1.661841e+04 1.050758e+02 1.672349e+04
1.662360e+04 9.978900e+01 1.672339e+04
1.662277e+04 1.004593e+02 1.672323e+04
1.661400e+04 1.089914e+02 1.672299e+04
1.659433e+04 1.282990e+02 1.672263e+04
1.655923e+04 1.628373e+02 1.672207e+04
1.650185e+04 2.193680e+02 1.672122e+04
1.641198e+04 3.079887e+02 1.671996e+04
1.627487e+04 4.433270e+02 1.671819e+04
1.607052e+04 6.453721e+02 1.671589e+04
1.577500e+04 9.383783e+02 1.671338e+04
1.536747e+04 1.344305e+03 1.671177e+04
1.484799e+04 1.865261e+03 1.671325e+04
1.426723e+04 2.452833e+03 1.672006e+04
1.374882e+04 2.982144e+03 1.673096e+04
1.345865e+04 3.279854e+03 1.673850e+04
1.350269e+04 3.232703e+03 1.673539e+04
1.383891e+04 2.885405e+03 1.672432e+04
1.430906e+04 2.404992e+03 1.671405e+04
1.474983e+04 1.959281e+03 1.670911e+04
1.506413e+04 1.644410e+03 1.670854e+04
1.522100e+04 1.488998e+03 1.671000e+04
1.522815e+04 1.484002e+03 1.671215e+04
1.511225e+04 1.602562e+03 1.671481e+04
1.491352e+04 1.804764e+03 1.671829e+04
1.468646e+04 2.036048e+03 1.672250e+04
1.449534e+04 2.231050e+03 1.672639e+04
1.439731e+04 2.330900e+03 1.672820e+04
1.441857e+04 2.308396e+03 1.672696e+04
1.454172e+04 2.181755e+03 1.672347e+04
1.471627e+04 2.003356e+03 1.671962e+04
1.488393e+04 1.832953e+03 1.671688e+04
1.500038e+04 1.715361e+03 1.671574e+04
1.504447e+04 1.671598e+03 1.671606e+04
1.501812e+04 1.699482e+03 1.671761e+04
1.494292e+04 1.777180e+03 1.672010e+04
1.485510e+04 1.867951e+03 1.672305e+04
1.479731e+04 1.928307e+03 1.672562e+04
1.480594e+04 1.920955e+03 1.672689e+04
1.489818e+04 1.828292e+03 1.672647e+04
1.506660e+04 1.658198e+03 1.672479e+04
1.528496e+04 1.437846e+03 1.672281e+04
1.552093e+04 1.200347e+03 1.672128e+04
1.574738e+04 9.731297e+02 1.672051e+04
1.594750e+04 7.729057e+02 1.672041e+04
1.611438e+04 6.063289e+02 1.672071e+04
1.624794e+04 4.732471e+02 1.672119e+04
1.635181e+04 3.698973e+02 1.672171e+04
1.643094e+04 2.912381e+02 1.672218e+04
1.649033e+04 2.322497e+02 1.672258e+04
1.653437e+04 1.885269e+02 1.672289e+04
1.656668e+04 1.564560e+02 1.672314e+04
1.659014e+04 1.331870e+02 1.672332e+04
1.660694e+04 1.165251e+02 1.672346e+04
1.661877e+04 1.048036e+02 1.672357e+04
1.662688e+04 9.676683e+01 1.672365e+04
1.663223e+04 9.147169e+01 1.672371e+04
1.663554e+04 8.821051e+01 1.672375e+04
1.663733e+04 8.645117e+01 1.672378e+04
1.663802e+04 8.579222e+01 1.672381e+04
1.663790e+04 8.592380e+01 1.672382e+04
1.663721e+04 8.661369e+01 1.672382e+04
1.663613e+04 8.769522e+01 1.672383e+04
1.663481e+04 8.903675e+01 1.672384e+04
1.663334e+04 9.051557e+01 1.672385e+04
1.663180e+04 9.205474e+01 1.672386e+04
1.663027e+04 9.359025e+01 1.672386e+04
1.662879e+04 9.507279e+01 1.672386e+04
1.662740e+04 9.646502e+01 1.672386e+04
1.662613e+04 9.773964e+01 1.672387e+04
1.662499e+04 9.887250e+01 1.672386e+04
1.662400e+04 9.986377e+01 1.672386e+04
1.662316e+04 1.007045e+02 1.672386e+04
1.662246e+04 1.013985e+02 1.672386e+04
1.662190e+04 1.019568e+02 1.672386e+04
1.662146e+04 1.023987e+02 1.672386e+04
1.662110e+04 1.027527e+02 1.672385e+04
1.662079e+04 1.030588e+02 1.672385e+04
1.662047e+04 1.033709e+02 1.672384e+04
1.662007e+04 1.037616e+02 1.672384e+04
1.661950e+04 1.043285e+02 1.672383e+04
1.661861e+04 1.052036e+02 1.672381e+04
1.661722e+04 1.065669e+02 1.672379e+04
1.661510e+04 1.086665e+02 1.672376e+04
1.661188e+04 1.118420e+02 1.672372e+04
1.660707e+04 1.165887e+02 1.672366e+04
1.659999e+04 1.235872e+02 1.672358e+04
1.658965e+04 1.338155e+02 1.672347e+04
1.657462e+04 1.486754e+02 1.672330e+04
1.655288e+04 1.701896e+02 1.672307e+04
1.652147e+04 2.012507e+02 1.672272e+04
1.647619e+04 2.460348e+02 1.672223e+04
1.641108e+04 3.104481e+02 1.672153e+04
1.631787e+04 4.026971e+02 1.672057e+04
1.618559e+04 5.337339e+02 1.671933e+04
1.600084e+04 7.170478e+02 1.671788e+04
1.574984e+04 9.667377e+02 1.671657e+04
1.542423e+04 1.291918e+03 1.671614e+04
1.503230e+04 1.685454e+03 1.671775e+04
1.461401e+04 2.108259e+03 1.672227e+04
1.424872e+04 2.480037e+03 1.672876e+04
1.403628e+04 2.697335e+03 1.673362e+04
1.404668e+04 2.686476e+03 1.673316e+04
1.427347e+04 2.454273e+03 1.672774e+04
1.463808e+04 2.083243e+03 1.672132e+04
1.504031e+04 1.676850e+03 1.671716e+04
1.540541e+04 1.310458e+03 1.671586e+04
1.569807e+04 1.018357e+03 1.671643e+04
1.591265e+04 8.050745e+02 1.671773e+04
1.605826e+04 6.608402e+02 1.671910e+04
1.614845e+04 5.718205e+02 1.672027e+04
1.619619e+04 5.249923e+02 1.672119e+04
1.621230e+04 5.095829e+02 1.672189e+04
1.620547e+04 5.169704e+02 1.672244e+04
1.618283e+04 5.400744e+02 1.672290e+04
1.615059e+04 5.727273e+02 1.672332e+04
1.611446e+04 6.092450e+02 1.672370e+04
1.607977e+04 6.442799e+02 1.672405e+04
1.605137e+04 6.729650e+02 1.672434e+04
1.603326e+04 6.912782e+02 1.672453e+04
1.602813e+04 6.964866e+02 1.672462e+04
1.603708e+04 6.874905e+02 1.672457e+04
1.605952e+04 6.649115e+02 1.672443e+04
1.609334e+04 6.308726e+02 1.672422e+04
1.613548e+04 5.884958e+02 1.672397e+04
1.618240e+04 5.413444e+02 1.672374e+04
1.623069e+04 4.928596e+02 1.672355e+04
1.627742e+04 4.459831e+02 1.672340e+04
1.632034e+04 4.029693e+02 1.672331e+04
1.635789e+04 3.653668e+02 1.672326e+04
1.638913e+04 3.341201e+02 1.672325e+04
1.641354e+04 3.097051e+02 1.672325e+04
1.643095e+04 2.922980e+02 1.672325e+04
1.644130e+04 2.819568e+02 1.672325e+04
1.644456e+04 2.786926e+02 1.672325e+04
1.644064e+04 2.825878e+02 1.672323e+04
1.642934e+04 2.938522e+02 1.672320e+04
1.641029e+04 3.128504e+02 1.672314e+04
1.638295e+04 3.401269e+02 1.672307e+04
1.634665e+04 3.763451e+02 1.672300e+04
1.630071e+04 4.221982e+02 1.672291e+04
1.624454e+04 4.783033e+02 1.672284e+04
1.617788e+04 5.449321e+02 1.672281e+04
1.610117e+04 6.216739e+02 1.672285e+04
1.601594e+04 7.070385e+02 1.672298e+04
1.592521e+04 7.980231e+02 1.672323e+04
1.583381e+04 8.898080e+02 1.672361e+04
1.574831e+04 9.757770e+02 1.672408e+04
1.567647e+04 1.048107e+03 1.672457e+04
1.562605e+04 1.098928e+03 1.672497e+04
1.560322e+04 1.121957e+03 1.672518e+04
1.561108e+04 1.114050e+03 1.672513e+04
1.564882e+04 1.076015e+03 1.672484e+04
1.571197e+04 1.012420e+03 1.672439e+04
1.579353e+04 9.303635e+02 1.672390e+04
1.588563e+04 8.378326e+02 1.672346e+04
1.598093e+04 7.422059e+02 1.672314e+04
1.607363e+04 6.493168e+02 1.672295e+04
1.615977e+04 5.631013e+02 1.672287e+04
1.623712e+04 4.857693e+02 1.672288e+04
1.630482e+04 4.181308e+02 1.672295e+04
1.636298e+04 3.600631e+02 1.672305e+04
1.641229e+04 3.108668e+02 1.672315e+04
1.645370e+04 2.695576e+02 1.672326e+04
1.648830e+04 2.350608e+02 1.672336e+04
1.651712e+04 2.063234e+02 1.672344e+04
1.654111e+04 1.823997e+02 1.672351e+04
1.656113e+04 1.624450e+02 1.672358e+04
1.657788e+04 1.457436e+02 1.672363e+04
1.659198e+04 1.316904e+02 1.672367e+04
1.660390e+04 1.198014e+02 1.672370e+04
1.661406e+04 1.096659e+02 1.672373e+04
1.662280e+04 1.009544e+02 1.672375e+04
1.663037e+04 9.340059e+01 1.672377e+04
1.663699e+04 8.678960e+01 1.672378e+04
1.664285e+04 8.094865e+01 1.672380e+04
1.664807e+04 7.573901e+01 1.672380e+04
1.665276e+04 7.104935e+01 1.672381e+04
1.665703e+04 6.678496e+01 1.672381e+04
1.666093e+04 6.289070e+01 1.672382e+04
1.666453e+04 5.929823e+01 1.672383e+04
1.666788e+04 5.595633e+01 1.672384e+04
1.667101e+04 5.283923e+01 1.672384e+04
1.667394e+04 4.990654e+01 1.672385e+04
1.667671e+04 4.714021e+01 1.672385e+04
1.667933e+04 4.452674e+01 1.672386e+04
1.668182e+04 4.204537e+01 1.672386e+04
1.668418e+04 3.967841e+01 1.672386e+04
1.668644e+04 3.742149e+01 1.672386e+04
1.668860e+04 3.526661e+01 1.672386e+04
1.669066e+04 3.320727e+01 1.672387e+04
1.669263e+04 3.124357e+01 1.672387e+04
1.669451e+04 2.936561e+01 1.672388e+04
1.669631e+04 2.756435e+01 1.672388e+04
1.669804e+04 2.584234e+01 1.672388e+04
1.669968e+04 2.419709e+01 1.672388e+04
1.670125e+04 2.262651e+01 1.672388e+04
1.670275e+04 2.112886e+01 1.672388e+04
1.670418e+04 1.970271e+01 1.672388e+04
1.670553e+04 1.834129e+01 1.672387e+04
1.670682e+04 1.705472e+01 1.672387e+04
1.670804e+04 1.583689e+01 1.672387e+04
1.670919e+04 1.468738e+01 1.672387e+04
1.671027e+04 1.360605e+01 1.672387e+04
1.671128e+04 1.259302e+01 1.672387e+04
1.671222e+04 1.165417e+01 1.672388e+04
1.671310e+04 1.077930e+01 1.672388e+04
1.671390e+04 9.975049e+00 1.672388e+04
1.671464e+04 9.242967e+00 1.672388e+04
1.671529e+04 8.585073e+00 1.672388e+04
1.671587e+04 8.003909e+00 1.672388e+04
1.671638e+04 7.502601e+00 1.672388e+04
1.671679e+04 7.084941e+00 1.672388e+04
1.671712e+04 6.755455e+00 1.672388e+04
1.671736e+04 6.513998e+00 1.672387e+04
1.671749e+04 6.377775e+00 1.672387e+04
1.671752e+04 6.348698e+00 1.672387e+04
1.671743e+04 6.435110e+00 1.672387e+04
1.671722e+04 6.646815e+00 1.672387e+04
1.671687e+04 6.995149e+00 1.672387e+04
1.671637e+04 7.492916e+00 1.672387e+04
1.671571e+04 8.154682e+00 1.672386e+04
1.671487e+04 8.996950e+00 1.672386e+04
1.671382e+04 1.004367e+01 1.672387e+04
1.671256e+04 1.130498e+01 1.672386e+04
1.671105e+04 1.280434e+01 1.672386e+04
1.670928e+04 1.457336e+01 1.672385e+04
1.670720e+04 1.665199e+01 1.672385e+04
1.670479e+04 1.905604e+01 1.672385e+04
1.670202e+04 2.182631e+01 1.672385e+04
1.669884e+04 2.500129e+01 1.672384e+04
1.669521e+04 2.862267e+01 1.672384e+04
1.669110e+04 3.273518e+01 1.672383e+04
1.668644e+04 3.738627e+01 1.672383e+04
1.668120e+04 4.262003e+01 1.672382e+04
1.667532e+04 4.849878e+01 1.672381e+04
1.666874e+04 5.506868e+01 1.672381e+04
1.666142e+04 6.238034e+01 1.672380e+04
1.665332e+04 7.048146e+01 1.672380e+04
1.664438e+04 7.940891e+01 1.672379e+04
1.663458e+04 8.920775e+01 1.672379e+04
1.662389e+04 9.989495e+01 1.672378e+04
1.661231e+04 1.114715e+02 1.672378e+04
1.659984e+04 1.239346e+02 1.672378e+04
1.658654e+04 1.372399e+02 1.672378e+04
1.657247e+04 1.513076e+02 1.672377e+04
1.655773e+04 1.660566e+02 1.672378e+04
1.654246e+04 1.813356e+02 1.672379e+04
1.652684e+04 1.969647e+02 1.672381e+04
1.651109e+04 2.127256e+02 1.672382e+04
1.649547e+04 2.283644e+02 1.672384e+04
1.648026e+04 2.435992e+02 1.672386e+04
1.646575e+04 2.581306e+02 1.672388e+04
1.645224e+04 2.716558e+02 1.672389e+04
1.644002e+04 2.838913e+02 1.672392e+04
1.642936e+04 2.945694e+02 1.672393e+04
1.642045e+04 3.034898e+02 1.672394e+04
1.641343e+04 3.105184e+02 1.672395e+04
1.640836e+04 3.155843e+02 1.672394e+04
1.640522e+04 3.187180e+02 1.672393e+04
1.640389e+04 3.200294e+02 1.672392e+04
1.640420e+04 3.197064e+02 1.672390e+04
1.640588e+04 3.180023e+02 1.672388e+04
1.640864e+04 3.152179e+02 1.672386e+04
1.641215e+04 3.116821e+02 1.672384e+04
1.641608e+04 3.077311e+02 1.672381e+04
1.642010e+04 3.036893e+02 1.672379e+04
1.642392e+04 2.998525e+02 1.672378e+04
1.642729e+04 2.964743e+02 1.672376e+04
1.643000e+04 2.937566e+02 1.672375e+04
1.643190e+04 2.918433e+02 1.672375e+04
1.643293e+04 2.908177e+02 1.672375e+04
1.643305e+04 2.907026e+02 1.672375e+04
1.643229e+04 2.914631e+02 1.672375e+04
1.643075e+04 2.930112e+02 1.672376e+04
1.642856e+04 2.952123e+02 1.672377e+04
1.642589e+04 2.978883e+02 1.672378e+04
1.642295e+04 3.008488e+02 1.672380e+04
1.641994e+04 3.038691e+02 1.672381e+04
1.641710e+04 3.067235e+02 1.672383e+04
1.641465e+04 3.091924e+02 1.672384e+04
1.641278e+04 3.110736e+02 1.672385e+04
1.641167e+04 3.121934e+02 1.672386e+04
1.641145e+04 3.124160e+02 1.672387e+04
1.641222e+04 3.116451e+02 1.672387e+04
1.641402e+04 3.098496e+02 1.672387e+04
1.641683e+04 3.070319e+02 1.672387e+04
1.642061e+04 3.032474e+02 1.672386e+04
1.642526e+04 2.985934e+02 1.672385e+04
1.643064e+04 2.932021e+02 1.672384e+04
1.643660e+04 2.872311e+02 1.672383e+04
1.644297e+04 2.808530e+02 1.672382e+04
1.644957e+04 2.742457e+02 1.672381e+04
1.645622e+04 2.675832e+02 1.672380e+04
1.646277e+04 2.610271e+02 1.672380e+04
1.646907e+04 2.547204e+02 1.672379e+04
1.647500e+04 2.487826e+02 1.672378e+04
1.648048e+04 2.433007e+02 1.672378e+04
1.648543e+04 2.383504e+02 1.672378e+04
1.648982e+04 2.339626e+02 1.672378e+04
1.649363e+04 2.301465e+02 1.672378e+04
1.649690e+04 2.268859e+02 1.672379e+04
1.649965e+04 2.241423e+02 1.672379e+04
1.650194e+04 2.218576e+02 1.672380e+04
1.650385e+04 2.199586e+02 1.672381e+04
1.650545e+04 2.183546e+02 1.672381e+04
1.650685e+04 2.169638e+02 1.672382e+04
1.650814e+04 2.156846e+02 1.672382e+04
1.650941e+04 2.144214e+02 1.672383e+04
1.651076e+04 2.130824e+02 1.672384e+04
1.651226e+04 2.115836e+02 1.672385e+04
1.651400e+04 2.098511e+02 1.672385e+04
1.651603e+04 2.078238e+02 1.672385e+04
1.651840e+04 2.054549e+02 1.672386e+04
1.652115e+04 2.027126e+02 1.672386e+04
1.652428e+04 1.995803e+02 1.672386e+04
1.652780e+04 1.960564e+02 1.672386e+04
1.653170e+04 1.921531e+02 1.672386e+04
1.653596e+04 1.878946e+02 1.672385e+04
1.654054e+04 1.833099e+02 1.672385e+04
1.654539e+04 1.784525e+02 1.672384e+04
1.655047e+04 1.733656e+02 1.672384e+04
1.655573e+04 1.681012e+02 1.672384e+04
1.656112e+04 1.627135e+02 1.672383e+04
1.656657e+04 1.572563e+02 1.672383e+04
1.657204e+04 1.517822e+02 1.672382e+04
1.657748e+04 1.463412e+02 1.672382e+04
1.658284e+04 1.409798e+02 1.672382e+04
1.658808e+04 1.357403e+02 1.672382e+04
1.659315e+04 1.306612e+02 1.672381e+04
1.659804e+04 1.257764e+02 1.672381e+04
1.660269e+04 1.211157e+02 1.672381e+04
1.660710e+04 1.167049e+02 1.672381e+04
1.661124e+04 1.125609e+02 1.672380e+04
1.661509e+04 1.087137e+02 1.672380e+04
1.661863e+04 1.051798e+02 1.672381e+04
1.662184e+04 1.019626e+02 1.672380e+04
1.662472e+04 9.907994e+01 1.672380e+04
1.662726e+04 9.654304e+01 1.672380e+04
1.662944e+04 9.435657e+01 1.672380e+04
1.663126e+04 9.254109e+01 1.672380e+04
1.663269e+04 9.110072e+01 1.672380e+04
1.663375e+04 9.004507e+01 1.672379e+04
1.663441e+04 8.938417e+01 1.672379e+04
1.663466e+04 8.912869e+01 1.672379e+04
1.663450e+04 8.929016e+01 1.672379e+04
1.663391e+04 8.988116e+01 1.672379e+04
1.663287e+04 9.091541e+01 1.672379e+04
1.663138e+04 9.240792e+01 1.672379e+04
1.662941e+04 9.437498e+01 1.672379e+04
1.662695e+04 9.683419e+01 1.672378e+04
1.662398e+04 9.980439e+01 1.672378e+04
1.662048e+04 1.032999e+02 1.672378e+04
1.661642e+04 1.073526e+02 1.672377e+04
1.661179e+04 1.119785e+02 1.672377e+04
1.660657e+04 1.171936e+02 1.672376e+04
1.660073e+04 1.230245e+02 1.672376e+04
1.659426e+04 1.294972e+02 1.672375e+04
1.658713e+04 1.366249e+02 1.672375e+04
1.657933e+04 1.444184e+02 1.672374e+04
1.657084e+04 1.529016e+02 1.672374e+04
1.656166e+04 1.620773e+02 1.672374e+04
1.655179e+04 1.719483e+02 1.672374e+04
1.654123e+04 1.825108e+02 1.672374e+04
1.652999e+04 1.937535e+02 1.672374e+04
1.651809e+04 2.056566e+02 1.672374e+04
1.650555e+04 2.181968e+02 1.672375e+04
1.649243e+04 2.313254e+02 1.672375e+04
1.647875e+04 2.449956e+02 1.672375e+04
1.646459e+04 2.591647e+02 1.672375e+04
1.644999e+04 2.737673e+02 1.672376e+04
1.643502e+04 2.887408e+02 1.672376e+04
1.641974e+04 3.040235e+02 1.672376e+04
1.640421e+04 3.195594e+02 1.672377e+04
1.638846e+04 3.353039e+02 1.672377e+04
1.637253e+04 3.512303e+02 1.672376e+04
1.635642e+04 3.673369e+02 1.672376e+04
1.634010e+04 3.836542e+02 1.672375e+04
1.632349e+04 4.002521e+02 1.672374e+04
1.630648e+04 4.172462e+02 1.672373e+04
1.628890e+04 4.348034e+02 1.672371e+04
1.627054e+04 4.531453e+02 1.672368e+04
1.625111e+04 4.725490e+02 1.672365e+04
1.623028e+04 4.933333e+02 1.672361e+04
1.620768e+04 5.158947e+02 1.672357e+04
1.618291e+04 5.406267e+02 1.672353e+04
1.615556e+04 5.679391e+02 1.672349e+04
1.612525e+04 5.982117e+02 1.672346e+04
1.609169e+04 6.317440e+02 1.672343e+04
1.605473e+04 6.686900e+02 1.672342e+04
1.601444e+04 7.089672e+02 1.672341e+04
1.597123e+04 7.522074e+02 1.672343e+04
1.592587e+04 7.976276e+02 1.672349e+04
1.587961e+04 8.439802e+02 1.672359e+04
1.583416e+04 8.895526e+02 1.672371e+04
1.579162e+04 9.322307e+02 1.672385e+04
1.575432e+04 9.696720e+02 1.672400e+04
1.572457e+04 9.995494e+02 1.672412e+04
1.570428e+04 1.019914e+03 1.672420e+04
1.569471e+04 1.029503e+03 1.672422e+04
1.569619e+04 1.027985e+03 1.672417e+04
1.570801e+04 1.016053e+03 1.672407e+04
1.572859e+04 9.953319e+02 1.672392e+04
1.575565e+04 9.681051e+02 1.672376e+04
1.578659e+04 9.370043e+02 1.672360e+04
1.581882e+04 9.046412e+02 1.672346e+04
1.585006e+04 8.733015e+02 1.672336e+04
1.587850e+04 8.447857e+02 1.672329e+04
1.590297e+04 8.202971e+02 1.672326e+04
1.592283e+04 8.004442e+02 1.672327e+04
1.593801e+04 7.852962e+02 1.672331e+04
1.594889e+04 7.744750e+02 1.672336e+04
1.595617e+04 7.672641e+02 1.672343e+04
1.596078e+04 7.627237e+02 1.672350e+04
1.596377e+04 7.598039e+02 1.672358e+04
1.596619e+04 7.574519e+02 1.672364e+04
1.596899e+04 7.547069e+02 1.672370e+04
1.597296e+04 7.507772e+02 1.672374e+04
1.597867e+04 7.450931e+02 1.672376e+04
1.598644e+04 7.373312e+02 1.672377e+04
1.599635e+04 7.274096e+02 1.672376e+04
1.600829e+04 7.154561e+02 1.672374e+04
1.602196e+04 7.017572e+02 1.672372e+04
1.603700e+04 6.866970e+02 1.672370e+04
1.605298e+04 6.706962e+02 1.672367e+04
1.606950e+04 6.541591e+02 1.672366e+04
1.608621e+04 6.374409e+02 1.672365e+04
1.610284e+04 6.208039e+02 1.672364e+04
1.611919e+04 6.044442e+02 1.672364e+04
1.613516e+04 5.884776e+02 1.672364e+04
1.615068e+04 5.729621e+02 1.672364e+04
1.616573e+04 5.579197e+02 1.672365e+04
1.618029e+04 5.433653e+02 1.672366e+04
1.619436e+04 5.293055e+02 1.672366e+04
1.620787e+04 5.157877e+02 1.672366e+04
1.622077e+04 5.028894e+02 1.672366e+04
1.623292e+04 4.907386e+02 1.672366e+04
1.624418e+04 4.794695e+02 1.672365e+04
1.625436e+04 4.692826e+02 1.672364e+04
1.626324e+04 4.603924e+02 1.672363e+04
1.627059e+04 4.530288e+02 1.672362e+04
1.627617e+04 4.474212e+02 1.672360e+04
1.627977e+04 4.438120e+02 1.672358e+04
1.628115e+04 4.424161e+02 1.672357e+04
1.628012e+04 4.434373e+02 1.672356e+04
1.627649e+04 4.470602e+02 1.672355e+04
1.627009e+04 4.534480e+02 1.672354e+04
1.626078e+04 4.627427e+02 1.672353e+04
1.624845e+04 4.750645e+02 1.672352e+04
1.623299e+04 4.905110e+02 1.672351e+04
1.621434e+04 5.091548e+02 1.672350e+04
1.619245e+04 5.310389e+02 1.672349e+04
1.616731e+04 5.561692e+02 1.672348e+04
1.613897e+04 5.845044e+02 1.672347e+04
1.610753e+04 6.159432e+02 1.672347e+04
1.607317e+04 6.503105e+02 1.672348e+04
1.603614e+04 6.873414e+02 1.672349e+04
1.599684e+04 7.266636e+02 1.672350e+04
1.595575e+04 7.677760e+02 1.672353e+04
1.591355e+04 8.100196e+02 1.672357e+04
1.587109e+04 8.525387e+02 1.672363e+04
1.582948e+04 8.942312e+02 1.672371e+04
1.579012e+04 9.336902e+02 1.672381e+04
1.575475e+04 9.691898e+02 1.672394e+04
1.572543e+04 9.986643e+02 1.672409e+04
1.570442e+04 1.019827e+03 1.672425e+04
1.569401e+04 1.030375e+03 1.672438e+04
1.569618e+04 1.028296e+03 1.672447e+04
1.571224e+04 1.012263e+03 1.672450e+04
1.574253e+04 9.819226e+02 1.672445e+04
1.578623e+04 9.380937e+02 1.672432e+04
1.584141e+04 8.827235e+02 1.672414e+04
1.590529e+04 8.186218e+02 1.672391e+04
1.597461e+04 7.490805e+02 1.672369e+04
1.604610e+04 6.774048e+02 1.672350e+04
1.611679e+04 6.065674e+02 1.672335e+04
1.618429e+04 5.389655e+02 1.672325e+04
1.624688e+04 4.763241e+02 1.672320e+04
1.630347e+04 4.197202e+02 1.672319e+04
1.635355e+04 3.696532e+02 1.672320e+04
1.639703e+04 3.262029e+02 1.672324e+04
1.643415e+04 2.891352e+02 1.672328e+04
1.646531e+04 2.580201e+02 1.672333e+04
1.649107e+04 2.323207e+02 1.672339e+04
1.651198e+04 2.114579e+02 1.672344e+04
1.652863e+04 1.948546e+02 1.672348e+04
1.654157e+04 1.819619e+02 1.672353e+04
1.655129e+04 1.722739e+02 1.672357e+04
1.655827e+04 1.653274e+02 1.672359e+04
1.656290e+04 1.607188e+02 1.672362e+04
1.656555e+04 1.580893e+02 1.672364e+04
1.656656e+04 1.571091e+02 1.672367e+04
1.656620e+04 1.574876e+02 1.672369e+04
1.656474e+04 1.589626e+02 1.672370e+04
1.656242e+04 1.612950e+02 1.672372e+04
1.655947e+04 1.642645e+02 1.672373e+04
1.655608e+04 1.676660e+02 1.672375e+04
1.655245e+04 1.713132e+02 1.672377e+04
1.654876e+04 1.750150e+02 1.672378e+04
1.654518e+04 1.786091e+02 1.672379e+04
1.654186e+04 1.819394e+02 1.672380e+04
1.653894e+04 1.848695e+02 1.672381e+04
1.653656e+04 1.872619e+02 1.672382e+04
1.653481e+04 1.890133e+02 1.672383e+04
1.653380e+04 1.900346e+02 1.672383e+04
1.653358e+04 1.902581e+02 1.672383e+04
1.653420e+04 1.896390e+02 1.672384e+04
1.653568e+04 1.881501e+02 1.672383e+04
1.653803e+04 1.858037e+02 1.672383e+04
1.654121e+04 1.826177e+02 1.672383e+04
1.654519e+04 1.786356e+02 1.672382e+04
1.654990e+04 1.739180e+02 1.672382e+04
1.655527e+04 1.685399e+02 1.672381e+04
1.656122e+04 1.625869e+02 1.672381e+04
1.656765e+04 1.561516e+02 1.672380e+04
1.657447e+04 1.493304e+02 1.672380e+04
1.658157e+04 1.422196e+02 1.672379e+04
1.658887e+04 1.349130e+02 1.672379e+04
1.659628e+04 1.274995e+02 1.672378e+04
1.660372e+04 1.200607e+02 1.672378e+04
1.661110e+04 1.126648e+02 1.672377e+04
1.661838e+04 1.053873e+02 1.672376e+04
1.662548e+04 9.827789e+01 1.672376e+04
1.663238e+04 9.138248e+01 1.672376e+04
1.663902e+04 8.473799e+01 1.672376e+04
1.664539e+04 7.837851e+01 1.672376e+04
1.665145e+04 7.231394e+01 1.672376e+04
1.665720e+04 6.655879e+01 1.672376e+04
1.666263e+04 6.113804e+01 1.672376e+04
1.666773e+04 5.604443e+01 1.672377e+04
1.667250e+04 5.127775e+01 1.672378e+04
1.667695e+04 4.682950e+01 1.672378e+04
1.668108e+04 4.269425e+01 1.672377e+04
1.668490e+04 3.887616e+01 1.672377e+04
1.668841e+04 3.536226e+01 1.672378e+04
1.669163e+04 3.214500e+01 1.672378e+04
1.669456e+04 2.921192e+01 1.672377e+04
1.669720e+04 2.656829e+01 1.672377e+04
1.669957e+04 2.420484e+01 1.672377e+04
1.670165e+04 2.212563e+01 1.672378e+04
1.670346e+04 2.032158e+01 1.672378e+04
1.670497e+04 1.880414e+01 1.672378e+04
1.670619e+04 1.758402e+01 1.672378e+04
1.670710e+04 1.667779e+01 1.672377e+04
1.670766e+04 1.611450e+01 1.672378e+04
1.670786e+04 1.592083e+01 1.672378e+04
1.670764e+04 1.613362e+01 1.672377e+04
1.670696e+04 1.681311e+01 1.672377e+04
1.670573e+04 1.802879e+01 1.672376e+04
1.670388e+04 1.987353e+01 1.672376e+04
1.670130e+04 2.244522e+01 1.672375e+04
1.669785e+04 2.588415e+01 1.672373e+04
1.669336e+04 3.035595e+01 1.672372e+04
1.668763e+04 3.606295e+01 1.672369e+04
1.668042e+04 4.325068e+01 1.672367e+04
1.667142e+04 5.221490e+01 1.672364e+04
1.666029e+04 6.330865e+01 1.672360e+04
1.664661e+04 7.694851e+01 1.672356e+04
1.662989e+04 9.361869e+01 1.672351e+04
1.660959e+04 1.138707e+02 1.672346e+04
1.658508e+04 1.383096e+02 1.672339e+04
1.655573e+04 1.675951e+02 1.672333e+04
1.652089e+04 2.023687e+02 1.672326e+04
1.648000e+04 2.432082e+02 1.672321e+04
1.643265e+04 2.905255e+02 1.672318e+04
1.637877e+04 3.444015e+02 1.672317e+04
1.631877e+04 4.044367e+02 1.672320e+04
1.625378e+04 4.695242e+02 1.672330e+04
1.618580e+04 5.376715e+02 1.672347e+04
1.611783e+04 6.058722e+02 1.672370e+04
1.605379e+04 6.702089e+02 1.672399e+04
1.599819e+04 7.260930e+02 1.672429e+04
1.595563e+04 7.689027e+02 1.672453e+04
1.592996e+04 7.947278e+02 1.672469e+04
1.592360e+04 8.011197e+02 1.672472e+04
1.593696e+04 7.876469e+02 1.672461e+04
1.596839e+04 7.559928e+02 1.672438e+04
1.601451e+04 7.095906e+02 1.672410e+04
1.607088e+04 6.529182e+02 1.672380e+04
1.613281e+04 5.907231e+02 1.672354e+04
1.619602e+04 5.273127e+02 1.672333e+04
1.625702e+04 4.661759e+02 1.672320e+04
1.631335e+04 4.097871e+02 1.672313e+04
1.636344e+04 3.596744e+02 1.672312e+04
1.640656e+04 3.165762e+02 1.672314e+04
1.644254e+04 2.806445e+02 1.672318e+04
1.647160e+04 2.516389e+02 1.672324e+04
1.649421e+04 2.290846e+02 1.672330e+04
1.651097e+04 2.123897e+02 1.672336e+04
1.652249e+04 2.009233e+02 1.672341e+04
1.652940e+04 1.940621e+02 1.672346e+04
1.653229e+04 1.912147e+02 1.672351e+04
1.653172e+04 1.918300e+02 1.672355e+04
1.652819e+04 1.953954e+02 1.672358e+04
1.652219e+04 2.014301e+02 1.672362e+04
1.651417e+04 2.094759e+02 1.672365e+04
1.650459e+04 2.190873e+02 1.672368e+04
1.649389e+04 2.298244e+02 1.672371e+04
1.648249e+04 2.412476e+02 1.672374e+04
1.647085e+04 2.529170e+02 1.672377e+04
1.645940e+04 2.644010e+02 1.672380e+04
1.644857e+04 2.752623e+02 1.672383e+04
1.643875e+04 2.851021e+02 1.672385e+04
1.643032e+04 2.935531e+02 1.672387e+04
1.642359e+04 3.003007e+02 1.672389e+04
1.641880e+04 3.050984e+02 1.672390e+04
1.641612e+04 3.077811e+02 1.672391e+04
1.641563e+04 3.082787e+02 1.672391e+04
1.641731e+04 3.065975e+02 1.672390e+04
1.642104e+04 3.028496e+02 1.672389e+04
1.642665e+04 2.972220e+02 1.672388e+04
1.643389e+04 2.899676e+02 1.672386e+04
1.644245e+04 2.813876e+02 1.672384e+04
1.645200e+04 2.718124e+02 1.672381e+04
1.646221e+04 2.615882e+02 1.672380e+04
1.647274e+04 2.510337e+02 1.672378e+04
1.648328e+04 2.404803e+02 1.672376e+04
1.649354e+04 2.302130e+02 1.672375e+04
1.650327e+04 2.204693e+02 1.672374e+04
1.651227e+04 2.114636e+02 1.672373e+04
1.652036e+04 2.033646e+02 1.672372e+04
1.652742e+04 1.962968e+02 1.672371e+04
1.653334e+04 1.903658e+02 1.672371e+04
1.653808e+04 1.856293e+02 1.672371e+04
1.654159e+04 1.821174e+02 1.672371e+04
1.654385e+04 1.798536e+02 1.672371e+04
1.654488e+04 1.788311e+02 1.672371e+04
1.654470e+04 1.790162e+02 1.672372e+04
1.654334e+04 1.803789e+02 1.672372e+04
1.654085e+04 1.828729e+02 1.672373e+04
1.653729e+04 1.864436e+02 1.672373e+04
1.653271e+04 1.910298e+02 1.672374e+04
1.652717e+04 1.965652e+02 1.672374e+04
1.652076e+04 2.029797e+02 1.672374e+04
1.651355e+04 2.102014e+02 1.672375e+04
1.650559e+04 2.181582e+02 1.672375e+04
1.649698e+04 2.267799e+02 1.672376e+04
1.648776e+04 2.360011e+02 1.672376e+04
1.647800e+04 2.457640e+02 1.672376e+04
1.646774e+04 2.560226e+02 1.672376e+04
1.645701e+04 2.667470e+02 1.672376e+04
1.644583e+04 2.779281e+02 1.672376e+04
1.643417e+04 2.895837e+02 1.672375e+04
1.642198e+04 3.017695e+02 1.672375e+04
1.640917e+04 3.145634e+02 1.672373e+04
1.639561e+04 3.281040e+02 1.672372e+04
1.638112e+04 3.425745e+02 1.672369e+04
1.636546e+04 3.582223e+02 1.672368e+04
1.634833e+04 3.753127e+02 1.672364e+04
1.632939e+04 3.942146e+02 1.672361e+04
1.630825e+04 4.153245e+02 1.672357e+04
1.628446e+04 4.390657e+02 1.672353e+04
1.625759e+04 4.658952e+02 1.672348e+04
1.622719e+04 4.962512e+02 1.672344e+04
1.619289e+04 5.305145e+02 1.672341e+04
1.615443e+04 5.689491e+02 1.672338e+04
1.611174e+04 6.116289e+02 1.672337e+04
1.606503e+04 6.583521e+02 1.672338e+04
1.601487e+04 7.085550e+02 1.672343e+04
1.596226e+04 7.612399e+02 1.672350e+04
1.590866e+04 8.149399e+02 1.672360e+04
1.585598e+04 8.677495e+02 1.672373e+04
1.580643e+04 9.174415e+02 1.672387e+04
1.576232e+04 9.616796e+02 1.672400e+04
1.572579e+04 9.983054e+02 1.672409e+04
1.569850e+04 1.025648e+03 1.672415e+04
1.568136e+04 1.042784e+03 1.672414e+04
1.567441e+04 1.049670e+03 1.672408e+04
1.567686e+04 1.047117e+03 1.672398e+04
1.568727e+04 1.036590e+03 1.672386e+04
1.570383e+04 1.019915e+03 1.672374e+04
1.572469e+04 9.989501e+02 1.672364e+04
1.574826e+04 9.753114e+02 1.672357e+04
1.577333e+04 9.502029e+02 1.672353e+04
1.579916e+04 9.243673e+02 1.672353e+04
1.582539e+04 8.981479e+02 1.672353e+04
1.585191e+04 8.716318e+02 1.672354e+04
1.587871e+04 8.448366e+02 1.672354e+04
1.590561e+04 8.179040e+02 1.672351e+04
1.593215e+04 7.913069e+02 1.672345e+04
1.595736e+04 7.659792e+02 1.672334e+04
1.597969e+04 7.434800e+02 1.672317e+04
1.599680e+04 7.261291e+02 1.672293e+04
1.600541e+04 7.171717e+02 1.672258e+04
1.600113e+04 7.209914e+02 1.672212e+04
1.597812e+04 7.433712e+02 1.672149e+04
1.592891e+04 7.917824e+02 1.672069e+04
1.584428e+04 8.754455e+02 1.671972e+04
1.571383e+04 1.004855e+03 1.671868e+04
1.552795e+04 1.189888e+03 1.671784e+04
1.528238e+04 1.435358e+03 1.671774e+04
1.498604e+04 1.733077e+03 1.671912e+04
1.467054e+04 2.051924e+03 1.672247e+04
1.439421e+04 2.332924e+03 1.672714e+04
1.422967e+04 2.501241e+03 1.673091e+04
1.423213e+04 2.499194e+03 1.673133e+04
1.440762e+04 2.320490e+03 1.672811e+04
1.470922e+04 2.014209e+03 1.672343e+04
1.506522e+04 1.654527e+03 1.671975e+04
1.541300e+04 1.305008e+03 1.671801e+04
1.571567e+04 1.002223e+03 1.671789e+04
1.596049e+04 7.581563e+02 1.671865e+04
1.614969e+04 5.699886e+02 1.671968e+04
1.629203e+04 4.286408e+02 1.672067e+04
1.639761e+04 3.238887e+02 1.672149e+04
1.647548e+04 2.466508e+02 1.672213e+04
1.653293e+04 1.896652e+02 1.672260e+04
1.657551e+04 1.474337e+02 1.672294e+04
1.660727e+04 1.159206e+02 1.672319e+04
1.663118e+04 9.219032e+01 1.672337e+04
1.664935e+04 7.414686e+01 1.672349e+04
1.666330e+04 6.028225e+01 1.672358e+04
1.667414e+04 4.951249e+01 1.672365e+04
1.668264e+04 4.106037e+01 1.672370e+04
1.668939e+04 3.434681e+01 1.672374e+04
1.669480e+04 2.896725e+01 1.672377e+04
1.669918e+04 2.460482e+01 1.672378e+04
1.670276e+04 2.103784e+01 1.672380e+04
1.670571e+04 1.809621e+01 1.672381e+04
1.670817e+04 1.565148e+01 1.672382e+04
1.671022e+04 1.360573e+01 1.672382e+04
1.671195e+04 1.188372e+01 1.672383e+04
1.671341e+04 1.042725e+01 1.672383e+04
1.671465e+04 9.190686e+00 1.672384e+04
1.671570e+04 8.137957e+00 1.672384e+04
1.671660e+04 7.245622e+00 1.672385e+04
1.671737e+04 6.479665e+00 1.672385e+04
1.671802e+04 5.826738e+00 1.672385e+04
1.671858e+04 5.265826e+00 1.672384e+04
1.671905e+04 4.794989e+00 1.672385e+04
1.671945e+04 4.403405e+00 1.672385e+04
1.671978e+04 4.070937e+00 1.672385e+04
1.672006e+04 3.795218e+00 1.672385e+04
1.672028e+04 3.574886e+00 1.672386e+04
1.672047e+04 3.392940e+00 1.672386e+04
1.672061e+04 3.249616e+00 1.672386e+04
1.672072e+04 3.145606e+00 1.672387e+04
1.672080e+04 3.065721e+00 1.672387e+04
1.672085e+04 3.011579e+00 1.672387e+04
1.672089e+04 2.979637e+00 1.672387e+04
1.672090e+04 2.966638e+00 1.672387e+04
1.672090e+04 2.969579e+00 1.672387e+04
1.672088e+04 2.985675e+00 1.672387e+04
1.672085e+04 3.006835e+00 1.672386e+04
1.672082e+04 3.041317e+00 1.672386e+04
1.672078e+04 3.076202e+00 1.672386e+04
1.672074e+04 3.120404e+00 1.672386e+04
1.672069e+04 3.171921e+00 1.672386e+04
1.672064e+04 3.218132e+00 1.672386e+04
1.672060e+04 3.262903e+00 1.672386e+04
1.672056e+04 3.304755e+00 1.672386e+04
1.672052e+04 3.342345e+00 1.672386e+04
1.672049e+04 3.374465e+00 1.672386e+04
1.672046e+04 3.394514e+00 1.672386e+04
1.672044e+04 3.412501e+00 1.672386e+04
1.672044e+04 3.427532e+00 1.672386e+04
1.672043e+04 3.428018e+00 1.672386e+04
1.672044e+04 3.418899e+00 1.672386e+04
1.672046e+04 3.399701e+00 1.672386e+04
1.672049e+04 3.370062e+00 1.672386e+04
1.672053e+04 3.329723e+00 1.672386e+04
1.672058e+04 3.278524e+00 1.672386e+04
1.672065e+04 3.216402e+00 1.672386e+04
1.672072e+04 3.143380e+00 1.672386e+04
1.672080e+04 3.059564e+00 1.672386e+04
1.672090e+04 2.965140e+00 1.672386e+04
1.672100e+04 2.860363e+00 1.672386e+04
1.672112e+04 2.745554e+00 1.672386e+04
1.672124e+04 2.621092e+00 1.672386e+04
1.672138e+04 2.481898e+00 1.672386e+04
1.672152e+04 2.339269e+00 1.672386e+04
1.672167e+04 2.188315e+00 1.672386e+04
1.672183e+04 2.029693e+00 1.672386e+04
1.672199e+04 1.869454e+00 1.672386e+04
1.672217e+04 1.686156e+00 1.672385e+04
1.672234e+04 1.507809e+00 1.672385e+04
1.672253e+04 1.324236e+00 1.672385e+04
1.672272e+04 1.130568e+00 1.672385e+04
1.672291e+04 9.383623e-01 1.672385e+04
1.672310e+04 7.428500e-01 1.672385e+04
1.672330e+04 5.446629e-01 1.672385e+04
1.672350e+04 3.444206e-01 1.672385e+04
1.672370e+04 1.371958e-01 1.672384e+04
1.672391e+04 -6.545127e-02 1.672384e+04
1.672411e+04 -2.629794e-01 1.672385e+04
1.672431e+04 -4.659766e-01 1.672385e+04
1.672451e+04 -6.682227e-01 1.672385e+04
1.672472e+04 -8.747593e-01 1.672384e+04
1.672491e+04 -1.074165e+00 1.672384e+04
1.672511e+04 -1.271485e+00 1.672384e+04
1.672531e+04 -1.466340e+00 1.672384e+04
1.672550e+04 -1.658382e+00 1.672384e+04
1.672569e+04 -1.847294e+00 1.672384e+04
1.672587e+04 -2.032788e+00 1.672384e+04
1.672605e+04 -2.209199e+00 1.672385e+04
1.672623e+04 -2.392694e+00 1.672384e+04
1.672641e+04 -2.566616e+00 1.672384e+04
1.672658e+04 -2.725231e+00 1.672385e+04
1.672674e+04 -2.890312e+00 1.672385e+04
1.672690e+04 -3.050536e+00 1.672385e+04
1.672706e+04 -3.205632e+00 1.672385e+04
1.672721e+04 -3.360855e+00 1.672385e+04
1.672735e+04 -3.504823e+00 1.672385e+04
1.672749e+04 -3.642545e+00 1.672385e+04
1.672762e+04 -3.773500e+00 1.672385e+04
1.672774e+04 -3.891638e+00 1.672385e+04
1.672786e+04 -4.007175e+00 1.672385e+04
1.672796e+04 -4.113822e+00 1.672385e+04
1.672806e+04 -4.210698e+00 1.672385e+04
1.672815e+04 -4.296868e+00 1.672385e+04
1.672822e+04 -4.371385e+00 1.672385e+04
1.672828e+04 -4.433342e+00 1.672385e+04
1.672833e+04 -4.481949e+00 1.672385e+04
1.672837e+04 -4.522241e+00 1.672384e+04
1.672839e+04 -4.542842e+00 1.672384e+04
1.672839e+04 -4.549297e+00 1.672384e+04
1.672839e+04 -4.547758e+00 1.672384e+04
1.672837e+04 -4.528247e+00 1.672384e+04
1.672834e+04 -4.497853e+00 1.672384e+04
1.672830e+04 -4.464227e+00 1.672383e+04
1.672825e+04 -4.419031e+00 1.672383e+04
1.672821e+04 -4.365041e+00 1.672384e+04
1.672816e+04 -4.316275e+00 1.672384e+04
1.672811e+04 -4.269776e+00 1.672384e+04
1.672807e+04 -4.227805e+00 1.672384e+04
1.672803e+04 -4.191905e+00 1.672384e+04
1.672800e+04 -4.162667e+00 1.672384e+04
1.672798e+04 -4.134159e+00 1.672385e+04
1.672796e+04 -4.115643e+00 1.672385e+04
1.672794e+04 -4.098492e+00 1.672385e+04
1.672792e+04 -4.078482e+00 1.672385e+04
1.672790e+04 -4.044840e+00 1.672385e+04
1.672785e+04 -4.007523e+00 1.672384e+04
1.672779e+04 -3.942643e+00 1.672384e+04
1.672769e+04 -3.852704e+00 1.672384e+04
1.672755e+04 -3.722739e+00 1.672383e+04
1.672737e+04 -3.536373e+00 1.672383e+04
1.672711e+04 -3.286442e+00 1.672383e+04
1.672679e+04 -2.958190e+00 1.672383e+04
1.672636e+04 -2.533999e+00 1.672383e+04
1.672582e+04 -1.992537e+00 1.672382e+04
1.672513e+04 -1.318787e+00 1.672381e+04
1.672426e+04 -4.585478e-01 1.672381e+04
1.672318e+04 6.116973e-01 1.672380e+04
1.672184e+04 1.946848e+00 1.672379e+04
1.672017e+04 3.614247e+00 1.672378e+04
1.671809e+04 5.690626e+00 1.672378e+04
1.671551e+04 8.255133e+00 1.672376e+04
1.671231e+04 1.144328e+01 1.672375e+04
1.670834e+04 1.539754e+01 1.672373e+04
1.670341e+04 2.030175e+01 1.672371e+04
1.669731e+04 2.638951e+01 1.672370e+04
1.668973e+04 3.393243e+01 1.672367e+04
1.668035e+04 4.328517e+01 1.672363e+04
1.666871e+04 5.487154e+01 1.672358e+04
1.665430e+04 6.922708e+01 1.672353e+04
1.663648e+04 8.698169e+01 1.672346e+04
1.661449e+04 1.088948e+02 1.672338e+04
1.658743e+04 1.358576e+02 1.672329e+04
1.655430e+04 1.688874e+02 1.672318e+04
1.651397e+04 2.090992e+02 1.672307e+04
1.646532e+04 2.576379e+02 1.672295e+04
1.640730e+04 3.155508e+02 1.672285e+04
1.633920e+04 3.835720e+02 1.672277e+04
1.626093e+04 4.618322e+02 1.672276e+04
1.617343e+04 5.494142e+02 1.672285e+04
1.607915e+04 6.439110e+02 1.672306e+04
1.598238e+04 7.410252e+02 1.672341e+04
1.588942e+04 8.344484e+02 1.672387e+04
1.580813e+04 9.162595e+02 1.672439e+04
1.574685e+04 9.780021e+02 1.672485e+04
1.571280e+04 1.012338e+03 1.672513e+04
1.571034e+04 1.014822e+03 1.672516e+04
1.573981e+04 9.851025e+02 1.672491e+04
1.579745e+04 9.270252e+02 1.672447e+04
1.587638e+04 8.475772e+02 1.672395e+04
1.596831e+04 7.551594e+02 1.672347e+04
1.606523e+04 6.578732e+02 1.672310e+04
1.616054e+04 5.623339e+02 1.672287e+04
1.624960e+04 4.731686e+02 1.672277e+04
1.632969e+04 3.930703e+02 1.672277e+04
1.639966e+04 3.231639e+02 1.672283e+04
1.645946e+04 2.634694e+02 1.672293e+04
1.650972e+04 2.133272e+02 1.672304e+04
1.655143e+04 1.717213e+02 1.672315e+04
1.658573e+04 1.375327e+02 1.672326e+04
1.661373e+04 1.096242e+02 1.672336e+04
1.663647e+04 8.696480e+01 1.672343e+04
1.665484e+04 6.865843e+01 1.672350e+04
1.666963e+04 5.392494e+01 1.672356e+04
1.668149e+04 4.211578e+01 1.672360e+04
1.669094e+04 3.269583e+01 1.672364e+04
1.669844e+04 2.522238e+01 1.672366e+04
1.670433e+04 1.935775e+01 1.672369e+04
1.670891e+04 1.479502e+01 1.672371e+04
1.671240e+04 1.132173e+01 1.672372e+04
1.671498e+04 8.749744e+00 1.672373e+04
1.671681e+04 6.933511e+00 1.672374e+04
1.671799e+04 5.757453e+00 1.672375e+04
1.671863e+04 5.130052e+00 1.672376e+04
1.671878e+04 4.978998e+00 1.672376e+04
1.671852e+04 5.247225e+00 1.672377e+04
1.671788e+04 5.889660e+00 1.672377e+04
1.671690e+04 6.870543e+00 1.672377e+04
1.671561e+04 8.155680e+00 1.672377e+04
1.671404e+04 9.732593e+00 1.672377e+04
1.671219e+04 1.157595e+01 1.672377e+04
1.671010e+04 1.366814e+01 1.672377e+04
1.670778e+04 1.599266e+01 1.672377e+04
1.670524e+04 1.854390e+01 1.672379e+04
1.670250e+04 2.128249e+01 1.672379e+04
1.669959e+04 2.420070e+01 1.672379e+04
1.669651e+04 2.727774e+01 1.672379e+04
1.669330e+04 3.049028e+01 1.672379e+04
1.668998e+04 3.381203e+01 1.672379e+04
1.668658e+04 3.720281e+01 1.672379e+04
1.668314e+04 4.065248e+01 1.672379e+04
1.667968e+04 4.412096e+01 1.672380e+04
1.667624e+04 4.756066e+01 1.672380e+04
1.667286e+04 5.093901e+01 1.672380e+04
1.666959e+04 5.421191e+01 1.672380e+04
1.666645e+04 5.735221e+01 1.672380e+04
1.666349e+04 6.031793e+01 1.672381e+04
1.666073e+04 6.307526e+01 1.672381e+04
1.665822e+04 6.559424e+01 1.672381e+04
1.665596e+04 6.784986e+01 1.672381e+04
1.665399e+04 6.982295e+01 1.672381e+04
1.665231e+04 7.150092e+01 1.672381e+04
1.665093e+04 7.287822e+01 1.672381e+04
1.664985e+04 7.395651e+01 1.672381e+04
1.664907e+04 7.475552e+01 1.672382e+04
1.664855e+04 7.526878e+01 1.672382e+04
1.664829e+04 7.552883e+01 1.672382e+04
1.664825e+04 7.556237e+01 1.672381e+04
1.664841e+04 7.540016e+01 1.672381e+04
1.664873e+04 7.507594e+01 1.672381e+04
1.664918e+04 7.462521e+01 1.672381e+04
1.664972e+04 7.408409e+01 1.672380e+04
1.665031e+04 7.348280e+01 1.672379e+04
1.665093e+04 7.286650e+01 1.672379e+04
1.665153e+04 7.226214e+01 1.672379e+04
1.665209e+04 7.169938e+01 1.672379e+04
1.665258e+04 7.119931e+01 1.672378e+04
1.665298e+04 7.079655e+01 1.672378e+04
1.665327e+04 7.050635e+01 1.672378e+04
1.665343e+04 7.035205e+01 1.672378e+04
1.665344e+04 7.033275e+01 1.672377e+04
1.665329e+04 7.047871e+01 1.672377e+04
1.665297e+04 7.079735e+01 1.672377e+04
1.665247e+04 7.130129e+01 1.672377e+04
1.665177e+04 7.200391e+01 1.672377e+04
1.665085e+04 7.292037e+01 1.672377e+04
1.664970e+04 7.406878e+01 1.672377e+04
1.664829e+04 7.546585e+01 1.672376e+04
1.664660e+04 7.713962e+01 1.672374e+04
1.664460e+04 7.914167e+01 1.672374e+04
1.664223e+04 8.150531e+01 1.672374e+04
1.663944e+04 8.428571e+01 1.672373e+04
1.663617e+04 8.755131e+01 1.672372e+04
1.663233e+04 9.138654e+01 1.672371e+04
1.662781e+04 9.589485e+01 1.672370e+04
1.662249e+04 1.012022e+02 1.672369e+04
1.661621e+04 1.074559e+02 1.672367e+04
1.660880e+04 1.148507e+02 1.672365e+04
1.660003e+04 1.236018e+02 1.672363e+04
1.658963e+04 1.339715e+02 1.672360e+04
1.657730e+04 1.462703e+02 1.672357e+04
1.656267e+04 1.608613e+02 1.672353e+04
1.654533e+04 1.781652e+02 1.672349e+04
1.652478e+04 1.986609e+02 1.672344e+04
1.650051e+04 2.228822e+02 1.672339e+04
1.647192e+04 2.514057e+02 1.672333e+04
1.643844e+04 2.848266e+02 1.672327e+04
1.639950e+04 3.237153e+02 1.672321e+04
1.635461e+04 3.685500e+02 1.672316e+04
1.630352e+04 4.196176e+02 1.672313e+04
1.624625e+04 4.768814e+02 1.672313e+04
1.618335e+04 5.398196e+02 1.672317e+04
1.611601e+04 6.072533e+02 1.672326e+04
1.604621e+04 6.772005e+02 1.672341e+04
1.597680e+04 7.468160e+02 1.672362e+04
1.591138e+04 8.124858e+02 1.672386e+04
1.585397e+04 8.701396e+02 1.672411e+04
1.580856e+04 9.157557e+02 1.672431e+04
1.577836e+04 9.460657e+02 1.672443e+04
1.576524e+04 9.591927e+02 1.672443e+04
1.576923e+04 9.550762e+02 1.672430e+04
1.578849e+04 9.355791e+02 1.672407e+04
1.581960e+04 9.041812e+02 1.672378e+04
1.585809e+04 8.653747e+02 1.672347e+04
1.589914e+04 8.240276e+02 1.672317e+04
1.593809e+04 7.848205e+02 1.672291e+04
1.597080e+04 7.518929e+02 1.672269e+04
1.599380e+04 7.287080e+02 1.672251e+04
1.600427e+04 7.180871e+02 1.672236e+04
1.599988e+04 7.223302e+02 1.672221e+04
1.597869e+04 7.433833e+02 1.672207e+04
1.593903e+04 7.829098e+02 1.672193e+04
1.587947e+04 8.423344e+02 1.672180e+04
1.579894e+04 9.227478e+02 1.672169e+04
1.569693e+04 1.024691e+03 1.672162e+04
1.557381e+04 1.147818e+03 1.672163e+04
1.543131e+04 1.290429e+03 1.672174e+04
1.527297e+04 1.449015e+03 1.672199e+04
1.510457e+04 1.617835e+03 1.672240e+04
1.493430e+04 1.788673e+03 1.672297e+04
1.477263e+04 1.951019e+03 1.672365e+04
1.463160e+04 2.092785e+03 1.672439e+04
1.452342e+04 2.201618e+03 1.672503e+04
1.445849e+04 2.266945e+03 1.672544e+04
1.444321e+04 2.282263e+03 1.672548e+04
1.447810e+04 2.247004e+03 1.672511e+04
1.455732e+04 2.167093e+03 1.672441e+04
1.466987e+04 2.053705e+03 1.672357e+04
1.480218e+04 1.920613e+03 1.672279e+04
1.494110e+04 1.781121e+03 1.672222e+04
1.507617e+04 1.645752e+03 1.672192e+04
1.520075e+04 1.521127e+03 1.672188e+04
1.531200e+04 1.410032e+03 1.672203e+04
1.541007e+04 1.312227e+03 1.672229e+04
1.549705e+04 1.225551e+03 1.672260e+04
1.557590e+04 1.146981e+03 1.672288e+04
1.564962e+04 1.073501e+03 1.672312e+04
1.572064e+04 1.002646e+03 1.672328e+04
1.579057e+04 9.328119e+02 1.672338e+04
1.586012e+04 8.632889e+02 1.672341e+04
1.592922e+04 7.941754e+02 1.672339e+04
1.599721e+04 7.261452e+02 1.672335e+04
1.606308e+04 6.602118e+02 1.672330e+04
1.612573e+04 5.975113e+02 1.672324e+04
1.618406e+04 5.391408e+02 1.672320e+04
1.623713e+04 4.860320e+02 1.672317e+04
1.628421e+04 4.389336e+02 1.672314e+04
1.632475e+04 3.983823e+02 1.672313e+04
1.635840e+04 3.647225e+02 1.672312e+04
1.638496e+04 3.381620e+02 1.672313e+04
1.640435e+04 3.187777e+02 1.672313e+04
1.641657e+04 3.065711e+02 1.672314e+04
1.642166e+04 3.014827e+02 1.672314e+04
1.641972e+04 3.034175e+02 1.672314e+04
1.641089e+04 3.122585e+02 1.672315e+04
1.639535e+04 3.278122e+02 1.672316e+04
1.637336e+04 3.498168e+02 1.672318e+04
1.634529e+04 3.779185e+02 1.672321e+04
1.631166e+04 4.115935e+02 1.672325e+04
1.627319e+04 4.501213e+02 1.672331e+04
1.623086e+04 4.925319e+02 1.672339e+04
1.618592e+04 5.375714e+02 1.672349e+04
1.613992e+04 5.836953e+02 1.672362e+04
1.609468e+04 6.290712e+02 1.672375e+04
1.605221e+04 6.716821e+02 1.672390e+04
1.601461e+04 7.094220e+02 1.672403e+04
1.598389e+04 7.402628e+02 1.672415e+04
1.596180e+04 7.624398e+02 1.672424e+04
1.594966e+04 7.746336e+02 1.672429e+04
1.594818e+04 7.761150e+02 1.672430e+04
1.595743e+04 7.668239e+02 1.672425e+04
1.597680e+04 7.473672e+02 1.672417e+04
1.600513e+04 7.189343e+02 1.672406e+04
1.604078e+04 6.831508e+02 1.672393e+04
1.608191e+04 6.418967e+02 1.672380e+04
1.612656e+04 5.971289e+02 1.672369e+04
1.617288e+04 5.507006e+02 1.672358e+04
1.621922e+04 5.042760e+02 1.672349e+04
1.626419e+04 4.592375e+02 1.672343e+04
1.630672e+04 4.166681e+02 1.672339e+04
1.634603e+04 3.773361e+02 1.672337e+04
1.638160e+04 3.417633e+02 1.672337e+04
1.641315e+04 3.102235e+02 1.672337e+04
1.644055e+04 2.828279e+02 1.672338e+04
1.646385e+04 2.595485e+02 1.672340e+04
1.648316e+04 2.402583e+02 1.672341e+04
1.649865e+04 2.247866e+02 1.672344e+04
1.651055e+04 2.129122e+02 1.672346e+04
1.651908e+04 2.044040e+02 1.672348e+04
1.652447e+04 1.990295e+02 1.672350e+04
1.652696e+04 1.965629e+02 1.672352e+04
1.652675e+04 1.967895e+02 1.672354e+04
1.652404e+04 1.995081e+02 1.672355e+04
1.651903e+04 2.045306e+02 1.672356e+04
1.651190e+04 2.116804e+02 1.672358e+04
1.650280e+04 2.207903e+02 1.672359e+04
1.649190e+04 2.317051e+02 1.672360e+04
1.647936e+04 2.442559e+02 1.672361e+04
1.646533e+04 2.582903e+02 1.672362e+04
1.644999e+04 2.736461e+02 1.672363e+04
1.643349e+04 2.901521e+02 1.672364e+04
1.641603e+04 3.076235e+02 1.672366e+04
1.639781e+04 3.258557e+02 1.672367e+04
1.637906e+04 3.446185e+02 1.672368e+04
1.636005e+04 3.636489e+02 1.672370e+04
1.634107e+04 3.826402e+02 1.672371e+04
1.632248e+04 4.012599e+02 1.672374e+04
1.630464e+04 4.191156e+02 1.672376e+04
1.628801e+04 4.357817e+02 1.672379e+04
1.627301e+04 4.508105e+02 1.672382e+04
1.626012e+04 4.637232e+02 1.672384e+04
1.624977e+04 4.740915e+02 1.672386e+04
1.624237e+04 4.815197e+02 1.672389e+04
1.623821e+04 4.856856e+02 1.672390e+04
1.623750e+04 4.864008e+02 1.672390e+04
1.624028e+04 4.836147e+02 1.672389e+04
1.624644e+04 4.774355e+02 1.672387e+04
1.625571e+04 4.681307e+02 1.672384e+04
1.626770e+04 4.561130e+02 1.672381e+04
1.628186e+04 4.419120e+02 1.672377e+04
1.629759e+04 4.261376e+02 1.672373e+04
1.631425e+04 4.094368e+02 1.672368e+04
1.633120e+04 3.924512e+02 1.672365e+04
1.634784e+04 3.757784e+02 1.672361e+04
1.636365e+04 3.599399e+02 1.672359e+04
1.637822e+04 3.453576e+02 1.672357e+04
1.639123e+04 3.323381e+02 1.672357e+04
1.640250e+04 3.210653e+02 1.672357e+04
1.641198e+04 3.115993e+02 1.672358e+04
1.641971e+04 3.038821e+02 1.672359e+04
1.642587e+04 2.977491e+02 1.672362e+04
1.643070e+04 2.929452e+02 1.672364e+04
1.643453e+04 2.891472e+02 1.672368e+04
1.643772e+04 2.859911e+02 1.672371e+04
1.644063e+04 2.831032e+02 1.672373e+04
1.644363e+04 2.801333e+02 1.672376e+04
1.644699e+04 2.767888e+02 1.672378e+04
1.645092e+04 2.728651e+02 1.672378e+04
1.645551e+04 2.682709e+02 1.672378e+04
1.646072e+04 2.630454e+02 1.672377e+04
1.646638e+04 2.573667e+02 1.672374e+04
1.647216e+04 2.515458e+02 1.672370e+04
1.647762e+04 2.460526e+02 1.672367e+04
1.648219e+04 2.414288e+02 1.672361e+04
1.648519e+04 2.383657e+02 1.672355e+04
1.648583e+04 2.376532e+02 1.672348e+04
1.648323e+04 2.401637e+02 1.672340e+04
1.647639e+04 2.469144e+02 1.672330e+04
1.646417e+04 2.590217e+02 1.672319e+04
1.644530e+04 2.777728e+02 1.672307e+04
1.641835e+04 3.045788e+02 1.672293e+04
1.638175e+04 3.410235e+02 1.672277e+04
1.633382e+04 3.887844e+02 1.672260e+04
1.627289e+04 4.495429e+02 1.672244e+04
1.619758e+04 5.247202e+02 1.672230e+04
1.610712e+04 6.151155e+02 1.672224e+04
1.600199e+04 7.203037e+02 1.672229e+04
1.588458e+04 8.379383e+02 1.672251e+04
1.575995e+04 9.629948e+02 1.672295e+04
1.563622e+04 1.087358e+03 1.672358e+04
1.552414e+04 1.200174e+03 1.672432e+04
1.543562e+04 1.289362e+03 1.672499e+04
1.538116e+04 1.344230e+03 1.672539e+04
1.536698e+04 1.358415e+03 1.672539e+04
1.539307e+04 1.331895e+03 1.672497e+04
1.545319e+04 1.271078e+03 1.672427e+04
1.553665e+04 1.186839e+03 1.672349e+04
1.563114e+04 1.091655e+03 1.672280e+04
1.572523e+04 9.970406e+02 1.672227e+04
1.580984e+04 9.120839e+02 1.672193e+04
1.587854e+04 8.431695e+02 1.672171e+04
1.592708e+04 7.944892e+02 1.672157e+04
1.595256e+04 7.688736e+02 1.672143e+04
1.595268e+04 7.685804e+02 1.672126e+04
1.592524e+04 7.958110e+02 1.672105e+04
1.586803e+04 8.527972e+02 1.672082e+04
1.577937e+04 9.412958e+02 1.672067e+04
1.565942e+04 1.061321e+03 1.672074e+04
1.551217e+04 1.209048e+03 1.672122e+04
1.534804e+04 1.374229e+03 1.672227e+04
1.518561e+04 1.538279e+03 1.672389e+04
1.505066e+04 1.675048e+03 1.672571e+04
1.497089e+04 1.756224e+03 1.672711e+04
1.496684e+04 1.760636e+03 1.672747e+04
1.504363e+04 1.682994e+03 1.672662e+04
1.518874e+04 1.536234e+03 1.672498e+04
1.537751e+04 1.345711e+03 1.672322e+04
1.558251e+04 1.139383e+03 1.672189e+04
1.578129e+04 9.399002e+02 1.672119e+04
1.595975e+04 7.612653e+02 1.672101e+04
1.611160e+04 6.095839e+02 1.672118e+04
1.623611e+04 4.854155e+02 1.672152e+04
1.633566e+04 3.862535e+02 1.672191e+04
1.641394e+04 3.083407e+02 1.672229e+04
1.647485e+04 2.477578e+02 1.672261e+04
1.652194e+04 2.009369e+02 1.672287e+04
1.655819e+04 1.648911e+02 1.672308e+04
1.658603e+04 1.372147e+02 1.672325e+04
1.660737e+04 1.160044e+02 1.672337e+04
1.662366e+04 9.980382e+01 1.672347e+04
1.663604e+04 8.749337e+01 1.672354e+04
1.664537e+04 7.821889e+01 1.672359e+04
1.665230e+04 7.132877e+01 1.672363e+04
1.665734e+04 6.632444e+01 1.672366e+04
1.666087e+04 6.282227e+01 1.672369e+04
1.666318e+04 6.053006e+01 1.672371e+04
1.666453e+04 5.920887e+01 1.672373e+04
1.666508e+04 5.866771e+01 1.672375e+04
1.666499e+04 5.876219e+01 1.672376e+04
1.666440e+04 5.936898e+01 1.672377e+04
1.666339e+04 6.038459e+01 1.672377e+04
1.666206e+04 6.172578e+01 1.672378e+04
1.666049e+04 6.330918e+01 1.672379e+04
1.665874e+04 6.506043e+01 1.672380e+04
1.665688e+04 6.692250e+01 1.672380e+04
1.665497e+04 6.883807e+01 1.672381e+04
1.665306e+04 7.075427e+01 1.672381e+04
1.665119e+04 7.262223e+01 1.672381e+04
1.664942e+04 7.439688e+01 1.672382e+04
1.664778e+04 7.603700e+01 1.672382e+04
1.664632e+04 7.750537e+01 1.672382e+04
1.664506e+04 7.876909e+01 1.672383e+04
1.664403e+04 7.979985e+01 1.672383e+04
1.664325e+04 8.057431e+01 1.672383e+04
1.664275e+04 8.107434e+01 1.672383e+04
1.664254e+04 8.128729e+01 1.672383e+04
1.664262e+04 8.120607e+01 1.672383e+04
1.664300e+04 8.082925e+01 1.672383e+04
1.664367e+04 8.016089e+01 1.672383e+04
1.664462e+04 7.921039e+01 1.672383e+04
1.664583e+04 7.799211e+01 1.672383e+04
1.664730e+04 7.652497e+01 1.672382e+04
1.664899e+04 7.483196e+01 1.672382e+04
1.665088e+04 7.293942e+01 1.672382e+04
1.665294e+04 7.088219e+01 1.672382e+04
1.665514e+04 6.868089e+01 1.672382e+04
1.665745e+04 6.637429e+01 1.672382e+04
1.665982e+04 6.399127e+01 1.672381e+04
1.666223e+04 6.158861e+01 1.672382e+04
1.666464e+04 5.917403e+01 1.672382e+04
1.666702e+04 5.679371e+01 1.672381e+04
1.666933e+04 5.448233e+01 1.672381e+04
1.667154e+04 5.227408e+01 1.672381e+04
1.667361e+04 5.019710e+01 1.672380e+04
1.667550e+04 4.829542e+01 1.672380e+04
1.667720e+04 4.660187e+01 1.672380e+04
1.667866e+04 4.513796e+01 1.672380e+04
1.667986e+04 4.394212e+01 1.672380e+04
1.668075e+04 4.304757e+01 1.672380e+04
1.668130e+04 4.248835e+01 1.672379e+04
1.668149e+04 4.229973e+01 1.672379e+04
1.668127e+04 4.251859e+01 1.672379e+04
1.668060e+04 4.318383e+01 1.672378e+04
1.667944e+04 4.433671e+01 1.672378e+04
1.667775e+04 4.603197e+01 1.672379e+04
1.667549e+04 4.829438e+01 1.672378e+04
1.667259e+04 5.118448e+01 1.672378e+04
1.666902e+04 5.475441e+01 1.672377e+04
1.666471e+04 5.906380e+01 1.672377e+04
1.665961e+04 6.415754e+01 1.672377e+04
1.665367e+04 7.009705e+01 1.672376e+04
1.664682e+04 7.693664e+01 1.672376e+04
1.663903e+04 8.472674e+01 1.672375e+04
1.663024e+04 9.351620e+01 1.672376e+04
1.662043e+04 1.033268e+02 1.672375e+04
1.660957e+04 1.141869e+02 1.672376e+04
1.659767e+04 1.260823e+02 1.672376e+04
1.658477e+04 1.389888e+02 1.672376e+04
1.657092e+04 1.528437e+02 1.672376e+04
1.655623e+04 1.675457e+02 1.672377e+04
1.654083e+04 1.829491e+02 1.672378e+04
1.652494e+04 1.988605e+02 1.672380e+04
1.650878e+04 2.150370e+02 1.672382e+04
1.649265e+04 2.311947e+02 1.672384e+04
1.647687e+04 2.469980e+02 1.672387e+04
1.646181e+04 2.620834e+02 1.672389e+04
1.644783e+04 2.760805e+02 1.672391e+04
1.643530e+04 2.886396e+02 1.672393e+04
1.642452e+04 2.994280e+02 1.672395e+04
1.641579e+04 3.081775e+02 1.672396e+04
1.640927e+04 3.147018e+02 1.672397e+04
1.640505e+04 3.189164e+02 1.672397e+04
1.640311e+04 3.208501e+02 1.672396e+04
1.640329e+04 3.206501e+02 1.672394e+04
1.640533e+04 3.185781e+02 1.672391e+04
1.640888e+04 3.149991e+02 1.672388e+04
1.641348e+04 3.103660e+02 1.672384e+04
1.641860e+04 3.052028e+02 1.672380e+04
1.642367e+04 3.000885e+02 1.672375e+04
1.642806e+04 2.956470e+02 1.672371e+04
1.643111e+04 2.925439e+02 1.672365e+04
1.643210e+04 2.914947e+02 1.672359e+04
1.643024e+04 2.932855e+02 1.672352e+04
1.642463e+04 2.988092e+02 1.672344e+04
1.641421e+04 3.091226e+02 1.672333e+04
1.639767e+04 3.255262e+02 1.672320e+04
1.637334e+04 3.496763e+02 1.672302e+04
1.633904e+04 3.837355e+02 1.672278e+04
1.629188e+04 4.305741e+02 1.672246e+04
1.622804e+04 4.939895e+02 1.672203e+04
1.614245e+04 5.790030e+02 1.672146e+04
1.602869e+04 6.920495e+02 1.672074e+04
1.587894e+04 8.409607e+02 1.671990e+04
1.568476e+04 1.034286e+03 1.671905e+04
1.543909e+04 1.279363e+03 1.671845e+04
1.514048e+04 1.578100e+03 1.671858e+04
1.479983e+04 1.920188e+03 1.672002e+04
1.444778e+04 2.275311e+03 1.672309e+04
1.413666e+04 2.590483e+03 1.672714e+04
1.392905e+04 2.801284e+03 1.673033e+04
1.387193e+04 2.858828e+03 1.673076e+04
1.397178e+04 2.756425e+03 1.672821e+04
1.419162e+04 2.532725e+03 1.672434e+04
1.447268e+04 2.248454e+03 1.672113e+04
1.476153e+04 1.957927e+03 1.671945e+04
1.502463e+04 1.694515e+03 1.671914e+04
1.524834e+04 1.471281e+03 1.671962e+04
1.543210e+04 1.288290e+03 1.672039e+04
1.558146e+04 1.139710e+03 1.672117e+04
1.570354e+04 1.018273e+03 1.672181e+04
1.580489e+04 9.174361e+02 1.672232e+04
1.589071e+04 8.319768e+02 1.672269e+04
1.596491e+04 7.580464e+02 1.672296e+04
1.603029e+04 6.928674e+02 1.672316e+04
1.608884e+04 6.344614e+02 1.672330e+04
1.614199e+04 5.814167e+02 1.672340e+04
1.619076e+04 5.327214e+02 1.672348e+04
1.623589e+04 4.876491e+02 1.672354e+04
1.627790e+04 4.456827e+02 1.672358e+04
1.631715e+04 4.064663e+02 1.672362e+04
1.635390e+04 3.697437e+02 1.672364e+04
1.638830e+04 3.353599e+02 1.672366e+04
1.642046e+04 3.032126e+02 1.672367e+04
1.645044e+04 2.732359e+02 1.672368e+04
1.647831e+04 2.453825e+02 1.672369e+04
1.650409e+04 2.196106e+02 1.672370e+04
1.652783e+04 1.958744e+02 1.672370e+04
1.654960e+04 1.741180e+02 1.672371e+04
1.656945e+04 1.542727e+02 1.672372e+04
1.658748e+04 1.362570e+02 1.672373e+04
1.660377e+04 1.199825e+02 1.672375e+04
1.661842e+04 1.053356e+02 1.672376e+04
1.663156e+04 9.221182e+01 1.672377e+04
1.664328e+04 8.049760e+01 1.672378e+04
1.665371e+04 7.007809e+01 1.672379e+04
1.666296e+04 6.083980e+01 1.672380e+04
1.667114e+04 5.267256e+01 1.672381e+04
1.667835e+04 4.547100e+01 1.672382e+04
1.668469e+04 3.913548e+01 1.672383e+04
1.669026e+04 3.357358e+01 1.672383e+04
1.669514e+04 2.869972e+01 1.672384e+04
1.669941e+04 2.443559e+01 1.672385e+04
1.670314e+04 2.071001e+01 1.672385e+04
1.670640e+04 1.745876e+01 1.672386e+04
1.670924e+04 1.462421e+01 1.672386e+04
1.671171e+04 1.216032e+01 1.672387e+04
1.671386e+04 1.000486e+01 1.672387e+04
1.671574e+04 8.133880e+00 1.672387e+04
1.671737e+04 6.506203e+00 1.672387e+04
1.671878e+04 5.090407e+00 1.672387e+04
1.672002e+04 3.858928e+00 1.672388e+04
1.672109e+04 2.787642e+00 1.672388e+04
1.672202e+04 1.855479e+00 1.672388e+04
1.672284e+04 1.044073e+00 1.672388e+04
1.672355e+04 3.374346e-01 1.672388e+04
1.672416e+04 -2.783308e-01 1.672388e+04
1.672470e+04 -8.207915e-01 1.672388e+04
1.672517e+04 -1.295115e+00 1.672387e+04
1.672558e+04 -1.704708e+00 1.672387e+04
1.672594e+04 -2.062874e+00 1.672388e+04
1.672625e+04 -2.376405e+00 1.672388e+04
1.672653e+04 -2.651172e+00 1.672388e+04
1.672677e+04 -2.892251e+00 1.672388e+04
1.672698e+04 -3.104025e+00 1.672388e+04
1.672717e+04 -3.290283e+00 1.672388e+04
1.672733e+04 -3.454294e+00 1.672388e+04
1.672748e+04 -3.598880e+00 1.672388e+04
1.672760e+04 -3.726476e+00 1.672388e+04
1.672772e+04 -3.839184e+00 1.672388e+04
1.672782e+04 -3.938813e+00 1.672388e+04
1.672791e+04 -4.026925e+00 1.672388e+04
1.672798e+04 -4.099389e+00 1.672388e+04
1.672805e+04 -4.168409e+00 1.672388e+04
1.672811e+04 -4.229404e+00 1.672388e+04
1.672817e+04 -4.283225e+00 1.672388e+04
1.672821e+04 -4.330603e+00 1.672388e+04
1.672826e+04 -4.372159e+00 1.672388e+04
1.672829e+04 -4.408423e+00 1.672388e+04
1.672832e+04 -4.451033e+00 1.672387e+04
1.672835e+04 -4.478274e+00 1.672387e+04
1.672837e+04 -4.501373e+00 1.672387e+04
1.672839e+04 -4.520584e+00 1.672387e+04
1.672841e+04 -4.536115e+00 1.672387e+04
1.672842e+04 -4.548125e+00 1.672387e+04
1.672843e+04 -4.556735e+00 1.672387e+04
1.672844e+04 -4.556631e+00 1.672388e+04
1.672844e+04 -4.558804e+00 1.672388e+04
1.672844e+04 -4.557726e+00 1.672388e+04
1.672843e+04 -4.553390e+00 1.672388e+04
1.672842e+04 -4.551343e+00 1.672387e+04
1.672841e+04 -4.535090e+00 1.672388e+04
1.672840e+04 -4.515451e+00 1.672388e+04
1.672838e+04 -4.497763e+00 1.672388e+04
1.672836e+04 -4.476410e+00 1.672388e+04
1.672834e+04 -4.451241e+00 1.672388e+04
1.672831e+04 -4.422085e+00 1.672388e+04
1.672827e+04 -4.388754e+00 1.672388e+04
1.672824e+04 -4.351035e+00 1.672388e+04
1.672819e+04 -4.314185e+00 1.672388e+04
1.672815e+04 -4.267045e+00 1.672388e+04
1.672809e+04 -4.214771e+00 1.672388e+04
1.672804e+04 -4.157076e+00 1.672388e+04
1.672797e+04 -4.093652e+00 1.672388e+04
1.672790e+04 -4.024175e+00 1.672388e+04
1.672783e+04 -3.948301e+00 1.672388e+04
1.672774e+04 -3.865666e+00 1.672388e+04
1.672765e+04 -3.775887e+00 1.672388e+04
1.672756e+04 -3.678563e+00 1.672388e+04
1.672745e+04 -3.567807e+00 1.672388e+04
1.672734e+04 -3.459809e+00 1.672388e+04
1.672722e+04 -3.337467e+00 1.672388e+04
1.672708e+04 -3.205768e+00 1.672388e+04
1.672694e+04 -3.064206e+00 1.672388e+04
1.672679e+04 -2.906819e+00 1.672388e+04
1.672663e+04 -2.743968e+00 1.672388e+04
1.672645e+04 -2.569573e+00 1.672388e+04
1.672627e+04 -2.383015e+00 1.672388e+04
1.672607e+04 -2.189119e+00 1.672388e+04
1.672585e+04 -1.965440e+00 1.672389e+04
1.672563e+04 -1.738487e+00 1.672389e+04
1.672539e+04 -1.496460e+00 1.672389e+04
1.672513e+04 -1.238484e+00 1.672389e+04
1.672485e+04 -9.636062e-01 1.672389e+04
1.672456e+04 -6.653195e-01 1.672389e+04
1.672425e+04 -3.481909e-01 1.672390e+04
1.672392e+04 -1.614222e-02 1.672390e+04
1.672356e+04 3.378200e-01 1.672390e+04
1.672318e+04 7.153784e-01 1.672390e+04
1.672278e+04 1.118466e+00 1.672390e+04
1.672235e+04 1.549318e+00 1.672390e+04
1.672189e+04 2.010536e+00 1.672390e+04
1.672139e+04 2.505166e+00 1.672390e+04
1.672086e+04 3.031289e+00 1.672389e+04
1.672029e+04 3.604092e+00 1.672389e+04
1.671967e+04 4.223097e+00 1.672389e+04
1.671900e+04 4.894219e+00 1.672389e+04
1.671827e+04 5.624466e+00 1.672389e+04
1.671747e+04 6.422148e+00 1.672389e+04
1.671659e+04 7.307945e+00 1.672390e+04
1.671563e+04 8.260537e+00 1.672389e+04
1.671456e+04 9.326589e+00 1.672389e+04
1.671337e+04 1.051141e+01 1.672388e+04
1.671205e+04 1.183390e+01 1.672388e+04
1.671056e+04 1.332142e+01 1.672389e+04
1.670889e+04 1.498294e+01 1.672388e+04
1.670701e+04 1.686426e+01 1.672387e+04
1.670488e+04 1.899326e+01 1.672387e+04
1.670246e+04 2.140751e+01 1.672387e+04
1.669971e+04 2.414880e+01 1.672386e+04
1.669660e+04 2.726300e+01 1.672386e+04
1.669306e+04 3.079951e+01 1.672386e+04
1.668904e+04 3.480489e+01 1.672385e+04
1.668450e+04 3.934343e+01 1.672384e+04
1.667937e+04 4.446236e+01 1.672384e+04
1.667362e+04 5.021105e+01 1.672383e+04
1.666720e+04 5.663230e+01 1.672383e+04
1.666007e+04 6.375841e+01 1.672383e+04
1.665222e+04 7.160681e+01 1.672383e+04
1.664365e+04 8.017533e+01 1.672383e+04
1.663439e+04 8.943785e+01 1.672383e+04
1.662450e+04 9.934068e+01 1.672384e+04
1.661405e+04 1.098006e+02 1.672385e+04
1.660315e+04 1.207055e+02 1.672386e+04
1.659195e+04 1.319185e+02 1.672387e+04
1.658059e+04 1.432864e+02 1.672388e+04
1.656924e+04 1.546539e+02 1.672389e+04
1.655801e+04 1.658819e+02 1.672390e+04
1.654703e+04 1.768722e+02 1.672390e+04
1.653629e+04 1.875957e+02 1.672389e+04
1.652575e+04 1.981245e+02 1.672387e+04
1.651518e+04 2.086706e+02 1.672385e+04
1.650420e+04 2.195998e+02 1.672380e+04
1.649223e+04 2.315002e+02 1.672373e+04
1.647844e+04 2.451984e+02 1.672364e+04
1.646171e+04 2.618060e+02 1.672352e+04
1.644059e+04 2.827663e+02 1.672336e+04
1.641326e+04 3.099041e+02 1.672317e+04
1.637746e+04 3.454700e+02 1.672293e+04
1.633045e+04 3.921937e+02 1.672264e+04
1.626909e+04 4.532289e+02 1.672232e+04
1.618994e+04 5.320324e+02 1.672197e+04
1.608967e+04 6.319792e+02 1.672164e+04
1.596580e+04 7.556232e+02 1.672143e+04
1.581805e+04 9.034020e+02 1.672145e+04
1.565011e+04 1.071759e+03 1.672186e+04
1.547163e+04 1.251144e+03 1.672277e+04
1.529938e+04 1.424752e+03 1.672413e+04
1.515595e+04 1.569688e+03 1.672564e+04
1.506497e+04 1.661805e+03 1.672677e+04
1.504364e+04 1.683407e+03 1.672705e+04
1.509617e+04 1.630178e+03 1.672635e+04
1.521200e+04 1.512999e+03 1.672500e+04
1.537017e+04 1.353343e+03 1.672352e+04
1.554692e+04 1.175436e+03 1.672236e+04
1.572212e+04 9.995755e+02 1.672169e+04
1.588243e+04 8.390548e+02 1.672149e+04
1.602127e+04 7.003285e+02 1.672160e+04
1.613707e+04 5.848051e+02 1.672187e+04
1.623131e+04 4.908932e+02 1.672221e+04
1.630692e+04 4.156129e+02 1.672254e+04
1.636720e+04 3.556283e+02 1.672283e+04
1.641526e+04 3.078033e+02 1.672307e+04
1.645382e+04 2.694430e+02 1.672326e+04
1.648505e+04 2.383548e+02 1.672341e+04
1.651070e+04 2.128182e+02 1.672352e+04
1.653209e+04 1.915188e+02 1.672361e+04
1.655020e+04 1.734718e+02 1.672367e+04
1.656576e+04 1.579458e+02 1.672371e+04
1.657932e+04 1.444235e+02 1.672374e+04
1.659125e+04 1.325126e+02 1.672376e+04
1.660183e+04 1.219502e+02 1.672378e+04
1.661126e+04 1.125333e+02 1.672379e+04
1.661968e+04 1.041178e+02 1.672380e+04
1.662721e+04 9.658977e+01 1.672380e+04
1.663393e+04 8.987591e+01 1.672381e+04
1.663991e+04 8.390162e+01 1.672381e+04
1.664521e+04 7.860145e+01 1.672381e+04
1.664988e+04 7.393752e+01 1.672382e+04
1.665398e+04 6.984248e+01 1.672383e+04
1.665756e+04 6.627278e+01 1.672383e+04
1.666065e+04 6.318625e+01 1.672384e+04
1.666332e+04 6.052563e+01 1.672384e+04
1.666560e+04 5.825148e+01 1.672385e+04
1.666753e+04 5.632042e+01 1.672385e+04
1.666916e+04 5.469090e+01 1.672385e+04
1.667053e+04 5.332346e+01 1.672386e+04
1.667168e+04 5.218099e+01 1.672386e+04
1.667263e+04 5.122882e+01 1.672386e+04
1.667343e+04 5.042932e+01 1.672386e+04
1.667410e+04 4.976407e+01 1.672386e+04
1.667466e+04 4.920103e+01 1.672386e+04
1.667515e+04 4.871618e+01 1.672387e+04
1.667558e+04 4.828812e+01 1.672387e+04
1.667597e+04 4.789793e+01 1.672387e+04
1.667634e+04 4.752911e+01 1.672387e+04
1.667670e+04 4.716745e+01 1.672387e+04
1.667707e+04 4.680086e+01 1.672387e+04
1.667745e+04 4.641923e+01 1.672387e+04
1.667786e+04 4.601431e+01 1.672387e+04
1.667829e+04 4.557950e+01 1.672387e+04
1.667876e+04 4.511519e+01 1.672388e+04
1.667927e+04 4.460672e+01 1.672388e+04
1.667982e+04 4.405710e+01 1.672388e+04
1.668042e+04 4.346491e+01 1.672388e+04
1.668105e+04 4.282966e+01 1.672388e+04
1.668173e+04 4.215715e+01 1.672389e+04
1.668245e+04 4.143738e+01 1.672389e+04
1.668321e+04 4.067741e+01 1.672389e+04
1.668401e+04 3.987927e+01 1.672389e+04
1.668484e+04 3.904533e+01 1.672388e+04
1.668571e+04 3.817827e+01 1.672388e+04
1.668660e+04 3.728098e+01 1.672388e+04
1.668753e+04 3.635649e+01 1.672388e+04
1.668848e+04 3.540792e+01 1.672388e+04
1.668945e+04 3.443842e+01 1.672388e+04
1.669043e+04 3.344001e+01 1.672387e+04
1.669144e+04 3.243775e+01 1.672387e+04
1.669245e+04 3.142387e+01 1.672387e+04
1.669347e+04 3.040132e+01 1.672387e+04
1.669450e+04 2.937295e+01 1.672387e+04
1.669553e+04 2.834146e+01 1.672387e+04
1.669656e+04 2.730941e+01 1.672387e+04
1.669759e+04 2.627922e+01 1.672387e+04
1.669862e+04 2.525858e+01 1.672388e+04
1.669964e+04 2.423858e+01 1.672388e+04
1.670065e+04 2.323213e+01 1.672388e+04
1.670165e+04 2.222448e+01 1.672388e+04
1.670264e+04 2.123366e+01 1.672388e+04
1.670362e+04 2.025574e+01 1.672388e+04
1.670458e+04 1.929743e+01 1.672388e+04
1.670553e+04 1.834897e+01 1.672388e+04
1.670647e+04 1.741683e+01 1.672388e+04
1.670738e+04 1.650189e+01 1.672388e+04
1.670828e+04 1.560491e+01 1.672388e+04
1.670916e+04 1.472652e+01 1.672388e+04
1.671002e+04 1.386725e+01 1.672388e+04
1.671085e+04 1.302757e+01 1.672388e+04
1.671167e+04 1.220783e+01 1.672388e+04
1.671247e+04 1.140832e+01 1.672388e+04
1.671325e+04 1.062926e+01 1.672388e+04
1.671401e+04 9.870836e+00 1.672388e+04
1.671475e+04 9.133154e+00 1.672388e+04
1.671547e+04 8.416295e+00 1.672388e+04
1.671616e+04 7.720303e+00 1.672388e+04
1.671684e+04 7.045195e+00 1.672388e+04
1.671749e+04 6.390965e+00 1.672388e+04
1.671812e+04 5.757592e+00 1.672388e+04
1.671874e+04 5.145049e+00 1.672388e+04
1.671933e+04 4.547778e+00 1.672388e+04
1.671990e+04 3.976724e+00 1.672388e+04
1.672045e+04 3.426437e+00 1.672388e+04
1.672098e+04 2.896929e+00 1.672388e+04
1.672149e+04 2.382751e+00 1.672387e+04
1.672198e+04 1.894877e+00 1.672387e+04
1.672244e+04 1.428054e+00 1.672387e+04
1.672289e+04 9.770004e-01 1.672387e+04
1.672331e+04 5.473494e-01 1.672386e+04
1.672372e+04 1.395594e-01 1.672385e+04
1.672410e+04 -2.403567e-01 1.672385e+04
1.672445e+04 -5.919765e-01 1.672386e+04
1.672479e+04 -9.253089e-01 1.672386e+04
1.672509e+04 -1.233885e+00 1.672386e+04
1.672538e+04 -1.516578e+00 1.672386e+04
1.672563e+04 -1.777641e+00 1.672385e+04
1.672586e+04 -1.993509e+00 1.672387e+04
1.672606e+04 -2.189973e+00 1.672387e+04
1.672622e+04 -2.353611e+00 1.672386e+04
1.672635e+04 -2.481935e+00 1.672386e+04
1.672644e+04 -2.572082e+00 1.672386e+04
1.672648e+04 -2.620778e+00 1.672386e+04
1.672649e+04 -2.618826e+00 1.672387e+04
1.672644e+04 -2.567507e+00 1.672387e+04
1.672634e+04 -2.473036e+00 1.672387e+04
1.672618e+04 -2.318897e+00 1.672386e+04
1.672596e+04 -2.093436e+00 1.672386e+04
1.672566e+04 -1.795132e+00 1.672386e+04
1.672528e+04 -1.416119e+00 1.672386e+04
1.672481e+04 -9.475179e-01 1.672386e+04
1.672424e+04 -3.792979e-01 1.672386e+04
1.672356e+04 2.998790e-01 1.672386e+04
1.672275e+04 1.102846e+00 1.672386e+04
1.672181e+04 2.044149e+00 1.672385e+04
1.672071e+04 3.145674e+00 1.672386e+04
1.671944e+04 4.415340e+00 1.672386e+04
1.671797e+04 5.880080e+00 1.672385e+04
1.671629e+04 7.564371e+00 1.672385e+04
1.671435e+04 9.496233e+00 1.672385e+04
1.671214e+04 1.170781e+01 1.672385e+04
1.670961e+04 1.424149e+01 1.672385e+04
1.670672e+04 1.713420e+01 1.672385e+04
1.670342e+04 2.042946e+01 1.672385e+04
1.669965e+04 2.418908e+01 1.672384e+04
1.669536e+04 2.847788e+01 1.672383e+04
1.669046e+04 3.336489e+01 1.672382e+04
1.668487e+04 3.894650e+01 1.672381e+04
1.667849e+04 4.531485e+01 1.672380e+04
1.667121e+04 5.257531e+01 1.672379e+04
1.666291e+04 6.086943e+01 1.672378e+04
1.665344e+04 7.032066e+01 1.672377e+04
1.664266e+04 8.108880e+01 1.672375e+04
1.663039e+04 9.334117e+01 1.672373e+04
1.661646e+04 1.072551e+02 1.672372e+04
1.660069e+04 1.230127e+02 1.672370e+04
1.658289e+04 1.407922e+02 1.672368e+04
1.656291e+04 1.607558e+02 1.672366e+04
1.654062e+04 1.830325e+02 1.672365e+04
1.651595e+04 2.076948e+02 1.672364e+04
1.648891e+04 2.347363e+02 1.672364e+04
1.645964e+04 2.640158e+02 1.672365e+04
1.642842e+04 2.952543e+02 1.672367e+04
1.639573e+04 3.279768e+02 1.672371e+04
1.636227e+04 3.615018e+02 1.672377e+04
1.632895e+04 3.948846e+02 1.672384e+04
1.629692e+04 4.269974e+02 1.672392e+04
1.626747e+04 4.565316e+02 1.672400e+04
1.624199e+04 4.821000e+02 1.672409e+04
1.622183e+04 5.023344e+02 1.672417e+04
1.620816e+04 5.160589e+02 1.672422e+04
1.620184e+04 5.224082e+02 1.672425e+04
1.620330e+04 5.209448e+02 1.672425e+04
1.621249e+04 5.117193e+02 1.672421e+04
1.622889e+04 4.952649e+02 1.672415e+04
1.625155e+04 4.725263e+02 1.672407e+04
1.627924e+04 4.447415e+02 1.672399e+04
1.631060e+04 4.132991e+02 1.672390e+04
1.634422e+04 3.796002e+02 1.672382e+04
1.637881e+04 3.449432e+02 1.672376e+04
1.641326e+04 3.104456e+02 1.672371e+04
1.644667e+04 2.770028e+02 1.672367e+04
1.647838e+04 2.452799e+02 1.672366e+04
1.650792e+04 2.157273e+02 1.672365e+04
1.653504e+04 1.886117e+02 1.672365e+04
1.655961e+04 1.640465e+02 1.672365e+04
1.658161e+04 1.420520e+02 1.672367e+04
1.660112e+04 1.225569e+02 1.672368e+04
1.661825e+04 1.054498e+02 1.672370e+04
1.663311e+04 9.059865e+01 1.672371e+04
1.664585e+04 7.787106e+01 1.672372e+04
1.665658e+04 6.715659e+01 1.672374e+04
1.666538e+04 5.836049e+01 1.672374e+04
1.667229e+04 5.145062e+01 1.672374e+04
1.667728e+04 4.645724e+01 1.672374e+04
1.668024e+04 4.347654e+01 1.672372e+04
1.668096e+04 4.272879e+01 1.672369e+04
1.667907e+04 4.457677e+01 1.672365e+04
1.667403e+04 4.955709e+01 1.672358e+04
1.666501e+04 5.847940e+01 1.672349e+04
1.665086e+04 7.249457e+01 1.672335e+04
1.662994e+04 9.322172e+01 1.672316e+04
1.660000e+04 1.229061e+02 1.672290e+04
1.655794e+04 1.646125e+02 1.672255e+04
1.649965e+04 2.224360e+02 1.672209e+04
1.641982e+04 3.016661e+02 1.672149e+04
1.631199e+04 4.087920e+02 1.672079e+04
1.616904e+04 5.510162e+02 1.672006e+04
1.598467e+04 7.348141e+02 1.671949e+04
1.575651e+04 9.629222e+02 1.671943e+04
1.549107e+04 1.229257e+03 1.672033e+04
1.520973e+04 1.512788e+03 1.672252e+04
1.495169e+04 1.774023e+03 1.672571e+04
1.476808e+04 1.960638e+03 1.672872e+04
1.470411e+04 2.025802e+03 1.672991e+04
1.477722e+04 1.951318e+03 1.672854e+04
1.496748e+04 1.757983e+03 1.672546e+04
1.522849e+04 1.493820e+03 1.672231e+04
1.550948e+04 1.210723e+03 1.672020e+04
1.577242e+04 9.469652e+02 1.671938e+04
1.599712e+04 7.223775e+02 1.671949e+04
1.617783e+04 5.422463e+02 1.672008e+04
1.631733e+04 4.034745e+02 1.672081e+04
1.642200e+04 2.995007e+02 1.672150e+04
1.649887e+04 2.232030e+02 1.672207e+04
1.655428e+04 1.682439e+02 1.672252e+04
1.659336e+04 1.295085e+02 1.672286e+04
1.662003e+04 1.030782e+02 1.672311e+04
1.663719e+04 8.608573e+01 1.672327e+04
1.664688e+04 7.650924e+01 1.672339e+04
1.665050e+04 7.295823e+01 1.672346e+04
1.664896e+04 7.454418e+01 1.672350e+04
1.664276e+04 8.075910e+01 1.672352e+04
1.663213e+04 9.138787e+01 1.672352e+04
1.661706e+04 1.064406e+02 1.672350e+04
1.659737e+04 1.260970e+02 1.672347e+04
1.657278e+04 1.506550e+02 1.672343e+04
1.654292e+04 1.804770e+02 1.672339e+04
1.650743e+04 2.159267e+02 1.672336e+04
1.646604e+04 2.572931e+02 1.672333e+04
1.641862e+04 3.046966e+02 1.672332e+04
1.636536e+04 3.579731e+02 1.672333e+04
1.630681e+04 4.165735e+02 1.672338e+04
1.624407e+04 4.794084e+02 1.672348e+04
1.617885e+04 5.447680e+02 1.672362e+04
1.611353e+04 6.102670e+02 1.672380e+04
1.605113e+04 6.728822e+02 1.672401e+04
1.599513e+04 7.291146e+02 1.672424e+04
1.594916e+04 7.752941e+02 1.672446e+04
1.591661e+04 8.080168e+02 1.672463e+04
1.590010e+04 8.246166e+02 1.672471e+04
1.590106e+04 8.236463e+02 1.672470e+04
1.591946e+04 8.051385e+02 1.672460e+04
1.595381e+04 7.706086e+02 1.672441e+04
1.600135e+04 7.228346e+02 1.672418e+04
1.605856e+04 6.653803e+02 1.672394e+04
1.612164e+04 6.020717e+02 1.672371e+04
1.618701e+04 5.365192e+02 1.672353e+04
1.625162e+04 4.717752e+02 1.672340e+04
1.631313e+04 4.101858e+02 1.672332e+04
1.636995e+04 3.533356e+02 1.672329e+04
1.642114e+04 3.021482e+02 1.672329e+04
1.646630e+04 2.570141e+02 1.672332e+04
1.650542e+04 2.179305e+02 1.672335e+04
1.653874e+04 1.846526e+02 1.672339e+04
1.656665e+04 1.567937e+02 1.672344e+04
1.658959e+04 1.338991e+02 1.672349e+04
1.660800e+04 1.155222e+02 1.672352e+04
1.662230e+04 1.012601e+02 1.672356e+04
1.663280e+04 9.077958e+01 1.672358e+04
1.663976e+04 8.383341e+01 1.672359e+04
1.664333e+04 8.027052e+01 1.672360e+04
1.664355e+04 8.004238e+01 1.672359e+04
1.664037e+04 8.320759e+01 1.672358e+04
1.663362e+04 8.993520e+01 1.672355e+04
1.662301e+04 1.005065e+02 1.672352e+04
1.660816e+04 1.153140e+02 1.672347e+04
1.658857e+04 1.348544e+02 1.672342e+04
1.656365e+04 1.597115e+02 1.672336e+04
1.653277e+04 1.905228e+02 1.672329e+04
1.649531e+04 2.279250e+02 1.672323e+04
1.645075e+04 2.724376e+02 1.672318e+04
1.639880e+04 3.243548e+02 1.672316e+04
1.633964e+04 3.835278e+02 1.672316e+04
1.627408e+04 4.491577e+02 1.672324e+04
1.620387e+04 5.195175e+02 1.672339e+04
1.613184e+04 5.917783e+02 1.672361e+04
1.606196e+04 6.619550e+02 1.672391e+04
1.599914e+04 7.251120e+02 1.672425e+04
1.594867e+04 7.758959e+02 1.672456e+04
1.591543e+04 8.093651e+02 1.672479e+04
1.590294e+04 8.219423e+02 1.672489e+04
1.591262e+04 8.121987e+02 1.672482e+04
1.594342e+04 7.811870e+02 1.672461e+04
1.599211e+04 7.321914e+02 1.672430e+04
1.605397e+04 6.699931e+02 1.672397e+04
1.612374e+04 5.999225e+02 1.672366e+04
1.619643e+04 5.269961e+02 1.672342e+04
1.626793e+04 4.553398e+02 1.672327e+04
1.633528e+04 3.879149e+02 1.672319e+04
1.639661e+04 3.265733e+02 1.672318e+04
1.645101e+04 2.721931e+02 1.672320e+04
1.649830e+04 2.249585e+02 1.672326e+04
1.653875e+04 1.845747e+02 1.672333e+04
1.657293e+04 1.504691e+02 1.672340e+04
1.660153e+04 1.219373e+02 1.672347e+04
1.662529e+04 9.824128e+01 1.672354e+04
1.664492e+04 7.867010e+01 1.672359e+04
1.666107e+04 6.257323e+01 1.672364e+04
1.667431e+04 4.937525e+01 1.672369e+04
1.668514e+04 3.857905e+01 1.672372e+04
1.669399e+04 2.976238e+01 1.672375e+04
1.670121e+04 2.256530e+01 1.672377e+04
1.670709e+04 1.670412e+01 1.672379e+04
1.671188e+04 1.192985e+01 1.672381e+04
1.671578e+04 8.047573e+00 1.672383e+04
1.671896e+04 4.876766e+00 1.672384e+04
1.672154e+04 2.299733e+00 1.672384e+04
1.672365e+04 2.070190e-01 1.672386e+04
1.672536e+04 -1.501566e+00 1.672386e+04
1.672676e+04 -2.893116e+00 1.672387e+04
1.672790e+04 -4.026677e+00 1.672387e+04
1.672883e+04 -4.950209e+00 1.672388e+04
1.672958e+04 -5.702602e+00 1.672388e+04
1.673020e+04 -6.315329e+00 1.672388e+04
1.673070e+04 -6.808358e+00 1.672389e+04
1.673110e+04 -7.218497e+00 1.672388e+04
1.673143e+04 -7.545530e+00 1.672388e+04
1.673169e+04 -7.807725e+00 1.672389e+04
1.673190e+04 -8.015046e+00 1.672389e+04
1.673206e+04 -8.175070e+00 1.672389e+04
1.673218e+04 -8.293358e+00 1.672389e+04
1.673226e+04 -8.373769e+00 1.672389e+04
1.673231e+04 -8.413417e+00 1.672389e+04
1.673232e+04 -8.424378e+00 1.672389e+04
1.673229e+04 -8.401234e+00 1.672389e+04
1.673224e+04 -8.343317e+00 1.672389e+04
1.673214e+04 -8.249286e+00 1.672389e+04
1.673201e+04 -8.117305e+00 1.672389e+04
1.673184e+04 -7.945209e+00 1.672389e+04
1.673162e+04 -7.730688e+00 1.672389e+04
1.673136e+04 -7.476960e+00 1.672389e+04
1.673106e+04 -7.171099e+00 1.672389e+04
1.673070e+04 -6.816872e+00 1.672389e+04
1.673030e+04 -6.418829e+00 1.672388e+04
1.672985e+04 -5.965624e+00 1.672388e+04
1.672934e+04 -5.463265e+00 1.672388e+04
1.672879e+04 -4.918731e+00 1.672387e+04
1.672820e+04 -4.323461e+00 1.672388e+04
1.672756e+04 -3.686017e+00 1.672388e+04
1.672689e+04 -3.010159e+00 1.672388e+04
1.672618e+04 -2.299946e+00 1.672388e+04
1.672544e+04 -1.564937e+00 1.672387e+04
1.672467e+04 -7.919346e-01 1.672388e+04
1.672388e+04 1.833223e-04 1.672388e+04
1.672306e+04 8.111830e-01 1.672387e+04
1.672222e+04 1.654184e+00 1.672387e+04
1.672134e+04 2.528755e+00 1.672387e+04
1.672043e+04 3.443453e+00 1.672387e+04
1.671946e+04 4.410740e+00 1.672387e+04
1.671842e+04 5.441707e+00 1.672386e+04
1.671729e+04 6.568169e+00 1.672386e+04
1.671605e+04 7.809552e+00 1.672386e+04
1.671466e+04 9.194511e+00 1.672385e+04
1.671310e+04 1.074942e+01 1.672384e+04
1.671132e+04 1.252520e+01 1.672385e+04
1.670930e+04 1.454695e+01 1.672385e+04
1.670700e+04 1.684641e+01 1.672385e+04
1.670438e+04 1.946576e+01 1.672384e+04
1.670140e+04 2.244018e+01 1.672384e+04
1.669804e+04 2.580207e+01 1.672384e+04
1.669426e+04 2.958507e+01 1.672384e+04
1.669004e+04 3.380061e+01 1.672384e+04
1.668537e+04 3.846923e+01 1.672384e+04
1.668024e+04 4.359683e+01 1.672384e+04
1.667466e+04 4.918384e+01 1.672384e+04
1.666865e+04 5.520148e+01 1.672385e+04
1.666223e+04 6.162848e+01 1.672386e+04
1.665545e+04 6.840558e+01 1.672386e+04
1.664839e+04 7.547308e+01 1.672387e+04
1.664112e+04 8.274802e+01 1.672387e+04
1.663375e+04 9.012451e+01 1.672388e+04
1.662639e+04 9.749693e+01 1.672389e+04
1.661917e+04 1.047292e+02 1.672390e+04
1.661223e+04 1.116805e+02 1.672391e+04
1.660571e+04 1.182042e+02 1.672392e+04
1.659977e+04 1.241538e+02 1.672393e+04
1.659455e+04 1.293898e+02 1.672394e+04
1.659016e+04 1.337865e+02 1.672394e+04
1.658671e+04 1.372387e+02 1.672395e+04
1.658429e+04 1.396680e+02 1.672395e+04
1.658293e+04 1.410220e+02 1.672395e+04
1.658265e+04 1.413054e+02 1.672395e+04
1.658342e+04 1.405251e+02 1.672395e+04
1.658520e+04 1.387450e+02 1.672394e+04
1.658788e+04 1.360545e+02 1.672393e+04
1.659135e+04 1.325695e+02 1.672392e+04
1.659549e+04 1.284261e+02 1.672391e+04
1.660013e+04 1.237844e+02 1.672391e+04
1.660512e+04 1.187785e+02 1.672390e+04
1.661031e+04 1.135749e+02 1.672389e+04
1.661555e+04 1.083235e+02 1.672388e+04
1.662071e+04 1.031637e+02 1.672387e+04
1.662564e+04 9.822098e+01 1.672386e+04
1.663025e+04 9.360496e+01 1.672385e+04
1.663444e+04 8.940823e+01 1.672385e+04
1.663814e+04 8.570630e+01 1.672384e+04
1.664128e+04 8.255832e+01 1.672384e+04
1.664383e+04 8.000825e+01 1.672384e+04
1.664575e+04 7.808637e+01 1.672384e+04
1.664703e+04 7.681649e+01 1.672384e+04
1.664765e+04 7.619560e+01 1.672384e+04
1.664762e+04 7.623395e+01 1.672385e+04
1.664694e+04 7.691274e+01 1.672385e+04
1.664563e+04 7.821780e+01 1.672385e+04
1.664371e+04 8.014092e+01 1.672385e+04
1.664120e+04 8.264738e+01 1.672385e+04
1.663813e+04 8.572038e+01 1.672385e+04
1.663453e+04 8.932295e+01 1.672385e+04
1.663043e+04 9.341986e+01 1.672385e+04
1.662588e+04 9.797220e+01 1.672386e+04
1.662092e+04 1.029317e+02 1.672385e+04
1.661559e+04 1.082625e+02 1.672386e+04
1.660995e+04 1.139083e+02 1.672386e+04
1.660405e+04 1.198141e+02 1.672387e+04
1.659795e+04 1.259208e+02 1.672387e+04
1.659171e+04 1.321655e+02 1.672387e+04
1.658540e+04 1.384819e+02 1.672388e+04
1.657908e+04 1.448010e+02 1.672388e+04
1.657284e+04 1.510523e+02 1.672389e+04
1.656673e+04 1.571647e+02 1.672389e+04
1.656083e+04 1.630628e+02 1.672389e+04
1.655521e+04 1.686902e+02 1.672390e+04
1.654992e+04 1.739788e+02 1.672390e+04
1.654503e+04 1.788722e+02 1.672390e+04
1.654058e+04 1.833224e+02 1.672391e+04
1.653662e+04 1.872912e+02 1.672391e+04
1.653316e+04 1.907518e+02 1.672391e+04
1.653022e+04 1.936902e+02 1.672391e+04
1.652780e+04 1.961055e+02 1.672391e+04
1.652590e+04 1.980108e+02 1.672391e+04
1.652447e+04 1.994325e+02 1.672390e+04
1.652349e+04 2.004048e+02 1.672389e+04
1.652290e+04 2.009849e+02 1.672388e+04
1.652264e+04 2.012415e+02 1.672388e+04
1.652263e+04 2.012416e+02 1.672387e+04
1.652280e+04 2.010658e+02 1.672387e+04
1.652306e+04 2.008011e+02 1.672386e+04
1.652331e+04 2.005393e+02 1.672385e+04
1.652347e+04 2.003757e+02 1.672384e+04
1.652343e+04 2.004074e+02 1.672384e+04
1.652310e+04 2.007326e+02 1.672383e+04
1.652237e+04 2.014490e+02 1.672382e+04
1.652116e+04 2.026533e+02 1.672381e+04
1.651937e+04 2.044402e+02 1.672381e+04
1.651690e+04 2.069015e+02 1.672380e+04
1.651367e+04 2.101307e+02 1.672380e+04
1.650959e+04 2.142052e+02 1.672379e+04
1.650459e+04 2.191962e+02 1.672379e+04
1.649860e+04 2.251773e+02 1.672378e+04
1.649157e+04 2.322058e+02 1.672378e+04
1.648345e+04 2.403249e+02 1.672377e+04
1.647421e+04 2.495601e+02 1.672377e+04
1.646385e+04 2.599142e+02 1.672377e+04
1.645241e+04 2.713628e+02 1.672377e+04
1.643992e+04 2.838480e+02 1.672377e+04
1.642651e+04 2.972726e+02 1.672378e+04
1.641229e+04 3.114951e+02 1.672379e+04
1.639748e+04 3.263245e+02 1.672380e+04
1.638230e+04 3.415182e+02 1.672382e+04
1.636706e+04 3.567813e+02 1.672384e+04
1.635209e+04 3.717709e+02 1.672386e+04
1.633778e+04 3.861039e+02 1.672388e+04
1.632454e+04 3.993700e+02 1.672391e+04
1.631279e+04 4.111499e+02 1.672394e+04
1.630292e+04 4.210419e+02 1.672396e+04
1.629532e+04 4.286646e+02 1.672398e+04
1.629028e+04 4.337139e+02 1.672400e+04
1.628804e+04 4.359630e+02 1.672401e+04
1.628872e+04 4.352841e+02 1.672401e+04
1.629234e+04 4.316579e+02 1.672400e+04
1.629882e+04 4.251742e+02 1.672399e+04
1.630795e+04 4.160245e+02 1.672397e+04
1.631947e+04 4.044860e+02 1.672395e+04
1.633303e+04 3.909009e+02 1.672393e+04
1.634825e+04 3.756536e+02 1.672390e+04
1.636473e+04 3.591407e+02 1.672387e+04
1.638208e+04 3.417776e+02 1.672386e+04
1.639991e+04 3.239263e+02 1.672384e+04
1.641788e+04 3.059425e+02 1.672383e+04
1.643569e+04 2.881185e+02 1.672381e+04
1.645308e+04 2.707184e+02 1.672380e+04
1.646984e+04 2.539673e+02 1.672380e+04
1.648578e+04 2.380169e+02 1.672380e+04
1.650078e+04 2.230163e+02 1.672379e+04
1.651471e+04 2.090747e+02 1.672379e+04
1.652751e+04 1.962800e+02 1.672379e+04
1.653908e+04 1.847060e+02 1.672378e+04
1.654936e+04 1.744203e+02 1.672378e+04
1.655828e+04 1.654911e+02 1.672378e+04
1.656578e+04 1.579890e+02 1.672376e+04
1.657174e+04 1.520164e+02 1.672376e+04
1.657606e+04 1.476756e+02 1.672374e+04
1.657861e+04 1.451199e+02 1.672373e+04
1.657918e+04 1.445176e+02 1.672370e+04
1.657758e+04 1.461030e+02 1.672368e+04
1.657350e+04 1.501404e+02 1.672364e+04
1.656663e+04 1.569750e+02 1.672361e+04
1.655657e+04 1.670007e+02 1.672357e+04
1.654284e+04 1.806792e+02 1.672352e+04
1.652491e+04 1.985540e+02 1.672346e+04
1.650219e+04 2.212064e+02 1.672340e+04
1.647409e+04 2.492516e+02 1.672334e+04
1.643999e+04 2.832863e+02 1.672328e+04
1.639941e+04 3.238131e+02 1.672323e+04
1.635207e+04 3.711328e+02 1.672320e+04
1.629803e+04 4.251633e+02 1.672320e+04
1.623794e+04 4.853033e+02 1.672325e+04
1.617319e+04 5.501707e+02 1.672336e+04
1.610608e+04 6.174537e+02 1.672354e+04
1.603995e+04 6.838292e+02 1.672378e+04
1.597899e+04 7.450763e+02 1.672407e+04
1.592791e+04 7.964477e+02 1.672436e+04
1.589129e+04 8.333099e+02 1.672460e+04
1.587281e+04 8.519162e+02 1.672473e+04
1.587454e+04 8.501857e+02 1.672473e+04
1.589646e+04 8.281336e+02 1.672460e+04
1.593649e+04 7.878708e+02 1.672436e+04
1.599093e+04 7.331417e+02 1.672407e+04
1.605522e+04 6.685737e+02 1.672379e+04
1.612466e+04 5.988844e+02 1.672355e+04
1.619512e+04 5.282522e+02 1.672337e+04
1.626331e+04 4.599514e+02 1.672326e+04
1.632697e+04 3.962447e+02 1.672322e+04
1.638476e+04 3.384622e+02 1.672322e+04
1.643608e+04 2.871794e+02 1.672325e+04
1.648089e+04 2.424237e+02 1.672331e+04
1.651951e+04 2.038649e+02 1.672337e+04
1.655247e+04 1.709675e+02 1.672344e+04
1.658040e+04 1.431028e+02 1.672350e+04
1.660393e+04 1.196239e+02 1.672356e+04
1.662370e+04 9.991725e+01 1.672361e+04
1.664025e+04 8.340008e+01 1.672365e+04
1.665411e+04 6.958698e+01 1.672369e+04
1.666569e+04 5.803685e+01 1.672372e+04
1.667537e+04 4.837756e+01 1.672375e+04
1.668348e+04 4.029492e+01 1.672377e+04
1.669027e+04 3.352599e+01 1.672379e+04
1.669596e+04 2.785769e+01 1.672381e+04
1.670073e+04 2.309840e+01 1.672383e+04
1.670473e+04 1.910520e+01 1.672384e+04
1.670809e+04 1.575089e+01 1.672384e+04
1.671090e+04 1.294771e+01 1.672385e+04
1.671324e+04 1.061020e+01 1.672385e+04
1.671518e+04 8.674175e+00 1.672385e+04
1.671677e+04 7.088733e+00 1.672386e+04
1.671805e+04 5.814182e+00 1.672386e+04
1.671904e+04 4.820383e+00 1.672386e+04
1.671978e+04 4.085424e+00 1.672386e+04
1.672027e+04 3.594597e+00 1.672386e+04
1.672052e+04 3.339625e+00 1.672386e+04
1.672055e+04 3.318111e+00 1.672386e+04
1.672033e+04 3.533184e+00 1.672386e+04
1.671987e+04 3.993324e+00 1.672386e+04
1.671915e+04 4.712344e+00 1.672386e+04
1.671815e+04 5.709535e+00 1.672386e+04
1.671685e+04 7.009957e+00 1.672386e+04
1.671521e+04 8.644881e+00 1.672385e+04
1.671320e+04 1.065239e+01 1.672385e+04
1.671077e+04 1.307261e+01 1.672384e+04
1.670786e+04 1.597056e+01 1.672383e+04
1.670442e+04 1.940456e+01 1.672383e+04
1.670037e+04 2.344916e+01 1.672382e+04
1.669562e+04 2.818564e+01 1.672381e+04
1.669007e+04 3.372554e+01 1.672380e+04
1.668360e+04 4.017986e+01 1.672378e+04
1.667609e+04 4.768233e+01 1.672377e+04
1.666737e+04 5.638585e+01 1.672376e+04
1.665728e+04 6.646415e+01 1.672374e+04
1.664561e+04 7.811283e+01 1.672372e+04
1.663215e+04 9.154979e+01 1.672370e+04
1.661666e+04 1.070141e+02 1.672367e+04
1.659889e+04 1.247575e+02 1.672364e+04
1.657856e+04 1.450601e+02 1.672362e+04
1.655540e+04 1.681818e+02 1.672358e+04
1.652917e+04 1.943834e+02 1.672355e+04
1.649964e+04 2.238876e+02 1.672353e+04
1.646668e+04 2.568343e+02 1.672351e+04
1.643025e+04 2.932547e+02 1.672351e+04
1.639050e+04 3.330135e+02 1.672352e+04
1.634779e+04 3.757504e+02 1.672354e+04
1.630277e+04 4.208152e+02 1.672358e+04
1.625641e+04 4.672419e+02 1.672366e+04
1.621006e+04 5.136927e+02 1.672375e+04
1.616537e+04 5.585052e+02 1.672387e+04
1.612425e+04 5.997452e+02 1.672400e+04
1.608873e+04 6.353848e+02 1.672412e+04
1.606073e+04 6.634837e+02 1.672422e+04
1.604186e+04 6.824280e+02 1.672429e+04
1.603316e+04 6.911487e+02 1.672431e+04
1.603501e+04 6.892752e+02 1.672429e+04
1.604703e+04 6.771860e+02 1.672422e+04
1.606818e+04 6.559419e+02 1.672412e+04
1.609688e+04 6.271221e+02 1.672401e+04
1.613128e+04 5.926024e+02 1.672389e+04
1.616945e+04 5.543219e+02 1.672377e+04
1.620957e+04 5.141177e+02 1.672369e+04
1.625009e+04 4.735376e+02 1.672362e+04
1.628975e+04 4.338217e+02 1.672358e+04
1.632767e+04 3.958856e+02 1.672355e+04
1.636323e+04 3.603203e+02 1.672355e+04
1.639609e+04 3.274647e+02 1.672355e+04
1.642611e+04 2.974630e+02 1.672357e+04
1.645329e+04 2.702984e+02 1.672359e+04
1.647774e+04 2.458803e+02 1.672362e+04
1.649960e+04 2.240383e+02 1.672364e+04
1.651907e+04 2.045895e+02 1.672366e+04
1.653634e+04 1.873308e+02 1.672367e+04
1.655161e+04 1.720798e+02 1.672369e+04
1.656506e+04 1.586496e+02 1.672371e+04
1.657685e+04 1.468744e+02 1.672372e+04
1.658713e+04 1.366057e+02 1.672373e+04
1.659603e+04 1.277120e+02 1.672374e+04
1.660368e+04 1.200778e+02 1.672375e+04
1.661016e+04 1.136014e+02 1.672376e+04
1.661558e+04 1.081881e+02 1.672376e+04
1.662000e+04 1.037699e+02 1.672377e+04
1.662350e+04 1.002768e+02 1.672378e+04
1.662615e+04 9.763492e+01 1.672379e+04
1.662800e+04 9.579295e+01 1.672379e+04
1.662909e+04 9.469918e+01 1.672379e+04
1.662949e+04 9.430651e+01 1.672380e+04
1.662923e+04 9.457239e+01 1.672380e+04
1.662834e+04 9.545922e+01 1.672380e+04
1.662687e+04 9.693567e+01 1.672380e+04
1.662482e+04 9.897895e+01 1.672380e+04
1.662222e+04 1.015840e+02 1.672381e+04
1.661906e+04 1.047531e+02 1.672381e+04
1.661529e+04 1.085212e+02 1.672381e+04
1.661084e+04 1.129587e+02 1.672380e+04
1.660557e+04 1.182077e+02 1.672378e+04
1.659925e+04 1.244903e+02 1.672374e+04
1.659151e+04 1.321804e+02 1.672369e+04
1.658178e+04 1.418368e+02 1.672362e+04
1.656919e+04 1.543231e+02 1.672351e+04
1.655240e+04 1.709467e+02 1.672335e+04
1.652944e+04 1.936695e+02 1.672311e+04
1.649733e+04 2.254125e+02 1.672275e+04
1.645175e+04 2.704774e+02 1.672222e+04
1.638638e+04 3.350971e+02 1.672147e+04
1.629238e+04 4.280655e+02 1.672045e+04
1.615793e+04 5.611851e+02 1.671911e+04
1.596861e+04 7.489867e+02 1.671760e+04
1.571003e+04 1.006291e+03 1.671632e+04
1.537485e+04 1.341355e+03 1.671620e+04
1.497590e+04 1.742631e+03 1.671853e+04
1.456237e+04 2.161665e+03 1.672403e+04
1.422438e+04 2.506680e+03 1.673106e+04
1.406510e+04 2.670141e+03 1.673524e+04
1.414284e+04 2.590413e+03 1.673326e+04
1.443012e+04 2.296607e+03 1.672673e+04
1.483355e+04 1.886713e+03 1.672026e+04
1.525243e+04 1.464285e+03 1.671671e+04
1.562098e+04 1.095069e+03 1.671604e+04
1.591410e+04 8.029133e+02 1.671701e+04
1.613322e+04 5.852805e+02 1.671850e+04
1.629114e+04 4.287842e+02 1.671993e+04
1.640273e+04 3.183466e+02 1.672108e+04
1.648091e+04 2.410135e+02 1.672193e+04
1.653566e+04 1.868732e+02 1.672254e+04
1.657420e+04 1.487582e+02 1.672296e+04
1.660157e+04 1.216721e+02 1.672324e+04
1.662126e+04 1.021777e+02 1.672344e+04
1.663564e+04 8.793244e+01 1.672357e+04
1.664631e+04 7.734320e+01 1.672366e+04
1.665439e+04 6.933053e+01 1.672372e+04
1.666063e+04 6.315189e+01 1.672378e+04
1.666553e+04 5.827907e+01 1.672381e+04
1.666946e+04 5.436669e+01 1.672383e+04
1.667268e+04 5.116331e+01 1.672384e+04
1.667537e+04 4.848899e+01 1.672386e+04
1.667765e+04 4.621296e+01 1.672386e+04
1.667963e+04 4.424445e+01 1.672387e+04
1.668138e+04 4.250124e+01 1.672388e+04
1.668295e+04 4.093627e+01 1.672388e+04
1.668437e+04 3.951190e+01 1.672388e+04
1.668568e+04 3.820323e+01 1.672389e+04
1.668689e+04 3.699697e+01 1.672389e+04
1.668799e+04 3.589107e+01 1.672389e+04
1.668899e+04 3.489491e+01 1.672388e+04
1.668985e+04 3.402989e+01 1.672388e+04
1.669055e+04 3.333043e+01 1.672388e+04
1.669103e+04 3.285069e+01 1.672388e+04
1.669123e+04 3.264471e+01 1.672387e+04
1.669106e+04 3.280141e+01 1.672386e+04
1.669042e+04 3.342565e+01 1.672385e+04
1.668919e+04 3.464771e+01 1.672384e+04
1.668719e+04 3.662815e+01 1.672382e+04
1.668424e+04 3.956425e+01 1.672380e+04
1.668008e+04 4.369791e+01 1.672378e+04
1.667442e+04 4.932550e+01 1.672375e+04
1.666690e+04 5.679867e+01 1.672370e+04
1.665707e+04 6.658286e+01 1.672365e+04
1.664439e+04 7.920705e+01 1.672359e+04
1.662820e+04 9.531929e+01 1.672352e+04
1.660773e+04 1.157140e+02 1.672344e+04
1.658203e+04 1.413110e+02 1.672334e+04
1.655006e+04 1.731795e+02 1.672323e+04
1.651060e+04 2.125144e+02 1.672311e+04
1.646240e+04 2.605890e+02 1.672299e+04
1.640424e+04 3.186271e+02 1.672287e+04
1.633512e+04 3.876568e+02 1.672277e+04
1.625454e+04 4.681849e+02 1.672273e+04
1.616291e+04 5.598564e+02 1.672276e+04
1.606195e+04 6.609607e+02 1.672291e+04
1.595512e+04 7.680612e+02 1.672318e+04
1.584777e+04 8.758004e+02 1.672357e+04
1.574679e+04 9.772245e+02 1.672402e+04
1.565964e+04 1.064762e+03 1.672440e+04
1.559268e+04 1.131912e+03 1.672459e+04
1.554937e+04 1.175121e+03 1.672449e+04
1.552879e+04 1.195270e+03 1.672406e+04
1.552529e+04 1.198072e+03 1.672336e+04
1.552931e+04 1.193209e+03 1.672252e+04
1.552912e+04 1.192532e+03 1.672165e+04
1.551299e+04 1.207918e+03 1.672090e+04
1.547117e+04 1.249229e+03 1.672039e+04
1.539787e+04 1.322379e+03 1.672025e+04
1.529312e+04 1.427461e+03 1.672059e+04
1.516456e+04 1.556940e+03 1.672150e+04
1.502822e+04 1.694715e+03 1.672293e+04
1.490715e+04 1.817421e+03 1.672457e+04
1.482645e+04 1.899433e+03 1.672588e+04
1.480550e+04 1.920840e+03 1.672634e+04
1.485089e+04 1.874897e+03 1.672579e+04
1.495417e+04 1.770359e+03 1.672453e+04
1.509599e+04 1.627136e+03 1.672312e+04
1.525376e+04 1.468271e+03 1.672203e+04
1.540852e+04 1.312932e+03 1.672145e+04
1.554826e+04 1.173092e+03 1.672135e+04
1.566793e+04 1.053649e+03 1.672158e+04
1.576763e+04 9.543312e+02 1.672196e+04
1.585043e+04 8.719581e+02 1.672239e+04
1.592049e+04 8.022789e+02 1.672277e+04
1.598193e+04 7.411514e+02 1.672308e+04
1.603808e+04 6.852179e+02 1.672330e+04
1.609133e+04 6.321183e+02 1.672345e+04
1.614303e+04 5.804923e+02 1.672352e+04
1.619375e+04 5.298044e+02 1.672356e+04
1.624345e+04 4.801087e+02 1.672356e+04
1.629174e+04 4.318092e+02 1.672355e+04
1.633808e+04 3.854568e+02 1.672354e+04
1.638193e+04 3.416043e+02 1.672354e+04
1.642285e+04 3.006912e+02 1.672354e+04
1.646051e+04 2.630325e+02 1.672355e+04
1.649478e+04 2.287870e+02 1.672356e+04
1.652561e+04 1.979827e+02 1.672359e+04
1.655309e+04 1.705209e+02 1.672361e+04
1.657740e+04 1.462378e+02 1.672364e+04
1.659876e+04 1.249053e+02 1.672366e+04
1.661741e+04 1.062813e+02 1.672369e+04
1.663362e+04 9.009649e+01 1.672372e+04
1.664765e+04 7.608304e+01 1.672373e+04
1.665975e+04 6.400142e+01 1.672375e+04
1.667016e+04 5.361263e+01 1.672377e+04
1.667909e+04 4.470344e+01 1.672379e+04
1.668672e+04 3.708205e+01 1.672381e+04
1.669324e+04 3.058344e+01 1.672382e+04
1.669879e+04 2.504661e+01 1.672384e+04
1.670350e+04 2.034601e+01 1.672385e+04
1.670749e+04 1.636784e+01 1.672385e+04
1.671085e+04 1.301923e+01 1.672387e+04
1.671367e+04 1.020455e+01 1.672387e+04
1.671602e+04 7.857017e+00 1.672388e+04
1.671797e+04 5.914813e+00 1.672388e+04
1.671956e+04 4.325348e+00 1.672389e+04
1.672084e+04 3.044055e+00 1.672389e+04
1.672186e+04 2.038727e+00 1.672390e+04
1.672263e+04 1.266869e+00 1.672390e+04
1.672319e+04 7.020778e-01 1.672390e+04
1.672356e+04 3.279954e-01 1.672389e+04
1.672376e+04 1.322529e-01 1.672389e+04
1.672380e+04 9.490233e-02 1.672389e+04
1.672369e+04 2.044688e-01 1.672389e+04
1.672344e+04 4.521117e-01 1.672390e+04
1.672306e+04 8.313155e-01 1.672390e+04
1.672256e+04 1.337628e+00 1.672390e+04
1.672193e+04 1.973915e+00 1.672390e+04
1.672117e+04 2.728261e+00 1.672390e+04
1.672029e+04 3.606688e+00 1.672390e+04
1.671929e+04 4.611089e+00 1.672390e+04
1.671816e+04 5.744589e+00 1.672390e+04
1.671689e+04 7.011443e+00 1.672390e+04
1.671548e+04 8.416930e+00 1.672390e+04
1.671393e+04 9.967260e+00 1.672390e+04
1.671223e+04 1.166948e+01 1.672390e+04
1.671037e+04 1.353137e+01 1.672390e+04
1.670833e+04 1.556136e+01 1.672390e+04
1.670613e+04 1.776838e+01 1.672390e+04
1.670373e+04 2.016177e+01 1.672389e+04
1.670114e+04 2.275109e+01 1.672389e+04
1.669835e+04 2.554601e+01 1.672389e+04
1.669534e+04 2.855610e+01 1.672389e+04
1.669210e+04 3.179604e+01 1.672390e+04
1.668863e+04 3.526367e+01 1.672390e+04
1.668492e+04 3.897258e+01 1.672389e+04
1.668096e+04 4.292993e+01 1.672389e+04
1.667675e+04 4.713613e+01 1.672389e+04
1.667228e+04 5.160707e+01 1.672389e+04
1.666754e+04 5.634093e+01 1.672389e+04
1.666254e+04 6.134030e+01 1.672388e+04
1.665728e+04 6.660715e+01 1.672388e+04
1.665174e+04 7.214372e+01 1.672388e+04
1.664593e+04 7.795395e+01 1.672388e+04
1.663983e+04 8.404583e+01 1.672388e+04
1.663344e+04 9.043491e+01 1.672387e+04
1.662672e+04 9.714962e+01 1.672387e+04
1.661962e+04 1.042391e+02 1.672386e+04
1.661206e+04 1.117845e+02 1.672385e+04
1.660392e+04 1.199154e+02 1.672383e+04
1.659497e+04 1.288333e+02 1.672380e+04
1.658492e+04 1.388459e+02 1.672376e+04
1.657329e+04 1.504149e+02 1.672371e+04
1.655940e+04 1.642264e+02 1.672362e+04
1.654221e+04 1.812901e+02 1.672350e+04
1.652024e+04 2.030800e+02 1.672332e+04
1.649133e+04 2.317326e+02 1.672306e+04
1.645238e+04 2.703154e+02 1.672270e+04
1.639900e+04 3.231771e+02 1.672218e+04
1.632512e+04 3.963640e+02 1.672148e+04
1.622258e+04 4.979785e+02 1.672056e+04
1.608114e+04 6.382993e+02 1.671944e+04
1.588932e+04 8.289640e+02 1.671829e+04
1.563728e+04 1.080205e+03 1.671749e+04
1.532313e+04 1.394636e+03 1.671777e+04
1.496303e+04 1.756953e+03 1.671999e+04
1.460134e+04 2.123031e+03 1.672437e+04
1.430999e+04 2.419463e+03 1.672946e+04
1.416510e+04 2.567115e+03 1.673222e+04
1.420636e+04 2.524195e+03 1.673056e+04
1.441068e+04 2.314902e+03 1.672558e+04
1.470588e+04 2.014457e+03 1.672034e+04
1.501069e+04 1.706269e+03 1.671696e+04
1.526613e+04 1.449583e+03 1.671571e+04
1.544328e+04 1.272589e+03 1.671587e+04
1.553593e+04 1.180758e+03 1.671669e+04
1.555088e+04 1.166918e+03 1.671779e+04
1.550198e+04 1.217124e+03 1.671910e+04
1.540831e+04 1.312378e+03 1.672069e+04
1.529415e+04 1.428416e+03 1.672256e+04
1.518811e+04 1.536405e+03 1.672451e+04
1.511923e+04 1.606827e+03 1.672606e+04
1.511011e+04 1.616609e+03 1.672672e+04
1.516999e+04 1.556307e+03 1.672630e+04
1.529226e+04 1.432828e+03 1.672509e+04
1.545809e+04 1.265530e+03 1.672362e+04
1.564407e+04 1.078336e+03 1.672240e+04
1.582937e+04 8.923080e+02 1.672168e+04
1.599962e+04 7.217959e+02 1.672141e+04
1.614735e+04 5.741399e+02 1.672149e+04
1.627048e+04 4.512832e+02 1.672176e+04
1.637024e+04 3.518602e+02 1.672210e+04
1.644954e+04 2.729070e+02 1.672245e+04
1.651177e+04 2.109844e+02 1.672275e+04
1.656021e+04 1.627957e+02 1.672301e+04
1.659775e+04 1.254634e+02 1.672322e+04
1.662677e+04 9.660717e+01 1.672338e+04
1.664919e+04 7.432304e+01 1.672351e+04
1.666648e+04 5.712587e+01 1.672361e+04
1.667983e+04 4.384938e+01 1.672368e+04
1.669010e+04 3.363335e+01 1.672373e+04
1.669797e+04 2.580997e+01 1.672378e+04
1.670392e+04 1.988479e+01 1.672381e+04
1.670833e+04 1.549493e+01 1.672383e+04
1.671146e+04 1.238202e+01 1.672384e+04
1.671348e+04 1.037257e+01 1.672385e+04
1.671449e+04 9.364783e+00 1.672385e+04
1.671453e+04 9.320611e+00 1.672385e+04
1.671358e+04 1.026263e+01 1.672384e+04
1.671156e+04 1.227529e+01 1.672383e+04
1.670830e+04 1.551069e+01 1.672381e+04
1.670359e+04 2.019903e+01 1.672379e+04
1.669708e+04 2.666449e+01 1.672375e+04
1.668835e+04 3.534713e+01 1.672370e+04
1.667680e+04 4.682630e+01 1.672363e+04
1.666167e+04 6.187928e+01 1.672355e+04
1.664194e+04 8.149268e+01 1.672344e+04
1.661637e+04 1.069339e+02 1.672330e+04
1.658333e+04 1.397958e+02 1.672313e+04
1.654089e+04 1.820336e+02 1.672292e+04
1.648671e+04 2.359589e+02 1.672267e+04
1.641822e+04 3.041792e+02 1.672240e+04
1.633281e+04 3.893295e+02 1.672214e+04
1.622834e+04 4.936081e+02 1.672194e+04
1.610396e+04 6.179321e+02 1.672190e+04
1.596144e+04 7.606586e+02 1.672209e+04
1.580653e+04 9.161229e+02 1.672265e+04
1.565028e+04 1.073317e+03 1.672360e+04
1.550892e+04 1.215869e+03 1.672479e+04
1.540164e+04 1.324277e+03 1.672592e+04
1.534587e+04 1.380714e+03 1.672658e+04
1.535163e+04 1.374883e+03 1.672652e+04
1.541783e+04 1.307903e+03 1.672574e+04
1.553267e+04 1.191898e+03 1.672457e+04
1.567796e+04 1.045449e+03 1.672341e+04
1.583476e+04 8.877712e+02 1.672253e+04
1.598772e+04 7.343195e+02 1.672204e+04
1.612686e+04 5.950394e+02 1.672190e+04
1.624725e+04 4.747347e+02 1.672198e+04
1.634776e+04 3.744416e+02 1.672220e+04
1.642954e+04 2.929213e+02 1.672247e+04
1.649489e+04 2.278372e+02 1.672273e+04
1.654644e+04 1.765253e+02 1.672297e+04
1.658675e+04 1.364246e+02 1.672317e+04
1.661806e+04 1.052769e+02 1.672334e+04
1.664228e+04 8.118887e+01 1.672347e+04
1.666095e+04 6.261699e+01 1.672357e+04
1.667530e+04 4.834822e+01 1.672365e+04
1.668630e+04 3.742120e+01 1.672372e+04
1.669469e+04 2.907618e+01 1.672377e+04
1.670107e+04 2.273854e+01 1.672380e+04
1.670587e+04 1.796013e+01 1.672383e+04
1.670946e+04 1.439522e+01 1.672385e+04
1.671209e+04 1.177163e+01 1.672387e+04
1.671399e+04 9.894475e+00 1.672388e+04
1.671529e+04 8.593867e+00 1.672388e+04
1.671613e+04 7.757756e+00 1.672389e+04
1.671661e+04 7.285290e+00 1.672390e+04
1.671680e+04 7.096785e+00 1.672390e+04
1.671676e+04 7.150824e+00 1.672391e+04
1.671652e+04 7.385972e+00 1.672391e+04
1.671614e+04 7.772482e+00 1.672391e+04
1.671563e+04 8.282528e+00 1.672391e+04
1.671502e+04 8.894093e+00 1.672392e+04
1.671433e+04 9.589647e+00 1.672392e+04
1.671356e+04 1.035511e+01 1.672392e+04
1.671274e+04 1.117906e+01 1.672392e+04
1.671187e+04 1.205210e+01 1.672392e+04
1.671095e+04 1.296088e+01 1.672391e+04
1.671000e+04 1.390956e+01 1.672391e+04
1.670903e+04 1.488692e+01 1.672391e+04
1.670803e+04 1.588773e+01 1.672391e+04
1.670701e+04 1.691263e+01 1.672392e+04
1.670597e+04 1.794620e+01 1.672392e+04
1.670493e+04 1.898414e+01 1.672392e+04
1.670388e+04 2.002768e+01 1.672391e+04
1.670283e+04 2.107813e+01 1.672391e+04
1.670179e+04 2.212586e+01 1.672391e+04
1.670074e+04 2.316667e+01 1.672391e+04
1.669972e+04 2.419626e+01 1.672391e+04
1.669870e+04 2.521032e+01 1.672391e+04
1.669771e+04 2.620446e+01 1.672391e+04
1.669674e+04 2.717427e+01 1.672391e+04
1.669580e+04 2.811529e+01 1.672391e+04
1.669489e+04 2.902309e+01 1.672391e+04
1.669402e+04 2.989327e+01 1.672391e+04
1.669319e+04 3.072148e+01 1.672391e+04
1.669241e+04 3.150349e+01 1.672391e+04
1.669168e+04 3.223522e+01 1.672391e+04
1.669100e+04 3.291276e+01 1.672391e+04
1.669038e+04 3.353243e+01 1.672392e+04
1.668982e+04 3.409082e+01 1.672392e+04
1.668933e+04 3.459028e+01 1.672392e+04
1.668890e+04 3.501701e+01 1.672392e+04
1.668855e+04 3.537418e+01 1.672392e+04
1.668826e+04 3.565980e+01 1.672392e+04
1.668805e+04 3.587230e+01 1.672392e+04
1.668791e+04 3.601054e+01 1.672392e+04
1.668785e+04 3.607387e+01 1.672392e+04
1.668786e+04 3.606208e+01 1.672392e+04
1.668795e+04 3.597545e+01 1.672392e+04
1.668811e+04 3.581473e+01 1.672392e+04
1.668834e+04 3.558112e+01 1.672392e+04
1.668864e+04 3.527079e+01 1.672392e+04
1.668902e+04 3.489669e+01 1.672392e+04
1.668946e+04 3.445597e+01 1.672392e+04
1.668996e+04 3.395154e+01 1.672392e+04
1.669053e+04 3.339207e+01 1.672392e+04
1.669115e+04 3.277032e+01 1.672392e+04
1.669182e+04 3.210110e+01 1.672393e+04
1.669255e+04 3.137784e+01 1.672392e+04
1.669331e+04 3.061062e+01 1.672392e+04
1.669412e+04 2.980431e+01 1.672392e+04
1.669496e+04 2.896405e+01 1.672392e+04
1.669583e+04 2.808981e+01 1.672392e+04
1.669672e+04 2.719831e+01 1.672392e+04
1.669763e+04 2.628477e+01 1.672391e+04
1.669854e+04 2.536668e+01 1.672391e+04
1.669946e+04 2.444017e+01 1.672390e+04
1.670038e+04 2.352407e+01 1.672390e+04
1.670128e+04 2.262151e+01 1.672390e+04
1.670216e+04 2.174212e+01 1.672390e+04
1.670300e+04 2.089678e+01 1.672390e+04
1.670380e+04 2.009805e+01 1.672390e+04
1.670454e+04 1.936056e+01 1.672390e+04
1.670520e+04 1.870158e+01 1.672390e+04
1.670575e+04 1.814173e+01 1.672390e+04
1.670619e+04 1.770588e+01 1.672389e+04
1.670647e+04 1.742426e+01 1.672389e+04
1.670655e+04 1.733390e+01 1.672389e+04
1.670640e+04 1.748045e+01 1.672388e+04
1.670596e+04 1.792042e+01 1.672388e+04
1.670514e+04 1.872408e+01 1.672387e+04
1.670388e+04 1.997910e+01 1.672386e+04
1.670205e+04 2.180060e+01 1.672385e+04
1.669952e+04 2.431492e+01 1.672384e+04
1.669612e+04 2.770011e+01 1.672382e+04
1.669163e+04 3.217265e+01 1.672380e+04
1.668577e+04 3.800962e+01 1.672378e+04
1.667820e+04 4.554592e+01 1.672374e+04
1.666850e+04 5.520166e+01 1.672370e+04
1.665613e+04 6.752254e+01 1.672365e+04
1.664045e+04 8.314097e+01 1.672359e+04
1.662063e+04 1.028682e+02 1.672350e+04
1.659573e+04 1.276688e+02 1.672340e+04
1.656460e+04 1.586801e+02 1.672328e+04
1.652595e+04 1.972008e+02 1.672315e+04
1.647837e+04 2.446414e+02 1.672301e+04
1.642046e+04 3.024116e+02 1.672287e+04
1.635104e+04 3.717178e+02 1.672276e+04
1.626950e+04 4.532025e+02 1.672271e+04
1.617626e+04 5.464961e+02 1.672276e+04
1.607339e+04 6.495639e+02 1.672295e+04
1.596519e+04 7.581366e+02 1.672332e+04
1.585854e+04 8.653274e+02 1.672387e+04
1.576263e+04 9.618753e+02 1.672450e+04
1.568779e+04 1.037313e+03 1.672510e+04
1.564346e+04 1.082047e+03 1.672551e+04
1.563583e+04 1.089755e+03 1.672558e+04
1.566604e+04 1.059264e+03 1.672530e+04
1.572986e+04 9.949047e+02 1.672476e+04
1.581891e+04 9.052020e+02 1.672411e+04
1.592296e+04 8.005575e+02 1.672352e+04
1.603214e+04 6.909269e+02 1.672307e+04
1.613855e+04 5.842563e+02 1.672280e+04
1.623681e+04 4.858866e+02 1.672270e+04
1.632401e+04 3.987084e+02 1.672272e+04
1.639911e+04 3.237113e+02 1.672282e+04
1.646236e+04 2.605918e+02 1.672295e+04
1.651476e+04 2.083314e+02 1.672309e+04
1.655766e+04 1.655744e+02 1.672323e+04
1.659246e+04 1.308969e+02 1.672336e+04
1.662054e+04 1.029330e+02 1.672347e+04
1.664308e+04 8.048022e+01 1.672356e+04
1.666113e+04 6.250191e+01 1.672364e+04
1.667556e+04 4.813105e+01 1.672370e+04
1.668709e+04 3.665499e+01 1.672375e+04
1.669629e+04 2.749495e+01 1.672378e+04
1.670363e+04 2.018470e+01 1.672382e+04
1.670949e+04 1.435078e+01 1.672384e+04
1.671417e+04 9.695123e+00 1.672386e+04
1.671790e+04 5.974774e+00 1.672387e+04
1.672087e+04 3.017404e+00 1.672389e+04
1.672324e+04 6.566994e-01 1.672390e+04
1.672513e+04 -1.221036e+00 1.672391e+04
1.672662e+04 -2.716042e+00 1.672391e+04
1.672780e+04 -3.898107e+00 1.672391e+04
1.672873e+04 -4.821441e+00 1.672391e+04
1.672945e+04 -5.538979e+00 1.672391e+04
1.673000e+04 -6.082897e+00 1.672392e+04
1.673042e+04 -6.494109e+00 1.672392e+04
1.673072e+04 -6.785026e+00 1.672393e+04
1.673092e+04 -6.985080e+00 1.672393e+04
1.673104e+04 -7.103085e+00 1.672393e+04
1.673108e+04 -7.150057e+00 1.672393e+04
1.673107e+04 -7.128818e+00 1.672394e+04
1.673100e+04 -7.061850e+00 1.672393e+04
1.673087e+04 -6.936859e+00 1.672393e+04
1.673070e+04 -6.761811e+00 1.672393e+04
1.673047e+04 -6.537856e+00 1.672393e+04
1.673020e+04 -6.264930e+00 1.672393e+04
1.672988e+04 -5.941877e+00 1.672393e+04
1.672950e+04 -5.566539e+00 1.672393e+04
1.672907e+04 -5.135810e+00 1.672393e+04
1.672858e+04 -4.645671e+00 1.672393e+04
1.672802e+04 -4.091195e+00 1.672393e+04
1.672740e+04 -3.466538e+00 1.672393e+04
1.672670e+04 -2.759476e+00 1.672394e+04
1.672591e+04 -1.973156e+00 1.672394e+04
1.672503e+04 -1.093271e+00 1.672394e+04
1.672404e+04 -1.098745e-01 1.672393e+04
1.672295e+04 9.881877e-01 1.672393e+04
1.672172e+04 2.213384e+00 1.672393e+04
1.672035e+04 3.574123e+00 1.672393e+04
1.671883e+04 5.096791e+00 1.672392e+04
1.671713e+04 6.793119e+00 1.672392e+04
1.671524e+04 8.682144e+00 1.672392e+04
1.671313e+04 1.077944e+01 1.672391e+04
1.671079e+04 1.311921e+01 1.672391e+04
1.670819e+04 1.572181e+01 1.672391e+04
1.670529e+04 1.861563e+01 1.672391e+04
1.670207e+04 2.183196e+01 1.672390e+04
1.669850e+04 2.540515e+01 1.672390e+04
1.669452e+04 2.937292e+01 1.672390e+04
1.669012e+04 3.377657e+01 1.672389e+04
1.668523e+04 3.866117e+01 1.672389e+04
1.667981e+04 4.407576e+01 1.672388e+04
1.667381e+04 5.007355e+01 1.672388e+04
1.666716e+04 5.670643e+01 1.672387e+04
1.665982e+04 6.404705e+01 1.672386e+04
1.665170e+04 7.215586e+01 1.672386e+04
1.664275e+04 8.110268e+01 1.672385e+04
1.663288e+04 9.096082e+01 1.672384e+04
1.662203e+04 1.018065e+02 1.672384e+04
1.661011e+04 1.137177e+02 1.672383e+04
1.659705e+04 1.267731e+02 1.672382e+04
1.658276e+04 1.410500e+02 1.672381e+04
1.656718e+04 1.566276e+02 1.672381e+04
1.655024e+04 1.735623e+02 1.672380e+04
1.653188e+04 1.919223e+02 1.672380e+04
1.651206e+04 2.117338e+02 1.672379e+04
1.649075e+04 2.330365e+02 1.672379e+04
1.646797e+04 2.558117e+02 1.672378e+04
1.644373e+04 2.800477e+02 1.672378e+04
1.641812e+04 3.056609e+02 1.672378e+04
1.639126e+04 3.325389e+02 1.672380e+04
1.636331e+04 3.604954e+02 1.672380e+04
1.633450e+04 3.893196e+02 1.672382e+04
1.630512e+04 4.187184e+02 1.672384e+04
1.627552e+04 4.483427e+02 1.672386e+04
1.624611e+04 4.777849e+02 1.672389e+04
1.621734e+04 5.065866e+02 1.672392e+04
1.618971e+04 5.342507e+02 1.672396e+04
1.616373e+04 5.602600e+02 1.672399e+04
1.613992e+04 5.840993e+02 1.672402e+04
1.611877e+04 6.052819e+02 1.672405e+04
1.610069e+04 6.233785e+02 1.672407e+04
1.608604e+04 6.380458e+02 1.672408e+04
1.607504e+04 6.490417e+02 1.672408e+04
1.606778e+04 6.562911e+02 1.672407e+04
1.606422e+04 6.598357e+02 1.672405e+04
1.606414e+04 6.598864e+02 1.672403e+04
1.606717e+04 6.568141e+02 1.672399e+04
1.607279e+04 6.511468e+02 1.672394e+04
1.608031e+04 6.435578e+02 1.672387e+04
1.608892e+04 6.348763e+02 1.672379e+04
1.609763e+04 6.260745e+02 1.672371e+04
1.610535e+04 6.182597e+02 1.672361e+04
1.611079e+04 6.127015e+02 1.672350e+04
1.611252e+04 6.108442e+02 1.672336e+04
1.610888e+04 6.143290e+02 1.672321e+04
1.609802e+04 6.250102e+02 1.672303e+04
1.607788e+04 6.449466e+02 1.672283e+04
1.604625e+04 6.763702e+02 1.672262e+04
1.600090e+04 7.215102e+02 1.672241e+04
1.593991e+04 7.823154e+02 1.672223e+04
1.586218e+04 8.599658e+02 1.672215e+04
1.576817e+04 9.540454e+02 1.672222e+04
1.566092e+04 1.061606e+03 1.672252e+04
1.554695e+04 1.176157e+03 1.672310e+04
1.543675e+04 1.287177e+03 1.672393e+04
1.534406e+04 1.380800e+03 1.672486e+04
1.528346e+04 1.442167e+03 1.672563e+04
1.526679e+04 1.459194e+03 1.672599e+04
1.529945e+04 1.426353e+03 1.672580e+04
1.537854e+04 1.346590e+03 1.672513e+04
1.549393e+04 1.230295e+03 1.672423e+04
1.563149e+04 1.091871e+03 1.672336e+04
1.577691e+04 9.457952e+02 1.672270e+04
1.591859e+04 8.037423e+02 1.672233e+04
1.604877e+04 6.734259e+02 1.672220e+04
1.616342e+04 5.588213e+02 1.672225e+04
1.626135e+04 4.610505e+02 1.672240e+04
1.634318e+04 3.794181e+02 1.672260e+04
1.641054e+04 3.122662e+02 1.672280e+04
1.646543e+04 2.575688e+02 1.672300e+04
1.650988e+04 2.132844e+02 1.672316e+04
1.654574e+04 1.775579e+02 1.672330e+04
1.657463e+04 1.487859e+02 1.672342e+04
1.659789e+04 1.256186e+02 1.672351e+04
1.661663e+04 1.069571e+02 1.672359e+04
1.663173e+04 9.191585e+01 1.672365e+04
1.664390e+04 7.978772e+01 1.672369e+04
1.665372e+04 7.001093e+01 1.672373e+04
1.666162e+04 6.214033e+01 1.672376e+04
1.666796e+04 5.582338e+01 1.672378e+04
1.667302e+04 5.078060e+01 1.672380e+04
1.667703e+04 4.678449e+01 1.672381e+04
1.668015e+04 4.366908e+01 1.672382e+04
1.668254e+04 4.128762e+01 1.672383e+04
1.668431e+04 3.952667e+01 1.672384e+04
1.668555e+04 3.829490e+01 1.672385e+04
1.668633e+04 3.751852e+01 1.672385e+04
1.668672e+04 3.713224e+01 1.672385e+04
1.668675e+04 3.709867e+01 1.672385e+04
1.668648e+04 3.737336e+01 1.672386e+04
1.668593e+04 3.791933e+01 1.672385e+04
1.668513e+04 3.872815e+01 1.672386e+04
1.668410e+04 3.976404e+01 1.672386e+04
1.668284e+04 4.101789e+01 1.672386e+04
1.668138e+04 4.247928e+01 1.672386e+04
1.667972e+04 4.414154e+01 1.672386e+04
1.667786e+04 4.600676e+01 1.672387e+04
1.667580e+04 4.806358e+01 1.672387e+04
1.667355e+04 5.031988e+01 1.672387e+04
1.667108e+04 5.278024e+01 1.672387e+04
1.666841e+04 5.545118e+01 1.672386e+04
1.666552e+04 5.834075e+01 1.672386e+04
1.666240e+04 6.145802e+01 1.672386e+04
1.665905e+04 6.481263e+01 1.672386e+04
1.665545e+04 6.841402e+01 1.672386e+04
1.665159e+04 7.227652e+01 1.672386e+04
1.664747e+04 7.639656e+01 1.672386e+04
1.664308e+04 8.078492e+01 1.672386e+04
1.663842e+04 8.544363e+01 1.672386e+04
1.663349e+04 9.037068e+01 1.672386e+04
1.662830e+04 9.555918e+01 1.672386e+04
1.662287e+04 1.009964e+02 1.672386e+04
1.661720e+04 1.066573e+02 1.672386e+04
1.661133e+04 1.125261e+02 1.672386e+04
1.660530e+04 1.185626e+02 1.672386e+04
1.659914e+04 1.247236e+02 1.672386e+04
1.659291e+04 1.309580e+02 1.672387e+04
1.658666e+04 1.372064e+02 1.672387e+04
1.658047e+04 1.434027e+02 1.672387e+04
1.657440e+04 1.494697e+02 1.672387e+04
1.656853e+04 1.553430e+02 1.672388e+04
1.656294e+04 1.609411e+02 1.672388e+04
1.655769e+04 1.661901e+02 1.672388e+04
1.655287e+04 1.710221e+02 1.672389e+04
1.654851e+04 1.753739e+02 1.672388e+04
1.654467e+04 1.792137e+02 1.672389e+04
1.654137e+04 1.825127e+02 1.672388e+04
1.653861e+04 1.852718e+02 1.672388e+04
1.653635e+04 1.875152e+02 1.672387e+04
1.653455e+04 1.893168e+02 1.672386e+04
1.653308e+04 1.907710e+02 1.672385e+04
1.653182e+04 1.920180e+02 1.672384e+04
1.653058e+04 1.932416e+02 1.672382e+04
1.652913e+04 1.946707e+02 1.672380e+04
1.652719e+04 1.965812e+02 1.672377e+04
1.652445e+04 1.992908e+02 1.672374e+04
1.652053e+04 2.031800e+02 1.672371e+04
1.651502e+04 2.086559e+02 1.672367e+04
1.650747e+04 2.161622e+02 1.672363e+04
1.649740e+04 2.261847e+02 1.672359e+04
1.648435e+04 2.392002e+02 1.672355e+04
1.646784e+04 2.556721e+02 1.672352e+04
1.644748e+04 2.760069e+02 1.672349e+04
1.642296e+04 3.005050e+02 1.672347e+04
1.639417e+04 3.292997e+02 1.672347e+04
1.636120e+04 3.622900e+02 1.672349e+04
1.632446e+04 3.990767e+02 1.672353e+04
1.628468e+04 4.389174e+02 1.672360e+04
1.624297e+04 4.807228e+02 1.672369e+04
1.620067e+04 5.231167e+02 1.672379e+04
1.615931e+04 5.645754e+02 1.672388e+04
1.612030e+04 6.036481e+02 1.672395e+04
1.608474e+04 6.392293e+02 1.672397e+04
1.605309e+04 6.708300e+02 1.672392e+04
1.602504e+04 6.987758e+02 1.672381e+04
1.599938e+04 7.242616e+02 1.672365e+04
1.597422e+04 7.492212e+02 1.672344e+04
1.594723e+04 7.760051e+02 1.672323e+04
1.591616e+04 8.069008e+02 1.672307e+04
1.587942e+04 8.435570e+02 1.672298e+04
1.583662e+04 8.863907e+02 1.672301e+04
1.578909e+04 9.340831e+02 1.672318e+04
1.574018e+04 9.833001e+02 1.672348e+04
1.569509e+04 1.028803e+03 1.672389e+04
1.566023e+04 1.064082e+03 1.672432e+04
1.564214e+04 1.082531e+03 1.672467e+04
1.564595e+04 1.078891e+03 1.672484e+04
1.567419e+04 1.050605e+03 1.672480e+04
1.572608e+04 9.984741e+02 1.672455e+04
1.579776e+04 9.264171e+02 1.672418e+04
1.588332e+04 8.404457e+02 1.672376e+04
1.597611e+04 7.472782e+02 1.672339e+04
1.606999e+04 6.531247e+02 1.672312e+04
1.616009e+04 5.628679e+02 1.672296e+04
1.624310e+04 4.798080e+02 1.672290e+04
1.631718e+04 4.057376e+02 1.672292e+04
1.638170e+04 3.412741e+02 1.672298e+04
1.643685e+04 2.862216e+02 1.672307e+04
1.648330e+04 2.398673e+02 1.672317e+04
1.652202e+04 2.012550e+02 1.672327e+04
1.655401e+04 1.693517e+02 1.672336e+04
1.658029e+04 1.431554e+02 1.672345e+04
1.660176e+04 1.217595e+02 1.672352e+04
1.661922e+04 1.043579e+02 1.672358e+04
1.663334e+04 9.028504e+01 1.672363e+04
1.664468e+04 7.898423e+01 1.672366e+04
1.665366e+04 7.002583e+01 1.672369e+04
1.666065e+04 6.306372e+01 1.672371e+04
1.666588e+04 5.784693e+01 1.672372e+04
1.666953e+04 5.420592e+01 1.672373e+04
1.667169e+04 5.204684e+01 1.672373e+04
1.667238e+04 5.134870e+01 1.672373e+04
1.667156e+04 5.215829e+01 1.672371e+04
1.666908e+04 5.461598e+01 1.672370e+04
1.666474e+04 5.892514e+01 1.672366e+04
1.665822e+04 6.540734e+01 1.672363e+04
1.664910e+04 7.448499e+01 1.672359e+04
1.663683e+04 8.670138e+01 1.672353e+04
1.662068e+04 1.027649e+02 1.672344e+04
1.659978e+04 1.235732e+02 1.672335e+04
1.657303e+04 1.502067e+02 1.672324e+04
1.653914e+04 1.839603e+02 1.672310e+04
1.649662e+04 2.263233e+02 1.672295e+04
1.644386e+04 2.789179e+02 1.672278e+04
1.637926e+04 3.433589e+02 1.672262e+04
1.630150e+04 4.209937e+02 1.672249e+04
1.620996e+04 5.124793e+02 1.672244e+04
1.610534e+04 6.171839e+02 1.672252e+04
1.599034e+04 7.324291e+02 1.672277e+04
1.587040e+04 8.528322e+02 1.672323e+04
1.575389e+04 9.699844e+02 1.672387e+04
1.565159e+04 1.072996e+03 1.672459e+04
1.557496e+04 1.150221e+03 1.672518e+04
1.553352e+04 1.191976e+03 1.672550e+04
1.553207e+04 1.193318e+03 1.672539e+04
1.556914e+04 1.155756e+03 1.672490e+04
1.563728e+04 1.086878e+03 1.672416e+04
1.572515e+04 9.982207e+02 1.672337e+04
1.582034e+04 9.023601e+02 1.672270e+04
1.591172e+04 8.104987e+02 1.672222e+04
1.599072e+04 7.311895e+02 1.672191e+04
1.605157e+04 6.701779e+02 1.672175e+04
1.609084e+04 6.308395e+02 1.672168e+04
1.610673e+04 6.149288e+02 1.672166e+04
1.609841e+04 6.232308e+02 1.672164e+04
1.606561e+04 6.560119e+02 1.672162e+04
1.600836e+04 7.132291e+02 1.672159e+04
1.592701e+04 7.945569e+02 1.672157e+04
1.582237e+04 8.992051e+02 1.672157e+04
1.569590e+04 1.025711e+03 1.672161e+04
1.555000e+04 1.171701e+03 1.672170e+04
1.538814e+04 1.333710e+03 1.672185e+04
1.521502e+04 1.507054e+03 1.672207e+04
1.503687e+04 1.685550e+03 1.672242e+04
1.486197e+04 1.860986e+03 1.672296e+04
1.470148e+04 2.022269e+03 1.672375e+04
1.456992e+04 2.154846e+03 1.672476e+04
1.448413e+04 2.241633e+03 1.672576e+04
1.445976e+04 2.266612e+03 1.672637e+04
1.450570e+04 2.220534e+03 1.672623e+04
1.461927e+04 2.106002e+03 1.672528e+04
1.478545e+04 1.938343e+03 1.672379e+04
1.498093e+04 1.741326e+03 1.672226e+04
1.518079e+04 1.540259e+03 1.672105e+04
1.536413e+04 1.356183e+03 1.672031e+04
1.551685e+04 1.203179e+03 1.672003e+04
1.563163e+04 1.088436e+03 1.672007e+04
1.570655e+04 1.013754e+03 1.672031e+04
1.574355e+04 9.771408e+02 1.672069e+04
1.574732e+04 9.738705e+02 1.672119e+04
1.572478e+04 9.970090e+02 1.672179e+04
1.568493e+04 1.037573e+03 1.672250e+04
1.563850e+04 1.084780e+03 1.672328e+04
1.559723e+04 1.126801e+03 1.672403e+04
1.557241e+04 1.152227e+03 1.672463e+04
1.557290e+04 1.152062e+03 1.672496e+04
1.560337e+04 1.121575e+03 1.672494e+04
1.566342e+04 1.061208e+03 1.672463e+04
1.574806e+04 9.760687e+02 1.672413e+04
1.584937e+04 8.742310e+02 1.672360e+04
1.595855e+04 7.646003e+02 1.672315e+04
1.606774e+04 6.550950e+02 1.672283e+04
1.617101e+04 5.516621e+02 1.672267e+04
1.626462e+04 4.580116e+02 1.672264e+04
1.634679e+04 3.759014e+02 1.672269e+04
1.641716e+04 3.056412e+02 1.672280e+04
1.647632e+04 2.466122e+02 1.672293e+04
1.652537e+04 1.976971e+02 1.672307e+04
1.656563e+04 1.575606e+02 1.672320e+04
1.659844e+04 1.248727e+02 1.672331e+04
1.662501e+04 9.839320e+01 1.672341e+04
1.664646e+04 7.702612e+01 1.672349e+04
1.666372e+04 5.983435e+01 1.672356e+04
1.667758e+04 4.603398e+01 1.672361e+04
1.668868e+04 3.497933e+01 1.672365e+04
1.669755e+04 2.614432e+01 1.672369e+04
1.670462e+04 1.910386e+01 1.672372e+04
1.671023e+04 1.351647e+01 1.672374e+04
1.671465e+04 9.109050e+00 1.672376e+04
1.671811e+04 5.664175e+00 1.672377e+04
1.672078e+04 3.009492e+00 1.672379e+04
1.672279e+04 1.009122e+00 1.672380e+04
1.672425e+04 -4.379285e-01 1.672381e+04
1.672524e+04 -1.424865e+00 1.672381e+04
1.672583e+04 -2.008878e+00 1.672382e+04
1.672606e+04 -2.236498e+00 1.672382e+04
1.672596e+04 -2.140743e+00 1.672382e+04
1.672557e+04 -1.743180e+00 1.672382e+04
1.672488e+04 -1.055474e+00 1.672382e+04
1.672390e+04 -8.053787e-02 1.672382e+04
1.672263e+04 1.186654e+00 1.672382e+04
1.672106e+04 2.758524e+00 1.672382e+04
1.671916e+04 4.654566e+00 1.672382e+04
1.671691e+04 6.901211e+00 1.672381e+04
1.671428e+04 9.531824e+00 1.672381e+04
1.671122e+04 1.258674e+01 1.672381e+04
1.670769e+04 1.611886e+01 1.672381e+04
1.670363e+04 2.017787e+01 1.672381e+04
1.669898e+04 2.482640e+01 1.672381e+04
1.669367e+04 3.013461e+01 1.672380e+04
1.668762e+04 3.617491e+01 1.672380e+04
1.668075e+04 4.303762e+01 1.672379e+04
1.667297e+04 5.081373e+01 1.672378e+04
1.666417e+04 5.959917e+01 1.672377e+04
1.665427e+04 6.948683e+01 1.672376e+04
1.664316e+04 8.058536e+01 1.672375e+04
1.663076e+04 9.298164e+01 1.672374e+04
1.661697e+04 1.067508e+02 1.672372e+04
1.660175e+04 1.219651e+02 1.672372e+04
1.658506e+04 1.386511e+02 1.672371e+04
1.656691e+04 1.567990e+02 1.672371e+04
1.654737e+04 1.763448e+02 1.672371e+04
1.652657e+04 1.971550e+02 1.672372e+04
1.650473e+04 2.190070e+02 1.672373e+04
1.648216e+04 2.415998e+02 1.672375e+04
1.645927e+04 2.645126e+02 1.672378e+04
1.643659e+04 2.872271e+02 1.672382e+04
1.641473e+04 3.091309e+02 1.672386e+04
1.639437e+04 3.295344e+02 1.672390e+04
1.637622e+04 3.477276e+02 1.672394e+04
1.636099e+04 3.629995e+02 1.672399e+04
1.634933e+04 3.746924e+02 1.672402e+04
1.634176e+04 3.822860e+02 1.672405e+04
1.633863e+04 3.854250e+02 1.672406e+04
1.634009e+04 3.839604e+02 1.672405e+04
1.634607e+04 3.779655e+02 1.672403e+04
1.635628e+04 3.677278e+02 1.672400e+04
1.637025e+04 3.537198e+02 1.672396e+04
1.638737e+04 3.365534e+02 1.672392e+04
1.640695e+04 3.169246e+02 1.672388e+04
1.642828e+04 2.955578e+02 1.672383e+04
1.645064e+04 2.731556e+02 1.672380e+04
1.647340e+04 2.503541e+02 1.672376e+04
1.649601e+04 2.277237e+02 1.672374e+04
1.651802e+04 2.057012e+02 1.672372e+04
1.653907e+04 1.846414e+02 1.672371e+04
1.655891e+04 1.647951e+02 1.672370e+04
1.657738e+04 1.463199e+02 1.672370e+04
1.659439e+04 1.293161e+02 1.672370e+04
1.660990e+04 1.138081e+02 1.672371e+04
1.662393e+04 9.978039e+01 1.672371e+04
1.663654e+04 8.718449e+01 1.672372e+04
1.664778e+04 7.595516e+01 1.672374e+04
1.665775e+04 6.599723e+01 1.672375e+04
1.666653e+04 5.722530e+01 1.672376e+04
1.667422e+04 4.955237e+01 1.672377e+04
1.668090e+04 4.287744e+01 1.672378e+04
1.668666e+04 3.711559e+01 1.672378e+04
1.669159e+04 3.219966e+01 1.672379e+04
1.669574e+04 2.805411e+01 1.672379e+04
1.669918e+04 2.461761e+01 1.672380e+04
1.670196e+04 2.183778e+01 1.672380e+04
1.670413e+04 1.967197e+01 1.672380e+04
1.670572e+04 1.808684e+01 1.672380e+04
1.670675e+04 1.705851e+01 1.672381e+04
1.670723e+04 1.657274e+01 1.672381e+04
1.670718e+04 1.662508e+01 1.672381e+04
1.670658e+04 1.722119e+01 1.672380e+04
1.670542e+04 1.837723e+01 1.672380e+04
1.670368e+04 2.012051e+01 1.672380e+04
1.670130e+04 2.249017e+01 1.672379e+04
1.669825e+04 2.553822e+01 1.672379e+04
1.669445e+04 2.933598e+01 1.672379e+04
1.668983e+04 3.395360e+01 1.672378e+04
1.668427e+04 3.949413e+01 1.672377e+04
1.667768e+04 4.607299e+01 1.672376e+04
1.666992e+04 5.382461e+01 1.672374e+04
1.666082e+04 6.290876e+01 1.672373e+04
1.665023e+04 7.348890e+01 1.672372e+04
1.663793e+04 8.576409e+01 1.672370e+04
1.662373e+04 9.994444e+01 1.672368e+04
1.660740e+04 1.162514e+02 1.672365e+04
1.658872e+04 1.349092e+02 1.672363e+04
1.656748e+04 1.561316e+02 1.672361e+04
1.654349e+04 1.801024e+02 1.672359e+04
1.651663e+04 2.069494e+02 1.672358e+04
1.648686e+04 2.367041e+02 1.672356e+04
1.645428e+04 2.692823e+02 1.672357e+04
1.641918e+04 3.044089e+02 1.672359e+04
1.638206e+04 3.415696e+02 1.672363e+04
1.634369e+04 3.800019e+02 1.672369e+04
1.630514e+04 4.186278e+02 1.672377e+04
1.626776e+04 4.560945e+02 1.672386e+04
1.623313e+04 4.908269e+02 1.672396e+04
1.620296e+04 5.211045e+02 1.672406e+04
1.617892e+04 5.452371e+02 1.672416e+04
1.616248e+04 5.617404e+02 1.672422e+04
1.615471e+04 5.695504e+02 1.672426e+04
1.615613e+04 5.681299e+02 1.672426e+04
1.616666e+04 5.575625e+02 1.672422e+04
1.618559e+04 5.385556e+02 1.672415e+04
1.621172e+04 5.123316e+02 1.672405e+04
1.624349e+04 4.804528e+02 1.672394e+04
1.627921e+04 4.446293e+02 1.672384e+04
1.631719e+04 4.065626e+02 1.672375e+04
1.635591e+04 3.677718e+02 1.672368e+04
1.639410e+04 3.295272e+02 1.672363e+04
1.643079e+04 2.928064e+02 1.672360e+04
1.646528e+04 2.583086e+02 1.672359e+04
1.649715e+04 2.264515e+02 1.672360e+04
1.652617e+04 1.974388e+02 1.672361e+04
1.655230e+04 1.713355e+02 1.672363e+04
1.657559e+04 1.480598e+02 1.672365e+04
1.659621e+04 1.274666e+02 1.672368e+04
1.661434e+04 1.093571e+02 1.672370e+04
1.663021e+04 9.350895e+01 1.672372e+04
1.664405e+04 7.969313e+01 1.672374e+04
1.665608e+04 6.768602e+01 1.672376e+04
1.666650e+04 5.727662e+01 1.672378e+04
1.667552e+04 4.827085e+01 1.672380e+04
1.668332e+04 4.049343e+01 1.672381e+04
1.669003e+04 3.378834e+01 1.672382e+04
1.669581e+04 2.802369e+01 1.672384e+04
1.670078e+04 2.306861e+01 1.672385e+04
1.670503e+04 1.882489e+01 1.672385e+04
1.670866e+04 1.519770e+01 1.672385e+04
1.671174e+04 1.211611e+01 1.672385e+04
1.671434e+04 9.520546e+00 1.672386e+04
1.671651e+04 7.350575e+00 1.672386e+04
1.671831e+04 5.559922e+00 1.672387e+04
1.671976e+04 4.115400e+00 1.672387e+04
1.672090e+04 2.974060e+00 1.672388e+04
1.672176e+04 2.109814e+00 1.672387e+04
1.672236e+04 1.512592e+00 1.672387e+04
1.672272e+04 1.165875e+00 1.672388e+04
1.672284e+04 1.046088e+00 1.672388e+04
1.672273e+04 1.149708e+00 1.672388e+04
1.672241e+04 1.470774e+00 1.672388e+04
1.672188e+04 2.006093e+00 1.672388e+04
1.672113e+04 2.760374e+00 1.672389e+04
1.672016e+04 3.729527e+00 1.672389e+04
1.671898e+04 4.911545e+00 1.672389e+04
1.671758e+04 6.316974e+00 1.672389e+04
1.671594e+04 7.957663e+00 1.672390e+04
1.671407e+04 9.830214e+00 1.672390e+04
1.671195e+04 1.195392e+01 1.672390e+04
1.670957e+04 1.432652e+01 1.672390e+04
1.670694e+04 1.696242e+01 1.672390e+04
1.670403e+04 1.986999e+01 1.672390e+04
1.670084e+04 2.305119e+01 1.672389e+04
1.669737e+04 2.652282e+01 1.672389e+04
1.669361e+04 3.028322e+01 1.672389e+04
1.668956e+04 3.433325e+01 1.672389e+04
1.668522e+04 3.867007e+01 1.672389e+04
1.668061e+04 4.328634e+01 1.672389e+04
1.667572e+04 4.816944e+01 1.672389e+04
1.667059e+04 5.330056e+01 1.672389e+04
1.666524e+04 5.865400e+01 1.672390e+04
1.665970e+04 6.419651e+01 1.672390e+04
1.665402e+04 6.988678e+01 1.672390e+04
1.664823e+04 7.567523e+01 1.672391e+04
1.664241e+04 8.150405e+01 1.672391e+04
1.663661e+04 8.730762e+01 1.672392e+04
1.663091e+04 9.301342e+01 1.672392e+04
1.662538e+04 9.853776e+01 1.672392e+04
1.662012e+04 1.038042e+02 1.672392e+04
1.661519e+04 1.087349e+02 1.672393e+04
1.661069e+04 1.132418e+02 1.672393e+04
1.660669e+04 1.172358e+02 1.672393e+04
1.660326e+04 1.206676e+02 1.672393e+04
1.660047e+04 1.234708e+02 1.672394e+04
1.659836e+04 1.255865e+02 1.672394e+04
1.659695e+04 1.269877e+02 1.672394e+04
1.659628e+04 1.276591e+02 1.672394e+04
1.659634e+04 1.275981e+02 1.672394e+04
1.659710e+04 1.268371e+02 1.672393e+04
1.659852e+04 1.254099e+02 1.672393e+04
1.660055e+04 1.233724e+02 1.672392e+04
1.660312e+04 1.207947e+02 1.672392e+04
1.660615e+04 1.177584e+02 1.672391e+04
1.660955e+04 1.143538e+02 1.672390e+04
1.661322e+04 1.106765e+02 1.672390e+04
1.661707e+04 1.068241e+02 1.672389e+04
1.662099e+04 1.028931e+02 1.672388e+04
1.662490e+04 9.897605e+01 1.672388e+04
1.662871e+04 9.515906e+01 1.672387e+04
1.663235e+04 9.151978e+01 1.672387e+04
1.663574e+04 8.812571e+01 1.672386e+04
1.663883e+04 8.503300e+01 1.672386e+04
1.664157e+04 8.228560e+01 1.672386e+04
1.664394e+04 7.991479e+01 1.672386e+04
1.664592e+04 7.793903e+01 1.672386e+04
1.664749e+04 7.635857e+01 1.672385e+04
1.664868e+04 7.517782e+01 1.672385e+04
1.664948e+04 7.437322e+01 1.672386e+04
1.664994e+04 7.391595e+01 1.672386e+04
1.665010e+04 7.377304e+01 1.672387e+04
1.664999e+04 7.389267e+01 1.672388e+04
1.664967e+04 7.421107e+01 1.672388e+04
1.664920e+04 7.468764e+01 1.672388e+04
1.664863e+04 7.525207e+01 1.672388e+04
1.664803e+04 7.586143e+01 1.672389e+04
1.664745e+04 7.644270e+01 1.672390e+04
1.664695e+04 7.694946e+01 1.672390e+04
1.664657e+04 7.733683e+01 1.672390e+04
1.664634e+04 7.756894e+01 1.672391e+04
1.664629e+04 7.762045e+01 1.672391e+04
1.664643e+04 7.747766e+01 1.672391e+04
1.664677e+04 7.713900e+01 1.672391e+04
1.664729e+04 7.661496e+01 1.672390e+04
1.664797e+04 7.592749e+01 1.672390e+04
1.664879e+04 7.510874e+01 1.672390e+04
1.664970e+04 7.419948e+01 1.672389e+04
1.665064e+04 7.324707e+01 1.672389e+04
1.665158e+04 7.230873e+01 1.672389e+04
1.665246e+04 7.142724e+01 1.672389e+04
1.665322e+04 7.066175e+01 1.672388e+04
1.665382e+04 7.006342e+01 1.672388e+04
1.665420e+04 6.967900e+01 1.672388e+04
1.665432e+04 6.954913e+01 1.672387e+04
1.665416e+04 6.970687e+01 1.672387e+04
1.665369e+04 7.017661e+01 1.672387e+04
1.665290e+04 7.097309e+01 1.672387e+04
1.665177e+04 7.210665e+01 1.672388e+04
1.665032e+04 7.356629e+01 1.672388e+04
1.664855e+04 7.533089e+01 1.672388e+04
1.664651e+04 7.737463e+01 1.672388e+04
1.664421e+04 7.967324e+01 1.672388e+04
1.664171e+04 8.217722e+01 1.672389e+04
1.663906e+04 8.482918e+01 1.672389e+04
1.663631e+04 8.758184e+01 1.672389e+04
1.663353e+04 9.036088e+01 1.672389e+04
1.663079e+04 9.311045e+01 1.672390e+04
1.662814e+04 9.575701e+01 1.672390e+04
1.662567e+04 9.823285e+01 1.672391e+04
1.662344e+04 1.004729e+02 1.672391e+04
1.662150e+04 1.024167e+02 1.672391e+04
1.661991e+04 1.040051e+02 1.672391e+04
1.661871e+04 1.052037e+02 1.672391e+04
1.661794e+04 1.059662e+02 1.672391e+04
1.661763e+04 1.062797e+02 1.672391e+04
1.661779e+04 1.061264e+02 1.672391e+04
1.661840e+04 1.055062e+02 1.672391e+04
1.661948e+04 1.044307e+02 1.672391e+04
1.662098e+04 1.029228e+02 1.672391e+04
1.662289e+04 1.010152e+02 1.672390e+04
1.662515e+04 9.874927e+01 1.672390e+04
1.662772e+04 9.617321e+01 1.672390e+04
1.663055e+04 9.334566e+01 1.672390e+04
1.663358e+04 9.031187e+01 1.672389e+04
1.663676e+04 8.713517e+01 1.672389e+04
1.664001e+04 8.387285e+01 1.672389e+04
1.664330e+04 8.058022e+01 1.672388e+04
1.664657e+04 7.730464e+01 1.672387e+04
1.664976e+04 7.410564e+01 1.672387e+04
1.665285e+04 7.102178e+01 1.672387e+04
1.665577e+04 6.809197e+01 1.672387e+04
1.665851e+04 6.534985e+01 1.672386e+04
1.666104e+04 6.282383e+01 1.672386e+04
1.666332e+04 6.053719e+01 1.672386e+04
1.666535e+04 5.850845e+01 1.672386e+04
1.666711e+04 5.675163e+01 1.672386e+04
1.666858e+04 5.527680e+01 1.672386e+04
1.666977e+04 5.409045e+01 1.672386e+04
1.667066e+04 5.319598e+01 1.672386e+04
1.667126e+04 5.259413e+01 1.672386e+04
1.667158e+04 5.228342e+01 1.672386e+04
1.667160e+04 5.226049e+01 1.672386e+04
1.667134e+04 5.252043e+01 1.672386e+04
1.667080e+04 5.305707e+01 1.672386e+04
1.667000e+04 5.386318e+01 1.672386e+04
1.666893e+04 5.492515e+01 1.672386e+04
1.666761e+04 5.624490e+01 1.672386e+04
1.666605e+04 5.780756e+01 1.672386e+04
1.666426e+04 5.960286e+01 1.672386e+04
1.666224e+04 6.162535e+01 1.672386e+04
1.666001e+04 6.385242e+01 1.672387e+04
1.665759e+04 6.627718e+01 1.672387e+04
1.665498e+04 6.888633e+01 1.672387e+04
1.665220e+04 7.166560e+01 1.672387e+04
1.664927e+04 7.459961e+01 1.672387e+04
1.664620e+04 7.767179e+01 1.672387e+04
1.664301e+04 8.085866e+01 1.672387e+04
1.663971e+04 8.415737e+01 1.672387e+04
1.663634e+04 8.753610e+01 1.672388e+04
1.663291e+04 9.096716e+01 1.672388e+04
1.662945e+04 9.443220e+01 1.672388e+04
1.662598e+04 9.791133e+01 1.672389e+04
1.662252e+04 1.013669e+02 1.672389e+04
1.661912e+04 1.047766e+02 1.672389e+04
1.661578e+04 1.081114e+02 1.672389e+04
1.661255e+04 1.113417e+02 1.672390e+04
1.660946e+04 1.144376e+02 1.672390e+04
1.660653e+04 1.173743e+02 1.672391e+04
1.660380e+04 1.201061e+02 1.672390e+04
1.660128e+04 1.226265e+02 1.672391e+04
1.659902e+04 1.248919e+02 1.672391e+04
1.659703e+04 1.268832e+02 1.672391e+04
1.659534e+04 1.285778e+02 1.672391e+04
1.659396e+04 1.299618e+02 1.672392e+04
1.659291e+04 1.310030e+02 1.672391e+04
1.659221e+04 1.317058e+02 1.672392e+04
1.659186e+04 1.320567e+02 1.672392e+04
1.659186e+04 1.320522e+02 1.672392e+04
1.659222e+04 1.316931e+02 1.672392e+04
1.659293e+04 1.309843e+02 1.672391e+04
1.659398e+04 1.299352e+02 1.672391e+04
1.659535e+04 1.285590e+02 1.672391e+04
1.659704e+04 1.268722e+02 1.672391e+04
1.659902e+04 1.248950e+02 1.672391e+04
1.660126e+04 1.226496e+02 1.672391e+04
1.660375e+04 1.201555e+02 1.672390e+04
1.660645e+04 1.174495e+02 1.672390e+04
1.660934e+04 1.145483e+02 1.672389e+04
1.661240e+04 1.114904e+02 1.672389e+04
1.661559e+04 1.082983e+02 1.672389e+04
1.661889e+04 1.049996e+02 1.672389e+04
1.662227e+04 1.016262e+02 1.672389e+04
1.662570e+04 9.819284e+01 1.672389e+04
1.662916e+04 9.472927e+01 1.672389e+04
1.663263e+04 9.125831e+01 1.672389e+04
1.663609e+04 8.780127e+01 1.672389e+04
1.663951e+04 8.438344e+01 1.672389e+04
1.664288e+04 8.101232e+01 1.672389e+04
1.664618e+04 7.771071e+01 1.672389e+04
1.664939e+04 7.449512e+01 1.672389e+04
1.665251e+04 7.138164e+01 1.672389e+04
1.665550e+04 6.838659e+01 1.672389e+04
1.665836e+04 6.552725e+01 1.672389e+04
1.666106e+04 6.282281e+01 1.672388e+04
1.666359e+04 6.029567e+01 1.672388e+04
1.666591e+04 5.797301e+01 1.672388e+04
1.666799e+04 5.588884e+01 1.672388e+04
1.666978e+04 5.408672e+01 1.672387e+04
1.667124e+04 5.262321e+01 1.672387e+04
1.667228e+04 5.156688e+01 1.672385e+04
1.667281e+04 5.102629e+01 1.672384e+04
1.667270e+04 5.112496e+01 1.672383e+04
1.667178e+04 5.203340e+01 1.672381e+04
1.666981e+04 5.397719e+01 1.672378e+04
1.666650e+04 5.724917e+01 1.672375e+04
1.666145e+04 6.226007e+01 1.672371e+04
1.665414e+04 6.951385e+01 1.672365e+04
1.664387e+04 7.970186e+01 1.672358e+04
1.662975e+04 9.372560e+01 1.672348e+04
1.661058e+04 1.127715e+02 1.672335e+04
1.658482e+04 1.383682e+02 1.672318e+04
1.655045e+04 1.725150e+02 1.672297e+04
1.650492e+04 2.177694e+02 1.672269e+04
1.644497e+04 2.773676e+02 1.672234e+04
1.636658e+04 3.553258e+02 1.672191e+04
1.626491e+04 4.564945e+02 1.672140e+04
1.613440e+04 5.864241e+02 1.672082e+04
1.596915e+04 7.510630e+02 1.672022e+04
1.576385e+04 9.558451e+02 1.671969e+04
1.551543e+04 1.204013e+03 1.671944e+04
1.522596e+04 1.493783e+03 1.671974e+04
1.490656e+04 1.814334e+03 1.672090e+04
1.458146e+04 2.141638e+03 1.672310e+04
1.428915e+04 2.436903e+03 1.672605e+04
1.407678e+04 2.652003e+03 1.672878e+04
1.398596e+04 2.744071e+03 1.673004e+04
1.403533e+04 2.693794e+03 1.672912e+04
1.421144e+04 2.515093e+03 1.672654e+04
1.447524e+04 2.248281e+03 1.672352e+04
1.477901e+04 1.942145e+03 1.672116e+04
1.508214e+04 1.637709e+03 1.671985e+04
1.535830e+04 1.361170e+03 1.671947e+04
1.559492e+04 1.124753e+03 1.671967e+04
1.578915e+04 9.310160e+02 1.672017e+04
1.594359e+04 7.771683e+02 1.672075e+04
1.606321e+04 6.581135e+02 1.672133e+04
1.615366e+04 5.681692e+02 1.672183e+04
1.622033e+04 5.019332e+02 1.672226e+04
1.626805e+04 4.545711e+02 1.672262e+04
1.630106e+04 4.218703e+02 1.672293e+04
1.632301e+04 4.001835e+02 1.672319e+04
1.633707e+04 3.863419e+02 1.672341e+04
1.634598e+04 3.776138e+02 1.672360e+04
1.635212e+04 3.716373e+02 1.672375e+04
1.635744e+04 3.664446e+02 1.672388e+04
1.636352e+04 3.604510e+02 1.672397e+04
1.637152e+04 3.525046e+02 1.672403e+04
1.638216e+04 3.418913e+02 1.672405e+04
1.639573e+04 3.283166e+02 1.672405e+04
1.641217e+04 3.118571e+02 1.672403e+04
1.643110e+04 2.928841e+02 1.672399e+04
1.645194e+04 2.720018e+02 1.672394e+04
1.647396e+04 2.499287e+02 1.672389e+04
1.649642e+04 2.274140e+02 1.672384e+04
1.651863e+04 2.051654e+02 1.672380e+04
1.653997e+04 1.837975e+02 1.672377e+04
1.655994e+04 1.638039e+02 1.672374e+04
1.657818e+04 1.455485e+02 1.672373e+04
1.659445e+04 1.292655e+02 1.672372e+04
1.660862e+04 1.150970e+02 1.672372e+04
1.662064e+04 1.030804e+02 1.672372e+04
1.663054e+04 9.319172e+01 1.672373e+04
1.663838e+04 8.535956e+01 1.672374e+04
1.664427e+04 7.947706e+01 1.672374e+04
1.664832e+04 7.543751e+01 1.672376e+04
1.665065e+04 7.311173e+01 1.672377e+04
1.665140e+04 7.237712e+01 1.672378e+04
1.665067e+04 7.311663e+01 1.672378e+04
1.664857e+04 7.522101e+01 1.672379e+04
1.664521e+04 7.858931e+01 1.672380e+04
1.664068e+04 8.312798e+01 1.672381e+04
1.663506e+04 8.874903e+01 1.672381e+04
1.662845e+04 9.537292e+01 1.672382e+04
1.662093e+04 1.028980e+02 1.672382e+04
1.661258e+04 1.112523e+02 1.672383e+04
1.660350e+04 1.203350e+02 1.672384e+04
1.659380e+04 1.300412e+02 1.672384e+04
1.658360e+04 1.402532e+02 1.672385e+04
1.657302e+04 1.508386e+02 1.672386e+04
1.656222e+04 1.616547e+02 1.672388e+04
1.655136e+04 1.725325e+02 1.672389e+04
1.654062e+04 1.832887e+02 1.672391e+04
1.653018e+04 1.937402e+02 1.672392e+04
1.652024e+04 2.036916e+02 1.672393e+04
1.651100e+04 2.129476e+02 1.672394e+04
1.650263e+04 2.213199e+02 1.672395e+04
1.649533e+04 2.286355e+02 1.672396e+04
1.648923e+04 2.347446e+02 1.672397e+04
1.648445e+04 2.395288e+02 1.672398e+04
1.648107e+04 2.429073e+02 1.672398e+04
1.647914e+04 2.448408e+02 1.672398e+04
1.647864e+04 2.453343e+02 1.672398e+04
1.647953e+04 2.444358e+02 1.672397e+04
1.648173e+04 2.422335e+02 1.672396e+04
1.648510e+04 2.388499e+02 1.672395e+04
1.648951e+04 2.344289e+02 1.672394e+04
1.649477e+04 2.291497e+02 1.672392e+04
1.650073e+04 2.231795e+02 1.672391e+04
1.650719e+04 2.167091e+02 1.672390e+04
1.651398e+04 2.099065e+02 1.672389e+04
1.652094e+04 2.029332e+02 1.672388e+04
1.652793e+04 1.959280e+02 1.672386e+04
1.653483e+04 1.890263e+02 1.672386e+04
1.654153e+04 1.823193e+02 1.672385e+04
1.654795e+04 1.758979e+02 1.672384e+04
1.655403e+04 1.698149e+02 1.672384e+04
1.655973e+04 1.641083e+02 1.672384e+04
1.656505e+04 1.587976e+02 1.672384e+04
1.656996e+04 1.538865e+02 1.672384e+04
1.657448e+04 1.493595e+02 1.672384e+04
1.657864e+04 1.452069e+02 1.672384e+04
1.658245e+04 1.413881e+02 1.672384e+04
1.658597e+04 1.378787e+02 1.672385e+04
1.658922e+04 1.346335e+02 1.672385e+04
1.659224e+04 1.316104e+02 1.672385e+04
1.659509e+04 1.287667e+02 1.672386e+04
1.659780e+04 1.260605e+02 1.672386e+04
1.660041e+04 1.234517e+02 1.672386e+04
1.660296e+04 1.209031e+02 1.672387e+04
1.660549e+04 1.183863e+02 1.672387e+04
1.660801e+04 1.158608e+02 1.672388e+04
1.661057e+04 1.133070e+02 1.672388e+04
1.661318e+04 1.106986e+02 1.672387e+04
1.661584e+04 1.080306e+02 1.672387e+04
1.661859e+04 1.052864e+02 1.672388e+04
1.662142e+04 1.024588e+02 1.672388e+04
1.662433e+04 9.954494e+01 1.672388e+04
1.662733e+04 9.655096e+01 1.672388e+04
1.663041e+04 9.346978e+01 1.672388e+04
1.663357e+04 9.031371e+01 1.672388e+04
1.663679e+04 8.708631e+01 1.672388e+04
1.664007e+04 8.380933e+01 1.672388e+04
1.664339e+04 8.048958e+01 1.672387e+04
1.664673e+04 7.714558e+01 1.672388e+04
1.665010e+04 7.378004e+01 1.672388e+04
1.665347e+04 7.041756e+01 1.672388e+04
1.665682e+04 6.706072e+01 1.672388e+04
1.666015e+04 6.372816e+01 1.672388e+04
1.666345e+04 6.043227e+01 1.672388e+04
1.666670e+04 5.718455e+01 1.672388e+04
1.666989e+04 5.399552e+01 1.672388e+04
1.667301e+04 5.087462e+01 1.672388e+04
1.667605e+04 4.783018e+01 1.672388e+04
1.667901e+04 4.486937e+01 1.672388e+04
1.668188e+04 4.199829e+01 1.672388e+04
1.668466e+04 3.922189e+01 1.672388e+04
1.668734e+04 3.654964e+01 1.672389e+04
1.668991e+04 3.397352e+01 1.672389e+04
1.669238e+04 3.150119e+01 1.672389e+04
1.669475e+04 2.913400e+01 1.672389e+04
1.669701e+04 2.687259e+01 1.672389e+04
1.669917e+04 2.471700e+01 1.672389e+04
1.670122e+04 2.266674e+01 1.672389e+04
1.670317e+04 2.072093e+01 1.672389e+04
1.670501e+04 1.887833e+01 1.672389e+04
1.670675e+04 1.713745e+01 1.672389e+04
1.670839e+04 1.549662e+01 1.672389e+04
1.670993e+04 1.394854e+01 1.672388e+04
1.671138e+04 1.250243e+01 1.672388e+04
1.671273e+04 1.115110e+01 1.672388e+04
1.671399e+04 9.887375e+00 1.672388e+04
1.671516e+04 8.720759e+00 1.672388e+04
1.671623e+04 7.644583e+00 1.672388e+04
1.671722e+04 6.663345e+00 1.672388e+04
1.671812e+04 5.765493e+00 1.672388e+04
1.671893e+04 4.956355e+00 1.672388e+04
1.671965e+04 4.236216e+00 1.672388e+04
1.672028e+04 3.616709e+00 1.672389e+04
1.672082e+04 3.077259e+00 1.672389e+04
1.672126e+04 2.631175e+00 1.672389e+04
1.672161e+04 2.281323e+00 1.672389e+04
1.672186e+04 2.031422e+00 1.672389e+04
1.672201e+04 1.897007e+00 1.672390e+04
1.672204e+04 1.861914e+00 1.672390e+04
1.672196e+04 1.944098e+00 1.672390e+04
1.672175e+04 2.151814e+00 1.672390e+04
1.672141e+04 2.494812e+00 1.672390e+04
1.672091e+04 2.984522e+00 1.672390e+04
1.672026e+04 3.634258e+00 1.672390e+04
1.671944e+04 4.459459e+00 1.672390e+04
1.671842e+04 5.477957e+00 1.672389e+04
1.671718e+04 6.710281e+00 1.672389e+04
1.671571e+04 8.180007e+00 1.672389e+04
1.671397e+04 9.914149e+00 1.672389e+04
1.671194e+04 1.194361e+01 1.672388e+04
1.670958e+04 1.430366e+01 1.672388e+04
1.670684e+04 1.703456e+01 1.672388e+04
1.670369e+04 2.018212e+01 1.672387e+04
1.670007e+04 2.379846e+01 1.672387e+04
1.669592e+04 2.794279e+01 1.672386e+04
1.669117e+04 3.267673e+01 1.672385e+04
1.668576e+04 3.808730e+01 1.672384e+04
1.667958e+04 4.425511e+01 1.672383e+04
1.667255e+04 5.127727e+01 1.672382e+04
1.666455e+04 5.925755e+01 1.672381e+04
1.665547e+04 6.832970e+01 1.672380e+04
1.664516e+04 7.863108e+01 1.672379e+04
1.663347e+04 9.030398e+01 1.672377e+04
1.662023e+04 1.035292e+02 1.672376e+04
1.660526e+04 1.184832e+02 1.672374e+04
1.658835e+04 1.353769e+02 1.672372e+04
1.656927e+04 1.544327e+02 1.672370e+04
1.654779e+04 1.758894e+02 1.672368e+04
1.652365e+04 1.999988e+02 1.672365e+04
1.649660e+04 2.270214e+02 1.672362e+04
1.646638e+04 2.572243e+02 1.672360e+04
1.643273e+04 2.908486e+02 1.672357e+04
1.639542e+04 3.281268e+02 1.672355e+04
1.635429e+04 3.692397e+02 1.672353e+04
1.630922e+04 4.142936e+02 1.672351e+04
1.626022e+04 4.632838e+02 1.672350e+04
1.620746e+04 5.160502e+02 1.672351e+04
1.615130e+04 5.722248e+02 1.672353e+04
1.609239e+04 6.311755e+02 1.672357e+04
1.603168e+04 6.919463e+02 1.672363e+04
1.597048e+04 7.532341e+02 1.672371e+04
1.591046e+04 8.133601e+02 1.672382e+04
1.585364e+04 8.703212e+02 1.672396e+04
1.580225e+04 9.218491e+02 1.672410e+04
1.575861e+04 9.656265e+02 1.672424e+04
1.572486e+04 9.994859e+02 1.672434e+04
1.570274e+04 1.021677e+03 1.672442e+04
1.569335e+04 1.031088e+03 1.672444e+04
1.569699e+04 1.027419e+03 1.672441e+04
1.571308e+04 1.011247e+03 1.672433e+04
1.574030e+04 9.839016e+02 1.672421e+04
1.577675e+04 9.473078e+02 1.672406e+04
1.582020e+04 9.037259e+02 1.672392e+04
1.586833e+04 8.554559e+02 1.672379e+04
1.591903e+04 8.046588e+02 1.672369e+04
1.597045e+04 7.531655e+02 1.672361e+04
1.602114e+04 7.024208e+02 1.672356e+04
1.607007e+04 6.534658e+02 1.672354e+04
1.611656e+04 6.069723e+02 1.672353e+04
1.616024e+04 5.633037e+02 1.672355e+04
1.620098e+04 5.225858e+02 1.672357e+04
1.623882e+04 4.847760e+02 1.672359e+04
1.627390e+04 4.497241e+02 1.672362e+04
1.630643e+04 4.172205e+02 1.672365e+04
1.633664e+04 3.870385e+02 1.672368e+04
1.636477e+04 3.589374e+02 1.672370e+04
1.639101e+04 3.327117e+02 1.672373e+04
1.641557e+04 3.081775e+02 1.672374e+04
1.643858e+04 2.851749e+02 1.672375e+04
1.646018e+04 2.635902e+02 1.672377e+04
1.648046e+04 2.433191e+02 1.672378e+04
1.649950e+04 2.242850e+02 1.672378e+04
1.651736e+04 2.064283e+02 1.672379e+04
1.653410e+04 1.897027e+02 1.672380e+04
1.654973e+04 1.740704e+02 1.672380e+04
1.656431e+04 1.594996e+02 1.672381e+04
1.657785e+04 1.459615e+02 1.672381e+04
1.659039e+04 1.334292e+02 1.672382e+04
1.660195e+04 1.218760e+02 1.672382e+04
1.661255e+04 1.112756e+02 1.672383e+04
1.662223e+04 1.016013e+02 1.672383e+04
1.663101e+04 9.282700e+01 1.672383e+04
1.663891e+04 8.492730e+01 1.672384e+04
1.664596e+04 7.787832e+01 1.672384e+04
1.665218e+04 7.165852e+01 1.672384e+04
1.665759e+04 6.624953e+01 1.672384e+04
1.666221e+04 6.163713e+01 1.672384e+04
1.666603e+04 5.781251e+01 1.672384e+04
1.666907e+04 5.477298e+01 1.672384e+04
1.667132e+04 5.252325e+01 1.672384e+04
1.667277e+04 5.107677e+01 1.672384e+04
1.667338e+04 5.045720e+01 1.672384e+04
1.667313e+04 5.070015e+01 1.672383e+04
1.667197e+04 5.185528e+01 1.672383e+04
1.666983e+04 5.398877e+01 1.672382e+04
1.666663e+04 5.718646e+01 1.672381e+04
1.666224e+04 6.155760e+01 1.672380e+04
1.665655e+04 6.723402e+01 1.672378e+04
1.664937e+04 7.439794e+01 1.672376e+04
1.664048e+04 8.325620e+01 1.672374e+04
1.662964e+04 9.407067e+01 1.672371e+04
1.661652e+04 1.071575e+02 1.672367e+04
1.660071e+04 1.229211e+02 1.672363e+04
1.658175e+04 1.418347e+02 1.672358e+04
1.655905e+04 1.644752e+02 1.672352e+04
1.653192e+04 1.915309e+02 1.672345e+04
1.649956e+04 2.238078e+02 1.672336e+04
1.646104e+04 2.622263e+02 1.672327e+04
1.641537e+04 3.077965e+02 1.672316e+04
1.636150e+04 3.615583e+02 1.672306e+04
1.629850e+04 4.244671e+02 1.672296e+04
1.622570e+04 4.972027e+02 1.672290e+04
1.614301e+04 5.798807e+02 1.672289e+04
1.605131e+04 6.716653e+02 1.672297e+04
1.595285e+04 7.703203e+02 1.672317e+04
1.585171e+04 8.718040e+02 1.672351e+04
1.575387e+04 9.700977e+02 1.672397e+04
1.566699e+04 1.057505e+03 1.672450e+04
1.559938e+04 1.125602e+03 1.672498e+04
1.555851e+04 1.166793e+03 1.672530e+04
1.554930e+04 1.176073e+03 1.672537e+04
1.557282e+04 1.152347e+03 1.672517e+04
1.562603e+04 1.098729e+03 1.672476e+04
1.570256e+04 1.021677e+03 1.672424e+04
1.579435e+04 9.293851e+02 1.672374e+04
1.589331e+04 8.300281e+02 1.672334e+04
1.599256e+04 7.305053e+02 1.672307e+04
1.608710e+04 6.358205e+02 1.672292e+04
1.617382e+04 5.490707e+02 1.672289e+04
1.625120e+04 4.717303e+02 1.672293e+04
1.631890e+04 4.041162e+02 1.672301e+04
1.637731e+04 3.458073e+02 1.672311e+04
1.642724e+04 2.959814e+02 1.672322e+04
1.646966e+04 2.536512e+02 1.672332e+04
1.650559e+04 2.178120e+02 1.672340e+04
1.653595e+04 1.875251e+02 1.672348e+04
1.656159e+04 1.619618e+02 1.672355e+04
1.658321e+04 1.403935e+02 1.672360e+04
1.660142e+04 1.222222e+02 1.672365e+04
1.661674e+04 1.069475e+02 1.672368e+04
1.662955e+04 9.415926e+01 1.672371e+04
1.664021e+04 8.351924e+01 1.672373e+04
1.664898e+04 7.477028e+01 1.672375e+04
1.665607e+04 6.769358e+01 1.672376e+04
1.666165e+04 6.212142e+01 1.672377e+04
1.666586e+04 5.792473e+01 1.672378e+04
1.666878e+04 5.500745e+01 1.672379e+04
1.667049e+04 5.330200e+01 1.672379e+04
1.667103e+04 5.276578e+01 1.672379e+04
1.667041e+04 5.337287e+01 1.672379e+04
1.666865e+04 5.513371e+01 1.672379e+04
1.666572e+04 5.805462e+01 1.672378e+04
1.666159e+04 6.218555e+01 1.672378e+04
1.665621e+04 6.755753e+01 1.672377e+04
1.664953e+04 7.423512e+01 1.672377e+04
1.664147e+04 8.229179e+01 1.672376e+04
1.663197e+04 9.178986e+01 1.672376e+04
1.662094e+04 1.028080e+02 1.672375e+04
1.660833e+04 1.154129e+02 1.672374e+04
1.659408e+04 1.296567e+02 1.672373e+04
1.657816e+04 1.455664e+02 1.672373e+04
1.656060e+04 1.631316e+02 1.672373e+04
1.654144e+04 1.822906e+02 1.672373e+04
1.652082e+04 2.029142e+02 1.672374e+04
1.649896e+04 2.247907e+02 1.672375e+04
1.647616e+04 2.476058e+02 1.672377e+04
1.645284e+04 2.709488e+02 1.672379e+04
1.642953e+04 2.942996e+02 1.672383e+04
1.640685e+04 3.170235e+02 1.672387e+04
1.638551e+04 3.384077e+02 1.672392e+04
1.636628e+04 3.576901e+02 1.672397e+04
1.634990e+04 3.741060e+02 1.672401e+04
1.633710e+04 3.869461e+02 1.672405e+04
1.632846e+04 3.956170e+02 1.672407e+04
1.632439e+04 3.996974e+02 1.672409e+04
1.632511e+04 3.989807e+02 1.672409e+04
1.633057e+04 3.934961e+02 1.672407e+04
1.634053e+04 3.835057e+02 1.672404e+04
1.635452e+04 3.694764e+02 1.672400e+04
1.637192e+04 3.520330e+02 1.672395e+04
1.639201e+04 3.319001e+02 1.672391e+04
1.641402e+04 3.098407e+02 1.672386e+04
1.643722e+04 2.865959e+02 1.672382e+04
1.646092e+04 2.628627e+02 1.672378e+04
1.648453e+04 2.392363e+02 1.672376e+04
1.650755e+04 2.161940e+02 1.672374e+04
1.652961e+04 1.941181e+02 1.672373e+04
1.655045e+04 1.732852e+02 1.672373e+04
1.656987e+04 1.538604e+02 1.672373e+04
1.658779e+04 1.359451e+02 1.672373e+04
1.660417e+04 1.195763e+02 1.672375e+04
1.661903e+04 1.047245e+02 1.672375e+04
1.663242e+04 9.134089e+01 1.672376e+04
1.664443e+04 7.935705e+01 1.672379e+04
1.665514e+04 6.865647e+01 1.672380e+04
1.666466e+04 5.914769e+01 1.672381e+04
1.667309e+04 5.072550e+01 1.672382e+04
1.668054e+04 4.328604e+01 1.672382e+04
1.668710e+04 3.672951e+01 1.672383e+04
1.669288e+04 3.096191e+01 1.672384e+04
1.669795e+04 2.589604e+01 1.672385e+04
1.670240e+04 2.145201e+01 1.672385e+04
1.670630e+04 1.755727e+01 1.672386e+04
1.670972e+04 1.415191e+01 1.672387e+04
1.671271e+04 1.116640e+01 1.672388e+04
1.671533e+04 8.559540e+00 1.672388e+04
1.671761e+04 6.279647e+00 1.672389e+04
1.671962e+04 4.280446e+00 1.672390e+04
1.672137e+04 2.531437e+00 1.672390e+04
1.672290e+04 1.006387e+00 1.672391e+04
1.672424e+04 -3.331955e-01 1.672391e+04
1.672542e+04 -1.505890e+00 1.672391e+04
1.672644e+04 -2.538036e+00 1.672391e+04
1.672734e+04 -3.436547e+00 1.672391e+04
1.672813e+04 -4.222034e+00 1.672391e+04
1.672882e+04 -4.907053e+00 1.672391e+04
1.672941e+04 -5.501640e+00 1.672391e+04
1.672992e+04 -6.013286e+00 1.672391e+04
1.673036e+04 -6.446802e+00 1.672391e+04
1.673072e+04 -6.809566e+00 1.672391e+04
1.673099e+04 -7.083692e+00 1.672391e+04
1.673119e+04 -7.279893e+00 1.672391e+04
1.673129e+04 -7.381805e+00 1.672391e+04
1.673128e+04 -7.372076e+00 1.672391e+04
1.673113e+04 -7.224764e+00 1.672390e+04
1.673080e+04 -6.902491e+00 1.672390e+04
1.673025e+04 -6.352459e+00 1.672389e+04
1.672939e+04 -5.500882e+00 1.672388e+04
1.672812e+04 -4.245292e+00 1.672387e+04
1.672630e+04 -2.448867e+00 1.672385e+04
1.672373e+04 9.716979e-02 1.672383e+04
1.672013e+04 3.662234e+00 1.672380e+04
1.671512e+04 8.623864e+00 1.672375e+04
1.670816e+04 1.552849e+01 1.672368e+04
1.669848e+04 2.512077e+01 1.672360e+04
1.668502e+04 3.845372e+01 1.672347e+04
1.666629e+04 5.700659e+01 1.672330e+04
1.664020e+04 8.285460e+01 1.672306e+04
1.660382e+04 1.188954e+02 1.672272e+04
1.655312e+04 1.691341e+02 1.672225e+04
1.648263e+04 2.390033e+02 1.672163e+04
1.638520e+04 3.356279e+02 1.672083e+04
1.625207e+04 4.678050e+02 1.671988e+04
1.607371e+04 6.452092e+02 1.671892e+04
1.584231e+04 8.759669e+02 1.671827e+04
1.555703e+04 1.161498e+03 1.671853e+04
1.523214e+04 1.488223e+03 1.672037e+04
1.490522e+04 1.818795e+03 1.672401e+04
1.463740e+04 2.091040e+03 1.672844e+04
1.449623e+04 2.235079e+03 1.673131e+04
1.452364e+04 2.207080e+03 1.673072e+04
1.471115e+04 2.015934e+03 1.672708e+04
1.500515e+04 1.717554e+03 1.672270e+04
1.533707e+04 1.382521e+03 1.671959e+04
1.565229e+04 1.066024e+03 1.671831e+04
1.592119e+04 7.972261e+02 1.671841e+04
1.613525e+04 5.839574e+02 1.671921e+04
1.629825e+04 4.219400e+02 1.672019e+04
1.641895e+04 3.021406e+02 1.672109e+04
1.650680e+04 2.150353e+02 1.672184e+04
1.657009e+04 1.523198e+02 1.672241e+04
1.661539e+04 1.074352e+02 1.672283e+04
1.664768e+04 7.545007e+01 1.672313e+04
1.667059e+04 5.276283e+01 1.672335e+04
1.668671e+04 3.678810e+01 1.672350e+04
1.669792e+04 2.569004e+01 1.672361e+04
1.670551e+04 1.817575e+01 1.672368e+04
1.671039e+04 1.334273e+01 1.672374e+04
1.671320e+04 1.056940e+01 1.672377e+04
1.671435e+04 9.437971e+00 1.672379e+04
1.671412e+04 9.680909e+00 1.672381e+04
1.671267e+04 1.114447e+01 1.672381e+04
1.671005e+04 1.376447e+01 1.672381e+04
1.670625e+04 1.755645e+01 1.672381e+04
1.670121e+04 2.258520e+01 1.672380e+04
1.669479e+04 2.899396e+01 1.672378e+04
1.668677e+04 3.698812e+01 1.672376e+04
1.667691e+04 4.682229e+01 1.672373e+04
1.666486e+04 5.883881e+01 1.672370e+04
1.665020e+04 7.345311e+01 1.672365e+04
1.663244e+04 9.116690e+01 1.672360e+04
1.661097e+04 1.125746e+02 1.672354e+04
1.658511e+04 1.383658e+02 1.672347e+04
1.655407e+04 1.693194e+02 1.672339e+04
1.651702e+04 2.062887e+02 1.672331e+04
1.647309e+04 2.501361e+02 1.672322e+04
1.642145e+04 3.016879e+02 1.672314e+04
1.636149e+04 3.615817e+02 1.672307e+04
1.629293e+04 4.301109e+02 1.672304e+04
1.621612e+04 5.069504e+02 1.672307e+04
1.613228e+04 5.908946e+02 1.672317e+04
1.604378e+04 6.795792e+02 1.672336e+04
1.595433e+04 7.693131e+02 1.672364e+04
1.586884e+04 8.551468e+02 1.672399e+04
1.579308e+04 9.312668e+02 1.672435e+04
1.573282e+04 9.918334e+02 1.672465e+04
1.569279e+04 1.032030e+03 1.672482e+04
1.567571e+04 1.049108e+03 1.672482e+04
1.568162e+04 1.043028e+03 1.672464e+04
1.570791e+04 1.016432e+03 1.672434e+04
1.575000e+04 9.739875e+02 1.672399e+04
1.580237e+04 9.212939e+02 1.672366e+04
1.585958e+04 8.638214e+02 1.672340e+04
1.591713e+04 8.061078e+02 1.672324e+04
1.597181e+04 7.513590e+02 1.672316e+04
1.602176e+04 7.014126e+02 1.672317e+04
1.606628e+04 6.569406e+02 1.672323e+04
1.610555e+04 6.177638e+02 1.672331e+04
1.614023e+04 5.831812e+02 1.672341e+04
1.617124e+04 5.522575e+02 1.672350e+04
1.619954e+04 5.240449e+02 1.672358e+04
1.622590e+04 4.977310e+02 1.672363e+04
1.625092e+04 4.727502e+02 1.672367e+04
1.627490e+04 4.487893e+02 1.672368e+04
1.629787e+04 4.258080e+02 1.672368e+04
1.631965e+04 4.040063e+02 1.672366e+04
1.633984e+04 3.837839e+02 1.672363e+04
1.635789e+04 3.656964e+02 1.672359e+04
1.637312e+04 3.504145e+02 1.672353e+04
1.638478e+04 3.386883e+02 1.672347e+04
1.639206e+04 3.313482e+02 1.672341e+04
1.639408e+04 3.292594e+02 1.672334e+04
1.638992e+04 3.333348e+02 1.672326e+04
1.637866e+04 3.445108e+02 1.672317e+04
1.635935e+04 3.637415e+02 1.672309e+04
1.633110e+04 3.919096e+02 1.672301e+04
1.629319e+04 4.297478e+02 1.672294e+04
1.624523e+04 4.776731e+02 1.672290e+04
1.618736e+04 5.355574e+02 1.672292e+04
1.612057e+04 6.024399e+02 1.672301e+04
1.604700e+04 6.761878e+02 1.672319e+04
1.597020e+04 7.532672e+02 1.672347e+04
1.589515e+04 8.286816e+02 1.672384e+04
1.582801e+04 8.962276e+02 1.672424e+04
1.577534e+04 9.492711e+02 1.672461e+04
1.574300e+04 9.818689e+02 1.672487e+04
1.573496e+04 9.899885e+02 1.672495e+04
1.575231e+04 9.725144e+02 1.672482e+04
1.579306e+04 9.314671e+02 1.672453e+04
1.585263e+04 8.715136e+02 1.672414e+04
1.592491e+04 7.988423e+02 1.672375e+04
1.600351e+04 7.199120e+02 1.672342e+04
1.608275e+04 6.404322e+02 1.672319e+04
1.615827e+04 5.647739e+02 1.672305e+04
1.622716e+04 4.958374e+02 1.672300e+04
1.628785e+04 4.351683e+02 1.672302e+04
1.633981e+04 3.832788e+02 1.672309e+04
1.638323e+04 3.399558e+02 1.672318e+04
1.641874e+04 3.045338e+02 1.672328e+04
1.644721e+04 2.761564e+02 1.672337e+04
1.646956e+04 2.538892e+02 1.672345e+04
1.648669e+04 2.368289e+02 1.672352e+04
1.649942e+04 2.241602e+02 1.672358e+04
1.650845e+04 2.151875e+02 1.672363e+04
1.651432e+04 2.093449e+02 1.672366e+04
1.651746e+04 2.062245e+02 1.672369e+04
1.651815e+04 2.055466e+02 1.672370e+04
1.651651e+04 2.071783e+02 1.672369e+04
1.651252e+04 2.111535e+02 1.672368e+04
1.650600e+04 2.176459e+02 1.672365e+04
1.649660e+04 2.270003e+02 1.672360e+04
1.648380e+04 2.397401e+02 1.672354e+04
1.646688e+04 2.565851e+02 1.672346e+04
1.644489e+04 2.784714e+02 1.672336e+04
1.641666e+04 3.065695e+02 1.672323e+04
1.638076e+04 3.423279e+02 1.672308e+04
1.633545e+04 3.874605e+02 1.672291e+04
1.627877e+04 4.439431e+02 1.672271e+04
1.620848e+04 5.140013e+02 1.672248e+04
1.612226e+04 5.999871e+02 1.672225e+04
1.601784e+04 7.041821e+02 1.672202e+04
1.589339e+04 8.284478e+02 1.672184e+04
1.574808e+04 9.736835e+02 1.672176e+04
1.558277e+04 1.139066e+03 1.672184e+04
1.540104e+04 1.321115e+03 1.672215e+04
1.520999e+04 1.512763e+03 1.672275e+04
1.502087e+04 1.702762e+03 1.672363e+04
1.484872e+04 1.875970e+03 1.672469e+04
1.471075e+04 2.014972e+03 1.672572e+04
1.462328e+04 2.103195e+03 1.672647e+04
1.459796e+04 2.128760e+03 1.672672e+04
1.463858e+04 2.087799e+03 1.672638e+04
1.473990e+04 1.985647e+03 1.672555e+04
1.488911e+04 1.835358e+03 1.672446e+04
1.506915e+04 1.654241e+03 1.672339e+04
1.526254e+04 1.459976e+03 1.672251e+04
1.545424e+04 1.267680e+03 1.672192e+04
1.563307e+04 1.088510e+03 1.672158e+04
1.579181e+04 9.296422e+02 1.672145e+04
1.592634e+04 7.950853e+02 1.672143e+04
1.603459e+04 6.868395e+02 1.672143e+04
1.611531e+04 6.060745e+02 1.672138e+04
1.616703e+04 5.541752e+02 1.672121e+04
1.618711e+04 5.337309e+02 1.672084e+04
1.617082e+04 5.493878e+02 1.672020e+04
1.611064e+04 6.086105e+02 1.671925e+04
1.599593e+04 7.220604e+02 1.671799e+04
1.581373e+04 9.028640e+02 1.671659e+04
1.555236e+04 1.163225e+03 1.671558e+04
1.520990e+04 1.506086e+03 1.671599e+04
1.480869e+04 1.910392e+03 1.671908e+04
1.441010e+04 2.315048e+03 1.672514e+04
1.411262e+04 2.619186e+03 1.673181e+04
1.401468e+04 2.719924e+03 1.673460e+04
1.415573e+04 2.575551e+03 1.673128e+04
1.448849e+04 2.236047e+03 1.672453e+04
1.491256e+04 1.806246e+03 1.671880e+04
1.533309e+04 1.383029e+03 1.671612e+04
1.569414e+04 1.021870e+03 1.671601e+04
1.597782e+04 7.393846e+02 1.671721e+04
1.618892e+04 5.298127e+02 1.671873e+04
1.634104e+04 3.790771e+02 1.672012e+04
1.644874e+04 2.724792e+02 1.672122e+04
1.652434e+04 1.976898e+02 1.672203e+04
1.657727e+04 1.453319e+02 1.672260e+04
1.661438e+04 1.086236e+02 1.672300e+04
1.664049e+04 8.278893e+01 1.672328e+04
1.665896e+04 6.450929e+01 1.672347e+04
1.667211e+04 5.149207e+01 1.672360e+04
1.668153e+04 4.215501e+01 1.672369e+04
1.668835e+04 3.540408e+01 1.672375e+04
1.669331e+04 3.048012e+01 1.672379e+04
1.669697e+04 2.685379e+01 1.672382e+04
1.669969e+04 2.414854e+01 1.672384e+04
1.670174e+04 2.211364e+01 1.672386e+04
1.670331e+04 2.055827e+01 1.672387e+04
1.670452e+04 1.935013e+01 1.672387e+04
1.670549e+04 1.839424e+01 1.672388e+04
1.670626e+04 1.762206e+01 1.672388e+04
1.670690e+04 1.698380e+01 1.672389e+04
1.670745e+04 1.644314e+01 1.672389e+04
1.670792e+04 1.597337e+01 1.672389e+04
1.670834e+04 1.555481e+01 1.672389e+04
1.670872e+04 1.517285e+01 1.672389e+04
1.670908e+04 1.481660e+01 1.672389e+04
1.670942e+04 1.447794e+01 1.672389e+04
1.670974e+04 1.415075e+01 1.672389e+04
1.671006e+04 1.383047e+01 1.672390e+04
1.671038e+04 1.351367e+01 1.672390e+04
1.671070e+04 1.319778e+01 1.672390e+04
1.671101e+04 1.288635e+01 1.672390e+04
1.671133e+04 1.257246e+01 1.672391e+04
1.671166e+04 1.224974e+01 1.672391e+04
1.671198e+04 1.192300e+01 1.672391e+04
1.671231e+04 1.159184e+01 1.672391e+04
1.671265e+04 1.125051e+01 1.672390e+04
1.671299e+04 1.091001e+01 1.672390e+04
1.671334e+04 1.056501e+01 1.672390e+04
1.671369e+04 1.021577e+01 1.672390e+04
1.671404e+04 9.862695e+00 1.672390e+04
1.671439e+04 9.506299e+00 1.672390e+04
1.671475e+04 9.147225e+00 1.672390e+04
1.671511e+04 8.797090e+00 1.672391e+04
1.671548e+04 8.440324e+00 1.672392e+04
1.671584e+04 8.078092e+00 1.672392e+04
1.671620e+04 7.717133e+00 1.672392e+04
1.671656e+04 7.353303e+00 1.672391e+04
1.671691e+04 6.999255e+00 1.672391e+04
1.671726e+04 6.645912e+00 1.672391e+04
1.671760e+04 6.306194e+00 1.672391e+04
1.671793e+04 5.977369e+00 1.672391e+04
1.671824e+04 5.662371e+00 1.672391e+04
1.671854e+04 5.364608e+00 1.672390e+04
1.671882e+04 5.088046e+00 1.672390e+04
1.671907e+04 4.837306e+00 1.672390e+04
1.671929e+04 4.617778e+00 1.672390e+04
1.671947e+04 4.435750e+00 1.672390e+04
1.671960e+04 4.298564e+00 1.672390e+04
1.671969e+04 4.214793e+00 1.672390e+04
1.671971e+04 4.199896e+00 1.672391e+04
1.671965e+04 4.260088e+00 1.672391e+04
1.671951e+04 4.403454e+00 1.672391e+04
1.671926e+04 4.651494e+00 1.672391e+04
1.671888e+04 5.022755e+00 1.672391e+04
1.671836e+04 5.538835e+00 1.672390e+04
1.671768e+04 6.230310e+00 1.672391e+04
1.671679e+04 7.120875e+00 1.672391e+04
1.671567e+04 8.238767e+00 1.672391e+04
1.671427e+04 9.628723e+00 1.672390e+04
1.671256e+04 1.133590e+01 1.672390e+04
1.671048e+04 1.340671e+01 1.672389e+04
1.670797e+04 1.591175e+01 1.672388e+04
1.670496e+04 1.891355e+01 1.672388e+04
1.670138e+04 2.249489e+01 1.672387e+04
1.669713e+04 2.673194e+01 1.672386e+04
1.669213e+04 3.172814e+01 1.672386e+04
1.668625e+04 3.759218e+01 1.672385e+04
1.667939e+04 4.444348e+01 1.672383e+04
1.667141e+04 5.241143e+01 1.672382e+04
1.666218e+04 6.163380e+01 1.672381e+04
1.665154e+04 7.225393e+01 1.672380e+04
1.663937e+04 8.441637e+01 1.672378e+04
1.662551e+04 9.826065e+01 1.672377e+04
1.660985e+04 1.139181e+02 1.672376e+04
1.659228e+04 1.314732e+02 1.672375e+04
1.657274e+04 1.510053e+02 1.672374e+04
1.655123e+04 1.725162e+02 1.672374e+04
1.652781e+04 1.959345e+02 1.672374e+04
1.650264e+04 2.211126e+02 1.672375e+04
1.647600e+04 2.477778e+02 1.672377e+04
1.644826e+04 2.755414e+02 1.672380e+04
1.641995e+04 3.038902e+02 1.672384e+04
1.639169e+04 3.321967e+02 1.672389e+04
1.636419e+04 3.597443e+02 1.672394e+04
1.633821e+04 3.857772e+02 1.672399e+04
1.631449e+04 4.095439e+02 1.672404e+04
1.629369e+04 4.303798e+02 1.672407e+04
1.627629e+04 4.477920e+02 1.672408e+04
1.626257e+04 4.615070e+02 1.672408e+04
1.625253e+04 4.715219e+02 1.672406e+04
1.624590e+04 4.781200e+02 1.672401e+04
1.624210e+04 4.818565e+02 1.672396e+04
1.624037e+04 4.835153e+02 1.672389e+04
1.623977e+04 4.840455e+02 1.672381e+04
1.623925e+04 4.844883e+02 1.672374e+04
1.623776e+04 4.859050e+02 1.672366e+04
1.623428e+04 4.893129e+02 1.672359e+04
1.622790e+04 4.956289e+02 1.672353e+04
1.621782e+04 5.056509e+02 1.672347e+04
1.620344e+04 5.199938e+02 1.672344e+04
1.618433e+04 5.390821e+02 1.672341e+04
1.616029e+04 5.631139e+02 1.672340e+04
1.613138e+04 5.920246e+02 1.672341e+04
1.609799e+04 6.254409e+02 1.672343e+04
1.606082e+04 6.626646e+02 1.672349e+04
1.602095e+04 7.026165e+02 1.672357e+04
1.597980e+04 7.438602e+02 1.672366e+04
1.593909e+04 7.846779e+02 1.672377e+04
1.590072e+04 8.231621e+02 1.672388e+04
1.586655e+04 8.574275e+02 1.672398e+04
1.583820e+04 8.858379e+02 1.672404e+04
1.581678e+04 9.072720e+02 1.672405e+04
1.580274e+04 9.212858e+02 1.672402e+04
1.579571e+04 9.282298e+02 1.672394e+04
1.579461e+04 9.292087e+02 1.672382e+04
1.579776e+04 9.259218e+02 1.672368e+04
1.580312e+04 9.204144e+02 1.672353e+04
1.580860e+04 9.147984e+02 1.672340e+04
1.581230e+04 9.110025e+02 1.672330e+04
1.581266e+04 9.105554e+02 1.672322e+04
1.580864e+04 9.145397e+02 1.672318e+04
1.579963e+04 9.235240e+02 1.672316e+04
1.578551e+04 9.376538e+02 1.672316e+04
1.576641e+04 9.567632e+02 1.672317e+04
1.574267e+04 9.805137e+02 1.672318e+04
1.571467e+04 1.008513e+03 1.672318e+04
1.568278e+04 1.040397e+03 1.672317e+04
1.564740e+04 1.075788e+03 1.672318e+04
1.560909e+04 1.114133e+03 1.672322e+04
1.556886e+04 1.154452e+03 1.672331e+04
1.552845e+04 1.195020e+03 1.672347e+04
1.549060e+04 1.233112e+03 1.672371e+04
1.545904e+04 1.264965e+03 1.672400e+04
1.543821e+04 1.286096e+03 1.672430e+04
1.543252e+04 1.292026e+03 1.672455e+04
1.544538e+04 1.279285e+03 1.672466e+04
1.547823e+04 1.246366e+03 1.672460e+04
1.553000e+04 1.194360e+03 1.672436e+04
1.559708e+04 1.126914e+03 1.672400e+04
1.567393e+04 1.049632e+03 1.672356e+04
1.575395e+04 9.691732e+02 1.672312e+04
1.583029e+04 8.923969e+02 1.672269e+04
1.589638e+04 8.258850e+02 1.672226e+04
1.594585e+04 7.759510e+02 1.672180e+04
1.597215e+04 7.490758e+02 1.672123e+04
1.596771e+04 7.527529e+02 1.672046e+04
1.592293e+04 7.964713e+02 1.671940e+04
1.582535e+04 8.926449e+02 1.671800e+04
1.565962e+04 1.056706e+03 1.671633e+04
1.540996e+04 1.304859e+03 1.671482e+04
1.506770e+04 1.646797e+03 1.671449e+04
1.464645e+04 2.070454e+03 1.671691e+04
1.420194e+04 2.521120e+03 1.672306e+04
1.383904e+04 2.892081e+03 1.673112e+04
1.367914e+04 3.056713e+03 1.673585e+04
1.378935e+04 2.943948e+03 1.673330e+04
1.413359e+04 2.592117e+03 1.672570e+04
1.460014e+04 2.118496e+03 1.671864e+04
1.507402e+04 1.641139e+03 1.671516e+04
1.548452e+04 1.230385e+03 1.671490e+04
1.580787e+04 9.084088e+02 1.671627e+04
1.604879e+04 6.692631e+02 1.671806e+04
1.622300e+04 4.966630e+02 1.671967e+04
1.634734e+04 3.735850e+02 1.672092e+04
1.643592e+04 2.859122e+02 1.672183e+04
1.649942e+04 2.230545e+02 1.672247e+04
1.654545e+04 1.774595e+02 1.672291e+04
1.657934e+04 1.438783e+02 1.672321e+04
1.660471e+04 1.187068e+02 1.672342e+04
1.662408e+04 9.948007e+01 1.672356e+04
1.663914e+04 8.451031e+01 1.672365e+04
1.665109e+04 7.263611e+01 1.672372e+04
1.666072e+04 6.305256e+01 1.672377e+04
1.666860e+04 5.519650e+01 1.672380e+04
1.667516e+04 4.866946e+01 1.672382e+04
1.668066e+04 4.318583e+01 1.672384e+04
1.668532e+04 3.853785e+01 1.672386e+04
1.668929e+04 3.457194e+01 1.672386e+04
1.669270e+04 3.117258e+01 1.672387e+04
1.669563e+04 2.825123e+01 1.672388e+04
1.669814e+04 2.573874e+01 1.672388e+04
1.670031e+04 2.358009e+01 1.672389e+04
1.670216e+04 2.172517e+01 1.672388e+04
1.670374e+04 2.014824e+01 1.672389e+04
1.670508e+04 1.881309e+01 1.672389e+04
1.670620e+04 1.769909e+01 1.672390e+04
1.670712e+04 1.677303e+01 1.672390e+04
1.670788e+04 1.602117e+01 1.672390e+04
1.670847e+04 1.542112e+01 1.672389e+04
1.670893e+04 1.496937e+01 1.672390e+04
1.670925e+04 1.464765e+01 1.672390e+04
1.670945e+04 1.443927e+01 1.672389e+04
1.670955e+04 1.434545e+01 1.672389e+04
1.670954e+04 1.435214e+01 1.672389e+04
1.670944e+04 1.445213e+01 1.672389e+04
1.670925e+04 1.463364e+01 1.672389e+04
1.670899e+04 1.490268e+01 1.672389e+04
1.670864e+04 1.524966e+01 1.672389e+04
1.670822e+04 1.567141e+01 1.672389e+04
1.670772e+04 1.617120e+01 1.672389e+04
1.670716e+04 1.673678e+01 1.672389e+04
1.670652e+04 1.737343e+01 1.672389e+04
1.670581e+04 1.808190e+01 1.672389e+04
1.670503e+04 1.886942e+01 1.672390e+04
1.670417e+04 1.973346e+01 1.672390e+04
1.670323e+04 2.067277e+01 1.672390e+04
1.670221e+04 2.169846e+01 1.672390e+04
1.670109e+04 2.281758e+01 1.672390e+04
1.669986e+04 2.403894e+01 1.672390e+04
1.669853e+04 2.537865e+01 1.672391e+04
1.669707e+04 2.683876e+01 1.672391e+04
1.669546e+04 2.844034e+01 1.672390e+04
1.669370e+04 3.020200e+01 1.672390e+04
1.669175e+04 3.214034e+01 1.672389e+04
1.668960e+04 3.429273e+01 1.672389e+04
1.668720e+04 3.668513e+01 1.672389e+04
1.668453e+04 3.934944e+01 1.672388e+04
1.668153e+04 4.234141e+01 1.672387e+04
1.667816e+04 4.570922e+01 1.672387e+04
1.667434e+04 4.951722e+01 1.672386e+04
1.667001e+04 5.384293e+01 1.672385e+04
1.666506e+04 5.878004e+01 1.672384e+04
1.665939e+04 6.444223e+01 1.672383e+04
1.665285e+04 7.096790e+01 1.672382e+04
1.664527e+04 7.853171e+01 1.672381e+04
1.663645e+04 8.733038e+01 1.672378e+04
1.662613e+04 9.762559e+01 1.672376e+04
1.661399e+04 1.097346e+02 1.672372e+04
1.659963e+04 1.240521e+02 1.672368e+04
1.658256e+04 1.410726e+02 1.672363e+04
1.656214e+04 1.614183e+02 1.672356e+04
1.653760e+04 1.858790e+02 1.672347e+04
1.650790e+04 2.154650e+02 1.672336e+04
1.647173e+04 2.514823e+02 1.672321e+04
1.642738e+04 2.956389e+02 1.672302e+04
1.637256e+04 3.501982e+02 1.672275e+04
1.630419e+04 4.182024e+02 1.672239e+04
1.621810e+04 5.037923e+02 1.672189e+04
1.610855e+04 6.126479e+02 1.672119e+04
1.596766e+04 7.525782e+02 1.672024e+04
1.578491e+04 9.340669e+02 1.671898e+04
1.554696e+04 1.170479e+03 1.671744e+04
1.523909e+04 1.476793e+03 1.671588e+04
1.485033e+04 1.864708e+03 1.671503e+04
1.438510e+04 2.331155e+03 1.671625e+04
1.388169e+04 2.839261e+03 1.672095e+04
1.342712e+04 3.301596e+03 1.672872e+04
1.314325e+04 3.592232e+03 1.673549e+04
1.312807e+04 3.607938e+03 1.673601e+04
1.338882e+04 3.340967e+03 1.672978e+04
1.383618e+04 2.885582e+03 1.672176e+04
1.434623e+04 2.370246e+03 1.671648e+04
1.482443e+04 1.890394e+03 1.671482e+04
1.522592e+04 1.489573e+03 1.671550e+04
1.554302e+04 1.174048e+03 1.671706e+04
1.578603e+04 9.326567e+02 1.671869e+04
1.597034e+04 7.497037e+02 1.672005e+04
1.611034e+04 6.107377e+02 1.672108e+04
1.621758e+04 5.042554e+02 1.672183e+04
1.630071e+04 4.216679e+02 1.672237e+04
1.636603e+04 3.567365e+02 1.672276e+04
1.641807e+04 3.049745e+02 1.672305e+04
1.646012e+04 2.631311e+02 1.672325e+04
1.649454e+04 2.288589e+02 1.672339e+04
1.652307e+04 2.004330e+02 1.672350e+04
1.654701e+04 1.765704e+02 1.672358e+04
1.656732e+04 1.563259e+02 1.672364e+04
1.658472e+04 1.389716e+02 1.672369e+04
1.659977e+04 1.239564e+02 1.672373e+04
1.661290e+04 1.108563e+02 1.672376e+04
1.662444e+04 9.934192e+01 1.672378e+04
1.663464e+04 8.915558e+01 1.672380e+04
1.664372e+04 8.009357e+01 1.672381e+04
1.665183e+04 7.199360e+01 1.672382e+04
1.665911e+04 6.472515e+01 1.672383e+04
1.666566e+04 5.818231e+01 1.672384e+04
1.667157e+04 5.227836e+01 1.672385e+04
1.667691e+04 4.694167e+01 1.672385e+04
1.668174e+04 4.211261e+01 1.672386e+04
1.668612e+04 3.774115e+01 1.672386e+04
1.669008e+04 3.378514e+01 1.672386e+04
1.669366e+04 3.020889e+01 1.672387e+04
1.669689e+04 2.698217e+01 1.672387e+04
1.669979e+04 2.407944e+01 1.672387e+04
1.670239e+04 2.147927e+01 1.672387e+04
1.670471e+04 1.916393e+01 1.672387e+04
1.670675e+04 1.711903e+01 1.672387e+04
1.670854e+04 1.533350e+01 1.672387e+04
1.671008e+04 1.379960e+01 1.672387e+04
1.671136e+04 1.251272e+01 1.672387e+04
1.671240e+04 1.147159e+01 1.672387e+04
1.671320e+04 1.067853e+01 1.672387e+04
1.671373e+04 1.013981e+01 1.672387e+04
1.671401e+04 9.866087e+00 1.672387e+04
1.671400e+04 9.873090e+00 1.672387e+04
1.671369e+04 1.018243e+01 1.672387e+04
1.671304e+04 1.082271e+01 1.672386e+04
1.671203e+04 1.183086e+01 1.672386e+04
1.671060e+04 1.325401e+01 1.672386e+04
1.670870e+04 1.515169e+01 1.672385e+04
1.670624e+04 1.759879e+01 1.672384e+04
1.670314e+04 2.067831e+01 1.672382e+04
1.669928e+04 2.452993e+01 1.672381e+04
1.669450e+04 2.929057e+01 1.672379e+04
1.668863e+04 3.514576e+01 1.672377e+04
1.668142e+04 4.232877e+01 1.672375e+04
1.667258e+04 5.113312e+01 1.672372e+04
1.666175e+04 6.192848e+01 1.672368e+04
1.664845e+04 7.518028e+01 1.672363e+04
1.663209e+04 9.147378e+01 1.672357e+04
1.661195e+04 1.115424e+02 1.672349e+04
1.658709e+04 1.362998e+02 1.672339e+04
1.655640e+04 1.668728e+02 1.672327e+04
1.651850e+04 2.046353e+02 1.672313e+04
1.647176e+04 2.511988e+02 1.672296e+04
1.641435e+04 3.084203e+02 1.672277e+04
1.634428e+04 3.782876e+02 1.672257e+04
1.625967e+04 4.627114e+02 1.672238e+04
1.615911e+04 5.631326e+02 1.672225e+04
1.604234e+04 6.798929e+02 1.672224e+04
1.591109e+04 8.113202e+02 1.672241e+04
1.577009e+04 9.527573e+02 1.672284e+04
1.562787e+04 1.095681e+03 1.672355e+04
1.549676e+04 1.227692e+03 1.672445e+04
1.539143e+04 1.333919e+03 1.672535e+04
1.532589e+04 1.400085e+03 1.672597e+04
1.530963e+04 1.416476e+03 1.672611e+04
1.534463e+04 1.381066e+03 1.672570e+04
1.542472e+04 1.300185e+03 1.672491e+04
1.553769e+04 1.186310e+03 1.672400e+04
1.566899e+04 1.054200e+03 1.672319e+04
1.580525e+04 9.173953e+02 1.672264e+04
1.593632e+04 7.860358e+02 1.672236e+04
1.605589e+04 6.663985e+02 1.672229e+04
1.616093e+04 5.614387e+02 1.672237e+04
1.625076e+04 4.717497e+02 1.672251e+04
1.632617e+04 3.965210e+02 1.672270e+04
1.638866e+04 3.342216e+02 1.672288e+04
1.643995e+04 2.830902e+02 1.672304e+04
1.648179e+04 2.413979e+02 1.672319e+04
1.651573e+04 2.075799e+02 1.672331e+04
1.654313e+04 1.802837e+02 1.672341e+04
1.656512e+04 1.583721e+02 1.672349e+04
1.658266e+04 1.408995e+02 1.672356e+04
1.659650e+04 1.271073e+02 1.672361e+04
1.660729e+04 1.163645e+02 1.672365e+04
1.661552e+04 1.081532e+02 1.672368e+04
1.662162e+04 1.020869e+02 1.672370e+04
1.662590e+04 9.782632e+01 1.672373e+04
1.662863e+04 9.510977e+01 1.672374e+04
1.663003e+04 9.373082e+01 1.672376e+04
1.663024e+04 9.352407e+01 1.672376e+04
1.662939e+04 9.438033e+01 1.672377e+04
1.662756e+04 9.620875e+01 1.672377e+04
1.662482e+04 9.895476e+01 1.672377e+04
1.662118e+04 1.025922e+02 1.672377e+04
1.661665e+04 1.071219e+02 1.672377e+04
1.661119e+04 1.125709e+02 1.672377e+04
1.660476e+04 1.189936e+02 1.672376e+04
1.659728e+04 1.264779e+02 1.672375e+04
1.658861e+04 1.351264e+02 1.672374e+04
1.657863e+04 1.450930e+02 1.672372e+04
1.656714e+04 1.565657e+02 1.672370e+04
1.655390e+04 1.697731e+02 1.672367e+04
1.653863e+04 1.850209e+02 1.672365e+04
1.652096e+04 2.026475e+02 1.672361e+04
1.650047e+04 2.230931e+02 1.672356e+04
1.647661e+04 2.468892e+02 1.672350e+04
1.644875e+04 2.746867e+02 1.672343e+04
1.641606e+04 3.072823e+02 1.672334e+04
1.637758e+04 3.456476e+02 1.672323e+04
1.633211e+04 3.909901e+02 1.672310e+04
1.627817e+04 4.447665e+02 1.672293e+04
1.621398e+04 5.087512e+02 1.672273e+04
1.613742e+04 5.850705e+02 1.672249e+04
1.604600e+04 6.762153e+02 1.672221e+04
1.593691e+04 7.849902e+02 1.672190e+04
1.580723e+04 9.143381e+02 1.672157e+04
1.565433e+04 1.066940e+03 1.672127e+04
1.547664e+04 1.244461e+03 1.672110e+04
1.527488e+04 1.446277e+03 1.672116e+04
1.505388e+04 1.667720e+03 1.672160e+04
1.482455e+04 1.898009e+03 1.672256e+04
1.460515e+04 2.118871e+03 1.672402e+04
1.442044e+04 2.305263e+03 1.672570e+04
1.429717e+04 2.429897e+03 1.672706e+04
1.425626e+04 2.471277e+03 1.672753e+04
1.430481e+04 2.422038e+03 1.672685e+04
1.443260e+04 2.292654e+03 1.672526e+04
1.461548e+04 2.107874e+03 1.672335e+04
1.482347e+04 1.898210e+03 1.672168e+04
1.502900e+04 1.691553e+03 1.672055e+04
1.521154e+04 1.508409e+03 1.671995e+04
1.535849e+04 1.361253e+03 1.671974e+04
1.546362e+04 1.256150e+03 1.671977e+04
1.552484e+04 1.195043e+03 1.671988e+04
1.554240e+04 1.177624e+03 1.672003e+04
1.551776e+04 1.202414e+03 1.672017e+04
1.545327e+04 1.267082e+03 1.672035e+04
1.535248e+04 1.368132e+03 1.672062e+04
1.522083e+04 1.500209e+03 1.672104e+04
1.506650e+04 1.655182e+03 1.672168e+04
1.490107e+04 1.821490e+03 1.672256e+04
1.473957e+04 1.984051e+03 1.672362e+04
1.459958e+04 2.125169e+03 1.672475e+04
1.449914e+04 2.226588e+03 1.672573e+04
1.445382e+04 2.272546e+03 1.672636e+04
1.447338e+04 2.253087e+03 1.672647e+04
1.455932e+04 2.166674e+03 1.672600e+04
1.470418e+04 2.020888e+03 1.672506e+04
1.489323e+04 1.830692e+03 1.672393e+04
1.510805e+04 1.614790e+03 1.672284e+04
1.533045e+04 1.391566e+03 1.672201e+04
1.554553e+04 1.175990e+03 1.672152e+04
1.574313e+04 9.782151e+02 1.672135e+04
1.591772e+04 8.036875e+02 1.672141e+04
1.606750e+04 6.541127e+02 1.672161e+04
1.619321e+04 5.286819e+02 1.672189e+04
1.629703e+04 4.251620e+02 1.672219e+04
1.638177e+04 3.407006e+02 1.672247e+04
1.645038e+04 2.723433e+02 1.672272e+04
1.650562e+04 2.173297e+02 1.672295e+04
1.654992e+04 1.732068e+02 1.672313e+04
1.658537e+04 1.379076e+02 1.672328e+04
1.661371e+04 1.096953e+02 1.672340e+04
1.663633e+04 8.717075e+01 1.672350e+04
1.665440e+04 6.918313e+01 1.672358e+04
1.666882e+04 5.482336e+01 1.672364e+04
1.668033e+04 4.336056e+01 1.672369e+04
1.668952e+04 3.421211e+01 1.672373e+04
1.669685e+04 2.691412e+01 1.672376e+04
1.670269e+04 2.110253e+01 1.672379e+04
1.670734e+04 1.647211e+01 1.672381e+04
1.671103e+04 1.279346e+01 1.672383e+04
1.671396e+04 9.884266e+00 1.672384e+04
1.671627e+04 7.583237e+00 1.672385e+04
1.671809e+04 5.780845e+00 1.672387e+04
1.671951e+04 4.369225e+00 1.672387e+04
1.672060e+04 3.276042e+00 1.672388e+04
1.672145e+04 2.438648e+00 1.672388e+04
1.672208e+04 1.806678e+00 1.672389e+04
1.672255e+04 1.339715e+00 1.672389e+04
1.672289e+04 9.999504e-01 1.672389e+04
1.672312e+04 7.726351e-01 1.672389e+04
1.672326e+04 6.320942e-01 1.672389e+04
1.672333e+04 5.625986e-01 1.672389e+04
1.672334e+04 5.521533e-01 1.672389e+04
1.672330e+04 5.918671e-01 1.672389e+04
1.672322e+04 6.807446e-01 1.672390e+04
1.672309e+04 8.038268e-01 1.672390e+04
1.672293e+04 9.642326e-01 1.672390e+04
1.672274e+04 1.161061e+00 1.672390e+04
1.672250e+04 1.394617e+00 1.672390e+04
1.672223e+04 1.671664e+00 1.672390e+04
1.672192e+04 1.983167e+00 1.672390e+04
1.672157e+04 2.337449e+00 1.672390e+04
1.672116e+04 2.737663e+00 1.672390e+04
1.672071e+04 3.181774e+00 1.672390e+04
1.672021e+04 3.678915e+00 1.672389e+04
1.671965e+04 4.238528e+00 1.672389e+04
1.671903e+04 4.859170e+00 1.672389e+04
1.671835e+04 5.550294e+00 1.672390e+04
1.671759e+04 6.304898e+00 1.672389e+04
1.671676e+04 7.132447e+00 1.672389e+04
1.671586e+04 8.036814e+00 1.672389e+04
1.671487e+04 9.021805e+00 1.672389e+04
1.671380e+04 1.009117e+01 1.672389e+04
1.671264e+04 1.124861e+01 1.672389e+04
1.671140e+04 1.249785e+01 1.672389e+04
1.671005e+04 1.383709e+01 1.672389e+04
1.670861e+04 1.528117e+01 1.672389e+04
1.670706e+04 1.682879e+01 1.672389e+04
1.670540e+04 1.848444e+01 1.672389e+04
1.670363e+04 2.025310e+01 1.672389e+04
1.670174e+04 2.213503e+01 1.672388e+04
1.669973e+04 2.414804e+01 1.672388e+04
1.669758e+04 2.629499e+01 1.672388e+04
1.669529e+04 2.858620e+01 1.672388e+04
1.669284e+04 3.103470e+01 1.672387e+04
1.669022e+04 3.365158e+01 1.672387e+04
1.668740e+04 3.646929e+01 1.672386e+04
1.668435e+04 3.951030e+01 1.672386e+04
1.668105e+04 4.281095e+01 1.672386e+04
1.667743e+04 4.641857e+01 1.672385e+04
1.667345e+04 5.039521e+01 1.672384e+04
1.666901e+04 5.482200e+01 1.672384e+04
1.666402e+04 5.980465e+01 1.672382e+04
1.665833e+04 6.548068e+01 1.672381e+04
1.665176e+04 7.202844e+01 1.672379e+04
1.664409e+04 7.967816e+01 1.672376e+04
1.663501e+04 8.872545e+01 1.672373e+04
1.662414e+04 9.954703e+01 1.672369e+04
1.661102e+04 1.126185e+02 1.672364e+04
1.659505e+04 1.285278e+02 1.672357e+04
1.657548e+04 1.480139e+02 1.672350e+04
1.655146e+04 1.719457e+02 1.672341e+04
1.652197e+04 2.013420e+02 1.672331e+04
1.648586e+04 2.373376e+02 1.672320e+04
1.644198e+04 2.811196e+02 1.672309e+04
1.638923e+04 3.337623e+02 1.672300e+04
1.632689e+04 3.960562e+02 1.672294e+04
1.625485e+04 4.681163e+02 1.672296e+04
1.617412e+04 5.489729e+02 1.672309e+04
1.608727e+04 6.360893e+02 1.672336e+04
1.599878e+04 7.249908e+02 1.672377e+04
1.591506e+04 8.092263e+02 1.672429e+04
1.584392e+04 8.809158e+02 1.672484e+04
1.579331e+04 9.319679e+02 1.672528e+04
1.576965e+04 9.558545e+02 1.672551e+04
1.577617e+04 9.492792e+02 1.672545e+04
1.581200e+04 9.131145e+02 1.672511e+04
1.587244e+04 8.521641e+02 1.672460e+04
1.595023e+04 7.738298e+02 1.672406e+04
1.603727e+04 6.863033e+02 1.672358e+04
1.612622e+04 5.970042e+02 1.672323e+04
1.621143e+04 5.115961e+02 1.672302e+04
1.628920e+04 4.337460e+02 1.672295e+04
1.635768e+04 3.652863e+02 1.672296e+04
1.641634e+04 3.066913e+02 1.672303e+04
1.646561e+04 2.575270e+02 1.672314e+04
1.650639e+04 2.168566e+02 1.672325e+04
1.653982e+04 1.835310e+02 1.672335e+04
1.656707e+04 1.563753e+02 1.672345e+04
1.658924e+04 1.342959e+02 1.672353e+04
1.660727e+04 1.163303e+02 1.672360e+04
1.662200e+04 1.016575e+02 1.672365e+04
1.663409e+04 8.961533e+01 1.672370e+04
1.664408e+04 7.965308e+01 1.672374e+04
1.665243e+04 7.133525e+01 1.672377e+04
1.665947e+04 6.431766e+01 1.672379e+04
1.666548e+04 5.833039e+01 1.672381e+04
1.667066e+04 5.316302e+01 1.672382e+04
1.667518e+04 4.865223e+01 1.672383e+04
1.667917e+04 4.467694e+01 1.672385e+04
1.668272e+04 4.113417e+01 1.672386e+04
1.668592e+04 3.794290e+01 1.672386e+04
1.668882e+04 3.505057e+01 1.672387e+04
1.669146e+04 3.241210e+01 1.672387e+04
1.669388e+04 2.999250e+01 1.672387e+04
1.669611e+04 2.776447e+01 1.672387e+04
1.669817e+04 2.570653e+01 1.672388e+04
1.670008e+04 2.380167e+01 1.672388e+04
1.670184e+04 2.203622e+01 1.672388e+04
1.670348e+04 2.039907e+01 1.672388e+04
1.670500e+04 1.888099e+01 1.672388e+04
1.670641e+04 1.747424e+01 1.672388e+04
1.670771e+04 1.617213e+01 1.672388e+04
1.670891e+04 1.496879e+01 1.672388e+04
1.671002e+04 1.385332e+01 1.672388e+04
1.671105e+04 1.283195e+01 1.672388e+04
1.671198e+04 1.189477e+01 1.672388e+04
1.671284e+04 1.103752e+01 1.672388e+04
1.671362e+04 1.025613e+01 1.672388e+04
1.671433e+04 9.552068e+00 1.672388e+04
1.671497e+04 8.910427e+00 1.672388e+04
1.671555e+04 8.332942e+00 1.672388e+04
1.671607e+04 7.815791e+00 1.672389e+04
1.671653e+04 7.355159e+00 1.672389e+04
1.671694e+04 6.947225e+00 1.672389e+04
1.671730e+04 6.588154e+00 1.672389e+04
1.671761e+04 6.268589e+00 1.672388e+04
1.671789e+04 5.995491e+00 1.672388e+04
1.671812e+04 5.759633e+00 1.672388e+04
1.671833e+04 5.551529e+00 1.672388e+04
1.671850e+04 5.378278e+00 1.672388e+04
1.671865e+04 5.224987e+00 1.672387e+04
1.671877e+04 5.098821e+00 1.672387e+04
1.671888e+04 4.990528e+00 1.672387e+04
1.671898e+04 4.901832e+00 1.672388e+04
1.671906e+04 4.817885e+00 1.672388e+04
1.671914e+04 4.746331e+00 1.672388e+04
1.671921e+04 4.672681e+00 1.672388e+04
1.671929e+04 4.604797e+00 1.672389e+04
1.671936e+04 4.523045e+00 1.672389e+04
1.671944e+04 4.441182e+00 1.672389e+04
1.671953e+04 4.351140e+00 1.672389e+04
1.671964e+04 4.250596e+00 1.672389e+04
1.671975e+04 4.137513e+00 1.672389e+04
1.671988e+04 4.010158e+00 1.672389e+04
1.672002e+04 3.867120e+00 1.672389e+04
1.672018e+04 3.707312e+00 1.672389e+04
1.672036e+04 3.529990e+00 1.672389e+04
1.672055e+04 3.340219e+00 1.672389e+04
1.672076e+04 3.132238e+00 1.672390e+04
1.672100e+04 2.901044e+00 1.672390e+04
1.672124e+04 2.652701e+00 1.672390e+04
1.672151e+04 2.388098e+00 1.672390e+04
1.672179e+04 2.108410e+00 1.672390e+04
1.672208e+04 1.815083e+00 1.672390e+04
1.672239e+04 1.509807e+00 1.672390e+04
1.672270e+04 1.194496e+00 1.672390e+04
1.672302e+04 8.712557e-01 1.672390e+04
1.672335e+04 5.477468e-01 1.672390e+04
1.672369e+04 2.154896e-01 1.672390e+04
1.672402e+04 -1.174737e-01 1.672390e+04
1.672435e+04 -4.430578e-01 1.672391e+04
1.672468e+04 -7.696500e-01 1.672391e+04
1.672499e+04 -1.088942e+00 1.672391e+04
1.672530e+04 -1.398213e+00 1.672391e+04
1.672560e+04 -1.694752e+00 1.672391e+04
1.672588e+04 -1.975887e+00 1.672391e+04
1.672614e+04 -2.250042e+00 1.672389e+04
1.672639e+04 -2.492716e+00 1.672389e+04
1.672661e+04 -2.712398e+00 1.672389e+04
1.672680e+04 -2.901375e+00 1.672390e+04
1.672697e+04 -3.068396e+00 1.672390e+04
1.672710e+04 -3.205953e+00 1.672390e+04
1.672721e+04 -3.312252e+00 1.672390e+04
1.672728e+04 -3.385723e+00 1.672390e+04
1.672732e+04 -3.425048e+00 1.672390e+04
1.672733e+04 -3.429196e+00 1.672390e+04
1.672730e+04 -3.397448e+00 1.672390e+04
1.672723e+04 -3.329431e+00 1.672390e+04
1.672712e+04 -3.225147e+00 1.672390e+04
1.672698e+04 -3.084999e+00 1.672390e+04
1.672681e+04 -2.909819e+00 1.672390e+04
1.672660e+04 -2.700882e+00 1.672390e+04
1.672636e+04 -2.454453e+00 1.672390e+04
1.672609e+04 -2.183709e+00 1.672390e+04
1.672579e+04 -1.885762e+00 1.672390e+04
1.672547e+04 -1.563668e+00 1.672391e+04
1.672513e+04 -1.220868e+00 1.672391e+04
1.672477e+04 -8.611303e-01 1.672391e+04
1.672439e+04 -4.884720e-01 1.672391e+04
1.672401e+04 -1.070696e-01 1.672391e+04
1.672363e+04 2.788557e-01 1.672391e+04
1.672324e+04 6.651680e-01 1.672391e+04
1.672286e+04 1.047963e+00 1.672391e+04
1.672248e+04 1.423731e+00 1.672391e+04
1.672212e+04 1.789523e+00 1.672391e+04
1.672176e+04 2.143138e+00 1.672391e+04
1.672142e+04 2.483301e+00 1.672391e+04
1.672110e+04 2.804362e+00 1.672390e+04
1.672078e+04 3.118345e+00 1.672390e+04
1.672048e+04 3.427899e+00 1.672391e+04
1.672018e+04 3.726283e+00 1.672391e+04
1.671988e+04 4.030421e+00 1.672391e+04
1.671957e+04 4.337294e+00 1.672391e+04
1.671925e+04 4.668038e+00 1.672392e+04
1.671889e+04 5.023873e+00 1.672391e+04
1.671849e+04 5.425090e+00 1.672391e+04
1.671802e+04 5.888901e+00 1.672391e+04
1.671747e+04 6.435236e+00 1.672391e+04
1.671682e+04 7.086949e+00 1.672391e+04
1.671603e+04 7.870064e+00 1.672390e+04
1.671509e+04 8.808506e+00 1.672390e+04
1.671395e+04 9.946655e+00 1.672389e+04
1.671257e+04 1.131664e+01 1.672389e+04
1.671092e+04 1.296086e+01 1.672389e+04
1.670895e+04 1.492167e+01 1.672388e+04
1.670661e+04 1.726389e+01 1.672387e+04
1.670382e+04 2.003755e+01 1.672386e+04
1.670053e+04 2.332266e+01 1.672385e+04
1.669665e+04 2.719167e+01 1.672384e+04
1.669210e+04 3.173268e+01 1.672384e+04
1.668678e+04 3.703963e+01 1.672382e+04
1.668057e+04 4.323561e+01 1.672381e+04
1.667336e+04 5.044105e+01 1.672380e+04
1.666499e+04 5.879665e+01 1.672378e+04
1.665531e+04 6.845870e+01 1.672377e+04
1.664415e+04 7.959932e+01 1.672375e+04
1.663133e+04 9.240601e+01 1.672373e+04
1.661663e+04 1.070801e+02 1.672371e+04
1.659986e+04 1.238339e+02 1.672369e+04
1.658078e+04 1.428858e+02 1.672367e+04
1.655919e+04 1.644536e+02 1.672365e+04
1.653488e+04 1.887502e+02 1.672363e+04
1.650766e+04 2.159492e+02 1.672361e+04
1.647738e+04 2.462036e+02 1.672359e+04
1.644397e+04 2.796067e+02 1.672357e+04
1.640738e+04 3.161805e+02 1.672356e+04
1.636770e+04 3.558606e+02 1.672356e+04
1.632507e+04 3.984868e+02 1.672356e+04
1.627976e+04 4.437961e+02 1.672355e+04
1.623211e+04 4.914505e+02 1.672356e+04
1.618251e+04 5.410504e+02 1.672357e+04
1.613141e+04 5.921586e+02 1.672357e+04
1.607922e+04 6.443563e+02 1.672358e+04
1.602631e+04 6.972665e+02 1.672358e+04
1.597302e+04 7.505563e+02 1.672358e+04
1.591969e+04 8.038884e+02 1.672358e+04
1.586676e+04 8.568456e+02 1.672360e+04
1.581491e+04 9.087512e+02 1.672366e+04
1.576524e+04 9.585245e+02 1.672376e+04
1.571936e+04 1.004546e+03 1.672390e+04
1.567944e+04 1.044636e+03 1.672408e+04
1.564806e+04 1.076195e+03 1.672426e+04
1.562784e+04 1.096574e+03 1.672442e+04
1.562099e+04 1.103525e+03 1.672452e+04
1.562879e+04 1.095735e+03 1.672452e+04
1.565126e+04 1.073175e+03 1.672444e+04
1.568708e+04 1.037193e+03 1.672427e+04
1.573378e+04 9.902810e+02 1.672406e+04
1.578822e+04 9.356176e+02 1.672384e+04
1.584712e+04 8.765300e+02 1.672365e+04
1.590751e+04 8.160022e+02 1.672351e+04
1.596701e+04 7.564042e+02 1.672342e+04
1.602402e+04 6.993607e+02 1.672338e+04
1.607761e+04 6.457802e+02 1.672339e+04
1.612741e+04 5.959950e+02 1.672341e+04
1.617348e+04 5.499647e+02 1.672345e+04
1.621610e+04 5.073920e+02 1.672350e+04
1.625566e+04 4.678839e+02 1.672354e+04
1.629254e+04 4.310407e+02 1.672358e+04
1.632710e+04 3.965135e+02 1.672362e+04
1.635961e+04 3.640295e+02 1.672364e+04
1.639027e+04 3.333966e+02 1.672366e+04
1.641919e+04 3.044982e+02 1.672368e+04
1.644644e+04 2.772551e+02 1.672370e+04
1.647207e+04 2.516399e+02 1.672371e+04
1.649608e+04 2.276381e+02 1.672372e+04
1.651848e+04 2.052404e+02 1.672372e+04
1.653930e+04 1.844329e+02 1.672373e+04
1.655855e+04 1.651916e+02 1.672374e+04
1.657627e+04 1.474797e+02 1.672375e+04
1.659251e+04 1.312471e+02 1.672376e+04
1.660734e+04 1.164316e+02 1.672377e+04
1.662082e+04 1.029613e+02 1.672378e+04
1.663303e+04 9.076251e+01 1.672379e+04
1.664406e+04 7.974589e+01 1.672381e+04
1.665400e+04 6.982549e+01 1.672382e+04
1.666292e+04 6.090983e+01 1.672383e+04
1.667092e+04 5.292001e+01 1.672384e+04
1.667807e+04 4.577462e+01 1.672385e+04
1.668446e+04 3.939616e+01 1.672385e+04
1.669015e+04 3.371170e+01 1.672386e+04
1.669521e+04 2.865330e+01 1.672386e+04
1.669971e+04 2.415811e+01 1.672387e+04
1.670371e+04 2.016843e+01 1.672387e+04
1.670725e+04 1.663156e+01 1.672388e+04
1.671038e+04 1.349961e+01 1.672388e+04
1.671316e+04 1.073468e+01 1.672389e+04
1.671561e+04 8.286704e+00 1.672389e+04
1.671777e+04 6.120531e+00 1.672389e+04
1.671968e+04 4.215515e+00 1.672389e+04
1.672136e+04 2.537923e+00 1.672390e+04
1.672283e+04 1.062467e+00 1.672390e+04
1.672413e+04 -2.334330e-01 1.672390e+04
1.672527e+04 -1.369919e+00 1.672390e+04
1.672627e+04 -2.364938e+00 1.672390e+04
1.672714e+04 -3.234470e+00 1.672390e+04
1.672790e+04 -3.992733e+00 1.672390e+04
1.672856e+04 -4.652368e+00 1.672390e+04
1.672913e+04 -5.224609e+00 1.672391e+04
1.672963e+04 -5.719435e+00 1.672391e+04
1.673005e+04 -6.140330e+00 1.672391e+04
1.673042e+04 -6.506013e+00 1.672391e+04
1.673073e+04 -6.817952e+00 1.672391e+04
1.673100e+04 -7.076876e+00 1.672392e+04
1.673122e+04 -7.299197e+00 1.672392e+04
1.673140e+04 -7.484217e+00 1.672392e+04
1.673156e+04 -7.636191e+00 1.672392e+04
1.673168e+04 -7.758870e+00 1.672392e+04
1.673178e+04 -7.855550e+00 1.672392e+04
1.673185e+04 -7.929126e+00 1.672392e+04
1.673190e+04 -7.982132e+00 1.672392e+04
1.673194e+04 -8.022266e+00 1.672392e+04
1.673196e+04 -8.040543e+00 1.672392e+04
1.673196e+04 -8.044057e+00 1.672392e+04
1.673195e+04 -8.028800e+00 1.672392e+04
1.673193e+04 -8.007000e+00 1.672392e+04
1.673190e+04 -7.974170e+00 1.672392e+04
1.673185e+04 -7.931209e+00 1.672392e+04
1.673180e+04 -7.884390e+00 1.672392e+04
1.673174e+04 -7.823368e+00 1.672392e+04
1.673167e+04 -7.754128e+00 1.672392e+04
1.673159e+04 -7.671626e+00 1.672392e+04
1.673151e+04 -7.587311e+00 1.672392e+04
1.673142e+04 -7.501291e+00 1.672392e+04
1.673132e+04 -7.402819e+00 1.672392e+04
1.673121e+04 -7.297513e+00 1.672392e+04
1.673110e+04 -7.185470e+00 1.672392e+04
1.673098e+04 -7.066745e+00 1.672392e+04
1.673086e+04 -6.946939e+00 1.672391e+04
1.673073e+04 -6.814981e+00 1.672391e+04
1.673059e+04 -6.676279e+00 1.672391e+04
1.673044e+04 -6.530743e+00 1.672391e+04
1.673029e+04 -6.378250e+00 1.672391e+04
1.673013e+04 -6.218672e+00 1.672391e+04
1.672996e+04 -6.051961e+00 1.672391e+04
1.672979e+04 -5.877711e+00 1.672391e+04
1.672961e+04 -5.695650e+00 1.672391e+04
1.672942e+04 -5.505459e+00 1.672391e+04
1.672922e+04 -5.317808e+00 1.672390e+04
1.672901e+04 -5.110322e+00 1.672390e+04
1.672879e+04 -4.893410e+00 1.672390e+04
1.672857e+04 -4.666503e+00 1.672390e+04
1.672833e+04 -4.428948e+00 1.672390e+04
1.672808e+04 -4.180001e+00 1.672390e+04
1.672782e+04 -3.913392e+00 1.672391e+04
1.672754e+04 -3.639136e+00 1.672391e+04
1.672726e+04 -3.350590e+00 1.672391e+04
1.672695e+04 -3.046530e+00 1.672391e+04
1.672663e+04 -2.725582e+00 1.672391e+04
1.672629e+04 -2.391700e+00 1.672390e+04
1.672593e+04 -2.032240e+00 1.672390e+04
1.672555e+04 -1.650718e+00 1.672390e+04
1.672514e+04 -1.245007e+00 1.672390e+04
1.672471e+04 -8.127501e-01 1.672390e+04
1.672425e+04 -3.513405e-01 1.672390e+04
1.672376e+04 1.420964e-01 1.672390e+04
1.672323e+04 6.707263e-01 1.672390e+04
1.672266e+04 1.238029e+00 1.672390e+04
1.672205e+04 1.847823e+00 1.672390e+04
1.672139e+04 2.498769e+00 1.672389e+04
1.672068e+04 3.211851e+00 1.672390e+04
1.671992e+04 3.970143e+00 1.672389e+04
1.671909e+04 4.795613e+00 1.672389e+04
1.671820e+04 5.688805e+00 1.672389e+04
1.671723e+04 6.656246e+00 1.672389e+04
1.671618e+04 7.705059e+00 1.672389e+04
1.671504e+04 8.843017e+00 1.672389e+04
1.671381e+04 1.007860e+01 1.672389e+04
1.671246e+04 1.142107e+01 1.672389e+04
1.671100e+04 1.288041e+01 1.672388e+04
1.670942e+04 1.446763e+01 1.672388e+04
1.670769e+04 1.618938e+01 1.672388e+04
1.670581e+04 1.806984e+01 1.672388e+04
1.670376e+04 2.011800e+01 1.672387e+04
1.670152e+04 2.234968e+01 1.672387e+04
1.669909e+04 2.477671e+01 1.672387e+04
1.669643e+04 2.742909e+01 1.672386e+04
1.669354e+04 3.032222e+01 1.672386e+04
1.669038e+04 3.347907e+01 1.672386e+04
1.668693e+04 3.692492e+01 1.672386e+04
1.668317e+04 4.068760e+01 1.672385e+04
1.667905e+04 4.479780e+01 1.672385e+04
1.667456e+04 4.928937e+01 1.672385e+04
1.666964e+04 5.419968e+01 1.672384e+04
1.666427e+04 5.956998e+01 1.672384e+04
1.665839e+04 6.544584e+01 1.672384e+04
1.665195e+04 7.188831e+01 1.672384e+04
1.664491e+04 7.893110e+01 1.672384e+04
1.663718e+04 8.664638e+01 1.672383e+04
1.662872e+04 9.510142e+01 1.672382e+04
1.661945e+04 1.043700e+02 1.672382e+04
1.660928e+04 1.145329e+02 1.672381e+04
1.659812e+04 1.256779e+02 1.672380e+04
1.658589e+04 1.379002e+02 1.672379e+04
1.657248e+04 1.513017e+02 1.672378e+04
1.655778e+04 1.659909e+02 1.672377e+04
1.654167e+04 1.820815e+02 1.672376e+04
1.652405e+04 1.996907e+02 1.672374e+04
1.650480e+04 2.189360e+02 1.672373e+04
1.648379e+04 2.399315e+02 1.672372e+04
1.646093e+04 2.627825e+02 1.672371e+04
1.643612e+04 2.875720e+02 1.672369e+04
1.640931e+04 3.143678e+02 1.672368e+04
1.638047e+04 3.431999e+02 1.672367e+04
1.634964e+04 3.740341e+02 1.672367e+04
1.631691e+04 4.067719e+02 1.672368e+04
1.628247e+04 4.412262e+02 1.672369e+04
1.624661e+04 4.771011e+02 1.672371e+04
1.620977e+04 5.139742e+02 1.672374e+04
1.617250e+04 5.512818e+02 1.672378e+04
1.613552e+04 5.883127e+02 1.672383e+04
1.609968e+04 6.242137e+02 1.672389e+04
1.606595e+04 6.580111e+02 1.672396e+04
1.603538e+04 6.886468e+02 1.672402e+04
1.600903e+04 7.150612e+02 1.672409e+04
1.598791e+04 7.362384e+02 1.672414e+04
1.597287e+04 7.513153e+02 1.672418e+04
1.596454e+04 7.596627e+02 1.672420e+04
1.596325e+04 7.609562e+02 1.672420e+04
1.596895e+04 7.552208e+02 1.672418e+04
1.598129e+04 7.428396e+02 1.672413e+04
1.599953e+04 7.245260e+02 1.672406e+04
1.602272e+04 7.012700e+02 1.672399e+04
1.604967e+04 6.742353e+02 1.672390e+04
1.607911e+04 6.447048e+02 1.672382e+04
1.610976e+04 6.139753e+02 1.672373e+04
1.614036e+04 5.832951e+02 1.672366e+04
1.616978e+04 5.538147e+02 1.672359e+04
1.619698e+04 5.265585e+02 1.672353e+04
1.622107e+04 5.024125e+02 1.672348e+04
1.624132e+04 4.821253e+02 1.672344e+04
1.625709e+04 4.663149e+02 1.672341e+04
1.626790e+04 4.554760e+02 1.672338e+04
1.627337e+04 4.499890e+02 1.672336e+04
1.627326e+04 4.500969e+02 1.672335e+04
1.626745e+04 4.558987e+02 1.672335e+04
1.625603e+04 4.673282e+02 1.672336e+04
1.623929e+04 4.840925e+02 1.672338e+04
1.621780e+04 5.056234e+02 1.672343e+04
1.619247e+04 5.310232e+02 1.672350e+04
1.616457e+04 5.590295e+02 1.672360e+04
1.613573e+04 5.879852e+02 1.672372e+04
1.610794e+04 6.159211e+02 1.672386e+04
1.608337e+04 6.406256e+02 1.672400e+04
1.606426e+04 6.598683e+02 1.672413e+04
1.605261e+04 6.716131e+02 1.672423e+04
1.604998e+04 6.743023e+02 1.672428e+04
1.605725e+04 6.670428e+02 1.672429e+04
1.607449e+04 6.497524e+02 1.672425e+04
1.610101e+04 6.231543e+02 1.672416e+04
1.613540e+04 5.886500e+02 1.672405e+04
1.617582e+04 5.480999e+02 1.672392e+04
1.622023e+04 5.035664e+02 1.672380e+04
1.626663e+04 4.570676e+02 1.672369e+04
1.631320e+04 4.104150e+02 1.672361e+04
1.635849e+04 3.650698e+02 1.672356e+04
1.640141e+04 3.221172e+02 1.672353e+04
1.644122e+04 2.822965e+02 1.672352e+04
1.647751e+04 2.460196e+02 1.672353e+04
1.651011e+04 2.134348e+02 1.672355e+04
1.653905e+04 1.845184e+02 1.672357e+04
1.656449e+04 1.591119e+02 1.672360e+04
1.658665e+04 1.369767e+02 1.672363e+04
1.660583e+04 1.178312e+02 1.672366e+04
1.662231e+04 1.013783e+02 1.672369e+04
1.663639e+04 8.732448e+01 1.672371e+04
1.664834e+04 7.539119e+01 1.672374e+04
1.665843e+04 6.532209e+01 1.672376e+04
1.666689e+04 5.689158e+01 1.672378e+04
1.667391e+04 4.988408e+01 1.672380e+04
1.667968e+04 4.412609e+01 1.672381e+04
1.668436e+04 3.946278e+01 1.672382e+04
1.668807e+04 3.576152e+01 1.672383e+04
1.669093e+04 3.290419e+01 1.672383e+04
1.669303e+04 3.080709e+01 1.672384e+04
1.669446e+04 2.938612e+01 1.672384e+04
1.669527e+04 2.857685e+01 1.672385e+04
1.669552e+04 2.832211e+01 1.672385e+04
1.669526e+04 2.859283e+01 1.672385e+04
1.669450e+04 2.935433e+01 1.672385e+04
1.669326e+04 3.058773e+01 1.672385e+04
1.669157e+04 3.228453e+01 1.672385e+04
1.668940e+04 3.444698e+01 1.672385e+04
1.668676e+04 3.708927e+01 1.672385e+04
1.668360e+04 4.023925e+01 1.672384e+04
1.667990e+04 4.394120e+01 1.672384e+04
1.667557e+04 4.825977e+01 1.672383e+04
1.667053e+04 5.328545e+01 1.672382e+04
1.666466e+04 5.914212e+01 1.672380e+04
1.665779e+04 6.599162e+01 1.672378e+04
1.664968e+04 7.407506e+01 1.672376e+04
1.664005e+04 8.367598e+01 1.672373e+04
1.662848e+04 9.519891e+01 1.672368e+04
1.661445e+04 1.091788e+02 1.672363e+04
1.659724e+04 1.263047e+02 1.672355e+04
1.657595e+04 1.475124e+02 1.672346e+04
1.654935e+04 1.739797e+02 1.672333e+04
1.651589e+04 2.072582e+02 1.672315e+04
1.647362e+04 2.493282e+02 1.672295e+04
1.642011e+04 3.025785e+02 1.672269e+04
1.635250e+04 3.698790e+02 1.672238e+04
1.626767e+04 4.543873e+02 1.672206e+04
1.616258e+04 5.591780e+02 1.672176e+04
1.603510e+04 6.864741e+02 1.672158e+04
1.588527e+04 8.363551e+02 1.672163e+04
1.571712e+04 1.004941e+03 1.672207e+04
1.554055e+04 1.182437e+03 1.672299e+04
1.537227e+04 1.352053e+03 1.672433e+04
1.523444e+04 1.491345e+03 1.672578e+04
1.514977e+04 1.577075e+03 1.672684e+04
1.513435e+04 1.592718e+03 1.672706e+04
1.519143e+04 1.534903e+03 1.672634e+04
1.531010e+04 1.414891e+03 1.672499e+04
1.546961e+04 1.253925e+03 1.672354e+04
1.564677e+04 1.075639e+03 1.672241e+04
1.582202e+04 8.997384e+02 1.672176e+04
1.598242e+04 7.391411e+02 1.672156e+04
1.612150e+04 6.001478e+02 1.672165e+04
1.623768e+04 4.842280e+02 1.672191e+04
1.633230e+04 3.899238e+02 1.672223e+04
1.640812e+04 3.144200e+02 1.672254e+04
1.646830e+04 2.545329e+02 1.672283e+04
1.651584e+04 2.072299e+02 1.672307e+04
1.655339e+04 1.698752e+02 1.672326e+04
1.658311e+04 1.403022e+02 1.672341e+04
1.660675e+04 1.167735e+02 1.672353e+04
1.662569e+04 9.792685e+01 1.672362e+04
1.664098e+04 8.270746e+01 1.672369e+04
1.665343e+04 7.030505e+01 1.672374e+04
1.666368e+04 6.009977e+01 1.672378e+04
1.667219e+04 5.161833e+01 1.672381e+04
1.667933e+04 4.449925e+01 1.672383e+04
1.668538e+04 3.846610e+01 1.672385e+04
1.669056e+04 3.331231e+01 1.672387e+04
1.669502e+04 2.886374e+01 1.672388e+04
1.669889e+04 2.499970e+01 1.672389e+04
1.670227e+04 2.162209e+01 1.672389e+04
1.670524e+04 1.865424e+01 1.672390e+04
1.670787e+04 1.603582e+01 1.672390e+04
1.671019e+04 1.371907e+01 1.672391e+04
1.671224e+04 1.166047e+01 1.672390e+04
1.671406e+04 9.834889e+00 1.672390e+04
1.671568e+04 8.217897e+00 1.672390e+04
1.671710e+04 6.795231e+00 1.672390e+04
1.671835e+04 5.545466e+00 1.672390e+04
1.671944e+04 4.455773e+00 1.672390e+04
1.672038e+04 3.515946e+00 1.672390e+04
1.672118e+04 2.718021e+00 1.672390e+04
1.672184e+04 2.055998e+00 1.672390e+04
1.672238e+04 1.520099e+00 1.672390e+04
1.672278e+04 1.118677e+00 1.672390e+04
1.672305e+04 8.452286e-01 1.672390e+04
1.672320e+04 7.001633e-01 1.672390e+04
1.672321e+04 6.798441e-01 1.672389e+04
1.672309e+04 7.984874e-01 1.672389e+04
1.672283e+04 1.055597e+00 1.672389e+04
1.672243e+04 1.457589e+00 1.672389e+04
1.672187e+04 2.012505e+00 1.672389e+04
1.672116e+04 2.730094e+00 1.672389e+04
1.672026e+04 3.621906e+00 1.672389e+04
1.671918e+04 4.701395e+00 1.672388e+04
1.671790e+04 5.978545e+00 1.672388e+04
1.671639e+04 7.481836e+00 1.672388e+04
1.671465e+04 9.225726e+00 1.672387e+04
1.671264e+04 1.123241e+01 1.672387e+04
1.671034e+04 1.352654e+01 1.672387e+04
1.670773e+04 1.613525e+01 1.672387e+04
1.670478e+04 1.908824e+01 1.672386e+04
1.670144e+04 2.241223e+01 1.672386e+04
1.669770e+04 2.615809e+01 1.672386e+04
1.669351e+04 3.034637e+01 1.672385e+04
1.668883e+04 3.502144e+01 1.672385e+04
1.668362e+04 4.022356e+01 1.672385e+04
1.667785e+04 4.599385e+01 1.672384e+04
1.667147e+04 5.237334e+01 1.672384e+04
1.666443e+04 5.940189e+01 1.672383e+04
1.665671e+04 6.711668e+01 1.672383e+04
1.664828e+04 7.555048e+01 1.672383e+04
1.663910e+04 8.472934e+01 1.672382e+04
1.662915e+04 9.467032e+01 1.672382e+04
1.661844e+04 1.053785e+02 1.672382e+04
1.660698e+04 1.168435e+02 1.672382e+04
1.659479e+04 1.290367e+02 1.672382e+04
1.658192e+04 1.419075e+02 1.672383e+04
1.656845e+04 1.553800e+02 1.672383e+04
1.655449e+04 1.693511e+02 1.672384e+04
1.654016e+04 1.836884e+02 1.672385e+04
1.652563e+04 1.982300e+02 1.672386e+04
1.651108e+04 2.127919e+02 1.672388e+04
1.649674e+04 2.271433e+02 1.672388e+04
1.648283e+04 2.410686e+02 1.672390e+04
1.646960e+04 2.543199e+02 1.672391e+04
1.645727e+04 2.666655e+02 1.672394e+04
1.644610e+04 2.778532e+02 1.672395e+04
1.643628e+04 2.876817e+02 1.672396e+04
1.642798e+04 2.959909e+02 1.672397e+04
1.642132e+04 3.026497e+02 1.672397e+04
1.641639e+04 3.075847e+02 1.672397e+04
1.641319e+04 3.107779e+02 1.672397e+04
1.641170e+04 3.122607e+02 1.672396e+04
1.641182e+04 3.121306e+02 1.672395e+04
1.641343e+04 3.105045e+02 1.672393e+04
1.641637e+04 3.075514e+02 1.672392e+04
1.642047e+04 3.034423e+02 1.672391e+04
1.642554e+04 2.983593e+02 1.672390e+04
1.643141e+04 2.924792e+02 1.672389e+04
1.643792e+04 2.859641e+02 1.672388e+04
1.644492e+04 2.789553e+02 1.672388e+04
1.645230e+04 2.715691e+02 1.672387e+04
1.645997e+04 2.638903e+02 1.672386e+04
1.646787e+04 2.559903e+02 1.672386e+04
1.647594e+04 2.479188e+02 1.672386e+04
1.648416e+04 2.396978e+02 1.672386e+04
1.649252e+04 2.313427e+02 1.672386e+04
1.650100e+04 2.228623e+02 1.672386e+04
1.650960e+04 2.142635e+02 1.672386e+04
1.651831e+04 2.055556e+02 1.672386e+04
1.652711e+04 1.967530e+02 1.672386e+04
1.653598e+04 1.878781e+02 1.672386e+04
1.654490e+04 1.789613e+02 1.672386e+04
1.655381e+04 1.700421e+02 1.672386e+04
1.656269e+04 1.611728e+02 1.672386e+04
1.657146e+04 1.523959e+02 1.672386e+04
1.658008e+04 1.437695e+02 1.672385e+04
1.658848e+04 1.353650e+02 1.672384e+04
1.659660e+04 1.272383e+02 1.672384e+04
1.660439e+04 1.194496e+02 1.672384e+04
1.661178e+04 1.120506e+02 1.672383e+04
1.661872e+04 1.051058e+02 1.672382e+04
1.662516e+04 9.865809e+01 1.672382e+04
1.663107e+04 9.275088e+01 1.672382e+04
1.663640e+04 8.742187e+01 1.672382e+04
1.664111e+04 8.270345e+01 1.672382e+04
1.664519e+04 7.862299e+01 1.672382e+04
1.664861e+04 7.520341e+01 1.672381e+04
1.665135e+04 7.246389e+01 1.672381e+04
1.665339e+04 7.042072e+01 1.672381e+04
1.665472e+04 6.908817e+01 1.672381e+04
1.665533e+04 6.847953e+01 1.672381e+04
1.665520e+04 6.860812e+01 1.672381e+04
1.665432e+04 6.948834e+01 1.672381e+04
1.665267e+04 7.113684e+01 1.672381e+04
1.665023e+04 7.357361e+01 1.672380e+04
1.664698e+04 7.682314e+01 1.672380e+04
1.664288e+04 8.090996e+01 1.672379e+04
1.663791e+04 8.588157e+01 1.672379e+04
1.663201e+04 9.177650e+01 1.672378e+04
1.662513e+04 9.864647e+01 1.672378e+04
1.661722e+04 1.065509e+02 1.672377e+04
1.660821e+04 1.155561e+02 1.672377e+04
1.659803e+04 1.257278e+02 1.672375e+04
1.658660e+04 1.371502e+02 1.672375e+04
1.657385e+04 1.498876e+02 1.672374e+04
1.655973e+04 1.639992e+02 1.672373e+04
1.654420e+04 1.795243e+02 1.672373e+04
1.652726e+04 1.964695e+02 1.672373e+04
1.650894e+04 2.147989e+02 1.672374e+04
1.648935e+04 2.343853e+02 1.672373e+04
1.646868e+04 2.550677e+02 1.672375e+04
1.644722e+04 2.765476e+02 1.672377e+04
1.642538e+04 2.984242e+02 1.672380e+04
1.640366e+04 3.201777e+02 1.672384e+04
1.638271e+04 3.411795e+02 1.672389e+04
1.636325e+04 3.606900e+02 1.672394e+04
1.634607e+04 3.779268e+02 1.672399e+04
1.633195e+04 3.920949e+02 1.672404e+04
1.632163e+04 4.024563e+02 1.672408e+04
1.631571e+04 4.083992e+02 1.672411e+04
1.631462e+04 4.095022e+02 1.672412e+04
1.631853e+04 4.055823e+02 1.672412e+04
1.632737e+04 3.967188e+02 1.672409e+04
1.634081e+04 3.832424e+02 1.672405e+04
1.635828e+04 3.657232e+02 1.672400e+04
1.637906e+04 3.448767e+02 1.672394e+04
1.640234e+04 3.215441e+02 1.672389e+04
1.642727e+04 2.965637e+02 1.672384e+04
1.645303e+04 2.707569e+02 1.672378e+04
1.647887e+04 2.448754e+02 1.672374e+04
1.650417e+04 2.195372e+02 1.672371e+04
1.652843e+04 1.952556e+02 1.672369e+04
1.655127e+04 1.723999e+02 1.672367e+04
1.657244e+04 1.512148e+02 1.672366e+04
1.659178e+04 1.318800e+02 1.672366e+04
1.660923e+04 1.144414e+02 1.672367e+04
1.662477e+04 9.890525e+01 1.672368e+04
1.663846e+04 8.522419e+01 1.672369e+04
1.665038e+04 7.331755e+01 1.672370e+04
1.666062e+04 6.309005e+01 1.672371e+04
1.666930e+04 5.441501e+01 1.672372e+04
1.667653e+04 4.719716e+01 1.672373e+04
1.668241e+04 4.132398e+01 1.672374e+04
1.668705e+04 3.669746e+01 1.672374e+04
1.669052e+04 3.322626e+01 1.672374e+04
1.669290e+04 3.085013e+01 1.672375e+04
1.669424e+04 2.950282e+01 1.672375e+04
1.669459e+04 2.915693e+01 1.672375e+04
1.669396e+04 2.978624e+01 1.672375e+04
1.669236e+04 3.138802e+01 1.672375e+04
1.668977e+04 3.397781e+01 1.672374e+04
1.668615e+04 3.758954e+01 1.672374e+04
1.668146e+04 4.227540e+01 1.672373e+04
1.667562e+04 4.810545e+01 1.672373e+04
1.666855e+04 5.516684e+01 1.672372e+04
1.666014e+04 6.356232e+01 1.672371e+04
1.665029e+04 7.340792e+01 1.672369e+04
1.663885e+04 8.482933e+01 1.672368e+04
1.662571e+04 9.796213e+01 1.672367e+04
1.661074e+04 1.129225e+02 1.672366e+04
1.659382e+04 1.298304e+02 1.672365e+04
1.657487e+04 1.487746e+02 1.672364e+04
1.655383e+04 1.698022e+02 1.672364e+04
1.653074e+04 1.929000e+02 1.672364e+04
1.650567e+04 2.179733e+02 1.672364e+04
1.647883e+04 2.448243e+02 1.672366e+04
1.645055e+04 2.731327e+02 1.672368e+04
1.642127e+04 3.024418e+02 1.672372e+04
1.639160e+04 3.321549e+02 1.672376e+04
1.636226e+04 3.615471e+02 1.672381e+04
1.633407e+04 3.897958e+02 1.672386e+04
1.630788e+04 4.160321e+02 1.672391e+04
1.628455e+04 4.394112e+02 1.672396e+04
1.626480e+04 4.591940e+02 1.672399e+04
1.624918e+04 4.748301e+02 1.672401e+04
1.623798e+04 4.860281e+02 1.672401e+04
1.623118e+04 4.927993e+02 1.672398e+04
1.622847e+04 4.954661e+02 1.672394e+04
1.622925e+04 4.946324e+02 1.672388e+04
1.623269e+04 4.911205e+02 1.672381e+04
1.623786e+04 4.858853e+02 1.672374e+04
1.624376e+04 4.799190e+02 1.672368e+04
1.624946e+04 4.741591e+02 1.672362e+04
1.625417e+04 4.694099e+02 1.672358e+04
1.625727e+04 4.662825e+02 1.672355e+04
1.625838e+04 4.651554e+02 1.672354e+04
1.625739e+04 4.661548e+02 1.672355e+04
1.625442e+04 4.691531e+02 1.672357e+04
1.624982e+04 4.737831e+02 1.672361e+04
1.624419e+04 4.794694e+02 1.672366e+04
1.623824e+04 4.854840e+02 1.672372e+04
1.623282e+04 4.909627e+02 1.672378e+04
1.622880e+04 4.950427e+02 1.672384e+04
1.622699e+04 4.968962e+02 1.672389e+04
1.622810e+04 4.958255e+02 1.672393e+04
1.623264e+04 4.913082e+02 1.672395e+04
1.624087e+04 4.830798e+02 1.672395e+04
1.625281e+04 4.711336e+02 1.672394e+04
1.626819e+04 4.557209e+02 1.672391e+04
1.628655e+04 4.373174e+02 1.672387e+04
1.630726e+04 4.165711e+02 1.672383e+04
1.632954e+04 3.942387e+02 1.672378e+04
1.635261e+04 3.711222e+02 1.672373e+04
1.637568e+04 3.480136e+02 1.672369e+04
1.639800e+04 3.256525e+02 1.672365e+04
1.641892e+04 3.046950e+02 1.672361e+04
1.643786e+04 2.857250e+02 1.672359e+04
1.645434e+04 2.692183e+02 1.672356e+04
1.646794e+04 2.555984e+02 1.672354e+04
1.647830e+04 2.452177e+02 1.672352e+04
1.648510e+04 2.384016e+02 1.672350e+04
1.648801e+04 2.354674e+02 1.672347e+04
1.648670e+04 2.367489e+02 1.672345e+04
1.648079e+04 2.426195e+02 1.672341e+04
1.646985e+04 2.535193e+02 1.672337e+04
1.645337e+04 2.699526e+02 1.672332e+04
1.643072e+04 2.925357e+02 1.672326e+04
1.640120e+04 3.219840e+02 1.672318e+04
1.636398e+04 3.591114e+02 1.672309e+04
1.631816e+04 4.048354e+02 1.672300e+04
1.626280e+04 4.601035e+02 1.672290e+04
1.619697e+04 5.258378e+02 1.672281e+04
1.611993e+04 6.028003e+02 1.672273e+04
1.603129e+04 6.913861e+02 1.672268e+04
1.593130e+04 7.913995e+02 1.672270e+04
1.582118e+04 9.016263e+02 1.672281e+04
1.570351e+04 1.019505e+03 1.672302e+04
1.558253e+04 1.140830e+03 1.672336e+04
1.546421e+04 1.259592e+03 1.672381e+04
1.535603e+04 1.368285e+03 1.672431e+04
1.526609e+04 1.458708e+03 1.672479e+04
1.520188e+04 1.523264e+03 1.672514e+04
1.516882e+04 1.556457e+03 1.672528e+04
1.516904e+04 1.556131e+03 1.672517e+04
1.520094e+04 1.523912e+03 1.672485e+04
1.525965e+04 1.464750e+03 1.672440e+04
1.533820e+04 1.385720e+03 1.672392e+04
1.542894e+04 1.294550e+03 1.672349e+04
1.552474e+04 1.198418e+03 1.672316e+04
1.561981e+04 1.103131e+03 1.672294e+04
1.570995e+04 1.012877e+03 1.672283e+04
1.579252e+04 9.302820e+02 1.672280e+04
1.586619e+04 8.566479e+02 1.672283e+04
1.593059e+04 7.923121e+02 1.672290e+04
1.598607e+04 7.369267e+02 1.672300e+04
1.603338e+04 6.897161e+02 1.672310e+04
1.607353e+04 6.496697e+02 1.672320e+04
1.610762e+04 6.156847e+02 1.672330e+04
1.613672e+04 5.866620e+02 1.672339e+04
1.616186e+04 5.615999e+02 1.672346e+04
1.618392e+04 5.396148e+02 1.672353e+04
1.620361e+04 5.199718e+02 1.672358e+04
1.622149e+04 5.021270e+02 1.672362e+04
1.623793e+04 4.857094e+02 1.672364e+04
1.625313e+04 4.705180e+02 1.672365e+04
1.626714e+04 4.565063e+02 1.672365e+04
1.627988e+04 4.437588e+02 1.672364e+04
1.629116e+04 4.324654e+02 1.672362e+04
1.630071e+04 4.228867e+02 1.672360e+04
1.630823e+04 4.153478e+02 1.672358e+04
1.631338e+04 4.101793e+02 1.672356e+04
1.631582e+04 4.077136e+02 1.672354e+04
1.631526e+04 4.082570e+02 1.672352e+04
1.631144e+04 4.120680e+02 1.672350e+04
1.630416e+04 4.193359e+02 1.672350e+04
1.629333e+04 4.301598e+02 1.672349e+04
1.627897e+04 4.445255e+02 1.672350e+04
1.626123e+04 4.622836e+02 1.672351e+04
1.624041e+04 4.831273e+02 1.672354e+04
1.621700e+04 5.065759e+02 1.672358e+04
1.619166e+04 5.319666e+02 1.672363e+04
1.616523e+04 5.584595e+02 1.672369e+04
1.613869e+04 5.850576e+02 1.672375e+04
1.611315e+04 6.106757e+02 1.672382e+04
1.608971e+04 6.341781e+02 1.672389e+04
1.606946e+04 6.544876e+02 1.672395e+04
1.605332e+04 6.706759e+02 1.672399e+04
1.604197e+04 6.820455e+02 1.672401e+04
1.603580e+04 6.882115e+02 1.672401e+04
1.603487e+04 6.891213e+02 1.672399e+04
1.603892e+04 6.850323e+02 1.672395e+04
1.604743e+04 6.764800e+02 1.672391e+04
1.605966e+04 6.641957e+02 1.672385e+04
1.607478e+04 6.490130e+02 1.672379e+04
1.609194e+04 6.318038e+02 1.672374e+04
1.611033e+04 6.133753e+02 1.672370e+04
1.612922e+04 5.944431e+02 1.672367e+04
1.614804e+04 5.755955e+02 1.672364e+04
1.616631e+04 5.573105e+02 1.672362e+04
1.618368e+04 5.399327e+02 1.672361e+04
1.619989e+04 5.237139e+02 1.672360e+04
1.621477e+04 5.088289e+02 1.672360e+04
1.622820e+04 4.953960e+02 1.672360e+04
1.624011e+04 4.834930e+02 1.672360e+04
1.625044e+04 4.731683e+02 1.672360e+04
1.625916e+04 4.644466e+02 1.672361e+04
1.626628e+04 4.573344e+02 1.672362e+04
1.627183e+04 4.517956e+02 1.672362e+04
1.627585e+04 4.477787e+02 1.672363e+04
1.627845e+04 4.451882e+02 1.672364e+04
1.627977e+04 4.438895e+02 1.672366e+04
1.627999e+04 4.436826e+02 1.672368e+04
1.627936e+04 4.443333e+02 1.672370e+04
1.627817e+04 4.455584e+02 1.672373e+04
1.627674e+04 4.470152e+02 1.672375e+04
1.627543e+04 4.483458e+02 1.672378e+04
1.627463e+04 4.491692e+02 1.672380e+04
1.627472e+04 4.491059e+02 1.672383e+04
1.627605e+04 4.478042e+02 1.672386e+04
1.627893e+04 4.449394e+02 1.672387e+04
1.628362e+04 4.402666e+02 1.672389e+04
1.629028e+04 4.336143e+02 1.672389e+04
1.629899e+04 4.249004e+02 1.672390e+04
1.630976e+04 4.141349e+02 1.672389e+04
1.632246e+04 4.014170e+02 1.672388e+04
1.633694e+04 3.869186e+02 1.672386e+04
1.635295e+04 3.708916e+02 1.672385e+04
1.637021e+04 3.536160e+02 1.672383e+04
1.638841e+04 3.354078e+02 1.672381e+04
1.640722e+04 3.165732e+02 1.672380e+04
1.642636e+04 2.974251e+02 1.672378e+04
1.644552e+04 2.782424e+02 1.672376e+04
1.646446e+04 2.592885e+02 1.672375e+04
1.648297e+04 2.407728e+02 1.672374e+04
1.650087e+04 2.228649e+02 1.672373e+04
1.651802e+04 2.057114e+02 1.672373e+04
1.653432e+04 1.894109e+02 1.672373e+04
1.654972e+04 1.740175e+02 1.672373e+04
1.656416e+04 1.595728e+02 1.672374e+04
1.657765e+04 1.460880e+02 1.672374e+04
1.659019e+04 1.335544e+02 1.672374e+04
1.660180e+04 1.219472e+02 1.672375e+04
1.661252e+04 1.112294e+02 1.672375e+04
1.662240e+04 1.013551e+02 1.672376e+04
1.663149e+04 9.227242e+01 1.672376e+04
1.663984e+04 8.392576e+01 1.672377e+04
1.664752e+04 7.625782e+01 1.672378e+04
1.665457e+04 6.921124e+01 1.672378e+04
1.666106e+04 6.273000e+01 1.672379e+04
1.666703e+04 5.676041e+01 1.672379e+04
1.667254e+04 5.125204e+01 1.672379e+04
1.667764e+04 4.615826e+01 1.672380e+04
1.668236e+04 4.143677e+01 1.672380e+04
1.668675e+04 3.704986e+01 1.672380e+04
1.669084e+04 3.296452e+01 1.672381e+04
1.669466e+04 2.915788e+01 1.672381e+04
1.669822e+04 2.559527e+01 1.672382e+04
1.670155e+04 2.226290e+01 1.672382e+04
1.670467e+04 1.914551e+01 1.672382e+04
1.670759e+04 1.623151e+01 1.672382e+04
1.671031e+04 1.351269e+01 1.672382e+04
1.671284e+04 1.097816e+01 1.672381e+04
1.671518e+04 8.646936e+00 1.672383e+04
1.671733e+04 6.491254e+00 1.672383e+04
1.671930e+04 4.523672e+00 1.672383e+04
1.672108e+04 2.747457e+00 1.672382e+04
1.672266e+04 1.173036e+00 1.672383e+04
1.672403e+04 -2.038057e-01 1.672383e+04
1.672520e+04 -1.363468e+00 1.672383e+04
1.672614e+04 -2.306126e+00 1.672383e+04
1.672684e+04 -3.012724e+00 1.672383e+04
1.672730e+04 -3.466444e+00 1.672383e+04
1.672747e+04 -3.657423e+00 1.672382e+04
1.672735e+04 -3.537385e+00 1.672381e+04
1.672689e+04 -3.084436e+00 1.672381e+04
1.672606e+04 -2.251931e+00 1.672381e+04
1.672480e+04 -9.936703e-01 1.672381e+04
1.672305e+04 7.499742e-01 1.672380e+04
1.672073e+04 3.066305e+00 1.672380e+04
1.671773e+04 6.058082e+00 1.672379e+04
1.671392e+04 9.848934e+00 1.672377e+04
1.670914e+04 1.460113e+01 1.672374e+04
1.670318e+04 2.053496e+01 1.672372e+04
1.669579e+04 2.790102e+01 1.672370e+04
1.668665e+04 3.700912e+01 1.672366e+04
1.667535e+04 4.826613e+01 1.672362e+04
1.666139e+04 6.217211e+01 1.672357e+04
1.664415e+04 7.935215e+01 1.672351e+04
1.662287e+04 1.005567e+02 1.672343e+04
1.659661e+04 1.267155e+02 1.672333e+04
1.656428e+04 1.589297e+02 1.672321e+04
1.652460e+04 1.984769e+02 1.672308e+04
1.647616e+04 2.467783e+02 1.672293e+04
1.641747e+04 3.053132e+02 1.672279e+04
1.634720e+04 3.754463e+02 1.672265e+04
1.626443e+04 4.581321e+02 1.672256e+04
1.616910e+04 5.534646e+02 1.672256e+04
1.606262e+04 6.600751e+02 1.672269e+04
1.594854e+04 7.744616e+02 1.672300e+04
1.583305e+04 8.904585e+02 1.672351e+04
1.572496e+04 9.991946e+02 1.672415e+04
1.563489e+04 1.089926e+03 1.672482e+04
1.557343e+04 1.151904e+03 1.672534e+04
1.554861e+04 1.176935e+03 1.672554e+04
1.556366e+04 1.161721e+03 1.672538e+04
1.561605e+04 1.108842e+03 1.672489e+04
1.569827e+04 1.025966e+03 1.672424e+04
1.579997e+04 9.236173e+02 1.672359e+04
1.591048e+04 8.125935e+02 1.672307e+04
1.602076e+04 7.019851e+02 1.672274e+04
1.612436e+04 5.982299e+02 1.672259e+04
1.621751e+04 5.050737e+02 1.672258e+04
1.629860e+04 4.240657e+02 1.672267e+04
1.636757e+04 3.552268e+02 1.672280e+04
1.642528e+04 2.976663e+02 1.672295e+04
1.647304e+04 2.500495e+02 1.672309e+04
1.651232e+04 2.109101e+02 1.672323e+04
1.654451e+04 1.788334e+02 1.672334e+04
1.657089e+04 1.525499e+02 1.672344e+04
1.659255e+04 1.309707e+02 1.672352e+04
1.661039e+04 1.131907e+02 1.672358e+04
1.662516e+04 9.846795e+01 1.672363e+04
1.663744e+04 8.623569e+01 1.672368e+04
1.664770e+04 7.600209e+01 1.672371e+04
1.665631e+04 6.741643e+01 1.672373e+04
1.666355e+04 6.019997e+01 1.672375e+04
1.666962e+04 5.414090e+01 1.672376e+04
1.667469e+04 4.908095e+01 1.672377e+04
1.667887e+04 4.490473e+01 1.672378e+04
1.668225e+04 4.153135e+01 1.672378e+04
1.668488e+04 3.890790e+01 1.672379e+04
1.668678e+04 3.700466e+01 1.672379e+04
1.668797e+04 3.581151e+01 1.672379e+04
1.668845e+04 3.533551e+01 1.672378e+04
1.668818e+04 3.559923e+01 1.672378e+04
1.668714e+04 3.663985e+01 1.672378e+04
1.668526e+04 3.850868e+01 1.672377e+04
1.668249e+04 4.127677e+01 1.672377e+04
1.667875e+04 4.501885e+01 1.672377e+04
1.667393e+04 4.982445e+01 1.672376e+04
1.666794e+04 5.580946e+01 1.672375e+04
1.666063e+04 6.309962e+01 1.672373e+04
1.665188e+04 7.183021e+01 1.672371e+04
1.664153e+04 8.217262e+01 1.672370e+04
1.662941e+04 9.427726e+01 1.672369e+04
1.661534e+04 1.083251e+02 1.672367e+04
1.659916e+04 1.244944e+02 1.672365e+04
1.658067e+04 1.429584e+02 1.672363e+04
1.655974e+04 1.638746e+02 1.672361e+04
1.653623e+04 1.873715e+02 1.672360e+04
1.651005e+04 2.135324e+02 1.672359e+04
1.648120e+04 2.423782e+02 1.672358e+04
1.644972e+04 2.738497e+02 1.672357e+04
1.641578e+04 3.077953e+02 1.672358e+04
1.637962e+04 3.439609e+02 1.672358e+04
1.634156e+04 3.820282e+02 1.672359e+04
1.630200e+04 4.215924e+02 1.672360e+04
1.626132e+04 4.622774e+02 1.672359e+04
1.621978e+04 5.037989e+02 1.672357e+04
1.617744e+04 5.460819e+02 1.672352e+04
1.613402e+04 5.894174e+02 1.672343e+04
1.608874e+04 6.345575e+02 1.672330e+04
1.604029e+04 6.828280e+02 1.672312e+04
1.598677e+04 7.361307e+02 1.672290e+04
1.592583e+04 7.968145e+02 1.672265e+04
1.585507e+04 8.673443e+02 1.672241e+04
1.577255e+04 9.496989e+02 1.672225e+04
1.567775e+04 1.044495e+03 1.672225e+04
1.557267e+04 1.149810e+03 1.672248e+04
1.546295e+04 1.260063e+03 1.672301e+04
1.535842e+04 1.365392e+03 1.672381e+04
1.527245e+04 1.452283e+03 1.672473e+04
1.521949e+04 1.506003e+03 1.672550e+04
1.521129e+04 1.514550e+03 1.672584e+04
1.525297e+04 1.472658e+03 1.672563e+04
1.534113e+04 1.383799e+03 1.672493e+04
1.546489e+04 1.259098e+03 1.672399e+04
1.560938e+04 1.113715e+03 1.672309e+04
1.575970e+04 9.627236e+02 1.672242e+04
1.590387e+04 8.181742e+02 1.672204e+04
1.603395e+04 6.879630e+02 1.672191e+04
1.614584e+04 5.761201e+02 1.672196e+04
1.623832e+04 4.837948e+02 1.672212e+04
1.631196e+04 4.103401e+02 1.672230e+04
1.636827e+04 3.542261e+02 1.672249e+04
1.640904e+04 3.136177e+02 1.672266e+04
1.643604e+04 2.867635e+02 1.672280e+04
1.645075e+04 2.721492e+02 1.672290e+04
1.645438e+04 2.685917e+02 1.672297e+04
1.644782e+04 2.752047e+02 1.672302e+04
1.643170e+04 2.913437e+02 1.672305e+04
1.640655e+04 3.165123e+02 1.672307e+04
1.637285e+04 3.502368e+02 1.672309e+04
1.633121e+04 3.919152e+02 1.672312e+04
1.628255e+04 4.406408e+02 1.672319e+04
1.622828e+04 4.950185e+02 1.672329e+04
1.617045e+04 5.530017e+02 1.672345e+04
1.611186e+04 6.117980e+02 1.672365e+04
1.605599e+04 6.679104e+02 1.672390e+04
1.600682e+04 7.173360e+02 1.672415e+04
1.596835e+04 7.560231e+02 1.672438e+04
1.594410e+04 7.804277e+02 1.672453e+04
1.593646e+04 7.881261e+02 1.672459e+04
1.594626e+04 7.782732e+02 1.672453e+04
1.597262e+04 7.517572e+02 1.672437e+04
1.601313e+04 7.110248e+02 1.672415e+04
1.606435e+04 6.595628e+02 1.672391e+04
1.612239e+04 6.013027e+02 1.672369e+04
1.618347e+04 5.400389e+02 1.672350e+04
1.624436e+04 4.790127e+02 1.672337e+04
1.630260e+04 4.206990e+02 1.672330e+04
1.635650e+04 3.667715e+02 1.672327e+04
1.640509e+04 3.181875e+02 1.672328e+04
1.644797e+04 2.753343e+02 1.672331e+04
1.648517e+04 2.381868e+02 1.672335e+04
1.651695e+04 2.064449e+02 1.672340e+04
1.654378e+04 1.796757e+02 1.672346e+04
1.656617e+04 1.573478e+02 1.672352e+04
1.658464e+04 1.389215e+02 1.672356e+04
1.659972e+04 1.238945e+02 1.672361e+04
1.661186e+04 1.117848e+02 1.672365e+04
1.662150e+04 1.021717e+02 1.672368e+04
1.662900e+04 9.469851e+01 1.672370e+04
1.663468e+04 8.903798e+01 1.672372e+04
1.663881e+04 8.493178e+01 1.672374e+04
1.664161e+04 8.215254e+01 1.672376e+04
1.664328e+04 8.050371e+01 1.672378e+04
1.664397e+04 7.982020e+01 1.672379e+04
1.664383e+04 7.997933e+01 1.672381e+04
1.664296e+04 8.085846e+01 1.672381e+04
1.664145e+04 8.236929e+01 1.672382e+04
1.663939e+04 8.443251e+01 1.672383e+04
1.663685e+04 8.698040e+01 1.672383e+04
1.663388e+04 8.995427e+01 1.672383e+04
1.663054e+04 9.330766e+01 1.672384e+04
1.662686e+04 9.697721e+01 1.672384e+04
1.662291e+04 1.009357e+02 1.672384e+04
1.661871e+04 1.051360e+02 1.672385e+04
1.661431e+04 1.095372e+02 1.672385e+04
1.660975e+04 1.141036e+02 1.672386e+04
1.660508e+04 1.187763e+02 1.672385e+04
1.660033e+04 1.235280e+02 1.672386e+04
1.659555e+04 1.283075e+02 1.672386e+04
1.659080e+04 1.330665e+02 1.672386e+04
1.658611e+04 1.377547e+02 1.672387e+04
1.658155e+04 1.423198e+02 1.672387e+04
1.657717e+04 1.467079e+02 1.672387e+04
1.657301e+04 1.508642e+02 1.672388e+04
1.656915e+04 1.547340e+02 1.672388e+04
1.656562e+04 1.582634e+02 1.672389e+04
1.656249e+04 1.614007e+02 1.672389e+04
1.655979e+04 1.640977e+02 1.672389e+04
1.655758e+04 1.663106e+02 1.672389e+04
1.655589e+04 1.680017e+02 1.672390e+04
1.655476e+04 1.691402e+02 1.672390e+04
1.655420e+04 1.697033e+02 1.672390e+04
1.655422e+04 1.696769e+02 1.672390e+04
1.655484e+04 1.690562e+02 1.672390e+04
1.655605e+04 1.678456e+02 1.672390e+04
1.655784e+04 1.660588e+02 1.672390e+04
1.656018e+04 1.637180e+02 1.672389e+04
1.656304e+04 1.608591e+02 1.672390e+04
1.656639e+04 1.575085e+02 1.672389e+04
1.657018e+04 1.537149e+02 1.672389e+04
1.657436e+04 1.495259e+02 1.672389e+04
1.657889e+04 1.449924e+02 1.672388e+04
1.658371e+04 1.401670e+02 1.672388e+04
1.658877e+04 1.351028e+02 1.672388e+04
1.659402e+04 1.298468e+02 1.672387e+04
1.659941e+04 1.244607e+02 1.672387e+04
1.660488e+04 1.189872e+02 1.672386e+04
1.661039e+04 1.134601e+02 1.672385e+04
1.661590e+04 1.079479e+02 1.672385e+04
1.662139e+04 1.024656e+02 1.672385e+04
1.662680e+04 9.705131e+01 1.672385e+04
1.663211e+04 9.173328e+01 1.672385e+04
1.663731e+04 8.654089e+01 1.672385e+04
1.664237e+04 8.148307e+01 1.672385e+04
1.664727e+04 7.658131e+01 1.672385e+04
1.665200e+04 7.184800e+01 1.672385e+04
1.665656e+04 6.729232e+01 1.672385e+04
1.666093e+04 6.292052e+01 1.672385e+04
1.666511e+04 5.873633e+01 1.672385e+04
1.666911e+04 5.475209e+01 1.672386e+04
1.667292e+04 5.094548e+01 1.672386e+04
1.667654e+04 4.732561e+01 1.672386e+04
1.667997e+04 4.388919e+01 1.672386e+04
1.668323e+04 4.063188e+01 1.672386e+04
1.668632e+04 3.754852e+01 1.672386e+04
1.668923e+04 3.463330e+01 1.672387e+04
1.669199e+04 3.187998e+01 1.672387e+04
1.669458e+04 2.928198e+01 1.672387e+04
1.669703e+04 2.683254e+01 1.672387e+04
1.669934e+04 2.452484e+01 1.672387e+04
1.670152e+04 2.235744e+01 1.672387e+04
1.670356e+04 2.030716e+01 1.672387e+04
1.670549e+04 1.838369e+01 1.672387e+04
1.670730e+04 1.657503e+01 1.672387e+04
1.670900e+04 1.487524e+01 1.672387e+04
1.671059e+04 1.327836e+01 1.672387e+04
1.671209e+04 1.177866e+01 1.672387e+04
1.671350e+04 1.037069e+01 1.672387e+04
1.671482e+04 9.049307e+00 1.672387e+04
1.671606e+04 7.809626e+00 1.672387e+04
1.671723e+04 6.657970e+00 1.672388e+04
1.671832e+04 5.562561e+00 1.672388e+04
1.671934e+04 4.541436e+00 1.672388e+04
1.672029e+04 3.585450e+00 1.672388e+04
1.672119e+04 2.691193e+00 1.672388e+04
1.672203e+04 1.855551e+00 1.672388e+04
1.672281e+04 1.075709e+00 1.672388e+04
1.672353e+04 3.491525e-01 1.672388e+04
1.672421e+04 -3.263241e-01 1.672388e+04
1.672483e+04 -9.526062e-01 1.672388e+04
1.672541e+04 -1.525852e+00 1.672389e+04
1.672595e+04 -2.052708e+00 1.672389e+04
1.672643e+04 -2.539634e+00 1.672389e+04
1.672687e+04 -2.981443e+00 1.672389e+04
1.672727e+04 -3.378059e+00 1.672389e+04
1.672762e+04 -3.734519e+00 1.672389e+04
1.672793e+04 -4.038822e+00 1.672389e+04
1.672818e+04 -4.300329e+00 1.672388e+04
1.672839e+04 -4.505829e+00 1.672388e+04
1.672854e+04 -4.657650e+00 1.672388e+04
1.672863e+04 -4.741154e+00 1.672389e+04
1.672866e+04 -4.773143e+00 1.672389e+04
1.672863e+04 -4.736538e+00 1.672389e+04
1.672851e+04 -4.623951e+00 1.672389e+04
1.672831e+04 -4.426469e+00 1.672389e+04
1.672802e+04 -4.133395e+00 1.672389e+04
1.672762e+04 -3.731970e+00 1.672389e+04
1.672709e+04 -3.207022e+00 1.672388e+04
1.672642e+04 -2.540570e+00 1.672388e+04
1.672559e+04 -1.716906e+00 1.672387e+04
1.672457e+04 -6.998970e-01 1.672387e+04
1.672333e+04 5.345533e-01 1.672387e+04
1.672184e+04 2.021252e+00 1.672387e+04
1.672006e+04 3.801106e+00 1.672386e+04
1.671794e+04 5.922135e+00 1.672386e+04
1.671541e+04 8.440622e+00 1.672385e+04
1.671242e+04 1.142243e+01 1.672385e+04
1.670889e+04 1.493896e+01 1.672383e+04
1.670473e+04 1.909073e+01 1.672382e+04
1.669984e+04 2.397650e+01 1.672381e+04
1.669408e+04 2.972219e+01 1.672381e+04
1.668734e+04 3.645569e+01 1.672379e+04
1.667944e+04 4.434144e+01 1.672378e+04
1.667020e+04 5.355997e+01 1.672376e+04
1.665942e+04 6.431971e+01 1.672374e+04
1.664689e+04 7.682958e+01 1.672372e+04
1.663234e+04 9.135179e+01 1.672369e+04
1.661552e+04 1.081429e+02 1.672367e+04
1.659617e+04 1.274734e+02 1.672364e+04
1.657400e+04 1.496091e+02 1.672361e+04
1.654879e+04 1.747931e+02 1.672359e+04
1.652035e+04 2.032183e+02 1.672357e+04
1.648856e+04 2.349935e+02 1.672355e+04
1.645345e+04 2.700986e+02 1.672355e+04
1.641523e+04 3.083348e+02 1.672356e+04
1.637432e+04 3.492715e+02 1.672359e+04
1.633145e+04 3.921988e+02 1.672364e+04
1.628762e+04 4.360982e+02 1.672372e+04
1.624416e+04 4.796450e+02 1.672381e+04
1.620265e+04 5.212637e+02 1.672391e+04
1.616480e+04 5.592133e+02 1.672402e+04
1.613233e+04 5.917818e+02 1.672411e+04
1.610671e+04 6.174588e+02 1.672417e+04
1.608903e+04 6.351670e+02 1.672420e+04
1.607979e+04 6.443944e+02 1.672418e+04
1.607883e+04 6.453008e+02 1.672413e+04
1.608534e+04 6.386962e+02 1.672404e+04
1.609801e+04 6.259232e+02 1.672393e+04
1.611515e+04 6.086675e+02 1.672382e+04
1.613497e+04 5.887383e+02 1.672371e+04
1.615576e+04 5.678609e+02 1.672362e+04
1.617604e+04 5.475127e+02 1.672356e+04
1.619470e+04 5.288130e+02 1.672351e+04
1.621100e+04 5.125003e+02 1.672350e+04
1.622461e+04 4.988995e+02 1.672351e+04
1.623553e+04 4.880120e+02 1.672354e+04
1.624403e+04 4.795561e+02 1.672359e+04
1.625057e+04 4.730663e+02 1.672363e+04
1.625566e+04 4.680123e+02 1.672368e+04
1.625979e+04 4.639075e+02 1.672370e+04
1.626324e+04 4.604553e+02 1.672369e+04
1.626598e+04 4.576673e+02 1.672365e+04
1.626751e+04 4.560452e+02 1.672356e+04
1.626667e+04 4.567222e+02 1.672340e+04
1.626145e+04 4.616997e+02 1.672315e+04
1.624870e+04 4.740812e+02 1.672278e+04
1.622381e+04 4.984361e+02 1.672225e+04
1.618035e+04 5.411710e+02 1.672152e+04
1.610965e+04 6.109163e+02 1.672056e+04
1.600075e+04 7.186472e+02 1.671940e+04
1.584122e+04 8.769543e+02 1.671818e+04
1.561998e+04 1.097327e+03 1.671731e+04
1.533373e+04 1.383828e+03 1.671756e+04
1.499759e+04 1.722265e+03 1.671986e+04
1.465637e+04 2.068161e+03 1.672453e+04
1.438492e+04 2.345159e+03 1.673008e+04
1.426427e+04 2.468952e+03 1.673322e+04
1.433844e+04 2.393219e+03 1.673166e+04
1.458570e+04 2.140875e+03 1.672657e+04
1.493299e+04 1.788282e+03 1.672128e+04
1.529871e+04 1.419345e+03 1.671805e+04
1.562575e+04 1.091383e+03 1.671713e+04
1.588884e+04 8.288271e+02 1.671767e+04
1.608548e+04 6.333006e+02 1.671879e+04
1.622433e+04 4.956210e+02 1.671996e+04
1.631721e+04 4.037436e+02 1.672095e+04
1.637518e+04 3.465436e+02 1.672173e+04
1.640726e+04 3.150289e+02 1.672229e+04
1.642033e+04 3.023743e+02 1.672271e+04
1.641954e+04 3.034701e+02 1.672301e+04
1.640879e+04 3.144541e+02 1.672325e+04
1.639116e+04 3.322861e+02 1.672344e+04
1.636920e+04 3.544062e+02 1.672361e+04
1.634520e+04 3.785548e+02 1.672376e+04
1.632125e+04 4.026433e+02 1.672390e+04
1.629931e+04 4.247117e+02 1.672402e+04
1.628111e+04 4.430080e+02 1.672412e+04
1.626814e+04 4.560538e+02 1.672419e+04
1.626145e+04 4.627825e+02 1.672423e+04
1.626163e+04 4.626024e+02 1.672423e+04
1.626873e+04 4.554683e+02 1.672420e+04
1.628228e+04 4.418629e+02 1.672414e+04
1.630134e+04 4.227203e+02 1.672406e+04
1.632466e+04 3.993000e+02 1.672396e+04
1.635083e+04 3.730490e+02 1.672388e+04
1.637837e+04 3.454085e+02 1.672378e+04
1.640592e+04 3.177847e+02 1.672370e+04
1.643225e+04 2.913924e+02 1.672364e+04
1.645634e+04 2.672490e+02 1.672359e+04
1.647739e+04 2.461646e+02 1.672355e+04
1.649476e+04 2.287626e+02 1.672352e+04
1.650799e+04 2.155136e+02 1.672350e+04
1.651671e+04 2.067700e+02 1.672348e+04
1.652063e+04 2.028250e+02 1.672346e+04
1.651953e+04 2.039106e+02 1.672344e+04
1.651318e+04 2.102390e+02 1.672342e+04
1.650140e+04 2.220032e+02 1.672340e+04
1.648402e+04 2.393677e+02 1.672338e+04
1.646093e+04 2.624399e+02 1.672337e+04
1.643214e+04 2.912223e+02 1.672336e+04
1.639783e+04 3.255428e+02 1.672337e+04
1.635844e+04 3.649673e+02 1.672341e+04
1.631476e+04 4.087014e+02 1.672347e+04
1.626806e+04 4.554974e+02 1.672356e+04
1.622010e+04 5.035917e+02 1.672369e+04
1.617315e+04 5.507054e+02 1.672385e+04
1.612989e+04 5.941409e+02 1.672403e+04
1.609321e+04 6.309958e+02 1.672421e+04
1.606587e+04 6.584853e+02 1.672435e+04
1.605012e+04 6.743258e+02 1.672444e+04
1.604737e+04 6.770957e+02 1.672446e+04
1.605793e+04 6.664931e+02 1.672443e+04
1.608099e+04 6.433213e+02 1.672431e+04
1.611472e+04 6.094317e+02 1.672415e+04
1.615664e+04 5.673420e+02 1.672398e+04
1.620395e+04 5.198675e+02 1.672382e+04
1.625392e+04 4.697570e+02 1.672368e+04
1.630415e+04 4.194218e+02 1.672357e+04
1.635273e+04 3.707796e+02 1.672351e+04
1.639826e+04 3.251989e+02 1.672346e+04
1.643988e+04 2.835770e+02 1.672345e+04
1.647711e+04 2.463501e+02 1.672346e+04
1.650983e+04 2.136572e+02 1.672349e+04
1.653813e+04 1.853921e+02 1.672352e+04
1.656225e+04 1.613072e+02 1.672356e+04
1.658252e+04 1.410726e+02 1.672360e+04
1.659931e+04 1.243236e+02 1.672363e+04
1.661297e+04 1.106924e+02 1.672366e+04
1.662386e+04 9.982337e+01 1.672369e+04
1.663231e+04 9.140060e+01 1.672371e+04
1.663859e+04 8.514294e+01 1.672373e+04
1.664295e+04 8.079389e+01 1.672375e+04
1.664563e+04 7.813677e+01 1.672376e+04
1.664679e+04 7.698637e+01 1.672378e+04
1.664660e+04 7.719068e+01 1.672379e+04
1.664520e+04 7.860479e+01 1.672380e+04
1.664269e+04 8.111412e+01 1.672380e+04
1.663918e+04 8.463546e+01 1.672382e+04
1.663476e+04 8.906415e+01 1.672382e+04
1.662950e+04 9.432437e+01 1.672383e+04
1.662349e+04 1.003383e+02 1.672383e+04
1.661681e+04 1.070227e+02 1.672383e+04
1.660953e+04 1.143077e+02 1.672384e+04
1.660174e+04 1.221011e+02 1.672385e+04
1.659354e+04 1.303083e+02 1.672385e+04
1.658504e+04 1.388242e+02 1.672386e+04
1.657633e+04 1.475333e+02 1.672387e+04
1.656757e+04 1.563082e+02 1.672388e+04
1.655888e+04 1.650114e+02 1.672389e+04
1.655040e+04 1.734959e+02 1.672390e+04
1.654230e+04 1.816089e+02 1.672391e+04
1.653472e+04 1.891952e+02 1.672392e+04
1.652783e+04 1.961018e+02 1.672393e+04
1.652175e+04 2.021887e+02 1.672394e+04
1.651664e+04 2.073130e+02 1.672395e+04
1.651259e+04 2.113674e+02 1.672396e+04
1.650970e+04 2.142629e+02 1.672396e+04
1.650802e+04 2.159335e+02 1.672396e+04
1.650760e+04 2.163609e+02 1.672396e+04
1.650841e+04 2.155430e+02 1.672395e+04
1.651043e+04 2.135149e+02 1.672395e+04
1.651360e+04 2.103474e+02 1.672395e+04
1.651782e+04 2.061212e+02 1.672394e+04
1.652298e+04 2.009559e+02 1.672393e+04
1.652894e+04 1.949818e+02 1.672392e+04
1.653557e+04 1.883350e+02 1.672391e+04
1.654272e+04 1.811739e+02 1.672390e+04
1.655025e+04 1.736416e+02 1.672389e+04
1.655799e+04 1.658840e+02 1.672388e+04
1.656583e+04 1.580417e+02 1.672387e+04
1.657361e+04 1.502483e+02 1.672386e+04
1.658122e+04 1.426303e+02 1.672385e+04
1.658854e+04 1.353024e+02 1.672384e+04
1.659544e+04 1.283923e+02 1.672383e+04
1.660181e+04 1.220053e+02 1.672382e+04
1.660753e+04 1.162733e+02 1.672381e+04
1.661247e+04 1.113232e+02 1.672380e+04
1.661648e+04 1.073059e+02 1.672378e+04
1.661936e+04 1.044016e+02 1.672376e+04
1.662091e+04 1.028322e+02 1.672374e+04
1.662084e+04 1.028712e+02 1.672371e+04
1.661878e+04 1.048861e+02 1.672367e+04
1.661429e+04 1.093295e+02 1.672362e+04
1.660676e+04 1.167973e+02 1.672356e+04
1.659544e+04 1.280382e+02 1.672348e+04
1.657934e+04 1.440300e+02 1.672337e+04
1.655723e+04 1.660057e+02 1.672324e+04
1.652757e+04 1.955053e+02 1.672307e+04
1.648846e+04 2.344099e+02 1.672287e+04
1.643770e+04 2.849367e+02 1.672264e+04
1.637283e+04 3.495565e+02 1.672239e+04
1.629137e+04 4.307591e+02 1.672213e+04
1.619133e+04 5.306114e+02 1.672194e+04
1.607197e+04 6.499258e+02 1.672189e+04
1.593497e+04 7.871088e+02 1.672208e+04
1.578587e+04 9.367314e+02 1.672260e+04
1.563512e+04 1.088364e+03 1.672349e+04
1.549815e+04 1.226466e+03 1.672462e+04
1.539326e+04 1.332439e+03 1.672570e+04
1.533734e+04 1.389034e+03 1.672637e+04
1.534051e+04 1.385852e+03 1.672636e+04
1.540250e+04 1.323161e+03 1.672566e+04
1.551275e+04 1.211823e+03 1.672457e+04
1.565418e+04 1.069276e+03 1.672345e+04
1.580855e+04 9.140305e+02 1.672258e+04
1.596069e+04 7.613839e+02 1.672208e+04
1.610041e+04 6.214951e+02 1.672190e+04
1.622242e+04 4.995471e+02 1.672197e+04
1.632520e+04 3.969647e+02 1.672216e+04
1.640958e+04 3.128215e+02 1.672241e+04
1.647764e+04 2.450193e+02 1.672266e+04
1.653186e+04 1.910337e+02 1.672289e+04
1.657471e+04 1.483865e+02 1.672309e+04
1.660840e+04 1.148599e+02 1.672326e+04
1.663482e+04 8.857449e+01 1.672339e+04
1.665551e+04 6.799087e+01 1.672350e+04
1.667171e+04 5.188143e+01 1.672359e+04
1.668439e+04 3.926203e+01 1.672365e+04
1.669432e+04 2.937267e+01 1.672370e+04
1.670210e+04 2.164062e+01 1.672374e+04
1.670817e+04 1.559664e+01 1.672377e+04
1.671289e+04 1.090088e+01 1.672379e+04
1.671651e+04 7.299090e+00 1.672381e+04
1.671923e+04 4.589623e+00 1.672382e+04
1.672118e+04 2.650031e+00 1.672383e+04
1.672245e+04 1.385391e+00 1.672384e+04
1.672307e+04 7.572269e-01 1.672383e+04
1.672304e+04 7.832266e-01 1.672383e+04
1.672230e+04 1.513324e+00 1.672382e+04
1.672074e+04 3.059845e+00 1.672380e+04
1.671817e+04 5.606031e+00 1.672378e+04
1.671432e+04 9.422183e+00 1.672374e+04
1.670877e+04 1.491964e+01 1.672369e+04
1.670096e+04 2.265340e+01 1.672362e+04
1.669007e+04 3.345489e+01 1.672352e+04
1.667493e+04 4.845537e+01 1.672339e+04
1.665394e+04 6.926196e+01 1.672320e+04
1.662481e+04 9.812848e+01 1.672294e+04
1.658437e+04 1.381954e+02 1.672257e+04
1.652828e+04 1.937868e+02 1.672207e+04
1.645067e+04 2.707296e+02 1.672140e+04
1.634397e+04 3.765764e+02 1.672055e+04
1.619908e+04 5.204884e+02 1.671957e+04
1.600650e+04 7.121271e+02 1.671863e+04
1.575940e+04 9.587263e+02 1.671812e+04
1.545952e+04 1.259149e+03 1.671866e+04
1.512585e+04 1.595063e+03 1.672091e+04
1.480200e+04 1.922891e+03 1.672489e+04
1.455315e+04 2.176046e+03 1.672920e+04
1.444457e+04 2.286843e+03 1.673141e+04
1.450835e+04 2.221639e+03 1.672999e+04
1.472404e+04 2.001897e+03 1.672593e+04
1.503115e+04 1.690542e+03 1.672169e+04
1.536175e+04 1.357241e+03 1.671899e+04
1.566618e+04 1.051904e+03 1.671808e+04
1.592004e+04 7.983657e+02 1.671840e+04
1.611825e+04 6.010280e+02 1.671928e+04
1.626619e+04 4.540712e+02 1.672026e+04
1.637298e+04 3.481508e+02 1.672113e+04
1.644786e+04 2.739734e+02 1.672184e+04
1.649866e+04 2.236973e+02 1.672236e+04
1.653147e+04 1.912661e+02 1.672274e+04
1.655079e+04 1.722120e+02 1.672300e+04
1.655980e+04 1.633807e+02 1.672318e+04
1.656069e+04 1.626025e+02 1.672330e+04
1.655488e+04 1.684769e+02 1.672336e+04
1.654319e+04 1.801937e+02 1.672338e+04
1.652596e+04 1.974128e+02 1.672337e+04
1.650311e+04 2.202252e+02 1.672333e+04
1.647418e+04 2.490704e+02 1.672325e+04
1.643835e+04 2.847859e+02 1.672314e+04
1.639436e+04 3.286207e+02 1.672298e+04
1.634056e+04 3.822275e+02 1.672279e+04
1.627488e+04 4.476778e+02 1.672256e+04
1.619492e+04 5.273769e+02 1.672230e+04
1.609819e+04 6.238389e+02 1.672203e+04
1.598261e+04 7.392137e+02 1.672182e+04
1.584730e+04 8.744542e+02 1.672175e+04
1.569386e+04 1.028071e+03 1.672193e+04
1.552787e+04 1.194582e+03 1.672245e+04
1.536010e+04 1.363254e+03 1.672335e+04
1.520644e+04 1.518049e+03 1.672449e+04
1.508559e+04 1.639944e+03 1.672553e+04
1.501402e+04 1.712021e+03 1.672604e+04
1.500003e+04 1.725694e+03 1.672573e+04
1.503955e+04 1.685031e+03 1.672458e+04
1.511627e+04 1.606628e+03 1.672290e+04
1.520576e+04 1.515300e+03 1.672106e+04
1.528099e+04 1.438332e+03 1.671932e+04
1.531671e+04 1.401078e+03 1.671779e+04
1.529196e+04 1.424587e+03 1.671654e+04
1.519201e+04 1.523773e+03 1.671579e+04
1.501232e+04 1.703712e+03 1.671603e+04
1.476580e+04 1.952203e+03 1.671800e+04
1.449171e+04 2.230355e+03 1.672206e+04
1.425754e+04 2.469717e+03 1.672726e+04
1.414193e+04 2.589057e+03 1.673098e+04
1.419839e+04 2.532442e+03 1.673083e+04
1.442420e+04 2.302829e+03 1.672703e+04
1.476339e+04 1.958829e+03 1.672222e+04
1.514076e+04 1.578051e+03 1.671881e+04
1.549608e+04 1.221404e+03 1.671748e+04
1.579732e+04 9.203646e+02 1.671769e+04
1.603619e+04 6.824394e+02 1.671863e+04
1.621786e+04 5.019009e+02 1.671976e+04
1.635265e+04 3.681387e+02 1.672079e+04
1.645133e+04 2.702829e+02 1.672161e+04
1.652317e+04 1.990720e+02 1.672224e+04
1.657543e+04 1.472742e+02 1.672270e+04
1.661353e+04 1.094975e+02 1.672303e+04
1.664144e+04 8.182125e+01 1.672326e+04
1.666200e+04 6.143048e+01 1.672343e+04
1.667724e+04 4.631426e+01 1.672355e+04
1.668860e+04 3.503618e+01 1.672364e+04
1.669713e+04 2.656675e+01 1.672370e+04
1.670358e+04 2.016398e+01 1.672374e+04
1.670849e+04 1.528911e+01 1.672378e+04
1.671225e+04 1.155318e+01 1.672380e+04
1.671517e+04 8.654019e+00 1.672382e+04
1.671746e+04 6.380369e+00 1.672384e+04
1.671928e+04 4.569806e+00 1.672385e+04
1.672075e+04 3.111081e+00 1.672386e+04
1.672198e+04 1.890496e+00 1.672387e+04
1.672302e+04 8.451137e-01 1.672387e+04
1.672394e+04 -6.415320e-02 1.672387e+04
1.672475e+04 -8.725437e-01 1.672388e+04
1.672549e+04 -1.614138e+00 1.672388e+04
1.672618e+04 -2.295646e+00 1.672388e+04
1.672680e+04 -2.919980e+00 1.672388e+04
1.672736e+04 -3.481079e+00 1.672388e+04
1.672784e+04 -3.963776e+00 1.672388e+04
1.672822e+04 -4.342927e+00 1.672387e+04
1.672845e+04 -4.581625e+00 1.672387e+04
1.672849e+04 -4.628217e+00 1.672386e+04
1.672827e+04 -4.411715e+00 1.672386e+04
1.672768e+04 -3.835053e+00 1.672384e+04
1.672660e+04 -2.765387e+00 1.672383e+04
1.672483e+04 -1.020353e+00 1.672381e+04
1.672213e+04 1.656583e+00 1.672379e+04
1.671814e+04 5.601350e+00 1.672375e+04
1.671239e+04 1.129368e+01 1.672369e+04
1.670420e+04 1.941336e+01 1.672362e+04
1.669265e+04 3.085979e+01 1.672351e+04
1.667647e+04 4.689746e+01 1.672337e+04
1.665393e+04 6.924443e+01 1.672317e+04
1.662270e+04 1.002171e+02 1.672291e+04
1.657969e+04 1.428797e+02 1.672257e+04
1.652099e+04 2.011641e+02 1.672215e+04
1.644178e+04 2.798736e+02 1.672165e+04
1.633673e+04 3.843984e+02 1.672113e+04
1.620084e+04 5.198576e+02 1.672070e+04
1.603129e+04 6.892876e+02 1.672058e+04
1.583048e+04 8.905774e+02 1.672106e+04
1.560991e+04 1.112497e+03 1.672240e+04
1.539313e+04 1.331459e+03 1.672459e+04
1.521446e+04 1.512610e+03 1.672707e+04
1.511041e+04 1.618390e+03 1.672880e+04
1.510556e+04 1.623309e+03 1.672887e+04
1.520090e+04 1.526345e+03 1.672724e+04
1.537327e+04 1.351506e+03 1.672478e+04
1.558647e+04 1.136046e+03 1.672252e+04
1.580551e+04 9.155744e+02 1.672109e+04
1.600575e+04 7.147805e+02 1.672053e+04
1.617468e+04 5.459219e+02 1.672060e+04
1.630916e+04 4.118410e+02 1.672101e+04
1.641154e+04 3.099687e+02 1.672151e+04
1.648646e+04 2.355167e+02 1.672198e+04
1.653899e+04 1.833904e+02 1.672238e+04
1.657359e+04 1.490910e+02 1.672268e+04
1.659384e+04 1.290666e+02 1.672290e+04
1.660232e+04 1.207240e+02 1.672304e+04
1.660078e+04 1.223442e+02 1.672312e+04
1.659025e+04 1.329032e+02 1.672316e+04
1.657121e+04 1.519425e+02 1.672315e+04
1.654371e+04 1.794158e+02 1.672312e+04
1.650755e+04 2.155380e+02 1.672309e+04
1.646246e+04 2.605847e+02 1.672305e+04
1.640833e+04 3.147011e+02 1.672303e+04
1.634546e+04 3.776086e+02 1.672307e+04
1.627491e+04 4.482587e+02 1.672317e+04
1.619884e+04 5.245199e+02 1.672336e+04
1.612074e+04 6.029113e+02 1.672365e+04
1.604551e+04 6.785179e+02 1.672403e+04
1.597913e+04 7.453159e+02 1.672444e+04
1.592789e+04 7.969204e+02 1.672481e+04
1.589734e+04 8.277149e+02 1.672505e+04
1.589104e+04 8.340703e+02 1.672511e+04
1.590972e+04 8.152298e+02 1.672495e+04
1.595114e+04 7.734943e+02 1.672463e+04
1.601057e+04 7.136601e+02 1.672423e+04
1.608196e+04 6.418753e+02 1.672383e+04
1.615908e+04 5.644157e+02 1.672350e+04
1.623651e+04 4.867509e+02 1.672326e+04
1.631012e+04 4.129993e+02 1.672312e+04
1.637725e+04 3.458202e+02 1.672307e+04
1.643647e+04 2.866082e+02 1.672308e+04
1.648737e+04 2.357623e+02 1.672314e+04
1.653019e+04 1.930271e+02 1.672321e+04
1.656554e+04 1.577532e+02 1.672329e+04
1.659425e+04 1.291186e+02 1.672337e+04
1.661719e+04 1.062601e+02 1.672345e+04
1.663519e+04 8.832457e+01 1.672352e+04
1.664901e+04 7.456314e+01 1.672357e+04
1.665930e+04 6.431690e+01 1.672361e+04
1.666660e+04 5.705318e+01 1.672366e+04
1.667138e+04 5.230468e+01 1.672369e+04
1.667400e+04 4.971468e+01 1.672371e+04
1.667473e+04 4.899149e+01 1.672372e+04
1.667381e+04 4.992438e+01 1.672374e+04
1.667141e+04 5.233938e+01 1.672375e+04
1.666764e+04 5.611078e+01 1.672376e+04
1.666261e+04 6.114638e+01 1.672376e+04
1.665638e+04 6.737901e+01 1.672376e+04
1.664901e+04 7.475856e+01 1.672377e+04
1.664052e+04 8.324997e+01 1.672377e+04
1.663097e+04 9.280427e+01 1.672377e+04
1.662039e+04 1.033840e+02 1.672378e+04
1.660884e+04 1.149343e+02 1.672378e+04
1.659640e+04 1.273811e+02 1.672378e+04
1.658317e+04 1.406247e+02 1.672379e+04
1.656927e+04 1.545277e+02 1.672379e+04
1.655487e+04 1.689319e+02 1.672381e+04
1.654020e+04 1.836224e+02 1.672382e+04
1.652549e+04 1.983428e+02 1.672383e+04
1.651104e+04 2.128141e+02 1.672385e+04
1.649717e+04 2.267136e+02 1.672388e+04
1.648422e+04 2.396850e+02 1.672390e+04
1.647254e+04 2.513808e+02 1.672393e+04
1.646249e+04 2.614577e+02 1.672395e+04
1.645436e+04 2.696028e+02 1.672396e+04
1.644842e+04 2.755538e+02 1.672398e+04
1.644486e+04 2.791177e+02 1.672398e+04
1.644380e+04 2.801856e+02 1.672398e+04
1.644524e+04 2.787469e+02 1.672398e+04
1.644910e+04 2.748690e+02 1.672397e+04
1.645523e+04 2.687246e+02 1.672396e+04
1.646338e+04 2.605575e+02 1.672394e+04
1.647324e+04 2.506714e+02 1.672391e+04
1.648448e+04 2.394092e+02 1.672389e+04
1.649673e+04 2.271330e+02 1.672387e+04
1.650964e+04 2.142044e+02 1.672385e+04
1.652286e+04 2.009685e+02 1.672383e+04
1.653607e+04 1.877413e+02 1.672381e+04
1.654899e+04 1.748013e+02 1.672380e+04
1.656140e+04 1.623852e+02 1.672378e+04
1.657309e+04 1.506869e+02 1.672378e+04
1.658391e+04 1.398592e+02 1.672377e+04
1.659375e+04 1.300279e+02 1.672378e+04
1.660252e+04 1.212535e+02 1.672377e+04
1.661017e+04 1.136069e+02 1.672378e+04
1.661667e+04 1.071089e+02 1.672378e+04
1.662200e+04 1.017789e+02 1.672378e+04
1.662617e+04 9.761691e+01 1.672378e+04
1.662917e+04 9.461276e+01 1.672379e+04
1.663104e+04 9.274856e+01 1.672379e+04
1.663179e+04 9.200055e+01 1.672379e+04
1.663145e+04 9.234014e+01 1.672379e+04
1.663006e+04 9.373430e+01 1.672380e+04
1.662765e+04 9.614517e+01 1.672380e+04
1.662427e+04 9.952920e+01 1.672380e+04
1.661997e+04 1.038357e+02 1.672381e+04
1.661480e+04 1.090051e+02 1.672381e+04
1.660885e+04 1.149670e+02 1.672382e+04
1.660218e+04 1.216378e+02 1.672382e+04
1.659491e+04 1.289190e+02 1.672383e+04
1.658714e+04 1.366953e+02 1.672384e+04
1.657901e+04 1.448336e+02 1.672385e+04
1.657068e+04 1.531883e+02 1.672386e+04
1.656230e+04 1.615799e+02 1.672388e+04
1.655406e+04 1.698309e+02 1.672389e+04
1.654615e+04 1.777470e+02 1.672390e+04
1.653879e+04 1.851275e+02 1.672391e+04
1.653215e+04 1.917672e+02 1.672392e+04
1.652645e+04 1.974856e+02 1.672393e+04
1.652184e+04 2.021026e+02 1.672394e+04
1.651848e+04 2.054741e+02 1.672396e+04
1.651649e+04 2.074723e+02 1.672396e+04
1.651594e+04 2.080253e+02 1.672396e+04
1.651687e+04 2.070991e+02 1.672396e+04
1.651926e+04 2.047052e+02 1.672396e+04
1.652305e+04 2.009000e+02 1.672395e+04
1.652816e+04 1.957820e+02 1.672394e+04
1.653445e+04 1.894862e+02 1.672393e+04
1.654174e+04 1.821783e+02 1.672392e+04
1.654986e+04 1.740527e+02 1.672391e+04
1.655859e+04 1.653045e+02 1.672390e+04
1.656773e+04 1.561561e+02 1.672388e+04
1.657703e+04 1.468328e+02 1.672387e+04
1.658628e+04 1.375674e+02 1.672385e+04
1.659523e+04 1.286037e+02 1.672383e+04
1.660360e+04 1.202052e+02 1.672381e+04
1.661111e+04 1.126703e+02 1.672378e+04
1.661739e+04 1.063558e+02 1.672375e+04
1.662199e+04 1.017132e+02 1.672370e+04
1.662429e+04 9.934119e+01 1.672363e+04
1.662348e+04 1.000636e+02 1.672354e+04
1.661836e+04 1.050417e+02 1.672340e+04
1.660727e+04 1.159317e+02 1.672320e+04
1.658777e+04 1.351456e+02 1.672292e+04
1.655638e+04 1.661279e+02 1.672251e+04
1.650809e+04 2.138190e+02 1.672191e+04
1.643587e+04 2.852148e+02 1.672109e+04
1.633015e+04 3.898386e+02 1.671999e+04
1.617869e+04 5.399440e+02 1.671864e+04
1.596770e+04 7.495403e+02 1.671724e+04
1.568561e+04 1.030733e+03 1.671634e+04
1.533170e+04 1.385234e+03 1.671693e+04
1.492991e+04 1.790237e+03 1.672014e+04
1.454160e+04 2.184434e+03 1.672604e+04
1.426081e+04 2.471331e+03 1.673214e+04
1.417672e+04 2.557591e+03 1.673431e+04
1.431996e+04 2.410858e+03 1.673082e+04
1.464110e+04 2.083300e+03 1.672440e+04
1.504462e+04 1.674437e+03 1.671906e+04
1.544260e+04 1.273986e+03 1.671658e+04
1.578368e+04 9.327994e+02 1.671648e+04
1.605164e+04 6.659547e+02 1.671759e+04
1.625107e+04 4.679468e+02 1.671901e+04
1.639473e+04 3.255859e+02 1.672031e+04
1.649628e+04 2.250616e+02 1.672135e+04
1.656737e+04 1.547485e+02 1.672212e+04
1.661691e+04 1.057547e+02 1.672266e+04
1.665140e+04 7.164084e+01 1.672304e+04
1.667545e+04 4.785668e+01 1.672330e+04
1.669225e+04 3.122985e+01 1.672348e+04
1.670402e+04 1.958211e+01 1.672361e+04
1.671229e+04 1.139738e+01 1.672369e+04
1.671812e+04 5.632454e+00 1.672375e+04
1.672223e+04 1.559515e+00 1.672379e+04
1.672513e+04 -1.312584e+00 1.672382e+04
1.672718e+04 -3.339606e+00 1.672384e+04
1.672862e+04 -4.767217e+00 1.672385e+04
1.672963e+04 -5.768456e+00 1.672386e+04
1.673033e+04 -6.465764e+00 1.672387e+04
1.673082e+04 -6.946157e+00 1.672387e+04
1.673115e+04 -7.277315e+00 1.672387e+04
1.673137e+04 -7.492749e+00 1.672387e+04
1.673151e+04 -7.629820e+00 1.672388e+04
1.673159e+04 -7.711579e+00 1.672388e+04
1.673163e+04 -7.754683e+00 1.672388e+04
1.673165e+04 -7.765873e+00 1.672388e+04
1.673165e+04 -7.764725e+00 1.672388e+04
1.673164e+04 -7.752080e+00 1.672388e+04
1.673162e+04 -7.732541e+00 1.672389e+04
1.673159e+04 -7.703986e+00 1.672389e+04
1.673157e+04 -7.679817e+00 1.672389e+04
1.673155e+04 -7.656222e+00 1.672389e+04
1.673153e+04 -7.634429e+00 1.672389e+04
1.673151e+04 -7.615299e+00 1.672389e+04
1.673149e+04 -7.599422e+00 1.672389e+04
1.673148e+04 -7.587187e+00 1.672389e+04
1.673147e+04 -7.578830e+00 1.672389e+04
1.673147e+04 -7.579998e+00 1.672389e+04
1.673147e+04 -7.579820e+00 1.672389e+04
1.673147e+04 -7.583631e+00 1.672389e+04
1.673148e+04 -7.591323e+00 1.672389e+04
1.673149e+04 -7.602734e+00 1.672389e+04
1.673150e+04 -7.612177e+00 1.672389e+04
1.673152e+04 -7.630404e+00 1.672389e+04
1.673154e+04 -7.651506e+00 1.672389e+04
1.673157e+04 -7.675066e+00 1.672389e+04
1.673159e+04 -7.695121e+00 1.672390e+04
1.673162e+04 -7.722128e+00 1.672390e+04
1.673165e+04 -7.749758e+00 1.672390e+04
1.673167e+04 -7.788171e+00 1.672389e+04
1.673170e+04 -7.814517e+00 1.672389e+04
1.673172e+04 -7.838276e+00 1.672389e+04
1.673174e+04 -7.857896e+00 1.672389e+04
1.673176e+04 -7.871495e+00 1.672388e+04
1.673176e+04 -7.871340e+00 1.672389e+04
1.673176e+04 -7.865605e+00 1.672389e+04
1.673173e+04 -7.845379e+00 1.672389e+04
1.673170e+04 -7.806515e+00 1.672389e+04
1.673163e+04 -7.743941e+00 1.672389e+04
1.673154e+04 -7.651432e+00 1.672389e+04
1.673141e+04 -7.521344e+00 1.672389e+04
1.673123e+04 -7.344250e+00 1.672389e+04
1.673099e+04 -7.108506e+00 1.672388e+04
1.673068e+04 -6.799670e+00 1.672388e+04
1.673028e+04 -6.399771e+00 1.672388e+04
1.672977e+04 -5.886358e+00 1.672388e+04
1.672911e+04 -5.231254e+00 1.672388e+04
1.672827e+04 -4.398923e+00 1.672387e+04
1.672721e+04 -3.344309e+00 1.672387e+04
1.672587e+04 -2.015488e+00 1.672386e+04
1.672418e+04 -3.276749e-01 1.672385e+04
1.672203e+04 1.808989e+00 1.672384e+04
1.671931e+04 4.518641e+00 1.672382e+04
1.671584e+04 7.964182e+00 1.672381e+04
1.671142e+04 1.235559e+01 1.672378e+04
1.670575e+04 1.799151e+01 1.672375e+04
1.669845e+04 2.525361e+01 1.672370e+04
1.668897e+04 3.467294e+01 1.672365e+04
1.667661e+04 4.695819e+01 1.672356e+04
1.666034e+04 6.310793e+01 1.672345e+04
1.663879e+04 8.450169e+01 1.672329e+04
1.661000e+04 1.130656e+02 1.672306e+04
1.657125e+04 1.514957e+02 1.672275e+04
1.651875e+04 2.035588e+02 1.672231e+04
1.644722e+04 2.744767e+02 1.672170e+04
1.634953e+04 3.713618e+02 1.672089e+04
1.621632e+04 5.035406e+02 1.671986e+04
1.603618e+04 6.824910e+02 1.671867e+04
1.579702e+04 9.205330e+02 1.671755e+04
1.548998e+04 1.227053e+03 1.671703e+04
1.511724e+04 1.600729e+03 1.671796e+04
1.470326e+04 2.017900e+03 1.672116e+04
1.430360e+04 2.422834e+03 1.672644e+04
1.399828e+04 2.733323e+03 1.673161e+04
1.386090e+04 2.872592e+03 1.673349e+04
1.391810e+04 2.812770e+03 1.673087e+04
1.413465e+04 2.591169e+03 1.672582e+04
1.443884e+04 2.282579e+03 1.672142e+04
1.476228e+04 1.956852e+03 1.671913e+04
1.506252e+04 1.656161e+03 1.671869e+04
1.532306e+04 1.396159e+03 1.671922e+04
1.554304e+04 1.176990e+03 1.672003e+04
1.572773e+04 9.930419e+02 1.672077e+04
1.588317e+04 8.381631e+02 1.672134e+04
1.601422e+04 7.075242e+02 1.672175e+04
1.612433e+04 5.977199e+02 1.672205e+04
1.621594e+04 5.063533e+02 1.672229e+04
1.629084e+04 4.316286e+02 1.672247e+04
1.635047e+04 3.721366e+02 1.672261e+04
1.639597e+04 3.267337e+02 1.672271e+04
1.642821e+04 2.945662e+02 1.672277e+04
1.644773e+04 2.750762e+02 1.672280e+04
1.645472e+04 2.680709e+02 1.672279e+04
1.644898e+04 2.737559e+02 1.672274e+04
1.642990e+04 2.927479e+02 1.672264e+04
1.639647e+04 3.260445e+02 1.672251e+04
1.634745e+04 3.749075e+02 1.672235e+04
1.628153e+04 4.406802e+02 1.672221e+04
1.619780e+04 5.243158e+02 1.672211e+04
1.609635e+04 6.257762e+02 1.672212e+04
1.597919e+04 7.431326e+02 1.672232e+04
1.585121e+04 8.715484e+02 1.672276e+04
1.572099e+04 1.002481e+03 1.672347e+04
1.560071e+04 1.123651e+03 1.672436e+04
1.550473e+04 1.220497e+03 1.672523e+04
1.544663e+04 1.279188e+03 1.672582e+04
1.543539e+04 1.290523e+03 1.672592e+04
1.547258e+04 1.252918e+03 1.672550e+04
1.555174e+04 1.172960e+03 1.672470e+04
1.566066e+04 1.063145e+03 1.672380e+04
1.578494e+04 9.380767e+02 1.672302e+04
1.591150e+04 8.109845e+02 1.672249e+04
1.603055e+04 6.916712e+02 1.672223e+04
1.613613e+04 5.860429e+02 1.672218e+04
1.622557e+04 4.967041e+02 1.672227e+04
1.629851e+04 4.239313e+02 1.672244e+04
1.635602e+04 3.666164e+02 1.672264e+04
1.639984e+04 3.229800e+02 1.672282e+04
1.643193e+04 2.910633e+02 1.672300e+04
1.645419e+04 2.689601e+02 1.672315e+04
1.646831e+04 2.549648e+02 1.672327e+04
1.647577e+04 2.476069e+02 1.672338e+04
1.647782e+04 2.456437e+02 1.672346e+04
1.647550e+04 2.480309e+02 1.672353e+04
1.646971e+04 2.538917e+02 1.672360e+04
1.646119e+04 2.624569e+02 1.672365e+04
1.645062e+04 2.730664e+02 1.672369e+04
1.643861e+04 2.851195e+02 1.672373e+04
1.642571e+04 2.980562e+02 1.672376e+04
1.641243e+04 3.113654e+02 1.672380e+04
1.639928e+04 3.245411e+02 1.672382e+04
1.638672e+04 3.371260e+02 1.672385e+04
1.637520e+04 3.486727e+02 1.672387e+04
1.636510e+04 3.587967e+02 1.672389e+04
1.635676e+04 3.671499e+02 1.672391e+04
1.635047e+04 3.734537e+02 1.672393e+04
1.634643e+04 3.775046e+02 1.672393e+04
1.634476e+04 3.791873e+02 1.672394e+04
1.634548e+04 3.784555e+02 1.672394e+04
1.634857e+04 3.753686e+02 1.672394e+04
1.635389e+04 3.700406e+02 1.672393e+04
1.636124e+04 3.626676e+02 1.672391e+04
1.637040e+04 3.534908e+02 1.672389e+04
1.638109e+04 3.427860e+02 1.672388e+04
1.639301e+04 3.308424e+02 1.672385e+04
1.640587e+04 3.179688e+02 1.672384e+04
1.641937e+04 3.044491e+02 1.672382e+04
1.643325e+04 2.905541e+02 1.672381e+04
1.644727e+04 2.765237e+02 1.672379e+04
1.646119e+04 2.625856e+02 1.672378e+04
1.647485e+04 2.489207e+02 1.672377e+04
1.648808e+04 2.356863e+02 1.672376e+04
1.650075e+04 2.230122e+02 1.672376e+04
1.651275e+04 2.110040e+02 1.672376e+04
1.652401e+04 1.997466e+02 1.672375e+04
1.653444e+04 1.893133e+02 1.672376e+04
1.654401e+04 1.797467e+02 1.672376e+04
1.655266e+04 1.710956e+02 1.672375e+04
1.656036e+04 1.633943e+02 1.672375e+04
1.656708e+04 1.566713e+02 1.672375e+04
1.657280e+04 1.509495e+02 1.672375e+04
1.657750e+04 1.462482e+02 1.672375e+04
1.658117e+04 1.425881e+02 1.672376e+04
1.658379e+04 1.399695e+02 1.672376e+04
1.658535e+04 1.384043e+02 1.672376e+04
1.658587e+04 1.378928e+02 1.672376e+04
1.658533e+04 1.384223e+02 1.672375e+04
1.658377e+04 1.399921e+02 1.672376e+04
1.658121e+04 1.425510e+02 1.672376e+04
1.657769e+04 1.460657e+02 1.672376e+04
1.657328e+04 1.504851e+02 1.672377e+04
1.656807e+04 1.557109e+02 1.672378e+04
1.656214e+04 1.616439e+02 1.672379e+04
1.655564e+04 1.681552e+02 1.672380e+04
1.654872e+04 1.750908e+02 1.672381e+04
1.654155e+04 1.822728e+02 1.672382e+04
1.653434e+04 1.895009e+02 1.672384e+04
1.652730e+04 1.965571e+02 1.672386e+04
1.652066e+04 2.032115e+02 1.672387e+04
1.651466e+04 2.092298e+02 1.672389e+04
1.650952e+04 2.143835e+02 1.672390e+04
1.650546e+04 2.184594e+02 1.672392e+04
1.650266e+04 2.212704e+02 1.672393e+04
1.650127e+04 2.226602e+02 1.672393e+04
1.650140e+04 2.225384e+02 1.672394e+04
1.650311e+04 2.208374e+02 1.672395e+04
1.650640e+04 2.175481e+02 1.672394e+04
1.651121e+04 2.127246e+02 1.672394e+04
1.651746e+04 2.064641e+02 1.672393e+04
1.652501e+04 1.989057e+02 1.672391e+04
1.653368e+04 1.902220e+02 1.672390e+04
1.654328e+04 1.806088e+02 1.672389e+04
1.655360e+04 1.702750e+02 1.672387e+04
1.656442e+04 1.594329e+02 1.672386e+04
1.657555e+04 1.482892e+02 1.672384e+04
1.658679e+04 1.370331e+02 1.672383e+04
1.659796e+04 1.258524e+02 1.672382e+04
1.660891e+04 1.148979e+02 1.672381e+04
1.661950e+04 1.043033e+02 1.672380e+04
1.662961e+04 9.418004e+01 1.672379e+04
1.663917e+04 8.461802e+01 1.672379e+04
1.664810e+04 7.568257e+01 1.672378e+04
1.665634e+04 6.743887e+01 1.672378e+04
1.666385e+04 5.992244e+01 1.672378e+04
1.667061e+04 5.315865e+01 1.672377e+04
1.667658e+04 4.718272e+01 1.672377e+04
1.668176e+04 4.200487e+01 1.672376e+04
1.668610e+04 3.765741e+01 1.672376e+04
1.668960e+04 3.416523e+01 1.672376e+04
1.669221e+04 3.154354e+01 1.672375e+04
1.669390e+04 2.985076e+01 1.672375e+04
1.669461e+04 2.913695e+01 1.672374e+04
1.669426e+04 2.947484e+01 1.672373e+04
1.669277e+04 3.095828e+01 1.672373e+04
1.669001e+04 3.370651e+01 1.672371e+04
1.668583e+04 3.786900e+01 1.672370e+04
1.668005e+04 4.363078e+01 1.672368e+04
1.667244e+04 5.121844e+01 1.672365e+04
1.666272e+04 6.090665e+01 1.672363e+04
1.665057e+04 7.303038e+01 1.672360e+04
1.663559e+04 8.796950e+01 1.672356e+04
1.661733e+04 1.061866e+02 1.672351e+04
1.659526e+04 1.282064e+02 1.672346e+04
1.656879e+04 1.546155e+02 1.672340e+04
1.653730e+04 1.860455e+02 1.672334e+04
1.650015e+04 2.231415e+02 1.672329e+04
1.645676e+04 2.664704e+02 1.672323e+04
1.640673e+04 3.164721e+02 1.672320e+04
1.634994e+04 3.732533e+02 1.672320e+04
1.628683e+04 4.364146e+02 1.672325e+04
1.621855e+04 5.048086e+02 1.672336e+04
1.614725e+04 5.763102e+02 1.672356e+04
1.607616e+04 6.476782e+02 1.672384e+04
1.600963e+04 7.145503e+02 1.672418e+04
1.595269e+04 7.718351e+02 1.672452e+04
1.591049e+04 8.143254e+02 1.672482e+04
1.588739e+04 8.376182e+02 1.672501e+04
1.588602e+04 8.390126e+02 1.672503e+04
1.590671e+04 8.181721e+02 1.672488e+04
1.594741e+04 7.771933e+02 1.672460e+04
1.600410e+04 7.201583e+02 1.672426e+04
1.607167e+04 6.522363e+02 1.672390e+04
1.614484e+04 5.787562e+02 1.672360e+04
1.621894e+04 5.044364e+02 1.672338e+04
1.629029e+04 4.329421e+02 1.672323e+04
1.635641e+04 3.667542e+02 1.672316e+04
1.641586e+04 3.072933e+02 1.672316e+04
1.646808e+04 2.551062e+02 1.672319e+04
1.651311e+04 2.101366e+02 1.672324e+04
1.655137e+04 1.719374e+02 1.672330e+04
1.658351e+04 1.398680e+02 1.672337e+04
1.661025e+04 1.131870e+02 1.672344e+04
1.663235e+04 9.115478e+01 1.672350e+04
1.665048e+04 7.308090e+01 1.672356e+04
1.666528e+04 5.832698e+01 1.672361e+04
1.667730e+04 4.634838e+01 1.672365e+04
1.668701e+04 3.667233e+01 1.672368e+04
1.669481e+04 2.889822e+01 1.672371e+04
1.670104e+04 2.268460e+01 1.672373e+04
1.670599e+04 1.776276e+01 1.672375e+04
1.670987e+04 1.389583e+01 1.672376e+04
1.671288e+04 1.089305e+01 1.672378e+04
1.671519e+04 8.603153e+00 1.672379e+04
1.671692e+04 6.881166e+00 1.672380e+04
1.671817e+04 5.638553e+00 1.672380e+04
1.671903e+04 4.778541e+00 1.672380e+04
1.671957e+04 4.242255e+00 1.672381e+04
1.671985e+04 3.961884e+00 1.672381e+04
1.671991e+04 3.902217e+00 1.672381e+04
1.671979e+04 4.026077e+00 1.672382e+04
1.671953e+04 4.292531e+00 1.672382e+04
1.671914e+04 4.683147e+00 1.672382e+04
1.671864e+04 5.179063e+00 1.672382e+04
1.671806e+04 5.765692e+00 1.672382e+04
1.671739e+04 6.432120e+00 1.672382e+04
1.671665e+04 7.170667e+00 1.672382e+04
1.671585e+04 7.981936e+00 1.672383e+04
1.671498e+04 8.858453e+00 1.672384e+04
1.671404e+04 9.801065e+00 1.672384e+04
1.671303e+04 1.081338e+01 1.672385e+04
1.671195e+04 1.189677e+01 1.672384e+04
1.671078e+04 1.306142e+01 1.672384e+04
1.670950e+04 1.433814e+01 1.672384e+04
1.670811e+04 1.573008e+01 1.672384e+04
1.670657e+04 1.726268e+01 1.672383e+04
1.670485e+04 1.898020e+01 1.672383e+04
1.670290e+04 2.091998e+01 1.672382e+04
1.670068e+04 2.313699e+01 1.672382e+04
1.669811e+04 2.569615e+01 1.672380e+04
1.669510e+04 2.869848e+01 1.672379e+04
1.669153e+04 3.225395e+01 1.672378e+04
1.668726e+04 3.651021e+01 1.672377e+04
1.668209e+04 4.165625e+01 1.672375e+04
1.667579e+04 4.793404e+01 1.672372e+04
1.666803e+04 5.565324e+01 1.672369e+04
1.665843e+04 6.520973e+01 1.672364e+04
1.664648e+04 7.710301e+01 1.672358e+04
1.663153e+04 9.198603e+01 1.672352e+04
1.661276e+04 1.106647e+02 1.672343e+04
1.658916e+04 1.341554e+02 1.672332e+04
1.655947e+04 1.637144e+02 1.672319e+04
1.652216e+04 2.008630e+02 1.672302e+04
1.647545e+04 2.473832e+02 1.672283e+04
1.641734e+04 3.052870e+02 1.672263e+04
1.634578e+04 3.766358e+02 1.672242e+04
1.625898e+04 4.632588e+02 1.672224e+04
1.615593e+04 5.662201e+02 1.672215e+04
1.603720e+04 6.850205e+02 1.672222e+04
1.590596e+04 8.165717e+02 1.672253e+04
1.576894e+04 9.541755e+02 1.672312e+04
1.563695e+04 1.087014e+03 1.672396e+04
1.552404e+04 1.200857e+03 1.672490e+04
1.544517e+04 1.280505e+03 1.672568e+04
1.541234e+04 1.313684e+03 1.672603e+04
1.543088e+04 1.294933e+03 1.672581e+04
1.549759e+04 1.227535e+03 1.672512e+04
1.560184e+04 1.122354e+03 1.672419e+04
1.572902e+04 9.942829e+02 1.672330e+04
1.586447e+04 8.581662e+02 1.672264e+04
1.599635e+04 7.259076e+02 1.672225e+04
1.611679e+04 6.053413e+02 1.672213e+04
1.622170e+04 5.004674e+02 1.672217e+04
1.630987e+04 4.124445e+02 1.672231e+04
1.638187e+04 3.406381e+02 1.672250e+04
1.643925e+04 2.834497e+02 1.672270e+04
1.648393e+04 2.389588e+02 1.672289e+04
1.651780e+04 2.052454e+02 1.672305e+04
1.654257e+04 1.806060e+02 1.672318e+04
1.655967e+04 1.636023e+02 1.672328e+04
1.657028e+04 1.530755e+02 1.672335e+04
1.657529e+04 1.481211e+02 1.672341e+04
1.657540e+04 1.480507e+02 1.672345e+04
1.657114e+04 1.523474e+02 1.672348e+04
1.656289e+04 1.606221e+02 1.672351e+04
1.655096e+04 1.725701e+02 1.672353e+04
1.653561e+04 1.879306e+02 1.672354e+04
1.651711e+04 2.064478e+02 1.672356e+04
1.649575e+04 2.278351e+02 1.672358e+04
1.647187e+04 2.517446e+02 1.672361e+04
1.644590e+04 2.777484e+02 1.672365e+04
1.641839e+04 3.053045e+02 1.672369e+04
1.638995e+04 3.337977e+02 1.672374e+04
1.636128e+04 3.625167e+02 1.672379e+04
1.633310e+04 3.907358e+02 1.672384e+04
1.630612e+04 4.177602e+02 1.672388e+04
1.628092e+04 4.429876e+02 1.672391e+04
1.625788e+04 4.660254e+02 1.672391e+04
1.623714e+04 4.867468e+02 1.672389e+04
1.621848e+04 5.053560e+02 1.672384e+04
1.620134e+04 5.224195e+02 1.672376e+04
1.618480e+04 5.388603e+02 1.672366e+04
1.616763e+04 5.559148e+02 1.672354e+04
1.614835e+04 5.750515e+02 1.672341e+04
1.612541e+04 5.978531e+02 1.672327e+04
1.609728e+04 6.258608e+02 1.672314e+04
1.606267e+04 6.603759e+02 1.672304e+04
1.602078e+04 7.022129e+02 1.672299e+04
1.597160e+04 7.514087e+02 1.672301e+04
1.591620e+04 8.069097e+02 1.672311e+04
1.585702e+04 8.662989e+02 1.672332e+04
1.579796e+04 9.256690e+02 1.672363e+04
1.574422e+04 9.797752e+02 1.672399e+04
1.570177e+04 1.022590e+03 1.672436e+04
1.567642e+04 1.048234e+03 1.672466e+04
1.567264e+04 1.052151e+03 1.672479e+04
1.569257e+04 1.032185e+03 1.672475e+04
1.573547e+04 9.890550e+02 1.672453e+04
1.579799e+04 9.262143e+02 1.672420e+04
1.587485e+04 8.489812e+02 1.672383e+04
1.596007e+04 7.634196e+02 1.672349e+04
1.604796e+04 6.752706e+02 1.672323e+04
1.613384e+04 5.892312e+02 1.672307e+04
1.621435e+04 5.086448e+02 1.672299e+04
1.628746e+04 4.355268e+02 1.672298e+04
1.635224e+04 3.707877e+02 1.672303e+04
1.640857e+04 3.145285e+02 1.672310e+04
1.645686e+04 2.663232e+02 1.672318e+04
1.649782e+04 2.254491e+02 1.672327e+04
1.653230e+04 1.910537e+02 1.672335e+04
1.656117e+04 1.622646e+02 1.672343e+04
1.658524e+04 1.382548e+02 1.672350e+04
1.660528e+04 1.182765e+02 1.672355e+04
1.662193e+04 1.016752e+02 1.672360e+04
1.663575e+04 8.788434e+01 1.672364e+04
1.664723e+04 7.644204e+01 1.672367e+04
1.665675e+04 6.694871e+01 1.672370e+04
1.666464e+04 5.907881e+01 1.672372e+04
1.667117e+04 5.256554e+01 1.672374e+04
1.667656e+04 4.719175e+01 1.672375e+04
1.668098e+04 4.278221e+01 1.672377e+04
1.668458e+04 3.920794e+01 1.672379e+04
1.668746e+04 3.633736e+01 1.672379e+04
1.668970e+04 3.409820e+01 1.672380e+04
1.669137e+04 3.243070e+01 1.672380e+04
1.669251e+04 3.129726e+01 1.672380e+04
1.669312e+04 3.068218e+01 1.672380e+04
1.669321e+04 3.059845e+01 1.672381e+04
1.669273e+04 3.106853e+01 1.672380e+04
1.669163e+04 3.216794e+01 1.672380e+04
1.668979e+04 3.398910e+01 1.672378e+04
1.668708e+04 3.669041e+01 1.672377e+04
1.668325e+04 4.049024e+01 1.672374e+04
1.667801e+04 4.569995e+01 1.672371e+04
1.667093e+04 5.273275e+01 1.672366e+04
1.666142e+04 6.217358e+01 1.672359e+04
1.664866e+04 7.483730e+01 1.672350e+04
1.663155e+04 9.182509e+01 1.672338e+04
1.660858e+04 1.146290e+02 1.672321e+04
1.657768e+04 1.452931e+02 1.672297e+04
1.653611e+04 1.865533e+02 1.672266e+04
1.648024e+04 2.420191e+02 1.672226e+04
1.640543e+04 3.163164e+02 1.672175e+04
1.630605e+04 4.150912e+02 1.672114e+04
1.617583e+04 5.446599e+02 1.672049e+04
1.600901e+04 7.109377e+02 1.671995e+04
1.580264e+04 9.171442e+02 1.671978e+04
1.556044e+04 1.159903e+03 1.672034e+04
1.529776e+04 1.424198e+03 1.672196e+04
1.504489e+04 1.679654e+03 1.672454e+04
1.484437e+04 1.882936e+03 1.672730e+04
1.473861e+04 1.990287e+03 1.672890e+04
1.475145e+04 1.976921e+03 1.672837e+04
1.487532e+04 1.850622e+03 1.672595e+04
1.507445e+04 1.648387e+03 1.672284e+04
1.530102e+04 1.419197e+03 1.672022e+04
1.551190e+04 1.206631e+03 1.671853e+04
1.567666e+04 1.040941e+03 1.671760e+04
1.577673e+04 9.402591e+02 1.671699e+04
1.580042e+04 9.159097e+02 1.671633e+04
1.573820e+04 9.772364e+02 1.671543e+04
1.558104e+04 1.133456e+03 1.671450e+04
1.532374e+04 1.390446e+03 1.671418e+04
1.497515e+04 1.740561e+03 1.671571e+04
1.457441e+04 2.145862e+03 1.672027e+04
1.420284e+04 2.524510e+03 1.672735e+04
1.397021e+04 2.763173e+03 1.673339e+04
1.396357e+04 2.770393e+03 1.673397e+04
1.419092e+04 2.537793e+03 1.672871e+04
1.457640e+04 2.145340e+03 1.672174e+04
1.501258e+04 1.704437e+03 1.671701e+04
1.541576e+04 1.299717e+03 1.671548e+04
1.574542e+04 9.706482e+02 1.671607e+04
1.599460e+04 7.229327e+02 1.671753e+04
1.617327e+04 5.458000e+02 1.671907e+04
1.629637e+04 4.239941e+02 1.672037e+04
1.637797e+04 3.433842e+02 1.672135e+04
1.642927e+04 2.927816e+02 1.672205e+04
1.645853e+04 2.639995e+02 1.672253e+04
1.647153e+04 2.513292e+02 1.672285e+04
1.647215e+04 2.509087e+02 1.672306e+04
1.646298e+04 2.602081e+02 1.672319e+04
1.644563e+04 2.776353e+02 1.672326e+04
1.642104e+04 3.022538e+02 1.672329e+04
1.638971e+04 3.335830e+02 1.672330e+04
1.635182e+04 3.714578e+02 1.672328e+04
1.630733e+04 4.159242e+02 1.672325e+04
1.625606e+04 4.671547e+02 1.672321e+04
1.619780e+04 5.253654e+02 1.672317e+04
1.613241e+04 5.907213e+02 1.672313e+04
1.605990e+04 6.632108e+02 1.672311e+04
1.598065e+04 7.424707e+02 1.672312e+04
1.589560e+04 8.275868e+02 1.672319e+04
1.580652e+04 9.167984e+02 1.672332e+04
1.571628e+04 1.007262e+03 1.672354e+04
1.562897e+04 1.094884e+03 1.672385e+04
1.554985e+04 1.174364e+03 1.672422e+04
1.548496e+04 1.239640e+03 1.672460e+04
1.544023e+04 1.284676e+03 1.672490e+04
1.542046e+04 1.304613e+03 1.672507e+04
1.542819e+04 1.296855e+03 1.672505e+04
1.546307e+04 1.261762e+03 1.672484e+04
1.552184e+04 1.202638e+03 1.672448e+04
1.559904e+04 1.125031e+03 1.672407e+04
1.568812e+04 1.035554e+03 1.672367e+04
1.578261e+04 9.407391e+02 1.672335e+04
1.587696e+04 8.461660e+02 1.672313e+04
1.596700e+04 7.560007e+02 1.672300e+04
1.604999e+04 6.729698e+02 1.672296e+04
1.612445e+04 5.985277e+02 1.672298e+04
1.618988e+04 5.331597e+02 1.672304e+04
1.624643e+04 4.766877e+02 1.672311e+04
1.629467e+04 4.285290e+02 1.672320e+04
1.633540e+04 3.878911e+02 1.672329e+04
1.636946e+04 3.539043e+02 1.672337e+04
1.639774e+04 3.257103e+02 1.672345e+04
1.642103e+04 3.024924e+02 1.672352e+04
1.644007e+04 2.835092e+02 1.672358e+04
1.645551e+04 2.681120e+02 1.672362e+04
1.646794e+04 2.557272e+02 1.672367e+04
1.647785e+04 2.458553e+02 1.672370e+04
1.648567e+04 2.380630e+02 1.672373e+04
1.649179e+04 2.319749e+02 1.672376e+04
1.649652e+04 2.272666e+02 1.672378e+04
1.650014e+04 2.236576e+02 1.672380e+04
1.650291e+04 2.209072e+02 1.672382e+04
1.650502e+04 2.188099e+02 1.672383e+04
1.650665e+04 2.171877e+02 1.672384e+04
1.650794e+04 2.159103e+02 1.672385e+04
1.650899e+04 2.148609e+02 1.672385e+04
1.650990e+04 2.139688e+02 1.672387e+04
1.651071e+04 2.131542e+02 1.672386e+04
1.651145e+04 2.124209e+02 1.672387e+04
1.651211e+04 2.117577e+02 1.672387e+04
1.651266e+04 2.112032e+02 1.672386e+04
1.651304e+04 2.108176e+02 1.672385e+04
1.651316e+04 2.106866e+02 1.672385e+04
1.651292e+04 2.109198e+02 1.672384e+04
1.651218e+04 2.116487e+02 1.672382e+04
1.651079e+04 2.130237e+02 1.672381e+04
1.650858e+04 2.152117e+02 1.672380e+04
1.650539e+04 2.183861e+02 1.672378e+04
1.650101e+04 2.227456e+02 1.672376e+04
1.649527e+04 2.284760e+02 1.672374e+04
1.648796e+04 2.357665e+02 1.672373e+04
1.647892e+04 2.447971e+02 1.672371e+04
1.646797e+04 2.557309e+02 1.672370e+04
1.645498e+04 2.687037e+02 1.672369e+04
1.643987e+04 2.838072e+02 1.672367e+04
1.642257e+04 3.010926e+02 1.672366e+04
1.640312e+04 3.205506e+02 1.672367e+04
1.638161e+04 3.420635e+02 1.672368e+04
1.635825e+04 3.654409e+02 1.672369e+04
1.633333e+04 3.903809e+02 1.672371e+04
1.630727e+04 4.164688e+02 1.672374e+04
1.628060e+04 4.431789e+02 1.672378e+04
1.625394e+04 4.698849e+02 1.672382e+04
1.622798e+04 4.958885e+02 1.672387e+04
1.620349e+04 5.204312e+02 1.672392e+04
1.618119e+04 5.427720e+02 1.672396e+04
1.616178e+04 5.622151e+02 1.672400e+04
1.614586e+04 5.781660e+02 1.672403e+04
1.613387e+04 5.901746e+02 1.672404e+04
1.612608e+04 5.979656e+02 1.672405e+04
1.612259e+04 6.014514e+02 1.672404e+04
1.612330e+04 6.007258e+02 1.672403e+04
1.612796e+04 5.960408e+02 1.672400e+04
1.613621e+04 5.877657e+02 1.672397e+04
1.614757e+04 5.763675e+02 1.672394e+04
1.616157e+04 5.623374e+02 1.672391e+04
1.617771e+04 5.461710e+02 1.672388e+04
1.619550e+04 5.283576e+02 1.672385e+04
1.621450e+04 5.093349e+02 1.672384e+04
1.623434e+04 4.894736e+02 1.672382e+04
1.625468e+04 4.691242e+02 1.672380e+04
1.627523e+04 4.485640e+02 1.672379e+04
1.629576e+04 4.280286e+02 1.672379e+04
1.631607e+04 4.077172e+02 1.672379e+04
1.633601e+04 3.877761e+02 1.672378e+04
1.635545e+04 3.683358e+02 1.672378e+04
1.637429e+04 3.494930e+02 1.672378e+04
1.639246e+04 3.313189e+02 1.672378e+04
1.640992e+04 3.138621e+02 1.672379e+04
1.642664e+04 2.971510e+02 1.672379e+04
1.644260e+04 2.812067e+02 1.672381e+04
1.645781e+04 2.660027e+02 1.672381e+04
1.647228e+04 2.515323e+02 1.672382e+04
1.648605e+04 2.377625e+02 1.672382e+04
1.649915e+04 2.246692e+02 1.672382e+04
1.651162e+04 2.122072e+02 1.672383e+04
1.652350e+04 2.003345e+02 1.672383e+04
1.653483e+04 1.890087e+02 1.672384e+04
1.654565e+04 1.781887e+02 1.672384e+04
1.655601e+04 1.678366e+02 1.672385e+04
1.656593e+04 1.579182e+02 1.672385e+04
1.657545e+04 1.484037e+02 1.672385e+04
1.658459e+04 1.392681e+02 1.672386e+04
1.659337e+04 1.304966e+02 1.672386e+04
1.660180e+04 1.220569e+02 1.672386e+04
1.660991e+04 1.139480e+02 1.672386e+04
1.661769e+04 1.061671e+02 1.672386e+04
1.662516e+04 9.870276e+01 1.672386e+04
1.663231e+04 9.155684e+01 1.672386e+04
1.663915e+04 8.471617e+01 1.672387e+04
1.664568e+04 7.818485e+01 1.672387e+04
1.665190e+04 7.196174e+01 1.672387e+04
1.665782e+04 6.603990e+01 1.672386e+04
1.666343e+04 6.042867e+01 1.672386e+04
1.666874e+04 5.512007e+01 1.672386e+04
1.667375e+04 5.011062e+01 1.672386e+04
1.667847e+04 4.539583e+01 1.672386e+04
1.668290e+04 4.097011e+01 1.672387e+04
1.668704e+04 3.682683e+01 1.672387e+04
1.669091e+04 3.295284e+01 1.672386e+04
1.669451e+04 2.935050e+01 1.672386e+04
1.669786e+04 2.600520e+01 1.672386e+04
1.670096e+04 2.291249e+01 1.672387e+04
1.670382e+04 2.005098e+01 1.672387e+04
1.670646e+04 1.741538e+01 1.672387e+04
1.670888e+04 1.499462e+01 1.672387e+04
1.671110e+04 1.277756e+01 1.672387e+04
1.671312e+04 1.075302e+01 1.672388e+04
1.671497e+04 8.909911e+00 1.672388e+04
1.671664e+04 7.237330e+00 1.672388e+04
1.671815e+04 5.724618e+00 1.672388e+04
1.671952e+04 4.361427e+00 1.672388e+04
1.672074e+04 3.143176e+00 1.672388e+04
1.672184e+04 2.049373e+00 1.672389e+04
1.672281e+04 1.076338e+00 1.672389e+04
1.672367e+04 2.153428e-01 1.672389e+04
1.672443e+04 -5.364404e-01 1.672389e+04
1.672509e+04 -1.197792e+00 1.672389e+04
1.672567e+04 -1.776064e+00 1.672389e+04
1.672616e+04 -2.267222e+00 1.672389e+04
1.672657e+04 -2.683285e+00 1.672389e+04
1.672692e+04 -3.030350e+00 1.672389e+04
1.672720e+04 -3.313958e+00 1.672389e+04
1.672743e+04 -3.533852e+00 1.672390e+04
1.672760e+04 -3.711321e+00 1.672389e+04
1.672773e+04 -3.834351e+00 1.672389e+04
1.672780e+04 -3.912516e+00 1.672389e+04
1.672784e+04 -3.949636e+00 1.672389e+04
1.672784e+04 -3.949225e+00 1.672389e+04
1.672781e+04 -3.914506e+00 1.672389e+04
1.672774e+04 -3.848429e+00 1.672389e+04
1.672765e+04 -3.753678e+00 1.672389e+04
1.672753e+04 -3.632687e+00 1.672389e+04
1.672738e+04 -3.487640e+00 1.672389e+04
1.672721e+04 -3.320481e+00 1.672389e+04
1.672703e+04 -3.132903e+00 1.672389e+04
1.672682e+04 -2.926343e+00 1.672389e+04
1.672660e+04 -2.707482e+00 1.672389e+04
1.672636e+04 -2.466372e+00 1.672389e+04
1.672610e+04 -2.208796e+00 1.672389e+04
1.672582e+04 -1.934826e+00 1.672389e+04
1.672553e+04 -1.644011e+00 1.672389e+04
1.672522e+04 -1.329772e+00 1.672389e+04
1.672490e+04 -1.001172e+00 1.672389e+04
1.672454e+04 -6.496493e-01 1.672389e+04
1.672416e+04 -2.763660e-01 1.672389e+04
1.672375e+04 1.415758e-01 1.672389e+04
1.672329e+04 5.966852e-01 1.672389e+04
1.672278e+04 1.112277e+00 1.672390e+04
1.672220e+04 1.694351e+00 1.672389e+04
1.672152e+04 2.371747e+00 1.672389e+04
1.672071e+04 3.176378e+00 1.672389e+04
1.671973e+04 4.151951e+00 1.672388e+04
1.671852e+04 5.358400e+00 1.672388e+04
1.671699e+04 6.872484e+00 1.672386e+04
1.671503e+04 8.818551e+00 1.672385e+04
1.671248e+04 1.134775e+01 1.672383e+04
1.670913e+04 1.467689e+01 1.672381e+04
1.670466e+04 1.910709e+01 1.672377e+04
1.669866e+04 2.505782e+01 1.672372e+04
1.669054e+04 3.311478e+01 1.672365e+04
1.667946e+04 4.409170e+01 1.672355e+04
1.666427e+04 5.914088e+01 1.672342e+04
1.664336e+04 7.987154e+01 1.672323e+04
1.661446e+04 1.085121e+02 1.672297e+04
1.657447e+04 1.481488e+02 1.672261e+04
1.651915e+04 2.029826e+02 1.672213e+04
1.644293e+04 2.785845e+02 1.672151e+04
1.633872e+04 3.820246e+02 1.672075e+04
1.619835e+04 5.215548e+02 1.671990e+04
1.601377e+04 7.053965e+02 1.671917e+04
1.578019e+04 9.387163e+02 1.671891e+04
1.550154e+04 1.218138e+03 1.671968e+04
1.519766e+04 1.524278e+03 1.672194e+04
1.490935e+04 1.816189e+03 1.672554e+04
1.469353e+04 2.035615e+03 1.672915e+04
1.460355e+04 2.127200e+03 1.673075e+04
1.466222e+04 2.067025e+03 1.672925e+04
1.484807e+04 1.877508e+03 1.672558e+04
1.510707e+04 1.614661e+03 1.672173e+04
1.537917e+04 1.339935e+03 1.671910e+04
1.561878e+04 1.099117e+03 1.671790e+04
1.580035e+04 9.172851e+02 1.671764e+04
1.591337e+04 8.043526e+02 1.671772e+04
1.595459e+04 7.631095e+02 1.671770e+04
1.592183e+04 7.955022e+02 1.671733e+04
1.581021e+04 9.062869e+02 1.671649e+04
1.561090e+04 1.104358e+03 1.671526e+04
1.531239e+04 1.401501e+03 1.671389e+04
1.490552e+04 1.807574e+03 1.671309e+04
1.439415e+04 2.319903e+03 1.671405e+04
1.381156e+04 2.906506e+03 1.671807e+04
1.323525e+04 3.489962e+03 1.672521e+04
1.278129e+04 3.951394e+03 1.673269e+04
1.256170e+04 4.174135e+03 1.673584e+04
1.262270e+04 4.109794e+03 1.673250e+04
1.291759e+04 3.807771e+03 1.672536e+04
1.334002e+04 3.378623e+03 1.671864e+04
1.378143e+04 2.933104e+03 1.671453e+04
1.416613e+04 2.546842e+03 1.671297e+04
1.445656e+04 2.256616e+03 1.671318e+04
1.464442e+04 2.070046e+03 1.671447e+04
1.474129e+04 1.975190e+03 1.671648e+04
1.477230e+04 1.946682e+03 1.671898e+04
1.477142e+04 1.950214e+03 1.672164e+04
1.477550e+04 1.948425e+03 1.672393e+04
1.481596e+04 1.909298e+03 1.672526e+04
1.491046e+04 1.814899e+03 1.672536e+04
1.505885e+04 1.665611e+03 1.672446e+04
1.524611e+04 1.477031e+03 1.672314e+04
1.545033e+04 1.271644e+03 1.672198e+04
1.565089e+04 1.070384e+03 1.672127e+04
1.583327e+04 8.877790e+02 1.672105e+04
1.599006e+04 7.311182e+02 1.672118e+04
1.611952e+04 6.019907e+02 1.672151e+04
1.622344e+04 4.984771e+02 1.672191e+04
1.630531e+04 4.170001e+02 1.672231e+04
1.636911e+04 3.535490e+02 1.672266e+04
1.641860e+04 3.043508e+02 1.672295e+04
1.645701e+04 2.661624e+02 1.672318e+04
1.648701e+04 2.363454e+02 1.672336e+04
1.651066e+04 2.128296e+02 1.672349e+04
1.652956e+04 1.940384e+02 1.672360e+04
1.654489e+04 1.787759e+02 1.672367e+04
1.655755e+04 1.661744e+02 1.672372e+04
1.656816e+04 1.555995e+02 1.672376e+04
1.657719e+04 1.465951e+02 1.672379e+04
1.658497e+04 1.388367e+02 1.672381e+04
1.659173e+04 1.320938e+02 1.672382e+04
1.659763e+04 1.262020e+02 1.672383e+04
1.660280e+04 1.210430e+02 1.672384e+04
1.660732e+04 1.165284e+02 1.672385e+04
1.661126e+04 1.125899e+02 1.672385e+04
1.661468e+04 1.091713e+02 1.672386e+04
1.661764e+04 1.062184e+02 1.672385e+04
1.662016e+04 1.036919e+02 1.672385e+04
1.662230e+04 1.015555e+02 1.672386e+04
1.662410e+04 9.976321e+01 1.672386e+04
1.662559e+04 9.827537e+01 1.672386e+04
1.662681e+04 9.705330e+01 1.672387e+04
1.662781e+04 9.605930e+01 1.672387e+04
1.662862e+04 9.525683e+01 1.672387e+04
1.662926e+04 9.460524e+01 1.672387e+04
1.662979e+04 9.407634e+01 1.672387e+04
1.663023e+04 9.364377e+01 1.672387e+04
1.663060e+04 9.327205e+01 1.672387e+04
1.663094e+04 9.293315e+01 1.672387e+04
1.663127e+04 9.259568e+01 1.672387e+04
1.663163e+04 9.224686e+01 1.672387e+04
1.663201e+04 9.186539e+01 1.672388e+04
1.663246e+04 9.142147e+01 1.672388e+04
1.663298e+04 9.090451e+01 1.672388e+04
1.663358e+04 9.030124e+01 1.672388e+04
1.663428e+04 8.960144e+01 1.672388e+04
1.663509e+04 8.879809e+01 1.672388e+04
1.663600e+04 8.789302e+01 1.672389e+04
1.663701e+04 8.687511e+01 1.672389e+04
1.663814e+04 8.575324e+01 1.672389e+04
1.663935e+04 8.453437e+01 1.672389e+04
1.664066e+04 8.322902e+01 1.672389e+04
1.664204e+04 8.185107e+01 1.672389e+04
1.664347e+04 8.041766e+01 1.672389e+04
1.664493e+04 7.894892e+01 1.672388e+04
1.664641e+04 7.746767e+01 1.672388e+04
1.664788e+04 7.599914e+01 1.672388e+04
1.664931e+04 7.457604e+01 1.672388e+04
1.665066e+04 7.321636e+01 1.672388e+04
1.665192e+04 7.195607e+01 1.672388e+04
1.665305e+04 7.082671e+01 1.672388e+04
1.665401e+04 6.986075e+01 1.672387e+04
1.665478e+04 6.909137e+01 1.672387e+04
1.665531e+04 6.855241e+01 1.672387e+04
1.665559e+04 6.828379e+01 1.672387e+04
1.665556e+04 6.830965e+01 1.672387e+04
1.665519e+04 6.866586e+01 1.672386e+04
1.665445e+04 6.940025e+01 1.672385e+04
1.665331e+04 7.054530e+01 1.672385e+04
1.665171e+04 7.214036e+01 1.672385e+04
1.664962e+04 7.423172e+01 1.672385e+04
1.664699e+04 7.685130e+01 1.672385e+04
1.664379e+04 8.005507e+01 1.672385e+04
1.663996e+04 8.388454e+01 1.672385e+04
1.663546e+04 8.838376e+01 1.672384e+04
1.663023e+04 9.360979e+01 1.672384e+04
1.662422e+04 9.961610e+01 1.672383e+04
1.661737e+04 1.064629e+02 1.672383e+04
1.660963e+04 1.141948e+02 1.672383e+04
1.660095e+04 1.228667e+02 1.672382e+04
1.659127e+04 1.325423e+02 1.672381e+04
1.658054e+04 1.432648e+02 1.672381e+04
1.656873e+04 1.550759e+02 1.672380e+04
1.655579e+04 1.680072e+02 1.672380e+04
1.654172e+04 1.820820e+02 1.672380e+04
1.652651e+04 1.972882e+02 1.672380e+04
1.651019e+04 2.136181e+02 1.672381e+04
1.649282e+04 2.309959e+02 1.672381e+04
1.647447e+04 2.493445e+02 1.672382e+04
1.645529e+04 2.685352e+02 1.672383e+04
1.643544e+04 2.883888e+02 1.672383e+04
1.641515e+04 3.086942e+02 1.672385e+04
1.639469e+04 3.291744e+02 1.672387e+04
1.637438e+04 3.495095e+02 1.672389e+04
1.635457e+04 3.693372e+02 1.672391e+04
1.633567e+04 3.882612e+02 1.672394e+04
1.631810e+04 4.058657e+02 1.672396e+04
1.630225e+04 4.217318e+02 1.672399e+04
1.628855e+04 4.354587e+02 1.672401e+04
1.627734e+04 4.466846e+02 1.672403e+04
1.626893e+04 4.551086e+02 1.672404e+04
1.626354e+04 4.605086e+02 1.672405e+04
1.626130e+04 4.627552e+02 1.672405e+04
1.626223e+04 4.618191e+02 1.672405e+04
1.626627e+04 4.577709e+02 1.672404e+04
1.627325e+04 4.507744e+02 1.672402e+04
1.628293e+04 4.410734e+02 1.672400e+04
1.629501e+04 4.289741e+02 1.672398e+04
1.630913e+04 4.148257e+02 1.672396e+04
1.632494e+04 3.989939e+02 1.672393e+04
1.634205e+04 3.818647e+02 1.672391e+04
1.636010e+04 3.637953e+02 1.672389e+04
1.637875e+04 3.451292e+02 1.672388e+04
1.639771e+04 3.261542e+02 1.672386e+04
1.641669e+04 3.071527e+02 1.672385e+04
1.643549e+04 2.883503e+02 1.672384e+04
1.645392e+04 2.699270e+02 1.672384e+04
1.647181e+04 2.520201e+02 1.672383e+04
1.648907e+04 2.347658e+02 1.672384e+04
1.650560e+04 2.182332e+02 1.672383e+04
1.652135e+04 2.024881e+02 1.672383e+04
1.653626e+04 1.875766e+02 1.672384e+04
1.655033e+04 1.735183e+02 1.672385e+04
1.656353e+04 1.603224e+02 1.672385e+04
1.657585e+04 1.480019e+02 1.672385e+04
1.658729e+04 1.365618e+02 1.672385e+04
1.659784e+04 1.260078e+02 1.672385e+04
1.660750e+04 1.163512e+02 1.672385e+04
1.661624e+04 1.076123e+02 1.672385e+04
1.662402e+04 9.982021e+01 1.672384e+04
1.663079e+04 9.303510e+01 1.672383e+04
1.663648e+04 8.734964e+01 1.672383e+04
1.664095e+04 8.286525e+01 1.672381e+04
1.664404e+04 7.975300e+01 1.672379e+04
1.664553e+04 7.824722e+01 1.672377e+04
1.664509e+04 7.864965e+01 1.672374e+04
1.664230e+04 8.138979e+01 1.672369e+04
1.663659e+04 8.703985e+01 1.672363e+04
1.662717e+04 9.636976e+01 1.672354e+04
1.661301e+04 1.104134e+02 1.672343e+04
1.659271e+04 1.305566e+02 1.672327e+04
1.656441e+04 1.586535e+02 1.672306e+04
1.652561e+04 1.971700e+02 1.672278e+04
1.647302e+04 2.493988e+02 1.672242e+04
1.640231e+04 3.196236e+02 1.672194e+04
1.630792e+04 4.134036e+02 1.672132e+04
1.618284e+04 5.377197e+02 1.672056e+04
1.601871e+04 7.009533e+02 1.671966e+04
1.580634e+04 9.123693e+02 1.671871e+04
1.553731e+04 1.180605e+03 1.671792e+04
1.520720e+04 1.510445e+03 1.671764e+04
1.482117e+04 1.897273e+03 1.671844e+04
1.440131e+04 2.319506e+03 1.672082e+04
1.399234e+04 2.732418e+03 1.672475e+04
1.365895e+04 3.070215e+03 1.672916e+04
1.346868e+04 3.263371e+03 1.673205e+04
1.346421e+04 3.267639e+03 1.673185e+04
1.364280e+04 3.085986e+03 1.672879e+04
1.395916e+04 2.765453e+03 1.672462e+04
1.434851e+04 2.372571e+03 1.672108e+04
1.475149e+04 1.967475e+03 1.671897e+04
1.512739e+04 1.590813e+03 1.671820e+04
1.545512e+04 1.263223e+03 1.671834e+04
1.572823e+04 9.907334e+02 1.671896e+04
1.594894e+04 7.708168e+02 1.671975e+04
1.612358e+04 5.969587e+02 1.672054e+04
1.625982e+04 4.614281e+02 1.672125e+04
1.636506e+04 3.567789e+02 1.672184e+04
1.644583e+04 2.764928e+02 1.672232e+04
1.650753e+04 2.151644e+02 1.672269e+04
1.655453e+04 1.684577e+02 1.672299e+04
1.659024e+04 1.329614e+02 1.672321e+04
1.661733e+04 1.060413e+02 1.672337e+04
1.663783e+04 8.568041e+01 1.672351e+04
1.665329e+04 7.031168e+01 1.672361e+04
1.666492e+04 5.876387e+01 1.672369e+04
1.667362e+04 5.012579e+01 1.672374e+04
1.668007e+04 4.371715e+01 1.672379e+04
1.668480e+04 3.901505e+01 1.672382e+04
1.668822e+04 3.562022e+01 1.672385e+04
1.669064e+04 3.322171e+01 1.672386e+04
1.669228e+04 3.159628e+01 1.672387e+04
1.669333e+04 3.055849e+01 1.672389e+04
1.669392e+04 2.996973e+01 1.672389e+04
1.669418e+04 2.971737e+01 1.672390e+04
1.669417e+04 2.972953e+01 1.672390e+04
1.669397e+04 2.993643e+01 1.672390e+04
1.669362e+04 3.028794e+01 1.672391e+04
1.669317e+04 3.073940e+01 1.672391e+04
1.669264e+04 3.126541e+01 1.672390e+04
1.669206e+04 3.184723e+01 1.672390e+04
1.669144e+04 3.246012e+01 1.672390e+04
1.669082e+04 3.308860e+01 1.672391e+04
1.669019e+04 3.372012e+01 1.672391e+04
1.668956e+04 3.434439e+01 1.672391e+04
1.668895e+04 3.494732e+01 1.672390e+04
1.668837e+04 3.553255e+01 1.672390e+04
1.668781e+04 3.608278e+01 1.672390e+04
1.668729e+04 3.660357e+01 1.672390e+04
1.668681e+04 3.707900e+01 1.672389e+04
1.668638e+04 3.751565e+01 1.672389e+04
1.668599e+04 3.790410e+01 1.672389e+04
1.668565e+04 3.824069e+01 1.672389e+04
1.668537e+04 3.852210e+01 1.672389e+04
1.668515e+04 3.875078e+01 1.672390e+04
1.668499e+04 3.891307e+01 1.672390e+04
1.668489e+04 3.901211e+01 1.672390e+04
1.668485e+04 3.904587e+01 1.672390e+04
1.668489e+04 3.901271e+01 1.672390e+04
1.668499e+04 3.890587e+01 1.672389e+04
1.668516e+04 3.873552e+01 1.672389e+04
1.668540e+04 3.849580e+01 1.672389e+04
1.668571e+04 3.818676e+01 1.672389e+04
1.668609e+04 3.780893e+01 1.672389e+04
1.668653e+04 3.736327e+01 1.672389e+04
1.668704e+04 3.685120e+01 1.672389e+04
1.668762e+04 3.627459e+01 1.672389e+04
1.668826e+04 3.563572e+01 1.672389e+04
1.668896e+04 3.493168e+01 1.672389e+04
1.668971e+04 3.417654e+01 1.672389e+04
1.669052e+04 3.336822e+01 1.672389e+04
1.669138e+04 3.251037e+01 1.672389e+04
1.669228e+04 3.160689e+01 1.672389e+04
1.669322e+04 3.066188e+01 1.672389e+04
1.669421e+04 2.967960e+01 1.672389e+04
1.669522e+04 2.866439e+01 1.672389e+04
1.669626e+04 2.762070e+01 1.672389e+04
1.669733e+04 2.655295e+01 1.672389e+04
1.669842e+04 2.546001e+01 1.672388e+04
1.669952e+04 2.435723e+01 1.672388e+04
1.670064e+04 2.324875e+01 1.672388e+04
1.670176e+04 2.212784e+01 1.672388e+04
1.670288e+04 2.100395e+01 1.672388e+04
1.670400e+04 1.987526e+01 1.672388e+04
1.670512e+04 1.875637e+01 1.672388e+04
1.670623e+04 1.764515e+01 1.672388e+04
1.670733e+04 1.654472e+01 1.672388e+04
1.670842e+04 1.546340e+01 1.672388e+04
1.670949e+04 1.439279e+01 1.672388e+04
1.671054e+04 1.333519e+01 1.672388e+04
1.671157e+04 1.230377e+01 1.672388e+04
1.671258e+04 1.129493e+01 1.672388e+04
1.671357e+04 1.031029e+01 1.672388e+04
1.671453e+04 9.351259e+00 1.672388e+04
1.671546e+04 8.419000e+00 1.672388e+04
1.671636e+04 7.514482e+00 1.672388e+04
1.671724e+04 6.638474e+00 1.672388e+04
1.671808e+04 5.796924e+00 1.672388e+04
1.671890e+04 4.979383e+00 1.672388e+04
1.671969e+04 4.186110e+00 1.672388e+04
1.672045e+04 3.428148e+00 1.672388e+04
1.672118e+04 2.700054e+00 1.672388e+04
1.672187e+04 1.996167e+00 1.672387e+04
1.672254e+04 1.327202e+00 1.672387e+04
1.672318e+04 6.874101e-01 1.672387e+04
1.672379e+04 8.185801e-02 1.672388e+04
1.672438e+04 -5.010152e-01 1.672388e+04
1.672493e+04 -1.056115e+00 1.672388e+04
1.672546e+04 -1.584018e+00 1.672388e+04
1.672596e+04 -2.085337e+00 1.672388e+04
1.672644e+04 -2.560713e+00 1.672388e+04
1.672689e+04 -3.010811e+00 1.672388e+04
1.672731e+04 -3.441952e+00 1.672387e+04
1.672772e+04 -3.843714e+00 1.672387e+04
1.672809e+04 -4.227844e+00 1.672387e+04
1.672845e+04 -4.584132e+00 1.672387e+04
1.672878e+04 -4.918574e+00 1.672387e+04
1.672910e+04 -5.231834e+00 1.672387e+04
1.672939e+04 -5.524560e+00 1.672387e+04
1.672966e+04 -5.797380e+00 1.672387e+04
1.672992e+04 -6.050896e+00 1.672387e+04
1.673015e+04 -6.285687e+00 1.672387e+04
1.673037e+04 -6.502302e+00 1.672387e+04
1.673057e+04 -6.701254e+00 1.672387e+04
1.673075e+04 -6.883026e+00 1.672387e+04
1.673091e+04 -7.048059e+00 1.672387e+04
1.673106e+04 -7.196752e+00 1.672387e+04
1.673120e+04 -7.329461e+00 1.672387e+04
1.673131e+04 -7.441083e+00 1.672387e+04
1.673142e+04 -7.542787e+00 1.672387e+04
1.673150e+04 -7.629248e+00 1.672387e+04
1.673157e+04 -7.700586e+00 1.672387e+04
1.673163e+04 -7.762348e+00 1.672387e+04
1.673167e+04 -7.803570e+00 1.672387e+04
1.673170e+04 -7.835175e+00 1.672386e+04
1.673171e+04 -7.840419e+00 1.672387e+04
1.673170e+04 -7.835427e+00 1.672387e+04
1.673168e+04 -7.814081e+00 1.672387e+04
1.673164e+04 -7.775719e+00 1.672387e+04
1.673159e+04 -7.719496e+00 1.672387e+04
1.673151e+04 -7.644356e+00 1.672387e+04
1.673142e+04 -7.549000e+00 1.672387e+04
1.673130e+04 -7.431853e+00 1.672387e+04
1.673116e+04 -7.291021e+00 1.672387e+04
1.673099e+04 -7.124241e+00 1.672387e+04
1.673079e+04 -6.928831e+00 1.672387e+04
1.673057e+04 -6.707208e+00 1.672386e+04
1.673030e+04 -6.444653e+00 1.672386e+04
1.673000e+04 -6.142244e+00 1.672386e+04
1.672965e+04 -5.794909e+00 1.672386e+04
1.672925e+04 -5.396759e+00 1.672386e+04
1.672880e+04 -4.940965e+00 1.672386e+04
1.672828e+04 -4.419642e+00 1.672386e+04
1.672768e+04 -3.823701e+00 1.672386e+04
1.672700e+04 -3.142693e+00 1.672385e+04
1.672622e+04 -2.364646e+00 1.672385e+04
1.672533e+04 -1.475866e+00 1.672385e+04
1.672431e+04 -4.607406e-01 1.672385e+04
1.672315e+04 6.984837e-01 1.672385e+04
1.672182e+04 2.027402e+00 1.672385e+04
1.672031e+04 3.537799e+00 1.672385e+04
1.671859e+04 5.260805e+00 1.672385e+04
1.671662e+04 7.225183e+00 1.672385e+04
1.671438e+04 9.468510e+00 1.672385e+04
1.671183e+04 1.201557e+01 1.672384e+04
1.670893e+04 1.491158e+01 1.672384e+04
1.670564e+04 1.820550e+01 1.672384e+04
1.670190e+04 2.193423e+01 1.672384e+04
1.669768e+04 2.615514e+01 1.672383e+04
1.669290e+04 3.092410e+01 1.672383e+04
1.668752e+04 3.630073e+01 1.672382e+04
1.668147e+04 4.234796e+01 1.672382e+04
1.667468e+04 4.913135e+01 1.672381e+04
1.666708e+04 5.671825e+01 1.672380e+04
1.665862e+04 6.518203e+01 1.672380e+04
1.664922e+04 7.457892e+01 1.672379e+04
1.663881e+04 8.497965e+01 1.672379e+04
1.662734e+04 9.644570e+01 1.672378e+04
1.661474e+04 1.090337e+02 1.672377e+04
1.660097e+04 1.227893e+02 1.672376e+04
1.658599e+04 1.377696e+02 1.672375e+04
1.656973e+04 1.540125e+02 1.672375e+04
1.655217e+04 1.715578e+02 1.672373e+04
1.653325e+04 1.904717e+02 1.672372e+04
1.651288e+04 2.108318e+02 1.672371e+04
1.649095e+04 2.327452e+02 1.672369e+04
1.646726e+04 2.563984e+02 1.672366e+04
1.644156e+04 2.820584e+02 1.672362e+04
1.641343e+04 3.101321e+02 1.672356e+04
1.638233e+04 3.411647e+02 1.672349e+04
1.634752e+04 3.758877e+02 1.672341e+04
1.630808e+04 4.152219e+02 1.672330e+04
1.626293e+04 4.602558e+02 1.672318e+04
1.621089e+04 5.121716e+02 1.672306e+04
1.615086e+04 5.720950e+02 1.672296e+04
1.608204e+04 6.408441e+02 1.672289e+04
1.600432e+04 7.185625e+02 1.672289e+04
1.591874e+04 8.042543e+02 1.672300e+04
1.582794e+04 8.953011e+02 1.672324e+04
1.573650e+04 9.871241e+02 1.672362e+04
1.565086e+04 1.073236e+03 1.672409e+04
1.557865e+04 1.145924e+03 1.672457e+04
1.552730e+04 1.197632e+03 1.672493e+04
1.550227e+04 1.222783e+03 1.672505e+04
1.550547e+04 1.219413e+03 1.672488e+04
1.553452e+04 1.189929e+03 1.672445e+04
1.558326e+04 1.140619e+03 1.672388e+04
1.564313e+04 1.080150e+03 1.672328e+04
1.570508e+04 1.017683e+03 1.672276e+04
1.576110e+04 9.612971e+02 1.672239e+04
1.580514e+04 9.170333e+02 1.672217e+04
1.583346e+04 8.886464e+02 1.672210e+04
1.584450e+04 8.776608e+02 1.672216e+04
1.583859e+04 8.837097e+02 1.672230e+04
1.581768e+04 9.048567e+02 1.672254e+04
1.578502e+04 9.378244e+02 1.672284e+04
1.574495e+04 9.782516e+02 1.672320e+04
1.570261e+04 1.020976e+03 1.672359e+04
1.566355e+04 1.060415e+03 1.672396e+04
1.563314e+04 1.091150e+03 1.672429e+04
1.561598e+04 1.108532e+03 1.672452e+04
1.561529e+04 1.109332e+03 1.672462e+04
1.563244e+04 1.092159e+03 1.672460e+04
1.566695e+04 1.057523e+03 1.672447e+04
1.571668e+04 1.007593e+03 1.672427e+04
1.577838e+04 9.456554e+02 1.672404e+04
1.584833e+04 8.754867e+02 1.672382e+04
1.592285e+04 8.007817e+02 1.672363e+04
1.599874e+04 7.247567e+02 1.672349e+04
1.607345e+04 6.499500e+02 1.672340e+04
1.614517e+04 5.781881e+02 1.672336e+04
1.621268e+04 5.106616e+02 1.672334e+04
1.627529e+04 4.480526e+02 1.672334e+04
1.633269e+04 3.906691e+02 1.672336e+04
1.638482e+04 3.385635e+02 1.672339e+04
1.643179e+04 2.916186e+02 1.672341e+04
1.647381e+04 2.496332e+02 1.672344e+04
1.651114e+04 2.123316e+02 1.672347e+04
1.654410e+04 1.794159e+02 1.672351e+04
1.657299e+04 1.505548e+02 1.672354e+04
1.659815e+04 1.254253e+02 1.672357e+04
1.661990e+04 1.036978e+02 1.672360e+04
1.663858e+04 8.504648e+01 1.672363e+04
1.665450e+04 6.915452e+01 1.672366e+04
1.666796e+04 5.571791e+01 1.672368e+04
1.667925e+04 4.445468e+01 1.672371e+04
1.668864e+04 3.508625e+01 1.672373e+04
1.669638e+04 2.737219e+01 1.672375e+04
1.670268e+04 2.108942e+01 1.672377e+04
1.670774e+04 1.603810e+01 1.672378e+04
1.671175e+04 1.204126e+01 1.672379e+04
1.671486e+04 8.943762e+00 1.672380e+04
1.671720e+04 6.610892e+00 1.672381e+04
1.671890e+04 4.926681e+00 1.672382e+04
1.672004e+04 3.792039e+00 1.672383e+04
1.672071e+04 3.122876e+00 1.672384e+04
1.672099e+04 2.848264e+00 1.672384e+04
1.672094e+04 2.908695e+00 1.672384e+04
1.672059e+04 3.254478e+00 1.672385e+04
1.672001e+04 3.844287e+00 1.672385e+04
1.671921e+04 4.643875e+00 1.672385e+04
1.671823e+04 5.624943e+00 1.672385e+04
1.671709e+04 6.769597e+00 1.672386e+04
1.671582e+04 8.047686e+00 1.672386e+04
1.671442e+04 9.448901e+00 1.672386e+04
1.671290e+04 1.095474e+01 1.672386e+04
1.671129e+04 1.256528e+01 1.672386e+04
1.670959e+04 1.426074e+01 1.672386e+04
1.670781e+04 1.604460e+01 1.672386e+04
1.670595e+04 1.790512e+01 1.672386e+04
1.670402e+04 1.984228e+01 1.672386e+04
1.670202e+04 2.184037e+01 1.672386e+04
1.669996e+04 2.390056e+01 1.672386e+04
1.669784e+04 2.602420e+01 1.672387e+04
1.669567e+04 2.819658e+01 1.672387e+04
1.669345e+04 3.041931e+01 1.672387e+04
1.669118e+04 3.268849e+01 1.672387e+04
1.668887e+04 3.500001e+01 1.672387e+04
1.668652e+04 3.734953e+01 1.672387e+04
1.668414e+04 3.973240e+01 1.672387e+04
1.668173e+04 4.214360e+01 1.672387e+04
1.667929e+04 4.457771e+01 1.672387e+04
1.667684e+04 4.702886e+01 1.672387e+04
1.667438e+04 4.948520e+01 1.672387e+04
1.667192e+04 5.195098e+01 1.672387e+04
1.666945e+04 5.441897e+01 1.672387e+04
1.666700e+04 5.687064e+01 1.672387e+04
1.666457e+04 5.929799e+01 1.672387e+04
1.666217e+04 6.170366e+01 1.672387e+04
1.665980e+04 6.407367e+01 1.672387e+04
1.665747e+04 6.639929e+01 1.672387e+04
1.665520e+04 6.867170e+01 1.672387e+04
1.665299e+04 7.088209e+01 1.672387e+04
1.665085e+04 7.302172e+01 1.672387e+04
1.664879e+04 7.507653e+01 1.672387e+04
1.664682e+04 7.704412e+01 1.672386e+04
1.664494e+04 7.892242e+01 1.672386e+04
1.664316e+04 8.069900e+01 1.672386e+04
1.664150e+04 8.236763e+01 1.672386e+04
1.663994e+04 8.392293e+01 1.672386e+04
1.663850e+04 8.536047e+01 1.672386e+04
1.663719e+04 8.667685e+01 1.672386e+04
1.663599e+04 8.786981e+01 1.672386e+04
1.663492e+04 8.893827e+01 1.672386e+04
1.663398e+04 8.989317e+01 1.672387e+04
1.663316e+04 9.071398e+01 1.672387e+04
1.663246e+04 9.141434e+01 1.672387e+04
1.663187e+04 9.199801e+01 1.672387e+04
1.663140e+04 9.246983e+01 1.672387e+04
1.663104e+04 9.283568e+01 1.672387e+04
1.663077e+04 9.310225e+01 1.672387e+04
1.663059e+04 9.327695e+01 1.672387e+04
1.663050e+04 9.336762e+01 1.672387e+04
1.663049e+04 9.338231e+01 1.672387e+04
1.663054e+04 9.333446e+01 1.672387e+04
1.663065e+04 9.322065e+01 1.672387e+04
1.663082e+04 9.305316e+01 1.672387e+04
1.663103e+04 9.283766e+01 1.672387e+04
1.663129e+04 9.257835e+01 1.672387e+04
1.663159e+04 9.227757e+01 1.672387e+04
1.663194e+04 9.192447e+01 1.672386e+04
1.663232e+04 9.153334e+01 1.672386e+04
1.663276e+04 9.109942e+01 1.672386e+04
1.663325e+04 9.060987e+01 1.672386e+04
1.663380e+04 9.005471e+01 1.672386e+04
1.663444e+04 8.942158e+01 1.672386e+04
1.663517e+04 8.870160e+01 1.672387e+04
1.663600e+04 8.786790e+01 1.672387e+04
1.663696e+04 8.690938e+01 1.672387e+04
1.663806e+04 8.579821e+01 1.672386e+04
1.663932e+04 8.454046e+01 1.672386e+04
1.664075e+04 8.310552e+01 1.672386e+04
1.664237e+04 8.149284e+01 1.672386e+04
1.664417e+04 7.969429e+01 1.672386e+04
1.664617e+04 7.769473e+01 1.672386e+04
1.664836e+04 7.550019e+01 1.672386e+04
1.665075e+04 7.311598e+01 1.672386e+04
1.665331e+04 7.055223e+01 1.672386e+04
1.665604e+04 6.782371e+01 1.672386e+04
1.665891e+04 6.494936e+01 1.672386e+04
1.666191e+04 6.195161e+01 1.672386e+04
1.666500e+04 5.885562e+01 1.672386e+04
1.666816e+04 5.568835e+01 1.672385e+04
1.667137e+04 5.248304e+01 1.672386e+04
1.667460e+04 4.925086e+01 1.672385e+04
1.667781e+04 4.603535e+01 1.672385e+04
1.668099e+04 4.285632e+01 1.672385e+04
1.668411e+04 3.974214e+01 1.672385e+04
1.668715e+04 3.669680e+01 1.672384e+04
1.669009e+04 3.375408e+01 1.672384e+04
1.669292e+04 3.092276e+01 1.672384e+04
1.669563e+04 2.821938e+01 1.672385e+04
1.669820e+04 2.564112e+01 1.672384e+04
1.670065e+04 2.319873e+01 1.672384e+04
1.670295e+04 2.089493e+01 1.672384e+04
1.670511e+04 1.872471e+01 1.672384e+04
1.670714e+04 1.669758e+01 1.672384e+04
1.670904e+04 1.480501e+01 1.672384e+04
1.671080e+04 1.304270e+01 1.672384e+04
1.671244e+04 1.141069e+01 1.672385e+04
1.671395e+04 9.886726e+00 1.672384e+04
1.671536e+04 8.486218e+00 1.672385e+04
1.671666e+04 7.186042e+00 1.672385e+04
1.671786e+04 5.985080e+00 1.672385e+04
1.671897e+04 4.876656e+00 1.672385e+04
1.672000e+04 3.859725e+00 1.672386e+04
1.672094e+04 2.916965e+00 1.672386e+04
1.672181e+04 2.048053e+00 1.672386e+04
1.672261e+04 1.247401e+00 1.672386e+04
1.672335e+04 5.097975e-01 1.672386e+04
1.672403e+04 -1.695887e-01 1.672386e+04
1.672465e+04 -7.952047e-01 1.672386e+04
1.672523e+04 -1.365734e+00 1.672386e+04
1.672576e+04 -1.895799e+00 1.672386e+04
1.672625e+04 -2.388866e+00 1.672386e+04
1.672670e+04 -2.831427e+00 1.672386e+04
1.672711e+04 -3.242759e+00 1.672386e+04
1.672748e+04 -3.619758e+00 1.672387e+04
1.672783e+04 -3.964644e+00 1.672387e+04
1.672814e+04 -4.279402e+00 1.672387e+04
1.672843e+04 -4.565803e+00 1.672387e+04
1.672869e+04 -4.825422e+00 1.672387e+04
1.672893e+04 -5.059653e+00 1.672387e+04
1.672914e+04 -5.269728e+00 1.672387e+04
1.672932e+04 -5.456727e+00 1.672387e+04
1.672949e+04 -5.616112e+00 1.672387e+04
1.672963e+04 -5.754318e+00 1.672388e+04
1.672975e+04 -5.877408e+00 1.672388e+04
1.672986e+04 -5.980435e+00 1.672388e+04
1.672994e+04 -6.063864e+00 1.672388e+04
1.673001e+04 -6.128055e+00 1.672388e+04
1.673005e+04 -6.173263e+00 1.672388e+04
1.673008e+04 -6.199637e+00 1.672388e+04
1.673008e+04 -6.207224e+00 1.672388e+04
1.673007e+04 -6.190493e+00 1.672388e+04
1.673004e+04 -6.154906e+00 1.672389e+04
1.672999e+04 -6.105551e+00 1.672389e+04
1.672992e+04 -6.036457e+00 1.672389e+04
1.672984e+04 -5.947071e+00 1.672389e+04
1.672972e+04 -5.836699e+00 1.672389e+04
1.672959e+04 -5.704490e+00 1.672389e+04
1.672944e+04 -5.555017e+00 1.672388e+04
1.672926e+04 -5.376001e+00 1.672388e+04
1.672905e+04 -5.171507e+00 1.672388e+04
1.672882e+04 -4.939895e+00 1.672388e+04
1.672856e+04 -4.684766e+00 1.672388e+04
1.672827e+04 -4.393246e+00 1.672388e+04
1.672794e+04 -4.068134e+00 1.672388e+04
1.672758e+04 -3.706657e+00 1.672388e+04
1.672718e+04 -3.300309e+00 1.672388e+04
1.672674e+04 -2.856463e+00 1.672388e+04
1.672625e+04 -2.365786e+00 1.672388e+04
1.672570e+04 -1.829480e+00 1.672387e+04
1.672511e+04 -1.231439e+00 1.672387e+04
1.672444e+04 -5.771730e-01 1.672387e+04
1.672372e+04 1.448034e-01 1.672386e+04
1.672291e+04 9.466416e-01 1.672386e+04
1.672203e+04 1.830294e+00 1.672386e+04
1.672106e+04 2.803858e+00 1.672386e+04
1.671998e+04 3.876210e+00 1.672386e+04
1.671880e+04 5.057056e+00 1.672386e+04
1.671750e+04 6.356970e+00 1.672386e+04
1.671607e+04 7.787439e+00 1.672386e+04
1.671449e+04 9.360895e+00 1.672385e+04
1.671276e+04 1.109074e+01 1.672385e+04
1.671086e+04 1.299136e+01 1.672385e+04
1.670877e+04 1.507811e+01 1.672385e+04
1.670648e+04 1.736731e+01 1.672385e+04
1.670397e+04 1.987618e+01 1.672385e+04
1.670122e+04 2.262274e+01 1.672385e+04
1.669822e+04 2.562572e+01 1.672384e+04
1.669494e+04 2.890431e+01 1.672384e+04
1.669136e+04 3.248877e+01 1.672385e+04
1.668747e+04 3.637670e+01 1.672385e+04
1.668325e+04 4.059814e+01 1.672385e+04
1.667867e+04 4.517111e+01 1.672385e+04
1.667373e+04 5.011205e+01 1.672384e+04
1.666841e+04 5.543514e+01 1.672384e+04
1.666269e+04 6.115139e+01 1.672384e+04
1.665657e+04 6.726220e+01 1.672383e+04
1.665005e+04 7.378014e+01 1.672383e+04
1.664314e+04 8.069492e+01 1.672383e+04
1.663584e+04 8.799390e+01 1.672383e+04
1.662818e+04 9.565529e+01 1.672383e+04
1.662019e+04 1.036468e+02 1.672384e+04
1.661191e+04 1.119242e+02 1.672384e+04
1.660341e+04 1.204360e+02 1.672385e+04
1.659475e+04 1.291006e+02 1.672385e+04
1.658602e+04 1.378389e+02 1.672386e+04
1.657731e+04 1.465522e+02 1.672386e+04
1.656874e+04 1.551294e+02 1.672387e+04
1.656043e+04 1.634421e+02 1.672387e+04
1.655251e+04 1.713704e+02 1.672388e+04
1.654512e+04 1.787723e+02 1.672389e+04
1.653839e+04 1.855107e+02 1.672390e+04
1.653245e+04 1.914524e+02 1.672391e+04
1.652744e+04 1.964736e+02 1.672391e+04
1.652345e+04 2.004651e+02 1.672392e+04
1.652059e+04 2.033377e+02 1.672392e+04
1.651890e+04 2.050261e+02 1.672393e+04
1.651843e+04 2.054929e+02 1.672393e+04
1.651919e+04 2.047304e+02 1.672392e+04
1.652116e+04 2.027715e+02 1.672393e+04
1.652428e+04 1.996459e+02 1.672393e+04
1.652848e+04 1.954427e+02 1.672392e+04
1.653365e+04 1.902628e+02 1.672391e+04
1.653968e+04 1.842199e+02 1.672390e+04
1.654643e+04 1.774574e+02 1.672389e+04
1.655377e+04 1.701096e+02 1.672388e+04
1.656155e+04 1.623194e+02 1.672387e+04
1.656964e+04 1.542271e+02 1.672387e+04
1.657789e+04 1.459675e+02 1.672386e+04
1.658619e+04 1.376659e+02 1.672385e+04
1.659441e+04 1.294369e+02 1.672385e+04
1.660246e+04 1.213820e+02 1.672384e+04
1.661025e+04 1.135900e+02 1.672384e+04
1.661770e+04 1.061365e+02 1.672383e+04
1.662475e+04 9.908491e+01 1.672383e+04
1.663134e+04 9.248709e+01 1.672383e+04
1.663744e+04 8.638486e+01 1.672383e+04
1.664301e+04 8.081134e+01 1.672383e+04
1.664803e+04 7.579246e+01 1.672383e+04
1.665248e+04 7.134839e+01 1.672382e+04
1.665633e+04 6.749495e+01 1.672382e+04
1.665958e+04 6.423937e+01 1.672382e+04
1.666222e+04 6.160341e+01 1.672382e+04
1.666423e+04 5.959134e+01 1.672382e+04
1.666560e+04 5.821269e+01 1.672382e+04
1.666634e+04 5.747808e+01 1.672382e+04
1.666642e+04 5.739327e+01 1.672381e+04
1.666583e+04 5.799270e+01 1.672382e+04
1.666456e+04 5.926324e+01 1.672382e+04
1.666259e+04 6.123145e+01 1.672382e+04
1.665990e+04 6.391409e+01 1.672381e+04
1.665648e+04 6.732869e+01 1.672381e+04
1.665232e+04 7.148732e+01 1.672381e+04
1.664739e+04 7.641812e+01 1.672380e+04
1.664167e+04 8.213104e+01 1.672380e+04
1.663516e+04 8.863881e+01 1.672380e+04
1.662785e+04 9.594480e+01 1.672379e+04
1.661973e+04 1.040638e+02 1.672379e+04
1.661080e+04 1.129991e+02 1.672380e+04
1.660108e+04 1.227205e+02 1.672380e+04
1.659057e+04 1.332244e+02 1.672380e+04
1.657930e+04 1.444910e+02 1.672380e+04
1.656730e+04 1.564987e+02 1.672379e+04
1.655456e+04 1.692280e+02 1.672379e+04
1.654112e+04 1.826695e+02 1.672379e+04
1.652694e+04 1.968331e+02 1.672378e+04
1.651200e+04 2.117622e+02 1.672377e+04
1.649620e+04 2.275492e+02 1.672375e+04
1.647937e+04 2.443551e+02 1.672372e+04
1.646126e+04 2.624293e+02 1.672369e+04
1.644151e+04 2.821226e+02 1.672364e+04
1.641966e+04 3.039231e+02 1.672358e+04
1.639509e+04 3.284186e+02 1.672351e+04
1.636712e+04 3.563219e+02 1.672344e+04
1.633499e+04 3.883817e+02 1.672337e+04
1.629800e+04 4.253094e+02 1.672331e+04
1.625566e+04 4.676215e+02 1.672328e+04
1.620787e+04 5.154248e+02 1.672330e+04
1.615523e+04 5.681504e+02 1.672338e+04
1.609928e+04 6.242736e+02 1.672355e+04
1.604271e+04 6.810994e+02 1.672381e+04
1.598941e+04 7.347291e+02 1.672414e+04
1.594416e+04 7.803278e+02 1.672449e+04
1.591205e+04 8.127661e+02 1.672481e+04
1.589748e+04 8.275351e+02 1.672502e+04
1.590328e+04 8.217741e+02 1.672505e+04
1.592991e+04 7.949886e+02 1.672490e+04
1.597541e+04 7.492143e+02 1.672462e+04
1.603574e+04 6.885166e+02 1.672426e+04
1.610576e+04 6.181327e+02 1.672389e+04
1.618015e+04 5.434312e+02 1.672358e+04
1.625425e+04 4.691040e+02 1.672335e+04
1.632451e+04 3.987106e+02 1.672322e+04
1.638862e+04 3.345424e+02 1.672317e+04
1.644538e+04 2.777868e+02 1.672317e+04
1.649446e+04 2.287566e+02 1.672321e+04
1.653611e+04 1.871707e+02 1.672328e+04
1.657096e+04 1.523949e+02 1.672336e+04
1.659981e+04 1.236255e+02 1.672343e+04
1.662349e+04 1.000150e+02 1.672351e+04
1.664282e+04 8.075570e+01 1.672358e+04
1.665853e+04 6.509913e+01 1.672363e+04
1.667127e+04 5.240716e+01 1.672368e+04
1.668158e+04 4.213256e+01 1.672371e+04
1.668993e+04 3.381885e+01 1.672375e+04
1.669668e+04 2.709586e+01 1.672378e+04
1.670215e+04 2.164115e+01 1.672379e+04
1.670659e+04 1.722920e+01 1.672381e+04
1.671018e+04 1.364452e+01 1.672383e+04
1.671311e+04 1.073283e+01 1.672384e+04
1.671548e+04 8.366198e+00 1.672385e+04
1.671741e+04 6.436695e+00 1.672385e+04
1.671898e+04 4.873274e+00 1.672385e+04
1.672025e+04 3.599179e+00 1.672385e+04
1.672128e+04 2.572540e+00 1.672386e+04
1.672211e+04 1.745300e+00 1.672386e+04
1.672278e+04 1.083044e+00 1.672386e+04
1.672331e+04 5.578589e-01 1.672386e+04
1.672372e+04 1.470347e-01 1.672387e+04
1.672403e+04 -1.679665e-01 1.672387e+04
1.672427e+04 -4.023102e-01 1.672387e+04
1.672444e+04 -5.630191e-01 1.672387e+04
1.672455e+04 -6.711991e-01 1.672387e+04
1.672460e+04 -7.295096e-01 1.672388e+04
1.672462e+04 -7.445402e-01 1.672388e+04
1.672460e+04 -7.214175e-01 1.672388e+04
1.672454e+04 -6.639167e-01 1.672388e+04
1.672445e+04 -5.745056e-01 1.672388e+04
1.672433e+04 -4.489059e-01 1.672388e+04
1.672418e+04 -2.978190e-01 1.672388e+04
1.672399e+04 -1.138643e-01 1.672388e+04
1.672377e+04 1.065743e-01 1.672388e+04
1.672351e+04 3.692132e-01 1.672388e+04
1.672320e+04 6.822797e-01 1.672388e+04
1.672282e+04 1.057039e+00 1.672388e+04
1.672237e+04 1.508454e+00 1.672388e+04
1.672182e+04 2.056009e+00 1.672387e+04
1.672115e+04 2.724708e+00 1.672387e+04
1.672032e+04 3.546290e+00 1.672387e+04
1.671930e+04 4.560670e+00 1.672386e+04
1.671804e+04 5.817642e+00 1.672386e+04
1.671647e+04 7.378837e+00 1.672385e+04
1.671453e+04 9.308804e+00 1.672383e+04
1.671210e+04 1.172159e+01 1.672382e+04
1.670910e+04 1.471749e+01 1.672381e+04
1.670537e+04 1.843975e+01 1.672381e+04
1.670077e+04 2.302255e+01 1.672380e+04
1.669512e+04 2.865782e+01 1.672378e+04
1.668821e+04 3.555110e+01 1.672376e+04
1.667981e+04 4.393031e+01 1.672374e+04
1.666968e+04 5.404002e+01 1.672372e+04
1.665756e+04 6.613097e+01 1.672369e+04
1.664323e+04 8.044335e+01 1.672368e+04
1.662648e+04 9.718236e+01 1.672366e+04
1.660717e+04 1.164849e+02 1.672365e+04
1.658528e+04 1.383718e+02 1.672365e+04
1.656095e+04 1.627210e+02 1.672367e+04
1.653453e+04 1.891830e+02 1.672371e+04
1.650662e+04 2.171573e+02 1.672377e+04
1.647810e+04 2.457599e+02 1.672386e+04
1.645013e+04 2.738280e+02 1.672396e+04
1.642410e+04 2.999711e+02 1.672407e+04
1.640150e+04 3.226804e+02 1.672418e+04
1.638381e+04 3.404551e+02 1.672427e+04
1.637229e+04 3.520397e+02 1.672433e+04
1.636781e+04 3.565478e+02 1.672436e+04
1.637072e+04 3.536233e+02 1.672434e+04
1.638079e+04 3.434864e+02 1.672428e+04
1.639727e+04 3.269194e+02 1.672419e+04
1.641897e+04 3.051100e+02 1.672408e+04
1.644445e+04 2.795224e+02 1.672397e+04
1.647219e+04 2.516745e+02 1.672387e+04
1.650078e+04 2.229975e+02 1.672378e+04
1.652900e+04 1.947137e+02 1.672371e+04
1.655590e+04 1.677740e+02 1.672367e+04
1.658080e+04 1.428435e+02 1.672364e+04
1.660331e+04 1.203228e+02 1.672364e+04
1.662325e+04 1.003901e+02 1.672364e+04
1.664060e+04 8.305287e+01 1.672365e+04
1.665548e+04 6.819715e+01 1.672367e+04
1.666806e+04 5.563756e+01 1.672370e+04
1.667859e+04 4.513638e+01 1.672373e+04
1.668731e+04 3.644072e+01 1.672375e+04
1.669445e+04 2.931209e+01 1.672377e+04
1.670026e+04 2.352704e+01 1.672379e+04
1.670494e+04 1.886761e+01 1.672380e+04
1.670866e+04 1.515746e+01 1.672382e+04
1.671159e+04 1.224039e+01 1.672383e+04
1.671385e+04 9.984998e+00 1.672384e+04
1.671556e+04 8.282890e+00 1.672385e+04
1.671680e+04 7.040896e+00 1.672385e+04
1.671765e+04 6.200989e+00 1.672385e+04
1.671815e+04 5.705012e+00 1.672385e+04
1.671834e+04 5.520113e+00 1.672386e+04
1.671825e+04 5.609887e+00 1.672386e+04
1.671790e+04 5.965856e+00 1.672386e+04
1.671728e+04 6.584564e+00 1.672386e+04
1.671639e+04 7.472451e+00 1.672386e+04
1.671521e+04 8.645544e+00 1.672386e+04
1.671373e+04 1.012946e+01 1.672386e+04
1.671189e+04 1.195974e+01 1.672385e+04
1.670966e+04 1.418241e+01 1.672385e+04
1.670699e+04 1.685489e+01 1.672384e+04
1.670379e+04 2.005268e+01 1.672384e+04
1.669998e+04 2.384335e+01 1.672383e+04
1.669547e+04 2.834358e+01 1.672382e+04
1.669014e+04 3.366564e+01 1.672380e+04
1.668384e+04 3.995255e+01 1.672380e+04
1.667643e+04 4.735282e+01 1.672378e+04
1.666771e+04 5.605519e+01 1.672376e+04
1.665747e+04 6.626812e+01 1.672374e+04
1.664549e+04 7.822563e+01 1.672372e+04
1.663150e+04 9.218606e+01 1.672369e+04
1.661523e+04 1.084283e+02 1.672366e+04
1.659639e+04 1.272439e+02 1.672363e+04
1.657468e+04 1.489247e+02 1.672360e+04
1.654983e+04 1.737472e+02 1.672358e+04
1.652164e+04 2.019223e+02 1.672356e+04
1.648996e+04 2.335871e+02 1.672354e+04
1.645481e+04 2.687374e+02 1.672355e+04
1.641641e+04 3.071494e+02 1.672356e+04
1.637525e+04 3.483454e+02 1.672359e+04
1.633215e+04 3.915079e+02 1.672365e+04
1.628830e+04 4.354400e+02 1.672374e+04
1.624529e+04 4.785582e+02 1.672385e+04
1.620504e+04 5.189430e+02 1.672398e+04
1.616965e+04 5.544631e+02 1.672411e+04
1.614126e+04 5.829741e+02 1.672423e+04
1.612175e+04 6.025645e+02 1.672431e+04
1.611252e+04 6.118337e+02 1.672435e+04
1.611425e+04 6.100942e+02 1.672434e+04
1.612681e+04 5.974721e+02 1.672429e+04
1.614928e+04 5.749013e+02 1.672419e+04
1.618009e+04 5.439707e+02 1.672406e+04
1.621724e+04 5.066893e+02 1.672393e+04
1.625858e+04 4.652217e+02 1.672381e+04
1.630205e+04 4.216496e+02 1.672370e+04
1.634583e+04 3.777958e+02 1.672362e+04
1.638845e+04 3.351235e+02 1.672357e+04
1.642884e+04 2.947063e+02 1.672354e+04
1.646628e+04 2.572496e+02 1.672353e+04
1.650040e+04 2.231437e+02 1.672354e+04
1.653103e+04 1.925294e+02 1.672356e+04
1.655822e+04 1.653596e+02 1.672358e+04
1.658213e+04 1.414799e+02 1.672361e+04
1.660299e+04 1.206438e+02 1.672364e+04
1.662110e+04 1.025709e+02 1.672367e+04
1.663673e+04 8.696839e+01 1.672369e+04
1.665017e+04 7.354834e+01 1.672372e+04
1.666170e+04 6.204455e+01 1.672375e+04
1.667157e+04 5.219693e+01 1.672377e+04
1.668000e+04 4.378740e+01 1.672378e+04
1.668718e+04 3.661860e+01 1.672380e+04
1.669329e+04 3.051868e+01 1.672381e+04
1.669848e+04 2.534518e+01 1.672383e+04
1.670288e+04 2.095579e+01 1.672383e+04
1.670658e+04 1.726126e+01 1.672384e+04
1.670968e+04 1.416828e+01 1.672385e+04
1.671224e+04 1.160513e+01 1.672385e+04
1.671434e+04 9.514542e+00 1.672385e+04
1.671600e+04 7.852219e+00 1.672386e+04
1.671727e+04 6.585636e+00 1.672386e+04
1.671817e+04 5.693018e+00 1.672386e+04
1.671870e+04 5.162512e+00 1.672386e+04
1.671887e+04 4.986038e+00 1.672385e+04
1.671867e+04 5.180658e+00 1.672385e+04
1.671810e+04 5.760712e+00 1.672386e+04
1.671712e+04 6.731929e+00 1.672385e+04
1.671570e+04 8.140562e+00 1.672384e+04
1.671382e+04 1.001205e+01 1.672384e+04
1.671143e+04 1.240008e+01 1.672383e+04
1.670848e+04 1.534694e+01 1.672383e+04
1.670492e+04 1.890412e+01 1.672382e+04
1.670069e+04 2.312494e+01 1.672382e+04
1.669575e+04 2.806201e+01 1.672381e+04
1.669005e+04 3.376396e+01 1.672381e+04
1.668354e+04 4.027130e+01 1.672381e+04
1.667619e+04 4.761142e+01 1.672381e+04
1.666801e+04 5.579271e+01 1.672381e+04
1.665901e+04 6.479810e+01 1.672381e+04
1.664924e+04 7.458352e+01 1.672382e+04
1.663878e+04 8.505505e+01 1.672383e+04
1.662777e+04 9.607382e+01 1.672385e+04
1.661640e+04 1.074574e+02 1.672386e+04
1.660489e+04 1.189793e+02 1.672387e+04
1.659353e+04 1.303654e+02 1.672390e+04
1.658263e+04 1.412862e+02 1.672392e+04
1.657254e+04 1.514124e+02 1.672395e+04
1.656360e+04 1.603737e+02 1.672397e+04
1.655616e+04 1.678349e+02 1.672400e+04
1.655052e+04 1.734927e+02 1.672401e+04
1.654692e+04 1.771048e+02 1.672403e+04
1.654552e+04 1.785105e+02 1.672403e+04
1.654638e+04 1.776441e+02 1.672403e+04
1.654948e+04 1.745466e+02 1.672402e+04
1.655467e+04 1.693408e+02 1.672401e+04
1.656173e+04 1.622518e+02 1.672399e+04
1.657039e+04 1.535669e+02 1.672396e+04
1.658032e+04 1.436177e+02 1.672394e+04
1.659115e+04 1.327558e+02 1.672391e+04
1.660255e+04 1.213305e+02 1.672389e+04
1.661420e+04 1.096742e+02 1.672387e+04
1.662579e+04 9.806681e+01 1.672385e+04
1.663708e+04 8.675883e+01 1.672384e+04
1.664788e+04 7.594560e+01 1.672383e+04
1.665805e+04 6.577267e+01 1.672382e+04
1.666748e+04 5.633902e+01 1.672382e+04
1.667612e+04 4.770243e+01 1.672382e+04
1.668393e+04 3.988597e+01 1.672382e+04
1.669094e+04 3.288480e+01 1.672382e+04
1.669715e+04 2.667278e+01 1.672383e+04
1.670262e+04 2.120852e+01 1.672383e+04
1.670740e+04 1.643497e+01 1.672383e+04
1.671153e+04 1.230564e+01 1.672384e+04
1.671509e+04 8.749815e+00 1.672383e+04
1.671812e+04 5.718866e+00 1.672384e+04
1.672069e+04 3.149666e+00 1.672384e+04
1.672286e+04 9.878650e-01 1.672385e+04
1.672467e+04 -8.167764e-01 1.672385e+04
1.672617e+04 -2.309946e+00 1.672386e+04
1.672739e+04 -3.532618e+00 1.672386e+04
1.672838e+04 -4.521081e+00 1.672386e+04
1.672917e+04 -5.307116e+00 1.672386e+04
1.672978e+04 -5.918248e+00 1.672387e+04
1.673025e+04 -6.383607e+00 1.672386e+04
1.673058e+04 -6.712173e+00 1.672386e+04
1.673079e+04 -6.920628e+00 1.672387e+04
1.673090e+04 -7.033504e+00 1.672387e+04
1.673093e+04 -7.056224e+00 1.672387e+04
1.673087e+04 -6.997245e+00 1.672387e+04
1.673074e+04 -6.862765e+00 1.672387e+04
1.673053e+04 -6.656886e+00 1.672387e+04
1.673025e+04 -6.381747e+00 1.672387e+04
1.672991e+04 -6.037607e+00 1.672387e+04
1.672950e+04 -5.622881e+00 1.672387e+04
1.672901e+04 -5.134140e+00 1.672387e+04
1.672844e+04 -4.566047e+00 1.672387e+04
1.672778e+04 -3.911257e+00 1.672387e+04
1.672703e+04 -3.160249e+00 1.672387e+04
1.672617e+04 -2.306669e+00 1.672386e+04
1.672519e+04 -1.324935e+00 1.672386e+04
1.672406e+04 -2.027411e-01 1.672386e+04
1.672278e+04 1.086618e+00 1.672386e+04
1.672130e+04 2.557528e+00 1.672386e+04
1.671961e+04 4.245680e+00 1.672386e+04
1.671767e+04 6.181411e+00 1.672385e+04
1.671543e+04 8.417955e+00 1.672384e+04
1.671284e+04 1.100035e+01 1.672384e+04
1.670985e+04 1.398814e+01 1.672383e+04
1.670637e+04 1.745723e+01 1.672383e+04
1.670234e+04 2.147984e+01 1.672382e+04
1.669765e+04 2.615972e+01 1.672381e+04
1.669219e+04 3.161250e+01 1.672380e+04
1.668581e+04 3.797405e+01 1.672379e+04
1.667837e+04 4.540331e+01 1.672377e+04
1.666967e+04 5.408543e+01 1.672375e+04
1.665950e+04 6.422900e+01 1.672373e+04
1.664761e+04 7.609062e+01 1.672370e+04
1.663373e+04 8.994320e+01 1.672367e+04
1.661755e+04 1.060973e+02 1.672364e+04
1.659872e+04 1.248918e+02 1.672361e+04
1.657689e+04 1.466859e+02 1.672357e+04
1.655169e+04 1.718487e+02 1.672354e+04
1.652279e+04 2.007128e+02 1.672351e+04
1.648991e+04 2.335812e+02 1.672349e+04
1.645286e+04 2.706091e+02 1.672347e+04
1.641166e+04 3.118080e+02 1.672346e+04
1.636656e+04 3.569130e+02 1.672348e+04
1.631820e+04 4.053267e+02 1.672352e+04
1.626760e+04 4.560021e+02 1.672360e+04
1.621630e+04 5.074033e+02 1.672371e+04
1.616633e+04 5.575240e+02 1.672385e+04
1.612007e+04 6.039418e+02 1.672401e+04
1.608013e+04 6.440336e+02 1.672416e+04
1.604903e+04 6.752623e+02 1.672430e+04
1.602885e+04 6.955274e+02 1.672438e+04
1.602090e+04 7.035023e+02 1.672440e+04
1.602548e+04 6.988715e+02 1.672435e+04
1.604184e+04 6.824011e+02 1.672424e+04
1.606826e+04 6.558234e+02 1.672408e+04
1.610234e+04 6.215702e+02 1.672391e+04
1.614131e+04 5.824316e+02 1.672374e+04
1.618236e+04 5.412251e+02 1.672358e+04
1.622291e+04 5.005468e+02 1.672346e+04
1.626075e+04 4.625956e+02 1.672335e+04
1.629409e+04 4.291857e+02 1.672327e+04
1.632148e+04 4.017309e+02 1.672321e+04
1.634179e+04 3.813638e+02 1.672315e+04
1.635405e+04 3.690465e+02 1.672309e+04
1.635733e+04 3.656900e+02 1.672302e+04
1.635067e+04 3.722670e+02 1.672294e+04
1.633296e+04 3.898701e+02 1.672283e+04
1.630292e+04 4.197901e+02 1.672271e+04
1.625911e+04 4.634466e+02 1.672256e+04
1.620011e+04 5.223027e+02 1.672241e+04
1.612472e+04 5.975782e+02 1.672230e+04
1.603250e+04 6.897678e+02 1.672227e+04
1.592438e+04 7.979818e+02 1.672236e+04
1.580358e+04 9.190897e+02 1.672267e+04
1.567633e+04 1.046876e+03 1.672321e+04
1.555226e+04 1.171703e+03 1.672396e+04
1.544364e+04 1.281146e+03 1.672478e+04
1.536343e+04 1.362029e+03 1.672546e+04
1.532218e+04 1.403615e+03 1.672579e+04
1.532488e+04 1.400771e+03 1.672565e+04
1.536944e+04 1.355653e+03 1.672509e+04
1.544737e+04 1.276943e+03 1.672431e+04
1.554648e+04 1.177050e+03 1.672353e+04
1.565419e+04 1.068732e+03 1.672292e+04
1.576006e+04 9.624955e+02 1.672255e+04
1.585702e+04 8.653984e+02 1.672241e+04
1.594136e+04 7.810931e+02 1.672245e+04
1.601210e+04 7.105017e+02 1.672260e+04
1.607006e+04 6.527402e+02 1.672280e+04
1.611710e+04 6.059208e+02 1.672302e+04
1.615546e+04 5.677549e+02 1.672322e+04
1.618744e+04 5.359600e+02 1.672340e+04
1.621506e+04 5.084767e+02 1.672354e+04
1.624002e+04 4.836245e+02 1.672365e+04
1.626360e+04 4.601203e+02 1.672372e+04
1.628667e+04 4.370982e+02 1.672377e+04
1.630976e+04 4.140306e+02 1.672379e+04
1.633309e+04 3.907110e+02 1.672380e+04
1.635665e+04 3.671448e+02 1.672379e+04
1.638028e+04 3.434998e+02 1.672378e+04
1.640373e+04 3.200350e+02 1.672377e+04
1.642671e+04 2.970459e+02 1.672375e+04
1.644892e+04 2.748219e+02 1.672374e+04
1.647012e+04 2.536292e+02 1.672374e+04
1.649009e+04 2.336498e+02 1.672374e+04
1.650870e+04 2.150410e+02 1.672374e+04
1.652585e+04 1.978915e+02 1.672374e+04
1.654151e+04 1.822381e+02 1.672374e+04
1.655568e+04 1.680736e+02 1.672375e+04
1.656840e+04 1.553561e+02 1.672376e+04
1.657975e+04 1.440179e+02 1.672377e+04
1.658980e+04 1.339738e+02 1.672378e+04
1.659866e+04 1.251284e+02 1.672379e+04
1.660641e+04 1.173819e+02 1.672380e+04
1.661317e+04 1.106349e+02 1.672381e+04
1.661902e+04 1.047920e+02 1.672381e+04
1.662406e+04 9.976446e+01 1.672382e+04
1.662835e+04 9.547253e+01 1.672383e+04
1.663198e+04 9.184696e+01 1.672383e+04
1.663500e+04 8.883042e+01 1.672383e+04
1.663746e+04 8.637882e+01 1.672384e+04
1.663938e+04 8.446273e+01 1.672384e+04
1.664077e+04 8.306906e+01 1.672384e+04
1.664163e+04 8.220330e+01 1.672384e+04
1.664194e+04 8.189776e+01 1.672384e+04
1.664164e+04 8.218814e+01 1.672382e+04
1.664064e+04 8.317365e+01 1.672381e+04
1.663883e+04 8.496306e+01 1.672379e+04
1.663604e+04 8.773345e+01 1.672378e+04
1.663205e+04 9.170313e+01 1.672375e+04
1.662655e+04 9.716861e+01 1.672372e+04
1.661916e+04 1.045183e+02 1.672368e+04
1.660937e+04 1.142566e+02 1.672362e+04
1.659652e+04 1.270332e+02 1.672355e+04
1.657978e+04 1.436783e+02 1.672346e+04
1.655811e+04 1.652414e+02 1.672335e+04
1.653018e+04 1.930308e+02 1.672321e+04
1.649440e+04 2.286438e+02 1.672304e+04
1.644887e+04 2.739727e+02 1.672284e+04
1.639147e+04 3.311549e+02 1.672262e+04
1.631998e+04 4.024215e+02 1.672240e+04
1.623243e+04 4.897763e+02 1.672221e+04
1.612769e+04 5.944272e+02 1.672211e+04
1.600628e+04 7.159143e+02 1.672219e+04
1.587155e+04 8.509832e+02 1.672253e+04
1.573074e+04 9.924299e+02 1.672317e+04
1.559552e+04 1.128575e+03 1.672409e+04
1.548104e+04 1.244063e+03 1.672510e+04
1.540328e+04 1.322629e+03 1.672591e+04
1.537474e+04 1.351498e+03 1.672624e+04
1.540042e+04 1.325537e+03 1.672596e+04
1.547601e+04 1.249156e+03 1.672517e+04
1.558946e+04 1.134696e+03 1.672416e+04
1.572492e+04 9.983087e+02 1.672323e+04
1.586701e+04 8.555458e+02 1.672256e+04
1.600377e+04 7.184300e+02 1.672220e+04
1.612761e+04 5.944977e+02 1.672211e+04
1.623491e+04 4.872816e+02 1.672219e+04
1.632495e+04 3.974239e+02 1.672238e+04
1.639877e+04 3.238219e+02 1.672260e+04
1.645829e+04 2.645232e+02 1.672282e+04
1.650570e+04 2.173161e+02 1.672301e+04
1.654312e+04 1.800667e+02 1.672318e+04
1.657245e+04 1.508804e+02 1.672333e+04
1.659528e+04 1.281515e+02 1.672343e+04
1.661294e+04 1.105821e+02 1.672352e+04
1.662647e+04 9.711922e+01 1.672359e+04
1.663671e+04 8.693720e+01 1.672365e+04
1.664430e+04 7.939202e+01 1.672369e+04
1.664974e+04 7.398541e+01 1.672372e+04
1.665341e+04 7.033405e+01 1.672374e+04
1.665562e+04 6.814427e+01 1.672376e+04
1.665659e+04 6.719161e+01 1.672378e+04
1.665648e+04 6.729894e+01 1.672378e+04
1.665545e+04 6.834548e+01 1.672379e+04
1.665357e+04 7.022369e+01 1.672380e+04
1.665095e+04 7.285270e+01 1.672380e+04
1.664764e+04 7.616617e+01 1.672381e+04
1.664370e+04 8.010687e+01 1.672381e+04
1.663919e+04 8.462207e+01 1.672381e+04
1.663416e+04 8.967068e+01 1.672383e+04
1.662866e+04 9.517612e+01 1.672383e+04
1.662275e+04 1.010897e+02 1.672384e+04
1.661650e+04 1.073496e+02 1.672385e+04
1.660998e+04 1.138688e+02 1.672385e+04
1.660329e+04 1.205607e+02 1.672385e+04
1.659652e+04 1.273393e+02 1.672386e+04
1.658978e+04 1.340918e+02 1.672387e+04
1.658317e+04 1.407074e+02 1.672388e+04
1.657684e+04 1.470515e+02 1.672389e+04
1.657090e+04 1.530018e+02 1.672390e+04
1.656548e+04 1.584296e+02 1.672391e+04
1.656070e+04 1.632045e+02 1.672391e+04
1.655670e+04 1.672206e+02 1.672392e+04
1.655355e+04 1.703687e+02 1.672392e+04
1.655136e+04 1.725625e+02 1.672393e+04
1.655019e+04 1.737377e+02 1.672393e+04
1.655007e+04 1.738545e+02 1.672393e+04
1.655103e+04 1.729057e+02 1.672393e+04
1.655304e+04 1.708949e+02 1.672393e+04
1.655606e+04 1.678692e+02 1.672393e+04
1.656003e+04 1.638947e+02 1.672392e+04
1.656485e+04 1.590535e+02 1.672391e+04
1.657044e+04 1.534562e+02 1.672389e+04
1.657666e+04 1.472260e+02 1.672389e+04
1.658339e+04 1.404834e+02 1.672388e+04
1.659051e+04 1.333575e+02 1.672387e+04
1.659788e+04 1.259764e+02 1.672386e+04
1.660539e+04 1.184640e+02 1.672385e+04
1.661291e+04 1.109364e+02 1.672385e+04
1.662034e+04 1.035009e+02 1.672384e+04
1.662758e+04 9.625409e+01 1.672383e+04
1.663455e+04 8.928178e+01 1.672383e+04
1.664117e+04 8.266477e+01 1.672383e+04
1.664737e+04 7.645775e+01 1.672383e+04
1.665310e+04 7.072375e+01 1.672382e+04
1.665831e+04 6.551378e+01 1.672382e+04
1.666294e+04 6.087441e+01 1.672382e+04
1.666697e+04 5.685555e+01 1.672382e+04
1.667033e+04 5.349151e+01 1.672382e+04
1.667298e+04 5.083650e+01 1.672381e+04
1.667486e+04 4.894605e+01 1.672381e+04
1.667592e+04 4.788630e+01 1.672380e+04
1.667605e+04 4.773842e+01 1.672379e+04
1.667518e+04 4.860394e+01 1.672378e+04
1.667316e+04 5.061117e+01 1.672377e+04
1.666983e+04 5.392338e+01 1.672375e+04
1.666498e+04 5.874901e+01 1.672373e+04
1.665835e+04 6.535479e+01 1.672370e+04
1.664958e+04 7.408257e+01 1.672366e+04
1.663825e+04 8.536558e+01 1.672361e+04
1.662377e+04 9.977280e+01 1.672354e+04
1.660543e+04 1.180333e+02 1.672347e+04
1.658229e+04 1.410698e+02 1.672336e+04
1.655317e+04 1.700687e+02 1.672323e+04
1.651654e+04 2.065354e+02 1.672307e+04
1.647051e+04 2.523632e+02 1.672287e+04
1.641276e+04 3.098608e+02 1.672262e+04
1.634054e+04 3.817909e+02 1.672233e+04
1.625075e+04 4.712539e+02 1.672201e+04
1.614029e+04 5.814030e+02 1.672169e+04
1.600664e+04 7.148248e+02 1.672146e+04
1.584898e+04 8.724460e+02 1.672143e+04
1.566987e+04 1.051855e+03 1.672172e+04
1.547712e+04 1.245373e+03 1.672249e+04
1.528531e+04 1.438415e+03 1.672372e+04
1.511537e+04 1.609851e+03 1.672522e+04
1.499102e+04 1.735507e+03 1.672652e+04
1.493211e+04 1.795010e+03 1.672712e+04
1.494758e+04 1.779175e+03 1.672675e+04
1.503197e+04 1.693636e+03 1.672560e+04
1.516787e+04 1.556286e+03 1.672415e+04
1.533259e+04 1.390304e+03 1.672289e+04
1.550505e+04 1.217015e+03 1.672207e+04
1.566996e+04 1.051744e+03 1.672171e+04
1.581863e+04 9.030653e+02 1.672170e+04
1.594774e+04 7.741480e+02 1.672189e+04
1.605745e+04 6.647196e+02 1.672216e+04
1.614970e+04 5.727581e+02 1.672245e+04
1.622708e+04 4.956373e+02 1.672271e+04
1.629217e+04 4.307688e+02 1.672293e+04
1.634722e+04 3.758983e+02 1.672312e+04
1.639409e+04 3.291668e+02 1.672325e+04
1.643424e+04 2.891285e+02 1.672337e+04
1.646880e+04 2.546448e+02 1.672345e+04
1.649866e+04 2.248519e+02 1.672351e+04
1.652449e+04 1.990754e+02 1.672357e+04
1.654682e+04 1.767792e+02 1.672360e+04
1.656609e+04 1.575491e+02 1.672363e+04
1.658263e+04 1.410312e+02 1.672366e+04
1.659675e+04 1.269352e+02 1.672369e+04
1.660869e+04 1.150199e+02 1.672371e+04
1.661867e+04 1.050630e+02 1.672373e+04
1.662686e+04 9.688763e+01 1.672374e+04
1.663342e+04 9.033556e+01 1.672376e+04
1.663850e+04 8.527545e+01 1.672377e+04
1.664220e+04 8.158381e+01 1.672379e+04
1.664464e+04 7.915398e+01 1.672379e+04
1.664589e+04 7.790558e+01 1.672380e+04
1.664604e+04 7.776611e+01 1.672380e+04
1.664513e+04 7.867492e+01 1.672381e+04
1.664323e+04 8.058154e+01 1.672381e+04
1.664037e+04 8.344390e+01 1.672381e+04
1.663659e+04 8.722640e+01 1.672382e+04
1.663192e+04 9.189784e+01 1.672382e+04
1.662639e+04 9.742910e+01 1.672382e+04
1.662003e+04 1.037851e+02 1.672381e+04
1.661287e+04 1.109439e+02 1.672382e+04
1.660496e+04 1.188612e+02 1.672382e+04
1.659633e+04 1.274942e+02 1.672383e+04
1.658706e+04 1.367711e+02 1.672383e+04
1.657721e+04 1.466265e+02 1.672384e+04
1.656689e+04 1.569547e+02 1.672385e+04
1.655621e+04 1.676515e+02 1.672386e+04
1.654530e+04 1.785689e+02 1.672387e+04
1.653432e+04 1.895587e+02 1.672388e+04
1.652346e+04 2.004308e+02 1.672389e+04
1.651291e+04 2.109943e+02 1.672391e+04
1.650288e+04 2.210361e+02 1.672391e+04
1.649357e+04 2.303564e+02 1.672392e+04
1.648519e+04 2.387449e+02 1.672394e+04
1.647793e+04 2.460146e+02 1.672394e+04
1.647194e+04 2.520141e+02 1.672396e+04
1.646734e+04 2.566134e+02 1.672395e+04
1.646418e+04 2.597761e+02 1.672396e+04
1.646245e+04 2.614946e+02 1.672395e+04
1.646208e+04 2.618645e+02 1.672394e+04
1.646288e+04 2.610429e+02 1.672392e+04
1.646460e+04 2.592927e+02 1.672390e+04
1.646690e+04 2.569656e+02 1.672386e+04
1.646931e+04 2.545129e+02 1.672382e+04
1.647128e+04 2.524925e+02 1.672377e+04
1.647212e+04 2.515800e+02 1.672371e+04
1.647104e+04 2.525855e+02 1.672363e+04
1.646706e+04 2.564751e+02 1.672354e+04
1.645902e+04 2.644004e+02 1.672342e+04
1.644556e+04 2.777314e+02 1.672329e+04
1.642504e+04 2.980874e+02 1.672313e+04
1.639559e+04 3.273532e+02 1.672294e+04
1.635507e+04 3.676588e+02 1.672273e+04
1.630122e+04 4.212820e+02 1.672251e+04
1.623188e+04 4.904249e+02 1.672231e+04
1.614541e+04 5.767572e+02 1.672216e+04
1.604142e+04 6.807389e+02 1.672216e+04
1.592176e+04 8.006016e+02 1.672236e+04
1.579164e+04 9.312195e+02 1.672286e+04
1.566043e+04 1.063213e+03 1.672365e+04
1.554151e+04 1.183109e+03 1.672462e+04
1.545044e+04 1.275099e+03 1.672554e+04
1.540139e+04 1.324717e+03 1.672611e+04
1.540284e+04 1.323258e+03 1.672610e+04
1.545461e+04 1.270891e+03 1.672551e+04
1.554784e+04 1.176708e+03 1.672455e+04
1.566781e+04 1.055710e+03 1.672352e+04
1.579823e+04 9.244248e+02 1.672266e+04
1.592472e+04 7.973454e+02 1.672206e+04
1.603655e+04 6.851632e+02 1.672171e+04
1.612676e+04 5.947759e+02 1.672154e+04
1.619115e+04 5.302769e+02 1.672142e+04
1.622699e+04 4.943018e+02 1.672129e+04
1.623189e+04 4.891814e+02 1.672107e+04
1.620296e+04 5.177728e+02 1.672074e+04
1.613649e+04 5.838049e+02 1.672030e+04
1.602828e+04 6.915488e+02 1.671983e+04
1.587506e+04 8.444580e+02 1.671952e+04
1.567735e+04 1.042329e+03 1.671968e+04
1.544387e+04 1.276825e+03 1.672069e+04
1.519634e+04 1.526440e+03 1.672278e+04
1.497137e+04 1.754281e+03 1.672565e+04
1.481443e+04 1.913802e+03 1.672823e+04
1.476459e+04 1.964647e+03 1.672923e+04
1.483652e+04 1.891552e+03 1.672807e+04
1.501308e+04 1.712354e+03 1.672543e+04
1.525439e+04 1.468283e+03 1.672267e+04
1.551609e+04 1.204672e+03 1.672076e+04
1.576393e+04 9.560032e+02 1.671994e+04
1.597879e+04 7.411578e+02 1.671995e+04
1.615432e+04 5.660999e+02 1.672042e+04
1.629212e+04 4.289302e+02 1.672105e+04
1.639748e+04 3.241888e+02 1.672167e+04
1.647666e+04 2.455476e+02 1.672221e+04
1.653549e+04 1.871490e+02 1.672264e+04
1.657887e+04 1.441029e+02 1.672297e+04
1.661067e+04 1.125507e+02 1.672322e+04
1.663386e+04 8.954538e+01 1.672341e+04
1.665066e+04 7.288062e+01 1.672354e+04
1.666272e+04 6.092299e+01 1.672364e+04
1.667124e+04 5.247098e+01 1.672372e+04
1.667713e+04 4.664374e+01 1.672377e+04
1.668101e+04 4.279641e+01 1.672381e+04
1.668338e+04 4.046251e+01 1.672384e+04
1.668458e+04 3.928549e+01 1.672386e+04
1.668486e+04 3.901800e+01 1.672388e+04
1.668441e+04 3.947479e+01 1.672389e+04
1.668338e+04 4.052015e+01 1.672390e+04
1.668185e+04 4.206008e+01 1.672391e+04
1.667990e+04 4.401042e+01 1.672391e+04
1.667759e+04 4.632250e+01 1.672392e+04
1.667496e+04 4.895555e+01 1.672392e+04
1.667204e+04 5.187790e+01 1.672392e+04
1.666886e+04 5.506368e+01 1.672392e+04
1.666543e+04 5.849004e+01 1.672392e+04
1.666179e+04 6.213532e+01 1.672393e+04
1.665795e+04 6.597710e+01 1.672393e+04
1.665394e+04 6.999076e+01 1.672393e+04
1.664978e+04 7.414837e+01 1.672393e+04
1.664552e+04 7.841788e+01 1.672393e+04
1.664118e+04 8.276252e+01 1.672394e+04
1.663680e+04 8.714049e+01 1.672394e+04
1.663244e+04 9.150505e+01 1.672395e+04
1.662814e+04 9.580486e+01 1.672395e+04
1.662397e+04 9.998472e+01 1.672395e+04
1.661997e+04 1.039866e+02 1.672396e+04
1.661621e+04 1.077510e+02 1.672396e+04
1.661275e+04 1.112186e+02 1.672397e+04
1.660964e+04 1.143324e+02 1.672397e+04
1.660694e+04 1.170393e+02 1.672398e+04
1.660469e+04 1.192922e+02 1.672398e+04
1.660293e+04 1.210519e+02 1.672398e+04
1.660169e+04 1.222778e+02 1.672397e+04
1.660100e+04 1.229727e+02 1.672397e+04
1.660085e+04 1.231185e+02 1.672397e+04
1.660125e+04 1.227198e+02 1.672397e+04
1.660218e+04 1.217925e+02 1.672397e+04
1.660360e+04 1.203636e+02 1.672397e+04
1.660549e+04 1.184693e+02 1.672396e+04
1.660780e+04 1.161485e+02 1.672395e+04
1.661049e+04 1.134628e+02 1.672395e+04
1.661348e+04 1.104612e+02 1.672394e+04
1.661674e+04 1.072004e+02 1.672394e+04
1.662020e+04 1.037428e+02 1.672394e+04
1.662380e+04 1.001326e+02 1.672394e+04
1.662751e+04 9.642787e+01 1.672393e+04
1.663125e+04 9.267661e+01 1.672393e+04
1.663501e+04 8.892198e+01 1.672393e+04
1.663872e+04 8.520154e+01 1.672393e+04
1.664238e+04 8.154701e+01 1.672392e+04
1.664594e+04 7.798430e+01 1.672392e+04
1.664939e+04 7.452819e+01 1.672392e+04
1.665271e+04 7.120460e+01 1.672391e+04
1.665590e+04 6.801298e+01 1.672391e+04
1.665894e+04 6.497039e+01 1.672391e+04
1.666183e+04 6.207402e+01 1.672391e+04
1.666459e+04 5.932355e+01 1.672391e+04
1.666719e+04 5.671635e+01 1.672391e+04
1.666966e+04 5.424808e+01 1.672391e+04
1.667200e+04 5.191323e+01 1.672391e+04
1.667421e+04 4.970565e+01 1.672391e+04
1.667629e+04 4.761895e+01 1.672391e+04
1.667827e+04 4.564698e+01 1.672391e+04
1.668013e+04 4.378415e+01 1.672391e+04
1.668189e+04 4.202581e+01 1.672391e+04
1.668354e+04 4.036855e+01 1.672391e+04
1.668510e+04 3.881046e+01 1.672391e+04
1.668656e+04 3.734595e+01 1.672391e+04
1.668792e+04 3.598795e+01 1.672391e+04
1.668917e+04 3.473565e+01 1.672391e+04
1.669031e+04 3.359638e+01 1.672391e+04
1.669132e+04 3.258065e+01 1.672391e+04
1.669220e+04 3.170261e+01 1.672390e+04
1.669292e+04 3.098051e+01 1.672390e+04
1.669346e+04 3.043735e+01 1.672390e+04
1.669380e+04 3.010131e+01 1.672390e+04
1.669389e+04 3.000693e+01 1.672389e+04
1.669369e+04 3.019578e+01 1.672389e+04
1.669317e+04 3.071720e+01 1.672388e+04
1.669225e+04 3.162933e+01 1.672388e+04
1.669087e+04 3.300552e+01 1.672388e+04
1.668896e+04 3.490813e+01 1.672386e+04
1.668641e+04 3.744403e+01 1.672386e+04
1.668314e+04 4.071037e+01 1.672385e+04
1.667901e+04 4.482755e+01 1.672384e+04
1.667392e+04 4.991126e+01 1.672383e+04
1.666771e+04 5.610964e+01 1.672382e+04
1.666025e+04 6.355631e+01 1.672381e+04
1.665139e+04 7.240402e+01 1.672380e+04
1.664099e+04 8.279568e+01 1.672378e+04
1.662891e+04 9.485980e+01 1.672377e+04
1.661507e+04 1.086971e+02 1.672376e+04
1.659940e+04 1.243580e+02 1.672376e+04
1.658192e+04 1.418440e+02 1.672376e+04
1.656272e+04 1.610464e+02 1.672376e+04
1.654202e+04 1.817660e+02 1.672379e+04
1.652016e+04 2.036532e+02 1.672382e+04
1.649765e+04 2.262142e+02 1.672386e+04
1.647511e+04 2.488019e+02 1.672391e+04
1.645335e+04 2.706289e+02 1.672397e+04
1.643324e+04 2.908015e+02 1.672404e+04
1.641573e+04 3.083770e+02 1.672410e+04
1.640172e+04 3.224397e+02 1.672416e+04
1.639201e+04 3.321896e+02 1.672420e+04
1.638720e+04 3.370231e+02 1.672422e+04
1.638760e+04 3.366252e+02 1.672422e+04
1.639322e+04 3.309771e+02 1.672420e+04
1.640378e+04 3.203794e+02 1.672416e+04
1.641869e+04 3.054097e+02 1.672410e+04
1.643719e+04 2.868542e+02 1.672404e+04
1.645835e+04 2.656331e+02 1.672399e+04
1.648125e+04 2.426685e+02 1.672392e+04
1.650500e+04 2.188662e+02 1.672386e+04
1.652878e+04 1.950356e+02 1.672382e+04
1.655196e+04 1.718315e+02 1.672379e+04
1.657400e+04 1.497613e+02 1.672377e+04
1.659457e+04 1.291825e+02 1.672375e+04
1.661343e+04 1.103170e+02 1.672375e+04
1.663048e+04 9.326202e+01 1.672374e+04
1.664569e+04 7.805206e+01 1.672374e+04
1.665912e+04 6.463875e+01 1.672375e+04
1.667084e+04 5.292250e+01 1.672377e+04
1.668100e+04 4.278077e+01 1.672378e+04
1.668971e+04 3.407648e+01 1.672379e+04
1.669713e+04 2.667384e+01 1.672381e+04
1.670340e+04 2.042416e+01 1.672382e+04
1.670863e+04 1.520372e+01 1.672383e+04
1.671294e+04 1.089500e+01 1.672384e+04
1.671645e+04 7.388625e+00 1.672384e+04
1.671924e+04 4.606248e+00 1.672385e+04
1.672138e+04 2.468102e+00 1.672385e+04
1.672294e+04 9.147137e-01 1.672386e+04
1.672396e+04 -1.042505e-01 1.672385e+04
1.672446e+04 -6.026984e-01 1.672386e+04
1.672447e+04 -6.127975e-01 1.672386e+04
1.672399e+04 -1.302826e-01 1.672386e+04
1.672300e+04 8.586245e-01 1.672386e+04
1.672147e+04 2.383541e+00 1.672385e+04
1.671936e+04 4.491160e+00 1.672385e+04
1.671659e+04 7.246987e+00 1.672384e+04
1.671309e+04 1.073764e+01 1.672383e+04
1.670874e+04 1.507375e+01 1.672382e+04
1.670341e+04 2.039366e+01 1.672380e+04
1.669692e+04 2.687319e+01 1.672379e+04
1.668906e+04 3.470338e+01 1.672377e+04
1.667959e+04 4.415134e+01 1.672374e+04
1.666820e+04 5.550622e+01 1.672370e+04
1.665453e+04 6.913541e+01 1.672367e+04
1.663817e+04 8.545255e+01 1.672363e+04
1.661863e+04 1.049444e+02 1.672358e+04
1.659535e+04 1.281672e+02 1.672352e+04
1.656771e+04 1.557433e+02 1.672346e+04
1.653504e+04 1.883479e+02 1.672339e+04
1.649664e+04 2.266872e+02 1.672333e+04
1.645183e+04 2.714286e+02 1.672326e+04
1.640004e+04 3.231632e+02 1.672321e+04
1.634091e+04 3.822528e+02 1.672317e+04
1.627444e+04 4.487249e+02 1.672316e+04
1.620112e+04 5.220801e+02 1.672320e+04
1.612216e+04 6.011264e+02 1.672329e+04
1.603958e+04 6.838547e+02 1.672344e+04
1.595620e+04 7.674300e+02 1.672363e+04
1.587547e+04 8.483763e+02 1.672384e+04
1.580102e+04 9.230087e+02 1.672403e+04
1.573604e+04 9.880981e+02 1.672414e+04
1.568246e+04 1.041661e+03 1.672412e+04
1.564026e+04 1.083674e+03 1.672394e+04
1.560708e+04 1.116509e+03 1.672359e+04
1.557817e+04 1.144937e+03 1.672310e+04
1.554679e+04 1.175731e+03 1.672252e+04
1.550503e+04 1.216877e+03 1.672191e+04
1.544475e+04 1.276589e+03 1.672134e+04
1.535890e+04 1.362021e+03 1.672092e+04
1.524326e+04 1.477545e+03 1.672080e+04
1.509875e+04 1.622435e+03 1.672119e+04
1.493406e+04 1.788172e+03 1.672223e+04
1.476747e+04 1.956452e+03 1.672392e+04
1.462585e+04 2.100033e+03 1.672588e+04
1.453892e+04 2.188508e+03 1.672743e+04
1.452938e+04 2.198489e+03 1.672787e+04
1.460370e+04 2.123314e+03 1.672701e+04
1.474946e+04 1.975834e+03 1.672529e+04
1.494122e+04 1.782241e+03 1.672346e+04
1.515058e+04 1.571506e+03 1.672208e+04
1.535446e+04 1.366891e+03 1.672135e+04
1.553859e+04 1.182584e+03 1.672118e+04
1.569683e+04 1.024526e+03 1.672135e+04
1.582867e+04 8.930287e+02 1.672170e+04
1.593670e+04 7.853843e+02 1.672209e+04
1.602471e+04 6.977368e+02 1.672245e+04
1.609659e+04 6.261716e+02 1.672276e+04
1.615577e+04 5.672317e+02 1.672300e+04
1.620510e+04 5.180907e+02 1.672319e+04
1.624679e+04 4.765510e+02 1.672334e+04
1.628247e+04 4.409666e+02 1.672344e+04
1.631337e+04 4.101456e+02 1.672352e+04
1.634031e+04 3.832621e+02 1.672357e+04
1.636385e+04 3.597655e+02 1.672362e+04
1.638433e+04 3.393067e+02 1.672364e+04
1.640191e+04 3.217335e+02 1.672364e+04
1.641662e+04 3.070175e+02 1.672364e+04
1.642839e+04 2.952433e+02 1.672363e+04
1.643701e+04 2.865958e+02 1.672361e+04
1.644222e+04 2.813574e+02 1.672358e+04
1.644363e+04 2.799153e+02 1.672354e+04
1.644071e+04 2.827768e+02 1.672349e+04
1.643282e+04 2.905972e+02 1.672342e+04
1.641911e+04 3.042203e+02 1.672333e+04
1.639847e+04 3.247372e+02 1.672321e+04
1.636948e+04 3.535676e+02 1.672305e+04
1.633026e+04 3.925741e+02 1.672283e+04
1.627833e+04 4.442160e+02 1.672255e+04
1.621041e+04 5.117528e+02 1.672217e+04
1.612217e+04 5.994975e+02 1.672166e+04
1.600795e+04 7.130526e+02 1.672101e+04
1.586070e+04 8.594848e+02 1.672019e+04
1.567220e+04 1.047076e+03 1.671928e+04
1.543439e+04 1.284063e+03 1.671846e+04
1.514265e+04 1.575479e+03 1.671813e+04
1.480194e+04 1.917003e+03 1.671894e+04
1.443546e+04 2.286040e+03 1.672150e+04
1.409131e+04 2.634390e+03 1.672570e+04
1.383768e+04 2.892318e+03 1.672999e+04
1.373922e+04 2.992682e+03 1.673191e+04
1.382373e+04 2.906393e+03 1.673012e+04
1.406520e+04 2.660645e+03 1.672585e+04
1.439956e+04 2.322018e+03 1.672158e+04
1.475786e+04 1.961065e+03 1.671892e+04
1.509070e+04 1.627331e+03 1.671803e+04
1.537376e+04 1.344554e+03 1.671831e+04
1.560133e+04 1.117775e+03 1.671911e+04
1.577768e+04 9.423243e+02 1.672000e+04
1.591067e+04 8.101380e+02 1.672080e+04
1.600838e+04 7.130543e+02 1.672144e+04
1.607778e+04 6.441522e+02 1.672193e+04
1.612434e+04 5.979538e+02 1.672229e+04
1.615225e+04 5.703076e+02 1.672256e+04
1.616467e+04 5.580854e+02 1.672276e+04
1.616403e+04 5.588802e+02 1.672291e+04
1.615230e+04 5.707346e+02 1.672304e+04
1.613125e+04 5.919044e+02 1.672316e+04
1.610263e+04 6.206585e+02 1.672328e+04
1.606830e+04 6.551191e+02 1.672342e+04
1.603043e+04 6.931543e+02 1.672358e+04
1.599141e+04 7.323442e+02 1.672375e+04
1.595389e+04 7.700418e+02 1.672393e+04
1.592056e+04 8.035394e+02 1.672410e+04
1.589390e+04 8.303239e+02 1.672423e+04
1.587589e+04 8.484126e+02 1.672431e+04
1.586771e+04 8.566152e+02 1.672432e+04
1.586951e+04 8.547529e+02 1.672426e+04
1.588045e+04 8.436884e+02 1.672414e+04
1.589877e+04 8.252166e+02 1.672398e+04
1.592204e+04 8.017664e+02 1.672381e+04
1.594757e+04 7.760563e+02 1.672363e+04
1.597266e+04 7.508092e+02 1.672347e+04
1.599492e+04 7.284239e+02 1.672335e+04
1.601245e+04 7.108141e+02 1.672326e+04
1.602392e+04 6.992953e+02 1.672322e+04
1.602868e+04 6.945365e+02 1.672321e+04
1.602670e+04 6.965496e+02 1.672325e+04
1.601863e+04 7.046987e+02 1.672333e+04
1.600571e+04 7.177274e+02 1.672344e+04
1.598977e+04 7.338157e+02 1.672358e+04
1.597306e+04 7.506831e+02 1.672375e+04
1.595816e+04 7.657519e+02 1.672391e+04
1.594766e+04 7.764134e+02 1.672407e+04
1.594392e+04 7.802543e+02 1.672418e+04
1.594879e+04 7.754556e+02 1.672425e+04
1.596331e+04 7.609470e+02 1.672426e+04
1.598762e+04 7.365896e+02 1.672421e+04
1.602096e+04 7.031508e+02 1.672411e+04
1.606184e+04 6.621456e+02 1.672399e+04
1.610827e+04 6.155804e+02 1.672385e+04
1.615807e+04 5.656606e+02 1.672373e+04
1.620909e+04 5.145277e+02 1.672362e+04
1.625947e+04 4.640657e+02 1.672354e+04
1.630769e+04 4.157867e+02 1.672347e+04
1.635262e+04 3.708224e+02 1.672344e+04
1.639351e+04 3.299170e+02 1.672343e+04
1.642992e+04 2.935101e+02 1.672343e+04
1.646164e+04 2.618060e+02 1.672344e+04
1.648861e+04 2.348538e+02 1.672346e+04
1.651089e+04 2.125933e+02 1.672348e+04
1.652855e+04 1.949425e+02 1.672349e+04
1.654168e+04 1.818208e+02 1.672350e+04
1.655031e+04 1.731868e+02 1.672350e+04
1.655443e+04 1.690637e+02 1.672349e+04
1.655392e+04 1.695507e+02 1.672347e+04
1.654859e+04 1.748552e+02 1.672344e+04
1.653814e+04 1.852638e+02 1.672341e+04
1.652220e+04 2.011575e+02 1.672336e+04
1.650032e+04 2.229888e+02 1.672331e+04
1.647201e+04 2.512443e+02 1.672326e+04
1.643682e+04 2.863771e+02 1.672320e+04
1.639443e+04 3.287336e+02 1.672316e+04
1.634477e+04 3.783894e+02 1.672316e+04
1.628821e+04 4.349657e+02 1.672318e+04
1.622579e+04 4.974706e+02 1.672326e+04
1.615937e+04 5.640377e+02 1.672341e+04
1.609182e+04 6.318132e+02 1.672363e+04
1.602698e+04 6.969286e+02 1.672391e+04
1.596944e+04 7.547640e+02 1.672421e+04
1.592405e+04 8.004373e+02 1.672448e+04
1.589512e+04 8.295490e+02 1.672467e+04
1.588572e+04 8.390236e+02 1.672475e+04
1.589695e+04 8.277243e+02 1.672468e+04
1.592776e+04 7.967221e+02 1.672449e+04
1.597517e+04 7.490456e+02 1.672422e+04
1.603488e+04 6.890352e+02 1.672392e+04
1.610213e+04 6.215229e+02 1.672365e+04
1.617235e+04 5.510793e+02 1.672343e+04
1.624176e+04 4.815215e+02 1.672329e+04
1.630756e+04 4.156455e+02 1.672321e+04
1.636794e+04 3.552460e+02 1.672319e+04
1.642196e+04 3.012478e+02 1.672320e+04
1.646932e+04 2.539382e+02 1.672326e+04
1.651020e+04 2.131187e+02 1.672332e+04
1.654505e+04 1.783354e+02 1.672338e+04
1.657446e+04 1.489860e+02 1.672345e+04
1.659909e+04 1.244188e+02 1.672351e+04
1.661957e+04 1.039929e+02 1.672356e+04
1.663650e+04 8.711808e+01 1.672362e+04
1.665041e+04 7.325091e+01 1.672366e+04
1.666176e+04 6.192782e+01 1.672369e+04
1.667095e+04 5.276433e+01 1.672371e+04
1.667831e+04 4.542877e+01 1.672374e+04
1.668413e+04 3.963613e+01 1.672376e+04
1.668861e+04 3.516833e+01 1.672378e+04
1.669194e+04 3.184590e+01 1.672379e+04
1.669427e+04 2.952181e+01 1.672379e+04
1.669570e+04 2.809809e+01 1.672380e+04
1.669632e+04 2.748830e+01 1.672380e+04
1.669617e+04 2.764077e+01 1.672381e+04
1.669531e+04 2.850771e+01 1.672381e+04
1.669374e+04 3.007543e+01 1.672381e+04
1.669147e+04 3.233928e+01 1.672381e+04
1.668851e+04 3.530679e+01 1.672381e+04
1.668481e+04 3.900068e+01 1.672382e+04
1.668038e+04 4.343460e+01 1.672381e+04
1.667517e+04 4.863790e+01 1.672380e+04
1.666915e+04 5.465309e+01 1.672380e+04
1.666229e+04 6.150533e+01 1.672380e+04
1.665458e+04 6.922134e+01 1.672380e+04
1.664597e+04 7.782069e+01 1.672379e+04
1.663648e+04 8.731263e+01 1.672379e+04
1.662610e+04 9.769317e+01 1.672379e+04
1.661485e+04 1.089427e+02 1.672380e+04
1.660278e+04 1.210245e+02 1.672380e+04
1.658992e+04 1.338792e+02 1.672380e+04
1.657635e+04 1.474486e+02 1.672380e+04
1.656216e+04 1.616468e+02 1.672381e+04
1.654743e+04 1.763882e+02 1.672381e+04
1.653223e+04 1.915966e+02 1.672382e+04
1.651663e+04 2.071937e+02 1.672383e+04
1.650068e+04 2.231447e+02 1.672382e+04
1.648437e+04 2.394475e+02 1.672382e+04
1.646766e+04 2.561491e+02 1.672381e+04
1.645044e+04 2.733516e+02 1.672380e+04
1.643256e+04 2.912137e+02 1.672378e+04
1.641381e+04 3.099442e+02 1.672376e+04
1.639395e+04 3.297863e+02 1.672373e+04
1.637272e+04 3.509927e+02 1.672371e+04
1.634990e+04 3.737909e+02 1.672370e+04
1.632535e+04 3.983390e+02 1.672369e+04
1.629901e+04 4.246764e+02 1.672369e+04
1.627103e+04 4.526718e+02 1.672370e+04
1.624176e+04 4.819773e+02 1.672374e+04
1.621180e+04 5.119941e+02 1.672379e+04
1.618200e+04 5.418583e+02 1.672385e+04
1.615345e+04 5.704875e+02 1.672394e+04
1.612740e+04 5.966160e+02 1.672402e+04
1.610517e+04 6.189297e+02 1.672410e+04
1.608795e+04 6.362130e+02 1.672416e+04
1.607667e+04 6.475228e+02 1.672419e+04
1.607182e+04 6.523644e+02 1.672418e+04
1.607331e+04 6.508039e+02 1.672411e+04
1.608039e+04 6.436141e+02 1.672401e+04
1.609163e+04 6.322229e+02 1.672385e+04
1.610490e+04 6.187449e+02 1.672364e+04
1.611750e+04 6.058951e+02 1.672339e+04
1.612616e+04 5.969325e+02 1.672310e+04
1.612714e+04 5.956153e+02 1.672276e+04
1.611619e+04 6.061752e+02 1.672237e+04
1.608866e+04 6.332765e+02 1.672193e+04
1.603960e+04 6.818764e+02 1.672147e+04
1.596420e+04 7.568359e+02 1.672104e+04
1.585867e+04 8.620550e+02 1.672073e+04
1.572184e+04 9.988728e+02 1.672071e+04
1.555754e+04 1.163661e+03 1.672120e+04
1.537740e+04 1.344943e+03 1.672235e+04
1.520252e+04 1.521580e+03 1.672410e+04
1.506167e+04 1.664345e+03 1.672602e+04
1.498452e+04 1.742843e+03 1.672736e+04
1.499111e+04 1.736385e+03 1.672749e+04
1.508337e+04 1.642991e+03 1.672636e+04
1.524431e+04 1.480216e+03 1.672453e+04
1.544555e+04 1.277191e+03 1.672274e+04
1.565792e+04 1.063583e+03 1.672150e+04
1.585912e+04 8.618140e+02 1.672094e+04
1.603619e+04 6.847004e+02 1.672089e+04
1.618424e+04 5.369322e+02 1.672117e+04
1.630366e+04 4.179187e+02 1.672158e+04
1.639763e+04 3.243751e+02 1.672201e+04
1.647031e+04 2.520895e+02 1.672240e+04
1.652581e+04 1.969136e+02 1.672272e+04
1.656777e+04 1.552148e+02 1.672298e+04
1.659917e+04 1.240163e+02 1.672318e+04
1.662235e+04 1.009806e+02 1.672333e+04
1.663911e+04 8.433257e+01 1.672344e+04
1.665075e+04 7.276716e+01 1.672352e+04
1.665820e+04 6.536682e+01 1.672357e+04
1.666206e+04 6.153617e+01 1.672360e+04
1.666265e+04 6.095662e+01 1.672360e+04
1.666003e+04 6.356068e+01 1.672359e+04
1.665403e+04 6.952501e+01 1.672355e+04
1.664421e+04 7.928144e+01 1.672349e+04
1.662986e+04 9.354496e+01 1.672340e+04
1.660993e+04 1.133572e+02 1.672328e+04
1.658298e+04 1.401417e+02 1.672312e+04
1.654716e+04 1.757616e+02 1.672292e+04
1.650011e+04 2.225598e+02 1.672266e+04
1.643903e+04 2.833442e+02 1.672237e+04
1.636081e+04 3.612486e+02 1.672206e+04
1.626240e+04 4.593566e+02 1.672176e+04
1.614160e+04 5.799766e+02 1.672158e+04
1.599829e+04 7.233476e+02 1.672163e+04
1.583619e+04 8.858807e+02 1.672207e+04
1.566476e+04 1.058220e+03 1.672298e+04
1.550018e+04 1.224136e+03 1.672432e+04
1.536402e+04 1.361762e+03 1.672578e+04
1.527858e+04 1.448278e+03 1.672686e+04
1.525991e+04 1.467194e+03 1.672710e+04
1.531158e+04 1.414825e+03 1.672640e+04
1.542324e+04 1.301831e+03 1.672507e+04
1.557478e+04 1.148835e+03 1.672362e+04
1.574347e+04 9.789956e+02 1.672247e+04
1.591006e+04 8.117378e+02 1.672180e+04
1.606173e+04 6.598463e+02 1.672157e+04
1.619208e+04 5.295716e+02 1.672165e+04
1.629953e+04 4.223625e+02 1.672189e+04
1.638543e+04 3.367698e+02 1.672220e+04
1.645253e+04 2.699826e+02 1.672251e+04
1.650398e+04 2.188130e+02 1.672279e+04
1.654276e+04 1.802555e+02 1.672301e+04
1.657147e+04 1.517178e+02 1.672319e+04
1.659226e+04 1.310770e+02 1.672334e+04
1.660680e+04 1.166457e+02 1.672345e+04
1.661640e+04 1.071273e+02 1.672353e+04
1.662205e+04 1.015429e+02 1.672359e+04
1.662447e+04 9.916724e+01 1.672363e+04
1.662419e+04 9.947405e+01 1.672366e+04
1.662159e+04 1.020908e+02 1.672368e+04
1.661693e+04 1.067624e+02 1.672370e+04
1.661038e+04 1.133227e+02 1.672370e+04
1.660204e+04 1.216755e+02 1.672371e+04
1.659196e+04 1.317535e+02 1.672371e+04
1.658018e+04 1.435332e+02 1.672371e+04
1.656671e+04 1.569972e+02 1.672371e+04
1.655159e+04 1.721233e+02 1.672371e+04
1.653484e+04 1.888688e+02 1.672371e+04
1.651656e+04 2.071539e+02 1.672372e+04
1.649688e+04 2.268452e+02 1.672373e+04
1.647600e+04 2.477400e+02 1.672374e+04
1.645421e+04 2.695525e+02 1.672376e+04
1.643189e+04 2.919096e+02 1.672380e+04
1.640950e+04 3.143206e+02 1.672382e+04
1.638763e+04 3.362385e+02 1.672386e+04
1.636688e+04 3.570112e+02 1.672390e+04
1.634796e+04 3.759832e+02 1.672394e+04
1.633151e+04 3.924663e+02 1.672398e+04
1.631818e+04 4.058330e+02 1.672401e+04
1.630848e+04 4.155591e+02 1.672404e+04
1.630278e+04 4.212788e+02 1.672406e+04
1.630125e+04 4.228054e+02 1.672406e+04
1.630388e+04 4.201621e+02 1.672404e+04
1.631043e+04 4.135854e+02 1.672401e+04
1.632047e+04 4.035074e+02 1.672397e+04
1.633344e+04 3.904883e+02 1.672393e+04
1.634870e+04 3.751867e+02 1.672389e+04
1.636554e+04 3.582951e+02 1.672384e+04
1.638329e+04 3.405059e+02 1.672379e+04
1.640130e+04 3.224598e+02 1.672376e+04
1.641903e+04 3.047107e+02 1.672374e+04
1.643601e+04 2.877043e+02 1.672372e+04
1.645191e+04 2.717983e+02 1.672371e+04
1.646645e+04 2.572444e+02 1.672370e+04
1.647950e+04 2.441907e+02 1.672369e+04
1.649095e+04 2.327379e+02 1.672369e+04
1.650081e+04 2.228880e+02 1.672370e+04
1.650910e+04 2.146004e+02 1.672370e+04
1.651592e+04 2.077944e+02 1.672371e+04
1.652136e+04 2.023654e+02 1.672373e+04
1.652557e+04 1.981725e+02 1.672374e+04
1.652867e+04 1.950797e+02 1.672375e+04
1.653082e+04 1.929400e+02 1.672376e+04
1.653217e+04 1.916067e+02 1.672378e+04
1.653285e+04 1.909376e+02 1.672379e+04
1.653300e+04 1.907988e+02 1.672379e+04
1.653273e+04 1.910681e+02 1.672380e+04
1.653217e+04 1.916373e+02 1.672381e+04
1.653140e+04 1.924205e+02 1.672382e+04
1.653049e+04 1.933337e+02 1.672382e+04
1.652949e+04 1.943299e+02 1.672382e+04
1.652845e+04 1.953724e+02 1.672382e+04
1.652736e+04 1.964629e+02 1.672382e+04
1.652621e+04 1.976154e+02 1.672382e+04
1.652496e+04 1.988606e+02 1.672382e+04
1.652356e+04 2.002526e+02 1.672381e+04
1.652193e+04 2.018783e+02 1.672381e+04
1.651996e+04 2.038404e+02 1.672380e+04
1.651752e+04 2.062622e+02 1.672379e+04
1.651449e+04 2.092866e+02 1.672377e+04
1.651068e+04 2.130751e+02 1.672376e+04
1.650593e+04 2.178121e+02 1.672375e+04
1.650005e+04 2.236817e+02 1.672373e+04
1.649281e+04 2.308987e+02 1.672371e+04
1.648401e+04 2.396836e+02 1.672369e+04
1.647341e+04 2.502589e+02 1.672366e+04
1.646078e+04 2.628643e+02 1.672364e+04
1.644591e+04 2.777150e+02 1.672362e+04
1.642860e+04 2.950096e+02 1.672361e+04
1.640869e+04 3.149060e+02 1.672359e+04
1.638609e+04 3.374964e+02 1.672359e+04
1.636081e+04 3.627754e+02 1.672359e+04
1.633300e+04 3.906026e+02 1.672360e+04
1.630297e+04 4.206667e+02 1.672364e+04
1.627126e+04 4.524173e+02 1.672368e+04
1.623866e+04 4.850888e+02 1.672375e+04
1.620620e+04 5.176324e+02 1.672383e+04
1.617517e+04 5.487619e+02 1.672393e+04
1.614703e+04 5.770070e+02 1.672404e+04
1.612332e+04 6.008119e+02 1.672413e+04
1.610552e+04 6.187010e+02 1.672422e+04
1.609487e+04 6.294116e+02 1.672428e+04
1.609223e+04 6.320689e+02 1.672430e+04
1.609797e+04 6.263210e+02 1.672429e+04
1.611188e+04 6.123576e+02 1.672424e+04
1.613326e+04 5.909024e+02 1.672416e+04
1.616095e+04 5.631062e+02 1.672406e+04
1.619356e+04 5.303967e+02 1.672396e+04
1.622955e+04 4.943114e+02 1.672386e+04
1.626742e+04 4.563405e+02 1.672376e+04
1.630586e+04 4.178379e+02 1.672370e+04
1.634375e+04 3.798955e+02 1.672365e+04
1.638024e+04 3.433699e+02 1.672361e+04
1.641473e+04 3.088602e+02 1.672359e+04
1.644685e+04 2.767417e+02 1.672359e+04
1.647639e+04 2.472049e+02 1.672359e+04
1.650331e+04 2.202981e+02 1.672361e+04
1.652765e+04 1.959666e+02 1.672362e+04
1.654955e+04 1.740869e+02 1.672364e+04
1.656916e+04 1.544931e+02 1.672366e+04
1.658668e+04 1.369979e+02 1.672368e+04
1.660229e+04 1.214183e+02 1.672371e+04
1.661618e+04 1.075411e+02 1.672372e+04
1.662854e+04 9.519022e+01 1.672373e+04
1.663954e+04 8.420780e+01 1.672375e+04
1.664932e+04 7.442887e+01 1.672375e+04
1.665804e+04 6.573098e+01 1.672377e+04
1.666581e+04 5.797363e+01 1.672378e+04
1.667274e+04 5.105219e+01 1.672379e+04
1.667893e+04 4.486933e+01 1.672380e+04
1.668446e+04 3.933934e+01 1.672380e+04
1.668942e+04 3.438136e+01 1.672380e+04
1.669387e+04 2.994025e+01 1.672381e+04
1.669786e+04 2.595246e+01 1.672381e+04
1.670145e+04 2.236693e+01 1.672382e+04
1.670468e+04 1.914475e+01 1.672382e+04
1.670759e+04 1.623024e+01 1.672382e+04
1.671022e+04 1.360560e+01 1.672382e+04
1.671259e+04 1.125156e+01 1.672384e+04
1.671474e+04 9.109203e+00 1.672385e+04
1.671667e+04 7.172223e+00 1.672385e+04
1.671843e+04 5.426234e+00 1.672385e+04
1.672001e+04 3.843396e+00 1.672386e+04
1.672144e+04 2.414945e+00 1.672386e+04
1.672273e+04 1.129192e+00 1.672386e+04
1.672388e+04 -2.298008e-02 1.672386e+04
1.672491e+04 -1.048034e+00 1.672386e+04
1.672581e+04 -1.949593e+00 1.672386e+04
1.672659e+04 -2.728149e+00 1.672386e+04
1.672724e+04 -3.380622e+00 1.672386e+04
1.672776e+04 -3.899765e+00 1.672386e+04
1.672813e+04 -4.273360e+00 1.672385e+04
1.672834e+04 -4.483181e+00 1.672385e+04
1.672835e+04 -4.503653e+00 1.672385e+04
1.672815e+04 -4.300166e+00 1.672385e+04
1.672767e+04 -3.826952e+00 1.672384e+04
1.672686e+04 -3.024467e+00 1.672383e+04
1.672564e+04 -1.816186e+00 1.672383e+04
1.672392e+04 -9.934411e-02 1.672382e+04
1.672157e+04 2.237977e+00 1.672381e+04
1.671844e+04 5.354769e+00 1.672379e+04
1.671433e+04 9.441182e+00 1.672377e+04
1.670902e+04 1.473034e+01 1.672375e+04
1.670222e+04 2.150462e+01 1.672372e+04
1.669359e+04 3.010101e+01 1.672369e+04
1.668274e+04 4.091422e+01 1.672365e+04
1.666921e+04 5.439542e+01 1.672361e+04
1.665252e+04 7.104908e+01 1.672357e+04
1.663213e+04 9.139081e+01 1.672352e+04
1.660753e+04 1.159435e+02 1.672347e+04
1.657828e+04 1.451559e+02 1.672344e+04
1.654410e+04 1.793217e+02 1.672342e+04
1.650497e+04 2.184686e+02 1.672344e+04
1.646130e+04 2.621969e+02 1.672349e+04
1.641403e+04 3.095650e+02 1.672360e+04
1.636481e+04 3.589408e+02 1.672375e+04
1.631597e+04 4.079831e+02 1.672395e+04
1.627049e+04 4.537000e+02 1.672419e+04
1.623172e+04 4.927025e+02 1.672442e+04
1.620292e+04 5.216822e+02 1.672461e+04
1.618680e+04 5.379177e+02 1.672472e+04
1.618495e+04 5.397835e+02 1.672473e+04
1.619754e+04 5.270989e+02 1.672464e+04
1.622330e+04 5.011620e+02 1.672446e+04
1.625975e+04 4.644818e+02 1.672424e+04
1.630370e+04 4.202949e+02 1.672400e+04
1.635176e+04 3.720134e+02 1.672378e+04
1.640083e+04 3.227730e+02 1.672360e+04
1.644837e+04 2.751189e+02 1.672348e+04
1.649255e+04 2.308703e+02 1.672342e+04
1.653224e+04 1.911619e+02 1.672340e+04
1.656688e+04 1.565261e+02 1.672341e+04
1.659636e+04 1.270714e+02 1.672343e+04
1.662086e+04 1.026065e+02 1.672347e+04
1.664074e+04 8.277044e+01 1.672351e+04
1.665642e+04 6.712424e+01 1.672355e+04
1.666834e+04 5.524159e+01 1.672358e+04
1.667689e+04 4.672263e+01 1.672361e+04
1.668238e+04 4.124493e+01 1.672363e+04
1.668506e+04 3.857611e+01 1.672364e+04
1.668506e+04 3.858523e+01 1.672364e+04
1.668238e+04 4.125127e+01 1.672363e+04
1.667694e+04 4.667139e+01 1.672361e+04
1.666851e+04 5.507092e+01 1.672358e+04
1.665672e+04 6.681643e+01 1.672354e+04
1.664105e+04 8.243802e+01 1.672348e+04
1.662078e+04 1.026285e+02 1.672341e+04
1.659501e+04 1.283001e+02 1.672331e+04
1.656260e+04 1.605934e+02 1.672319e+04
1.652216e+04 2.008838e+02 1.672305e+04
1.647205e+04 2.508315e+02 1.672288e+04
1.641035e+04 3.123281e+02 1.672268e+04
1.633497e+04 3.874855e+02 1.672246e+04
1.624373e+04 4.785004e+02 1.672223e+04
1.613457e+04 5.874515e+02 1.672202e+04
1.600588e+04 7.159743e+02 1.672185e+04
1.585700e+04 8.647649e+02 1.672176e+04
1.568880e+04 1.033009e+03 1.672181e+04
1.550434e+04 1.217687e+03 1.672202e+04
1.530948e+04 1.412964e+03 1.672245e+04
1.511328e+04 1.609806e+03 1.672309e+04
1.492790e+04 1.796013e+03 1.672391e+04
1.476796e+04 1.956869e+03 1.672483e+04
1.464913e+04 2.076578e+03 1.672571e+04
1.458571e+04 2.140629e+03 1.672634e+04
1.458759e+04 2.138918e+03 1.672651e+04
1.465729e+04 2.068831e+03 1.672612e+04
1.478838e+04 1.936837e+03 1.672522e+04
1.496656e+04 1.757496e+03 1.672406e+04
1.517300e+04 1.549924e+03 1.672292e+04
1.538870e+04 1.333361e+03 1.672206e+04
1.559794e+04 1.123602e+03 1.672154e+04
1.578999e+04 9.313610e+02 1.672136e+04
1.595909e+04 7.623321e+02 1.672142e+04
1.610341e+04 6.182323e+02 1.672164e+04
1.622377e+04 4.981623e+02 1.672193e+04
1.632246e+04 3.997773e+02 1.672224e+04
1.640239e+04 3.201369e+02 1.672252e+04
1.646654e+04 2.562361e+02 1.672278e+04
1.651770e+04 2.052937e+02 1.672299e+04
1.655829e+04 1.648784e+02 1.672317e+04
1.659038e+04 1.329404e+02 1.672332e+04
1.661564e+04 1.077911e+02 1.672344e+04
1.663547e+04 8.806117e+01 1.672353e+04
1.665095e+04 7.265139e+01 1.672360e+04
1.666298e+04 6.067981e+01 1.672366e+04
1.667224e+04 5.146116e+01 1.672370e+04
1.667930e+04 4.444351e+01 1.672374e+04
1.668459e+04 3.917830e+01 1.672377e+04
1.668847e+04 3.532385e+01 1.672380e+04
1.669121e+04 3.260389e+01 1.672381e+04
1.669303e+04 3.079772e+01 1.672383e+04
1.669411e+04 2.972265e+01 1.672383e+04
1.669460e+04 2.924640e+01 1.672384e+04
1.669461e+04 2.924690e+01 1.672385e+04
1.669423e+04 2.962826e+01 1.672386e+04
1.669355e+04 3.031636e+01 1.672387e+04
1.669264e+04 3.122820e+01 1.672387e+04
1.669155e+04 3.231859e+01 1.672387e+04
1.669032e+04 3.354527e+01 1.672387e+04
1.668901e+04 3.486251e+01 1.672387e+04
1.668764e+04 3.623630e+01 1.672387e+04
1.668624e+04 3.763850e+01 1.672388e+04
1.668483e+04 3.905193e+01 1.672388e+04
1.668344e+04 4.045428e+01 1.672389e+04
1.668206e+04 4.182902e+01 1.672389e+04
1.668071e+04 4.317675e+01 1.672389e+04
1.667939e+04 4.450449e+01 1.672389e+04
1.667808e+04 4.580992e+01 1.672389e+04
1.667678e+04 4.711483e+01 1.672389e+04
1.667544e+04 4.844917e+01 1.672389e+04
1.667405e+04 4.983540e+01 1.672389e+04
1.667256e+04 5.131652e+01 1.672388e+04
1.667092e+04 5.295705e+01 1.672387e+04
1.666905e+04 5.481634e+01 1.672387e+04
1.666689e+04 5.697150e+01 1.672386e+04
1.666434e+04 5.951304e+01 1.672385e+04
1.666130e+04 6.255155e+01 1.672385e+04
1.665764e+04 6.619715e+01 1.672384e+04
1.665323e+04 7.059400e+01 1.672382e+04
1.664791e+04 7.589983e+01 1.672381e+04
1.664150e+04 8.229337e+01 1.672379e+04
1.663380e+04 8.997594e+01 1.672377e+04
1.662458e+04 9.916768e+01 1.672374e+04
1.661359e+04 1.101308e+02 1.672372e+04
1.660056e+04 1.231375e+02 1.672369e+04
1.658517e+04 1.384921e+02 1.672366e+04
1.656711e+04 1.565243e+02 1.672363e+04
1.654601e+04 1.775807e+02 1.672359e+04
1.652151e+04 2.020420e+02 1.672356e+04
1.649324e+04 2.302874e+02 1.672352e+04
1.646080e+04 2.626833e+02 1.672348e+04
1.642385e+04 2.995897e+02 1.672344e+04
1.638207e+04 3.413389e+02 1.672341e+04
1.633519e+04 3.881874e+02 1.672338e+04
1.628307e+04 4.402803e+02 1.672335e+04
1.622571e+04 4.976343e+02 1.672334e+04
1.616328e+04 5.600583e+02 1.672334e+04
1.609628e+04 6.270849e+02 1.672337e+04
1.602554e+04 6.978783e+02 1.672342e+04
1.595239e+04 7.711257e+02 1.672351e+04
1.587872e+04 8.449185e+02 1.672364e+04
1.580714e+04 9.166860e+02 1.672383e+04
1.574091e+04 9.831454e+02 1.672405e+04
1.568386e+04 1.040436e+03 1.672430e+04
1.564009e+04 1.084446e+03 1.672454e+04
1.561344e+04 1.111286e+03 1.672473e+04
1.560687e+04 1.117951e+03 1.672482e+04
1.562186e+04 1.102936e+03 1.672480e+04
1.565802e+04 1.066636e+03 1.672465e+04
1.571306e+04 1.011344e+03 1.672441e+04
1.578319e+04 9.409160e+02 1.672411e+04
1.586372e+04 8.600888e+02 1.672381e+04
1.594978e+04 7.737599e+02 1.672354e+04
1.603697e+04 6.863617e+02 1.672334e+04
1.612171e+04 6.014903e+02 1.672320e+04
1.620142e+04 5.217258e+02 1.672314e+04
1.627446e+04 4.486689e+02 1.672313e+04
1.634003e+04 3.831202e+02 1.672315e+04
1.639795e+04 3.252483e+02 1.672320e+04
1.644845e+04 2.748099e+02 1.672326e+04
1.649205e+04 2.312804e+02 1.672333e+04
1.652940e+04 1.940009e+02 1.672340e+04
1.656121e+04 1.622610e+02 1.672347e+04
1.658817e+04 1.353518e+02 1.672352e+04
1.661095e+04 1.126226e+02 1.672357e+04
1.663016e+04 9.346599e+01 1.672362e+04
1.664631e+04 7.733655e+01 1.672365e+04
1.665990e+04 6.379452e+01 1.672369e+04
1.667130e+04 5.241552e+01 1.672372e+04
1.668088e+04 4.285519e+01 1.672374e+04
1.668893e+04 3.483750e+01 1.672377e+04
1.669568e+04 2.809899e+01 1.672378e+04
1.670136e+04 2.243720e+01 1.672380e+04
1.670613e+04 1.767742e+01 1.672381e+04
1.671015e+04 1.367870e+01 1.672383e+04
1.671353e+04 1.030747e+01 1.672383e+04
1.671638e+04 7.472216e+00 1.672385e+04
1.671878e+04 5.076308e+00 1.672385e+04
1.672080e+04 3.053663e+00 1.672386e+04
1.672252e+04 1.344474e+00 1.672386e+04
1.672397e+04 -1.012251e-01 1.672387e+04
1.672519e+04 -1.325170e+00 1.672387e+04
1.672623e+04 -2.362223e+00 1.672387e+04
1.672712e+04 -3.241499e+00 1.672387e+04
1.672786e+04 -3.987308e+00 1.672388e+04
1.672850e+04 -4.631004e+00 1.672387e+04
1.672903e+04 -5.167597e+00 1.672387e+04
1.672949e+04 -5.622002e+00 1.672387e+04
1.672987e+04 -6.005916e+00 1.672387e+04
1.673020e+04 -6.329031e+00 1.672387e+04
1.673047e+04 -6.599341e+00 1.672387e+04
1.673069e+04 -6.823405e+00 1.672387e+04
1.673088e+04 -7.006554e+00 1.672387e+04
1.673102e+04 -7.158591e+00 1.672387e+04
1.673114e+04 -7.271923e+00 1.672387e+04
1.673122e+04 -7.354606e+00 1.672387e+04
1.673127e+04 -7.403081e+00 1.672387e+04
1.673130e+04 -7.429646e+00 1.672387e+04
1.673130e+04 -7.429550e+00 1.672387e+04
1.673127e+04 -7.403067e+00 1.672387e+04
1.673122e+04 -7.350186e+00 1.672387e+04
1.673114e+04 -7.275992e+00 1.672387e+04
1.673103e+04 -7.168190e+00 1.672387e+04
1.673090e+04 -7.030865e+00 1.672387e+04
1.673073e+04 -6.862253e+00 1.672387e+04
1.673053e+04 -6.660219e+00 1.672387e+04
1.673029e+04 -6.416832e+00 1.672387e+04
1.673001e+04 -6.140169e+00 1.672387e+04
1.672969e+04 -5.815906e+00 1.672388e+04
1.672933e+04 -5.451311e+00 1.672387e+04
1.672891e+04 -5.036781e+00 1.672387e+04
1.672844e+04 -4.573256e+00 1.672387e+04
1.672791e+04 -4.044754e+00 1.672387e+04
1.672732e+04 -3.451256e+00 1.672387e+04
1.672665e+04 -2.786759e+00 1.672387e+04
1.672591e+04 -2.050227e+00 1.672386e+04
1.672508e+04 -1.223601e+00 1.672386e+04
1.672416e+04 -3.046781e-01 1.672386e+04
1.672314e+04 7.148292e-01 1.672386e+04
1.672201e+04 1.838370e+00 1.672385e+04
1.672077e+04 3.086443e+00 1.672385e+04
1.671939e+04 4.463927e+00 1.672385e+04
1.671787e+04 5.981841e+00 1.672385e+04
1.671620e+04 7.651953e+00 1.672385e+04
1.671436e+04 9.486703e+00 1.672385e+04
1.671235e+04 1.149926e+01 1.672385e+04
1.671014e+04 1.370404e+01 1.672385e+04
1.670773e+04 1.611600e+01 1.672384e+04
1.670509e+04 1.874550e+01 1.672384e+04
1.670222e+04 2.162011e+01 1.672384e+04
1.669908e+04 2.475193e+01 1.672383e+04
1.669567e+04 2.816475e+01 1.672384e+04
1.669197e+04 3.186681e+01 1.672384e+04
1.668795e+04 3.588366e+01 1.672383e+04
1.668360e+04 4.023610e+01 1.672383e+04
1.667888e+04 4.494550e+01 1.672383e+04
1.667379e+04 5.003948e+01 1.672383e+04
1.666830e+04 5.553550e+01 1.672384e+04
1.666238e+04 6.145146e+01 1.672383e+04
1.665602e+04 6.781658e+01 1.672383e+04
1.664917e+04 7.465475e+01 1.672383e+04
1.664184e+04 8.198995e+01 1.672383e+04
1.663398e+04 8.984601e+01 1.672382e+04
1.662558e+04 9.824646e+01 1.672382e+04
1.661660e+04 1.072144e+02 1.672382e+04
1.660704e+04 1.167721e+02 1.672382e+04
1.659687e+04 1.269417e+02 1.672381e+04
1.658607e+04 1.377445e+02 1.672381e+04
1.657460e+04 1.492024e+02 1.672381e+04
1.656246e+04 1.613384e+02 1.672380e+04
1.654962e+04 1.741791e+02 1.672380e+04
1.653604e+04 1.877626e+02 1.672380e+04
1.652167e+04 2.021226e+02 1.672379e+04
1.650645e+04 2.173274e+02 1.672378e+04
1.649030e+04 2.334696e+02 1.672377e+04
1.647306e+04 2.506860e+02 1.672375e+04
1.645454e+04 2.691786e+02 1.672372e+04
1.643444e+04 2.892434e+02 1.672368e+04
1.641232e+04 3.113086e+02 1.672362e+04
1.638756e+04 3.359849e+02 1.672355e+04
1.635932e+04 3.641303e+02 1.672345e+04
1.632638e+04 3.969295e+02 1.672331e+04
1.628713e+04 4.359886e+02 1.672312e+04
1.623944e+04 4.834347e+02 1.672288e+04
1.618057e+04 5.419963e+02 1.672257e+04
1.610715e+04 6.150520e+02 1.672221e+04
1.601532e+04 7.064813e+02 1.672180e+04
1.590113e+04 8.202746e+02 1.672140e+04
1.576148e+04 9.596484e+02 1.672113e+04
1.559576e+04 1.125388e+03 1.672115e+04
1.540820e+04 1.313461e+03 1.672166e+04
1.521051e+04 1.512293e+03 1.672280e+04
1.502337e+04 1.701129e+03 1.672450e+04
1.487445e+04 1.851856e+03 1.672631e+04
1.479169e+04 1.935831e+03 1.672752e+04
1.479330e+04 1.934271e+03 1.672757e+04
1.487996e+04 1.846461e+03 1.672642e+04
1.503447e+04 1.690147e+03 1.672461e+04
1.522911e+04 1.493761e+03 1.672288e+04
1.543570e+04 1.285974e+03 1.672167e+04
1.563268e+04 1.088425e+03 1.672111e+04
1.580750e+04 9.135524e+02 1.672106e+04
1.595531e+04 7.660014e+02 1.672131e+04
1.607634e+04 6.453533e+02 1.672169e+04
1.617353e+04 5.485660e+02 1.672210e+04
1.625080e+04 4.716710e+02 1.672247e+04
1.631205e+04 4.107295e+02 1.672278e+04
1.636076e+04 3.622741e+02 1.672303e+04
1.639978e+04 3.234500e+02 1.672323e+04
1.643137e+04 2.920084e+02 1.672338e+04
1.645728e+04 2.662061e+02 1.672348e+04
1.647880e+04 2.447695e+02 1.672356e+04
1.649686e+04 2.267568e+02 1.672362e+04
1.651214e+04 2.115170e+02 1.672366e+04
1.652504e+04 1.986340e+02 1.672368e+04
1.653579e+04 1.878943e+02 1.672368e+04
1.654439e+04 1.792739e+02 1.672367e+04
1.655069e+04 1.729450e+02 1.672364e+04
1.655428e+04 1.693064e+02 1.672358e+04
1.655445e+04 1.690441e+02 1.672349e+04
1.655013e+04 1.732340e+02 1.672336e+04
1.653966e+04 1.835015e+02 1.672316e+04
1.652060e+04 2.022639e+02 1.672287e+04
1.648935e+04 2.330864e+02 1.672243e+04
1.644062e+04 2.811834e+02 1.672180e+04
1.636682e+04 3.540780e+02 1.672089e+04
1.625729e+04 4.623501e+02 1.671964e+04
1.609786e+04 6.201695e+02 1.671803e+04
1.587144e+04 8.447727e+02 1.671621e+04
1.556174e+04 1.153037e+03 1.671477e+04
1.516279e+04 1.552123e+03 1.671491e+04
1.469640e+04 2.021843e+03 1.671824e+04
1.423124e+04 2.494017e+03 1.672526e+04
1.388190e+04 2.851139e+03 1.673304e+04
1.376287e+04 2.973071e+03 1.673594e+04
1.391507e+04 2.816356e+03 1.673142e+04
1.427474e+04 2.448573e+03 1.672331e+04
1.472056e+04 1.996437e+03 1.671700e+04
1.514592e+04 1.568573e+03 1.671449e+04
1.549373e+04 1.221088e+03 1.671482e+04
1.575023e+04 9.661729e+02 1.671641e+04
1.592494e+04 7.932552e+02 1.671820e+04
1.603506e+04 6.846827e+02 1.671974e+04
1.609760e+04 6.233439e+02 1.672094e+04
1.612670e+04 5.951335e+02 1.672183e+04
1.613342e+04 5.890818e+02 1.672251e+04
1.612630e+04 5.967072e+02 1.672301e+04
1.611203e+04 6.113732e+02 1.672340e+04
1.609593e+04 6.277805e+02 1.672371e+04
1.608222e+04 6.417192e+02 1.672394e+04
1.607413e+04 6.499682e+02 1.672410e+04
1.607384e+04 6.503413e+02 1.672418e+04
1.608247e+04 6.417247e+02 1.672420e+04
1.610015e+04 6.239992e+02 1.672415e+04
1.612609e+04 5.979704e+02 1.672407e+04
1.615883e+04 5.651244e+02 1.672395e+04
1.619647e+04 5.273603e+02 1.672383e+04
1.623700e+04 4.867140e+02 1.672372e+04
1.627850e+04 4.451285e+02 1.672363e+04
1.631929e+04 4.042743e+02 1.672356e+04
1.635805e+04 3.654728e+02 1.672352e+04
1.639381e+04 3.296806e+02 1.672349e+04
1.642597e+04 2.975212e+02 1.672349e+04
1.645419e+04 2.693104e+02 1.672350e+04
1.647837e+04 2.451415e+02 1.672352e+04
1.649860e+04 2.249465e+02 1.672355e+04
1.651505e+04 2.085274e+02 1.672358e+04
1.652797e+04 1.956326e+02 1.672360e+04
1.653767e+04 1.859650e+02 1.672363e+04
1.654445e+04 1.792051e+02 1.672366e+04
1.654864e+04 1.750467e+02 1.672368e+04
1.655053e+04 1.731718e+02 1.672371e+04
1.655045e+04 1.732772e+02 1.672373e+04
1.654868e+04 1.750695e+02 1.672375e+04
1.654551e+04 1.782658e+02 1.672377e+04
1.654120e+04 1.825925e+02 1.672379e+04
1.653602e+04 1.877851e+02 1.672381e+04
1.653024e+04 1.935890e+02 1.672383e+04
1.652408e+04 1.997603e+02 1.672384e+04
1.651779e+04 2.060689e+02 1.672386e+04
1.651157e+04 2.123024e+02 1.672387e+04
1.650561e+04 2.182713e+02 1.672388e+04
1.650008e+04 2.238144e+02 1.672389e+04
1.649509e+04 2.288054e+02 1.672390e+04
1.649074e+04 2.331586e+02 1.672390e+04
1.648706e+04 2.368343e+02 1.672390e+04
1.648405e+04 2.398430e+02 1.672389e+04
1.648163e+04 2.422480e+02 1.672388e+04
1.647970e+04 2.441664e+02 1.672387e+04
1.647809e+04 2.457681e+02 1.672385e+04
1.647656e+04 2.472742e+02 1.672383e+04
1.647486e+04 2.489524e+02 1.672381e+04
1.647267e+04 2.511080e+02 1.672378e+04
1.646965e+04 2.540939e+02 1.672375e+04
1.646542e+04 2.582942e+02 1.672371e+04
1.645958e+04 2.641066e+02 1.672368e+04
1.645170e+04 2.719496e+02 1.672365e+04
1.644137e+04 2.822532e+02 1.672362e+04
1.642816e+04 2.954222e+02 1.672358e+04
1.641170e+04 3.118502e+02 1.672355e+04
1.639165e+04 3.318715e+02 1.672352e+04
1.636777e+04 3.557370e+02 1.672351e+04
1.633996e+04 3.835521e+02 1.672351e+04
1.630828e+04 4.152340e+02 1.672351e+04
1.627308e+04 4.504614e+02 1.672354e+04
1.623499e+04 4.885985e+02 1.672359e+04
1.619501e+04 5.286551e+02 1.672367e+04
1.615449e+04 5.692705e+02 1.672377e+04
1.611513e+04 6.087483e+02 1.672388e+04
1.607885e+04 6.451614e+02 1.672401e+04
1.604762e+04 6.765018e+02 1.672412e+04
1.602327e+04 7.009423e+02 1.672421e+04
1.600719e+04 7.170676e+02 1.672426e+04
1.600015e+04 7.241049e+02 1.672426e+04
1.600214e+04 7.220680e+02 1.672420e+04
1.601232e+04 7.117777e+02 1.672410e+04
1.602918e+04 6.947859e+02 1.672396e+04
1.605067e+04 6.731467e+02 1.672381e+04
1.607447e+04 6.491950e+02 1.672366e+04
1.609822e+04 6.252960e+02 1.672352e+04
1.611972e+04 6.036731e+02 1.672340e+04
1.613705e+04 5.862438e+02 1.672330e+04
1.614865e+04 5.745716e+02 1.672322e+04
1.615333e+04 5.698367e+02 1.672317e+04
1.615030e+04 5.728352e+02 1.672314e+04
1.613914e+04 5.839830e+02 1.672313e+04
1.611983e+04 6.033154e+02 1.672314e+04
1.609274e+04 6.304452e+02 1.672318e+04
1.605868e+04 6.645669e+02 1.672325e+04
1.601892e+04 7.044168e+02 1.672334e+04
1.597516e+04 7.482973e+02 1.672346e+04
1.592941e+04 7.941675e+02 1.672358e+04
1.588386e+04 8.398372e+02 1.672369e+04
1.584049e+04 8.832693e+02 1.672376e+04
1.580076e+04 9.230071e+02 1.672377e+04
1.576509e+04 9.585881e+02 1.672368e+04
1.573250e+04 9.909676e+02 1.672347e+04
1.570035e+04 1.022779e+03 1.672313e+04
1.566429e+04 1.058386e+03 1.672267e+04
1.561845e+04 1.103676e+03 1.672213e+04
1.555605e+04 1.165499e+03 1.672155e+04
1.547030e+04 1.250729e+03 1.672102e+04
1.535607e+04 1.364649e+03 1.672072e+04
1.521230e+04 1.508553e+03 1.672085e+04
1.504499e+04 1.676650e+03 1.672164e+04
1.487006e+04 1.853110e+03 1.672317e+04
1.471367e+04 2.011512e+03 1.672518e+04
1.460767e+04 2.119329e+03 1.672700e+04
1.457963e+04 2.148169e+03 1.672780e+04
1.464158e+04 2.085620e+03 1.672720e+04
1.478457e+04 1.940936e+03 1.672551e+04
1.498305e+04 1.740475e+03 1.672352e+04
1.520567e+04 1.516280e+03 1.672195e+04
1.542551e+04 1.295558e+03 1.672107e+04
1.562512e+04 1.095712e+03 1.672083e+04
1.579642e+04 9.245899e+02 1.672101e+04
1.593811e+04 7.832847e+02 1.672140e+04
1.605266e+04 6.691713e+02 1.672183e+04
1.614406e+04 5.781680e+02 1.672223e+04
1.621649e+04 5.060764e+02 1.672257e+04
1.627359e+04 4.492308e+02 1.672282e+04
1.631828e+04 4.047289e+02 1.672301e+04
1.635268e+04 3.704502e+02 1.672313e+04
1.637821e+04 3.449880e+02 1.672320e+04
1.639566e+04 3.275693e+02 1.672323e+04
1.640524e+04 3.179626e+02 1.672321e+04
1.640667e+04 3.164621e+02 1.672313e+04
1.639915e+04 3.238728e+02 1.672302e+04
1.638137e+04 3.414901e+02 1.672286e+04
1.635152e+04 3.711327e+02 1.672266e+04
1.630728e+04 4.151238e+02 1.672240e+04
1.624591e+04 4.761929e+02 1.672210e+04
1.616457e+04 5.572433e+02 1.672181e+04
1.606080e+04 6.607790e+02 1.672158e+04
1.593354e+04 7.879612e+02 1.672150e+04
1.578459e+04 9.371310e+02 1.672172e+04
1.562038e+04 1.101977e+03 1.672235e+04
1.545347e+04 1.269963e+03 1.672343e+04
1.530259e+04 1.422218e+03 1.672481e+04
1.518980e+04 1.536281e+03 1.672608e+04
1.513476e+04 1.592014e+03 1.672677e+04
1.514793e+04 1.578654e+03 1.672658e+04
1.522645e+04 1.499149e+03 1.672560e+04
1.535529e+04 1.368934e+03 1.672422e+04
1.551296e+04 1.209976e+03 1.672293e+04
1.567823e+04 1.043808e+03 1.672204e+04
1.583482e+04 8.867766e+02 1.672159e+04
1.597285e+04 7.486700e+02 1.672152e+04
1.608810e+04 6.335751e+02 1.672168e+04
1.618028e+04 5.416808e+02 1.672196e+04
1.625130e+04 4.709804e+02 1.672228e+04
1.630404e+04 4.185359e+02 1.672257e+04
1.634158e+04 3.812512e+02 1.672283e+04
1.636680e+04 3.562405e+02 1.672304e+04
1.638221e+04 3.410116e+02 1.672322e+04
1.638991e+04 3.334568e+02 1.672336e+04
1.639164e+04 3.318381e+02 1.672348e+04
1.638885e+04 3.347155e+02 1.672357e+04
1.638274e+04 3.409070e+02 1.672365e+04
1.637431e+04 3.493999e+02 1.672371e+04
1.636444e+04 3.593292e+02 1.672377e+04
1.635388e+04 3.699389e+02 1.672382e+04
1.634330e+04 3.805602e+02 1.672386e+04
1.633330e+04 3.905990e+02 1.672390e+04
1.632440e+04 3.995256e+02 1.672392e+04
1.631705e+04 4.068966e+02 1.672395e+04
1.631164e+04 4.123331e+02 1.672398e+04
1.630846e+04 4.155261e+02 1.672399e+04
1.630773e+04 4.162700e+02 1.672400e+04
1.630956e+04 4.144454e+02 1.672400e+04
1.631397e+04 4.100250e+02 1.672400e+04
1.632092e+04 4.030651e+02 1.672398e+04
1.633025e+04 3.937206e+02 1.672397e+04
1.634175e+04 3.822005e+02 1.672395e+04
1.635516e+04 3.687756e+02 1.672393e+04
1.637015e+04 3.537508e+02 1.672390e+04
1.638641e+04 3.374708e+02 1.672388e+04
1.640359e+04 3.202705e+02 1.672386e+04
1.642136e+04 3.024881e+02 1.672385e+04
1.643941e+04 2.844258e+02 1.672383e+04
1.645744e+04 2.663736e+02 1.672382e+04
1.647522e+04 2.485867e+02 1.672381e+04
1.649254e+04 2.312604e+02 1.672380e+04
1.650920e+04 2.145838e+02 1.672379e+04
1.652510e+04 1.986864e+02 1.672378e+04
1.654011e+04 1.836676e+02 1.672378e+04
1.655419e+04 1.696000e+02 1.672379e+04
1.656728e+04 1.565007e+02 1.672378e+04
1.657937e+04 1.444121e+02 1.672378e+04
1.659047e+04 1.333185e+02 1.672378e+04
1.660059e+04 1.231986e+02 1.672379e+04
1.660977e+04 1.140183e+02 1.672379e+04
1.661806e+04 1.057338e+02 1.672380e+04
1.662551e+04 9.829416e+01 1.672380e+04
1.663217e+04 9.164877e+01 1.672381e+04
1.663809e+04 8.572761e+01 1.672382e+04
1.664335e+04 8.047539e+01 1.672383e+04
1.664800e+04 7.583627e+01 1.672384e+04
1.665210e+04 7.173846e+01 1.672384e+04
1.665572e+04 6.812791e+01 1.672385e+04
1.665890e+04 6.494690e+01 1.672385e+04
1.666172e+04 6.213451e+01 1.672385e+04
1.666421e+04 5.964902e+01 1.672385e+04
1.666642e+04 5.743535e+01 1.672386e+04
1.666841e+04 5.544713e+01 1.672386e+04
1.667022e+04 5.364151e+01 1.672387e+04
1.667189e+04 5.197931e+01 1.672387e+04
1.667345e+04 5.042513e+01 1.672387e+04
1.667493e+04 4.894748e+01 1.672387e+04
1.667636e+04 4.751879e+01 1.672388e+04
1.667776e+04 4.611542e+01 1.672388e+04
1.667916e+04 4.471198e+01 1.672387e+04
1.668057e+04 4.330364e+01 1.672387e+04
1.668200e+04 4.187271e+01 1.672387e+04
1.668346e+04 4.041043e+01 1.672387e+04
1.668496e+04 3.890020e+01 1.672386e+04
1.668650e+04 3.736139e+01 1.672386e+04
1.668808e+04 3.577782e+01 1.672386e+04
1.668970e+04 3.416312e+01 1.672386e+04
1.669134e+04 3.252193e+01 1.672386e+04
1.669301e+04 3.084957e+01 1.672386e+04
1.669470e+04 2.915923e+01 1.672386e+04
1.669640e+04 2.745960e+01 1.672386e+04
1.669810e+04 2.576003e+01 1.672386e+04
1.669979e+04 2.406472e+01 1.672385e+04
1.670146e+04 2.239458e+01 1.672385e+04
1.670310e+04 2.075394e+01 1.672385e+04
1.670470e+04 1.915230e+01 1.672385e+04
1.670625e+04 1.759869e+01 1.672385e+04
1.670775e+04 1.610158e+01 1.672385e+04
1.670918e+04 1.466876e+01 1.672385e+04
1.671054e+04 1.330727e+01 1.672385e+04
1.671183e+04 1.201795e+01 1.672384e+04
1.671303e+04 1.081721e+01 1.672384e+04
1.671414e+04 9.704462e+00 1.672384e+04
1.671516e+04 8.683821e+00 1.672384e+04
1.671608e+04 7.758746e+00 1.672384e+04
1.671691e+04 6.937562e+00 1.672385e+04
1.671764e+04 6.211713e+00 1.672385e+04
1.671826e+04 5.588661e+00 1.672385e+04
1.671878e+04 5.070031e+00 1.672385e+04
1.671919e+04 4.662633e+00 1.672385e+04
1.671950e+04 4.356775e+00 1.672385e+04
1.671969e+04 4.159114e+00 1.672385e+04
1.671978e+04 4.070854e+00 1.672385e+04
1.671976e+04 4.087845e+00 1.672385e+04
1.671962e+04 4.222497e+00 1.672385e+04
1.671938e+04 4.471415e+00 1.672385e+04
1.671901e+04 4.837036e+00 1.672385e+04
1.671852e+04 5.322441e+00 1.672385e+04
1.671791e+04 5.931538e+00 1.672385e+04
1.671718e+04 6.669279e+00 1.672385e+04
1.671630e+04 7.547243e+00 1.672385e+04
1.671529e+04 8.562583e+00 1.672385e+04
1.671412e+04 9.730822e+00 1.672385e+04
1.671278e+04 1.106467e+01 1.672385e+04
1.671127e+04 1.258568e+01 1.672385e+04
1.670955e+04 1.430316e+01 1.672385e+04
1.670760e+04 1.624871e+01 1.672385e+04
1.670539e+04 1.845534e+01 1.672384e+04
1.670287e+04 2.096513e+01 1.672384e+04
1.670000e+04 2.383180e+01 1.672383e+04
1.669670e+04 2.711835e+01 1.672382e+04
1.669289e+04 3.092353e+01 1.672381e+04
1.668844e+04 3.535384e+01 1.672380e+04
1.668323e+04 4.055769e+01 1.672379e+04
1.667706e+04 4.670631e+01 1.672377e+04
1.666971e+04 5.403108e+01 1.672374e+04
1.666087e+04 6.283591e+01 1.672371e+04
1.665019e+04 7.348398e+01 1.672367e+04
1.663719e+04 8.644112e+01 1.672363e+04
1.662130e+04 1.022652e+02 1.672357e+04
1.660184e+04 1.216554e+02 1.672350e+04
1.657797e+04 1.454406e+02 1.672342e+04
1.654873e+04 1.745854e+02 1.672332e+04
1.651305e+04 2.101690e+02 1.672322e+04
1.646978e+04 2.533342e+02 1.672312e+04
1.641787e+04 3.051545e+02 1.672303e+04
1.635649e+04 3.664790e+02 1.672296e+04
1.628533e+04 4.376284e+02 1.672296e+04
1.620502e+04 5.180250e+02 1.672305e+04
1.611749e+04 6.057651e+02 1.672326e+04
1.602634e+04 6.972500e+02 1.672359e+04
1.593699e+04 7.870573e+02 1.672404e+04
1.585626e+04 8.682773e+02 1.672454e+04
1.579152e+04 9.334556e+02 1.672498e+04
1.574915e+04 9.760958e+02 1.672525e+04
1.573303e+04 9.922368e+02 1.672527e+04
1.574342e+04 9.815976e+02 1.672502e+04
1.577684e+04 9.477373e+02 1.672458e+04
1.582695e+04 8.971072e+02 1.672406e+04
1.588606e+04 8.375020e+02 1.672356e+04
1.594672e+04 7.764526e+02 1.672317e+04
1.600287e+04 7.200403e+02 1.672291e+04
1.605042e+04 6.723760e+02 1.672279e+04
1.608723e+04 6.355680e+02 1.672280e+04
1.611291e+04 6.099706e+02 1.672288e+04
1.612844e+04 5.945985e+02 1.672303e+04
1.613571e+04 5.875133e+02 1.672322e+04
1.613725e+04 5.861728e+02 1.672343e+04
1.613589e+04 5.877368e+02 1.672363e+04
1.613446e+04 5.893548e+02 1.672382e+04
1.613556e+04 5.884080e+02 1.672397e+04
1.614129e+04 5.827809e+02 1.672407e+04
1.615310e+04 5.710246e+02 1.672412e+04
1.617166e+04 5.524658e+02 1.672412e+04
1.619687e+04 5.272051e+02 1.672407e+04
1.622798e+04 4.960190e+02 1.672400e+04
1.626375e+04 4.601554e+02 1.672391e+04
1.630266e+04 4.211481e+02 1.672381e+04
1.634314e+04 3.805815e+02 1.672372e+04
1.638372e+04 3.399252e+02 1.672365e+04
1.642318e+04 3.004142e+02 1.672359e+04
1.646054e+04 2.630163e+02 1.672356e+04
1.649515e+04 2.283930e+02 1.672354e+04
1.652659e+04 1.969556e+02 1.672355e+04
1.655467e+04 1.688844e+02 1.672356e+04
1.657936e+04 1.442145e+02 1.672357e+04
1.660073e+04 1.228664e+02 1.672359e+04
1.661891e+04 1.046965e+02 1.672361e+04
1.663409e+04 8.953547e+01 1.672363e+04
1.664642e+04 7.721913e+01 1.672364e+04
1.665604e+04 6.761252e+01 1.672365e+04
1.666302e+04 6.063537e+01 1.672366e+04
1.666740e+04 5.625750e+01 1.672366e+04
1.666910e+04 5.454703e+01 1.672364e+04
1.666796e+04 5.566403e+01 1.672362e+04
1.666370e+04 5.988190e+01 1.672359e+04
1.665594e+04 6.760348e+01 1.672354e+04
1.664410e+04 7.937635e+01 1.672348e+04
1.662750e+04 9.590406e+01 1.672340e+04
1.660527e+04 1.180480e+02 1.672332e+04
1.657640e+04 1.468105e+02 1.672322e+04
1.653982e+04 1.832854e+02 1.672311e+04
1.649446e+04 2.285560e+02 1.672301e+04
1.643942e+04 2.835178e+02 1.672294e+04
1.637432e+04 3.486038e+02 1.672292e+04
1.629959e+04 4.234040e+02 1.672299e+04
1.621697e+04 5.062115e+02 1.672318e+04
1.612992e+04 5.935940e+02 1.672351e+04
1.604383e+04 6.801399e+02 1.672397e+04
1.596579e+04 7.587013e+02 1.672450e+04
1.590378e+04 8.212220e+02 1.672500e+04
1.586513e+04 8.602217e+02 1.672535e+04
1.585490e+04 8.705474e+02 1.672545e+04
1.587451e+04 8.507567e+02 1.672526e+04
1.592133e+04 8.035278e+02 1.672486e+04
1.598943e+04 7.348950e+02 1.672433e+04
1.607111e+04 6.526980e+02 1.672381e+04
1.615857e+04 5.648219e+02 1.672339e+04
1.624520e+04 4.779145e+02 1.672311e+04
1.632623e+04 3.967404e+02 1.672297e+04
1.639880e+04 3.241340e+02 1.672293e+04
1.646166e+04 2.613112e+02 1.672297e+04
1.651471e+04 2.083465e+02 1.672306e+04
1.655859e+04 1.645766e+02 1.672316e+04
1.659430e+04 1.289691e+02 1.672327e+04
1.662302e+04 1.003590e+02 1.672338e+04
1.664587e+04 7.759768e+01 1.672347e+04
1.666391e+04 5.962959e+01 1.672354e+04
1.667806e+04 4.554937e+01 1.672361e+04
1.668908e+04 3.458266e+01 1.672367e+04
1.669763e+04 2.607829e+01 1.672371e+04
1.670423e+04 1.952070e+01 1.672375e+04
1.670928e+04 1.448518e+01 1.672377e+04
1.671314e+04 1.064836e+01 1.672379e+04
1.671607e+04 7.739957e+00 1.672381e+04
1.671827e+04 5.551015e+00 1.672382e+04
1.671992e+04 3.917335e+00 1.672383e+04
1.672113e+04 2.715698e+00 1.672385e+04
1.672202e+04 1.834530e+00 1.672385e+04
1.672266e+04 1.206432e+00 1.672386e+04
1.672311e+04 7.594681e-01 1.672387e+04
1.672342e+04 4.519089e-01 1.672387e+04
1.672363e+04 2.472056e-01 1.672387e+04
1.672376e+04 1.226987e-01 1.672388e+04
1.672384e+04 4.588843e-02 1.672388e+04
1.672388e+04 5.969596e-03 1.672388e+04
1.672389e+04 -9.336376e-03 1.672388e+04
1.672389e+04 -9.142035e-03 1.672388e+04
1.672388e+04 -9.586941e-05 1.672388e+04
1.672387e+04 1.844631e-02 1.672389e+04
1.672386e+04 3.227544e-02 1.672389e+04
1.672385e+04 4.478807e-02 1.672389e+04
1.672384e+04 5.466101e-02 1.672389e+04
1.672383e+04 6.118603e-02 1.672389e+04
1.672383e+04 6.409522e-02 1.672389e+04
1.672383e+04 6.342436e-02 1.672389e+04
1.672383e+04 5.940759e-02 1.672389e+04
1.672384e+04 5.239789e-02 1.672389e+04
1.672385e+04 4.280900e-02 1.672389e+04
1.672386e+04 3.107531e-02 1.672389e+04
1.672387e+04 1.213131e-02 1.672388e+04
1.672389e+04 -2.906179e-03 1.672388e+04
1.672390e+04 -1.887148e-02 1.672388e+04
1.672392e+04 -3.538793e-02 1.672388e+04
1.672394e+04 -5.208103e-02 1.672388e+04
1.672395e+04 -6.314345e-02 1.672389e+04
1.672397e+04 -8.463517e-02 1.672388e+04
1.672398e+04 -9.952647e-02 1.672388e+04
1.672400e+04 -1.127159e-01 1.672388e+04
1.672401e+04 -1.235120e-01 1.672388e+04
1.672402e+04 -1.310799e-01 1.672388e+04
1.672402e+04 -1.344128e-01 1.672388e+04
1.672402e+04 -1.323040e-01 1.672388e+04
1.672401e+04 -1.233193e-01 1.672388e+04
1.672399e+04 -1.057705e-01 1.672388e+04
1.672396e+04 -7.221996e-02 1.672389e+04
1.672392e+04 -3.134435e-02 1.672389e+04
1.672386e+04 2.494271e-02 1.672389e+04
1.672379e+04 9.960039e-02 1.672389e+04
1.672369e+04 2.014435e-01 1.672389e+04
1.672357e+04 3.176515e-01 1.672389e+04
1.672342e+04 4.688688e-01 1.672389e+04
1.672323e+04 6.543157e-01 1.672389e+04
1.672301e+04 8.790818e-01 1.672389e+04
1.672274e+04 1.148755e+00 1.672389e+04
1.672242e+04 1.469447e+00 1.672389e+04
1.672204e+04 1.847820e+00 1.672388e+04
1.672159e+04 2.291108e+00 1.672388e+04
1.672108e+04 2.807150e+00 1.672388e+04
1.672048e+04 3.404406e+00 1.672388e+04
1.671979e+04 4.091987e+00 1.672388e+04
1.671900e+04 4.885123e+00 1.672389e+04
1.671810e+04 5.783332e+00 1.672389e+04
1.671708e+04 6.803292e+00 1.672388e+04
1.671593e+04 7.956886e+00 1.672388e+04
1.671463e+04 9.262078e+00 1.672389e+04
1.671317e+04 1.072122e+01 1.672389e+04
1.671153e+04 1.235931e+01 1.672389e+04
1.670971e+04 1.418004e+01 1.672389e+04
1.670768e+04 1.620415e+01 1.672389e+04
1.670544e+04 1.844739e+01 1.672389e+04
1.670296e+04 2.092597e+01 1.672388e+04
1.670023e+04 2.365645e+01 1.672388e+04
1.669723e+04 2.665562e+01 1.672388e+04
1.669394e+04 2.994036e+01 1.672388e+04
1.669035e+04 3.352756e+01 1.672388e+04
1.668644e+04 3.743943e+01 1.672388e+04
1.668220e+04 4.168143e+01 1.672388e+04
1.667760e+04 4.627543e+01 1.672388e+04
1.667264e+04 5.123753e+01 1.672388e+04
1.666729e+04 5.658392e+01 1.672387e+04
1.666154e+04 6.233131e+01 1.672387e+04
1.665537e+04 6.849772e+01 1.672387e+04
1.664876e+04 7.510367e+01 1.672387e+04
1.664169e+04 8.217399e+01 1.672386e+04
1.663412e+04 8.974026e+01 1.672386e+04
1.662601e+04 9.784431e+01 1.672385e+04
1.661730e+04 1.065433e+02 1.672385e+04
1.660792e+04 1.159154e+02 1.672384e+04
1.659776e+04 1.260679e+02 1.672382e+04
1.658666e+04 1.371475e+02 1.672381e+04
1.657443e+04 1.493526e+02 1.672378e+04
1.656080e+04 1.629486e+02 1.672375e+04
1.654543e+04 1.782859e+02 1.672371e+04
1.652784e+04 1.958201e+02 1.672366e+04
1.650747e+04 2.161396e+02 1.672361e+04
1.648357e+04 2.399651e+02 1.672353e+04
1.645524e+04 2.681936e+02 1.672343e+04
1.642142e+04 3.019050e+02 1.672332e+04
1.638089e+04 3.423170e+02 1.672320e+04
1.633232e+04 3.907515e+02 1.672308e+04
1.627445e+04 4.485092e+02 1.672296e+04
1.620621e+04 5.166584e+02 1.672287e+04
1.612713e+04 5.957051e+02 1.672284e+04
1.603777e+04 6.851358e+02 1.672291e+04
1.594024e+04 7.828748e+02 1.672312e+04
1.583871e+04 8.847815e+02 1.672349e+04
1.573958e+04 9.844226e+02 1.672400e+04
1.565116e+04 1.073427e+03 1.672459e+04
1.558249e+04 1.142615e+03 1.672511e+04
1.554151e+04 1.183916e+03 1.672543e+04
1.553301e+04 1.192435e+03 1.672544e+04
1.555722e+04 1.167911e+03 1.672513e+04
1.560970e+04 1.114905e+03 1.672461e+04
1.568244e+04 1.041535e+03 1.672397e+04
1.576584e+04 9.575264e+02 1.672336e+04
1.585054e+04 8.723376e+02 1.672288e+04
1.592863e+04 7.938853e+02 1.672251e+04
1.599393e+04 7.282929e+02 1.672222e+04
1.604162e+04 6.803179e+02 1.672193e+04
1.606732e+04 6.542409e+02 1.672157e+04
1.606594e+04 6.550590e+02 1.672100e+04
1.603025e+04 6.898554e+02 1.672011e+04
1.594949e+04 7.692684e+02 1.671876e+04
1.580813e+04 9.087544e+02 1.671688e+04
1.558595e+04 1.128690e+03 1.671464e+04
1.526198e+04 1.450747e+03 1.671273e+04
1.482682e+04 1.886020e+03 1.671284e+04
1.430699e+04 2.410378e+03 1.671737e+04
1.379323e+04 2.933795e+03 1.672702e+04
1.343813e+04 3.298967e+03 1.673710e+04
1.338466e+04 3.354580e+03 1.673923e+04
1.366182e+04 3.069551e+03 1.673137e+04
1.416051e+04 2.560165e+03 1.672068e+04
1.471988e+04 1.994189e+03 1.671407e+04
1.522216e+04 1.490422e+03 1.671258e+04
1.561937e+04 1.094671e+03 1.671404e+04
1.591142e+04 8.049682e+02 1.671639e+04
1.611796e+04 6.005982e+02 1.671856e+04
1.626159e+04 4.586382e+02 1.672023e+04
1.636126e+04 3.601709e+02 1.672143e+04
1.643093e+04 2.913129e+02 1.672224e+04
1.648031e+04 2.424666e+02 1.672278e+04
1.651597e+04 2.071691e+02 1.672314e+04
1.654225e+04 1.811240e+02 1.672338e+04
1.656205e+04 1.614766e+02 1.672353e+04
1.657729e+04 1.463407e+02 1.672363e+04
1.658927e+04 1.344303e+02 1.672370e+04
1.659887e+04 1.248878e+02 1.672375e+04
1.660668e+04 1.171055e+02 1.672379e+04
1.661316e+04 1.106566e+02 1.672382e+04
1.661860e+04 1.052313e+02 1.672383e+04
1.662325e+04 1.005986e+02 1.672385e+04
1.662728e+04 9.658163e+01 1.672386e+04
1.663083e+04 9.304135e+01 1.672387e+04
1.663401e+04 8.986638e+01 1.672388e+04
1.663692e+04 8.696588e+01 1.672389e+04
1.663963e+04 8.426514e+01 1.672389e+04
1.664219e+04 8.170236e+01 1.672389e+04
1.664467e+04 7.922705e+01 1.672390e+04
1.664710e+04 7.679840e+01 1.672390e+04
1.664952e+04 7.438412e+01 1.672390e+04
1.665194e+04 7.195970e+01 1.672390e+04
1.665440e+04 6.950773e+01 1.672391e+04
1.665689e+04 6.701730e+01 1.672391e+04
1.665942e+04 6.448333e+01 1.672391e+04
1.666200e+04 6.190603e+01 1.672391e+04
1.666462e+04 5.929029e+01 1.672391e+04
1.666726e+04 5.664511e+01 1.672390e+04
1.666992e+04 5.398854e+01 1.672391e+04
1.667258e+04 5.132524e+01 1.672391e+04
1.667523e+04 4.867899e+01 1.672391e+04
1.667783e+04 4.607028e+01 1.672390e+04
1.668038e+04 4.351610e+01 1.672390e+04
1.668284e+04 4.105165e+01 1.672390e+04
1.668520e+04 3.869744e+01 1.672389e+04
1.668741e+04 3.648126e+01 1.672389e+04
1.668946e+04 3.443294e+01 1.672389e+04
1.669130e+04 3.258475e+01 1.672389e+04
1.669291e+04 3.097194e+01 1.672388e+04
1.669425e+04 2.963355e+01 1.672388e+04
1.669526e+04 2.860777e+01 1.672387e+04
1.669591e+04 2.794972e+01 1.672386e+04
1.669613e+04 2.772219e+01 1.672385e+04
1.669586e+04 2.798614e+01 1.672385e+04
1.669502e+04 2.881926e+01 1.672384e+04
1.669352e+04 3.031304e+01 1.672383e+04
1.669124e+04 3.257557e+01 1.672382e+04
1.668807e+04 3.573475e+01 1.672381e+04
1.668385e+04 3.994191e+01 1.672379e+04
1.667840e+04 4.537566e+01 1.672377e+04
1.667151e+04 5.224039e+01 1.672375e+04
1.666293e+04 6.079207e+01 1.672372e+04
1.665239e+04 7.130873e+01 1.672370e+04
1.663955e+04 8.411399e+01 1.672366e+04
1.662406e+04 9.957636e+01 1.672363e+04
1.660551e+04 1.180769e+02 1.672359e+04
1.658349e+04 1.400527e+02 1.672354e+04
1.655758e+04 1.659207e+02 1.672350e+04
1.652739e+04 1.960710e+02 1.672346e+04
1.649262e+04 2.308096e+02 1.672343e+04
1.645313e+04 2.702872e+02 1.672342e+04
1.640902e+04 3.144065e+02 1.672342e+04
1.636075e+04 3.627122e+02 1.672346e+04
1.630926e+04 4.142715e+02 1.672353e+04
1.625605e+04 4.675997e+02 1.672364e+04
1.620322e+04 5.205844e+02 1.672380e+04
1.615343e+04 5.705576e+02 1.672399e+04
1.610971e+04 6.144696e+02 1.672418e+04
1.607515e+04 6.492122e+02 1.672436e+04
1.605247e+04 6.720183e+02 1.672449e+04
1.604360e+04 6.809433e+02 1.672454e+04
1.604934e+04 6.751699e+02 1.672451e+04
1.606920e+04 6.552033e+02 1.672441e+04
1.610151e+04 6.227338e+02 1.672424e+04
1.614369e+04 5.803654e+02 1.672405e+04
1.619270e+04 5.311683e+02 1.672387e+04
1.624548e+04 4.782266e+02 1.672370e+04
1.629925e+04 4.243232e+02 1.672358e+04
1.635179e+04 3.717051e+02 1.672349e+04
1.640144e+04 3.220093e+02 1.672345e+04
1.644715e+04 2.762825e+02 1.672343e+04
1.648835e+04 2.350893e+02 1.672344e+04
1.652488e+04 1.985923e+02 1.672347e+04
1.655682e+04 1.666860e+02 1.672351e+04
1.658446e+04 1.390836e+02 1.672355e+04
1.660817e+04 1.154154e+02 1.672359e+04
1.662838e+04 9.525185e+01 1.672363e+04
1.664550e+04 7.816416e+01 1.672367e+04
1.665996e+04 6.374222e+01 1.672370e+04
1.667212e+04 5.160852e+01 1.672373e+04
1.668233e+04 4.142444e+01 1.672376e+04
1.669089e+04 3.289732e+01 1.672378e+04
1.669805e+04 2.575760e+01 1.672380e+04
1.670403e+04 1.978876e+01 1.672382e+04
1.670903e+04 1.480157e+01 1.672383e+04
1.671321e+04 1.063580e+01 1.672384e+04
1.671670e+04 7.156434e+00 1.672385e+04
1.671961e+04 4.250155e+00 1.672386e+04
1.672205e+04 1.822145e+00 1.672387e+04
1.672408e+04 -2.067253e-01 1.672387e+04
1.672578e+04 -1.902355e+00 1.672388e+04
1.672720e+04 -3.319236e+00 1.672388e+04
1.672839e+04 -4.502534e+00 1.672388e+04
1.672938e+04 -5.489463e+00 1.672389e+04
1.673020e+04 -6.310533e+00 1.672389e+04
1.673088e+04 -6.990593e+00 1.672389e+04
1.673144e+04 -7.549692e+00 1.672389e+04
1.673190e+04 -8.003782e+00 1.672389e+04
1.673226e+04 -8.365300e+00 1.672389e+04
1.673254e+04 -8.649215e+00 1.672389e+04
1.673274e+04 -8.851135e+00 1.672389e+04
1.673287e+04 -8.991834e+00 1.672388e+04
1.673293e+04 -9.051412e+00 1.672388e+04
1.673292e+04 -9.040333e+00 1.672388e+04
1.673283e+04 -8.956146e+00 1.672388e+04
1.673267e+04 -8.794139e+00 1.672388e+04
1.673242e+04 -8.547168e+00 1.672388e+04
1.673208e+04 -8.205388e+00 1.672388e+04
1.673163e+04 -7.755873e+00 1.672387e+04
1.673105e+04 -7.182103e+00 1.672387e+04
1.673033e+04 -6.463285e+00 1.672387e+04
1.672944e+04 -5.579099e+00 1.672386e+04
1.672835e+04 -4.486367e+00 1.672386e+04
1.672701e+04 -3.150749e+00 1.672386e+04
1.672537e+04 -1.517944e+00 1.672386e+04
1.672339e+04 4.622394e-01 1.672385e+04
1.672097e+04 2.870506e+00 1.672384e+04
1.671803e+04 5.799927e+00 1.672383e+04
1.671445e+04 9.365866e+00 1.672382e+04
1.671009e+04 1.371148e+01 1.672381e+04
1.670477e+04 1.901465e+01 1.672379e+04
1.669827e+04 2.549651e+01 1.672376e+04
1.669030e+04 3.343215e+01 1.672374e+04
1.668054e+04 4.316369e+01 1.672370e+04
1.666854e+04 5.511604e+01 1.672365e+04
1.665378e+04 6.981578e+01 1.672360e+04
1.663562e+04 8.790725e+01 1.672353e+04
1.661324e+04 1.101983e+02 1.672344e+04
1.658569e+04 1.376513e+02 1.672334e+04
1.655180e+04 1.714249e+02 1.672322e+04
1.651020e+04 2.128783e+02 1.672308e+04
1.645937e+04 2.635563e+02 1.672292e+04
1.639762e+04 3.251347e+02 1.672275e+04
1.632329e+04 3.992964e+02 1.672258e+04
1.623493e+04 4.875086e+02 1.672244e+04
1.613168e+04 5.906713e+02 1.672235e+04
1.601374e+04 7.086292e+02 1.672237e+04
1.588292e+04 8.395988e+02 1.672252e+04
1.574317e+04 9.796571e+02 1.672282e+04
1.560069e+04 1.122564e+03 1.672326e+04
1.546348e+04 1.260250e+03 1.672373e+04
1.533992e+04 1.384193e+03 1.672411e+04
1.523672e+04 1.487521e+03 1.672424e+04
1.515689e+04 1.567151e+03 1.672404e+04
1.509856e+04 1.624983e+03 1.672355e+04
1.505550e+04 1.667397e+03 1.672290e+04
1.501921e+04 1.703098e+03 1.672230e+04
1.498186e+04 1.740096e+03 1.672196e+04
1.493905e+04 1.782924e+03 1.672197e+04
1.489138e+04 1.830976e+03 1.672235e+04
1.484452e+04 1.878465e+03 1.672299e+04
1.480760e+04 1.916076e+03 1.672368e+04
1.479032e+04 1.933884e+03 1.672420e+04
1.479983e+04 1.924580e+03 1.672441e+04
1.483855e+04 1.885725e+03 1.672428e+04
1.490381e+04 1.820102e+03 1.672391e+04
1.498927e+04 1.734210e+03 1.672348e+04
1.508728e+04 1.635834e+03 1.672312e+04
1.519100e+04 1.531907e+03 1.672290e+04
1.529553e+04 1.427316e+03 1.672284e+04
1.539808e+04 1.324795e+03 1.672288e+04
1.549750e+04 1.225465e+03 1.672296e+04
1.559348e+04 1.129565e+03 1.672305e+04
1.568603e+04 1.037090e+03 1.672312e+04
1.577504e+04 9.481298e+02 1.672317e+04
1.586021e+04 8.629800e+02 1.672319e+04
1.594108e+04 7.821215e+02 1.672320e+04
1.601713e+04 7.060799e+02 1.672321e+04
1.608792e+04 6.353127e+02 1.672323e+04
1.615313e+04 5.701290e+02 1.672326e+04
1.621263e+04 5.106561e+02 1.672329e+04
1.626648e+04 4.568456e+02 1.672333e+04
1.631487e+04 4.084984e+02 1.672337e+04
1.635808e+04 3.653336e+02 1.672342e+04
1.639648e+04 3.269764e+02 1.672346e+04
1.643045e+04 2.930498e+02 1.672350e+04
1.646036e+04 2.631772e+02 1.672353e+04
1.648655e+04 2.370105e+02 1.672357e+04
1.650934e+04 2.142522e+02 1.672360e+04
1.652897e+04 1.946463e+02 1.672361e+04
1.654560e+04 1.780208e+02 1.672363e+04
1.655935e+04 1.642703e+02 1.672362e+04
1.657022e+04 1.533946e+02 1.672362e+04
1.657812e+04 1.454782e+02 1.672360e+04
1.658285e+04 1.407345e+02 1.672358e+04
1.658404e+04 1.394994e+02 1.672354e+04
1.658119e+04 1.422886e+02 1.672348e+04
1.657360e+04 1.498030e+02 1.672340e+04
1.656034e+04 1.629617e+02 1.672330e+04
1.654026e+04 1.829222e+02 1.672318e+04
1.651196e+04 2.110804e+02 1.672304e+04
1.647385e+04 2.490313e+02 1.672288e+04
1.642427e+04 2.984552e+02 1.672272e+04
1.636171e+04 3.608885e+02 1.672259e+04
1.628521e+04 4.373273e+02 1.672253e+04
1.619496e+04 5.276315e+02 1.672260e+04
1.609309e+04 6.297535e+02 1.672284e+04
1.598437e+04 7.389446e+02 1.672332e+04
1.587673e+04 8.472736e+02 1.672400e+04
1.578085e+04 9.439470e+02 1.672480e+04
1.570867e+04 1.016848e+03 1.672552e+04
1.567071e+04 1.055243e+03 1.672595e+04
1.567310e+04 1.052836e+03 1.672594e+04
1.571569e+04 1.009799e+03 1.672549e+04
1.579205e+04 9.327100e+02 1.672476e+04
1.589153e+04 8.324309e+02 1.672396e+04
1.600223e+04 7.210575e+02 1.672328e+04
1.611358e+04 6.092479e+02 1.672282e+04
1.621785e+04 5.047404e+02 1.672259e+04
1.631043e+04 4.121048e+02 1.672254e+04
1.638936e+04 3.332448e+02 1.672260e+04
1.645454e+04 2.681969e+02 1.672274e+04
1.650701e+04 2.158935e+02 1.672290e+04
1.654831e+04 1.747479e+02 1.672306e+04
1.658017e+04 1.430391e+02 1.672321e+04
1.660420e+04 1.191329e+02 1.672333e+04
1.662185e+04 1.015883e+02 1.672344e+04
1.663433e+04 8.919315e+01 1.672352e+04
1.664263e+04 8.095911e+01 1.672359e+04
1.664754e+04 7.609863e+01 1.672364e+04
1.664968e+04 7.399404e+01 1.672368e+04
1.664954e+04 7.416634e+01 1.672371e+04
1.664748e+04 7.624650e+01 1.672373e+04
1.664380e+04 7.995042e+01 1.672375e+04
1.663871e+04 8.505785e+01 1.672376e+04
1.663238e+04 9.139473e+01 1.672377e+04
1.662496e+04 9.881856e+01 1.672378e+04
1.661659e+04 1.072062e+02 1.672379e+04
1.660736e+04 1.164438e+02 1.672380e+04
1.659739e+04 1.264181e+02 1.672381e+04
1.658681e+04 1.370202e+02 1.672383e+04
1.657574e+04 1.480962e+02 1.672384e+04
1.656434e+04 1.595082e+02 1.672385e+04
1.655278e+04 1.710872e+02 1.672386e+04
1.654124e+04 1.826374e+02 1.672387e+04
1.652993e+04 1.939585e+02 1.672389e+04
1.651909e+04 2.048151e+02 1.672391e+04
1.650896e+04 2.149697e+02 1.672393e+04
1.649978e+04 2.241618e+02 1.672395e+04
1.649181e+04 2.321507e+02 1.672396e+04
1.648527e+04 2.387043e+02 1.672398e+04
1.648037e+04 2.436120e+02 1.672398e+04
1.647727e+04 2.467177e+02 1.672399e+04
1.647610e+04 2.479032e+02 1.672400e+04
1.647690e+04 2.470970e+02 1.672400e+04
1.647969e+04 2.443060e+02 1.672399e+04
1.648439e+04 2.395890e+02 1.672398e+04
1.649089e+04 2.330809e+02 1.672397e+04
1.649900e+04 2.249523e+02 1.672395e+04
1.650851e+04 2.154207e+02 1.672393e+04
1.651918e+04 2.047327e+02 1.672392e+04
1.653075e+04 1.931557e+02 1.672390e+04
1.654294e+04 1.809438e+02 1.672388e+04
1.655551e+04 1.683581e+02 1.672387e+04
1.656822e+04 1.556360e+02 1.672385e+04
1.658085e+04 1.429892e+02 1.672384e+04
1.659323e+04 1.305995e+02 1.672383e+04
1.660521e+04 1.186111e+02 1.672382e+04
1.661666e+04 1.071579e+02 1.672382e+04
1.662751e+04 9.631577e+01 1.672382e+04
1.663768e+04 8.613844e+01 1.672382e+04
1.664715e+04 7.666591e+01 1.672382e+04
1.665591e+04 6.790630e+01 1.672382e+04
1.666395e+04 5.986700e+01 1.672382e+04
1.667130e+04 5.252579e+01 1.672382e+04
1.667797e+04 4.585554e+01 1.672382e+04
1.668401e+04 3.982181e+01 1.672383e+04
1.668945e+04 3.439068e+01 1.672384e+04
1.669433e+04 2.950368e+01 1.672384e+04
1.669871e+04 2.513413e+01 1.672384e+04
1.670261e+04 2.123365e+01 1.672384e+04
1.670609e+04 1.776046e+01 1.672385e+04
1.670918e+04 1.467471e+01 1.672385e+04
1.671191e+04 1.193903e+01 1.672385e+04
1.671434e+04 9.518860e+00 1.672386e+04
1.671648e+04 7.382682e+00 1.672386e+04
1.671836e+04 5.502040e+00 1.672386e+04
1.672001e+04 3.851837e+00 1.672386e+04
1.672145e+04 2.410380e+00 1.672386e+04
1.672271e+04 1.153591e+00 1.672386e+04
1.672378e+04 7.154225e-02 1.672385e+04
1.672470e+04 -8.422096e-01 1.672386e+04
1.672546e+04 -1.601868e+00 1.672386e+04
1.672607e+04 -2.212811e+00 1.672386e+04
1.672653e+04 -2.682502e+00 1.672385e+04
1.672685e+04 -2.998182e+00 1.672385e+04
1.672701e+04 -3.159735e+00 1.672385e+04
1.672701e+04 -3.157436e+00 1.672385e+04
1.672682e+04 -2.977079e+00 1.672385e+04
1.672644e+04 -2.599563e+00 1.672384e+04
1.672584e+04 -2.000426e+00 1.672384e+04
1.672499e+04 -1.149329e+00 1.672384e+04
1.672384e+04 -9.515695e-03 1.672384e+04
1.672237e+04 1.462722e+00 1.672383e+04
1.672051e+04 3.318526e+00 1.672383e+04
1.671820e+04 5.616836e+00 1.672382e+04
1.671539e+04 8.429966e+00 1.672382e+04
1.671199e+04 1.182154e+01 1.672381e+04
1.670793e+04 1.587896e+01 1.672381e+04
1.670311e+04 2.068980e+01 1.672380e+04
1.669744e+04 2.635064e+01 1.672379e+04
1.669085e+04 3.294738e+01 1.672379e+04
1.668322e+04 4.056658e+01 1.672379e+04
1.667451e+04 4.927906e+01 1.672379e+04
1.666463e+04 5.914192e+01 1.672378e+04
1.665358e+04 7.019424e+01 1.672378e+04
1.664136e+04 8.241872e+01 1.672378e+04
1.662804e+04 9.575094e+01 1.672379e+04
1.661374e+04 1.100562e+02 1.672380e+04
1.659867e+04 1.251408e+02 1.672382e+04
1.658313e+04 1.407123e+02 1.672384e+04
1.656747e+04 1.563999e+02 1.672387e+04
1.655216e+04 1.717500e+02 1.672391e+04
1.653768e+04 1.862657e+02 1.672395e+04
1.652459e+04 1.994003e+02 1.672399e+04
1.651341e+04 2.106159e+02 1.672402e+04
1.650463e+04 2.194153e+02 1.672405e+04
1.649866e+04 2.254023e+02 1.672406e+04
1.649576e+04 2.283044e+02 1.672406e+04
1.649605e+04 2.280120e+02 1.672406e+04
1.649947e+04 2.245731e+02 1.672404e+04
1.650581e+04 2.181990e+02 1.672401e+04
1.651472e+04 2.092522e+02 1.672397e+04
1.652574e+04 1.981990e+02 1.672393e+04
1.653834e+04 1.855618e+02 1.672390e+04
1.655199e+04 1.718748e+02 1.672387e+04
1.656618e+04 1.576509e+02 1.672383e+04
1.658044e+04 1.433621e+02 1.672381e+04
1.659438e+04 1.294028e+02 1.672378e+04
1.660768e+04 1.160910e+02 1.672377e+04
1.662012e+04 1.036449e+02 1.672376e+04
1.663154e+04 9.222228e+01 1.672376e+04
1.664185e+04 8.191228e+01 1.672376e+04
1.665103e+04 7.273188e+01 1.672377e+04
1.665910e+04 6.467093e+01 1.672377e+04
1.666610e+04 5.768178e+01 1.672378e+04
1.667209e+04 5.169522e+01 1.672378e+04
1.667716e+04 4.662906e+01 1.672379e+04
1.668141e+04 4.239497e+01 1.672380e+04
1.668490e+04 3.890356e+01 1.672381e+04
1.668775e+04 3.606811e+01 1.672381e+04
1.669001e+04 3.380689e+01 1.672382e+04
1.669178e+04 3.204472e+01 1.672383e+04
1.669312e+04 3.071356e+01 1.672383e+04
1.669408e+04 2.975275e+01 1.672384e+04
1.669473e+04 2.910872e+01 1.672384e+04
1.669511e+04 2.873459e+01 1.672384e+04
1.669526e+04 2.858947e+01 1.672385e+04
1.669521e+04 2.863787e+01 1.672385e+04
1.669500e+04 2.884895e+01 1.672385e+04
1.669466e+04 2.919587e+01 1.672385e+04
1.669420e+04 2.966056e+01 1.672386e+04
1.669365e+04 3.020046e+01 1.672385e+04
1.669303e+04 3.082492e+01 1.672385e+04
1.669235e+04 3.151237e+01 1.672386e+04
1.669162e+04 3.223740e+01 1.672386e+04
1.669087e+04 3.299267e+01 1.672386e+04
1.669009e+04 3.376671e+01 1.672386e+04
1.668931e+04 3.454942e+01 1.672386e+04
1.668853e+04 3.533209e+01 1.672386e+04
1.668776e+04 3.610754e+01 1.672386e+04
1.668699e+04 3.687028e+01 1.672386e+04
1.668625e+04 3.761680e+01 1.672386e+04
1.668552e+04 3.834594e+01 1.672386e+04
1.668480e+04 3.905933e+01 1.672386e+04
1.668410e+04 3.976195e+01 1.672386e+04
1.668340e+04 4.046287e+01 1.672386e+04
1.668268e+04 4.117604e+01 1.672386e+04
1.668194e+04 4.192143e+01 1.672386e+04
1.668113e+04 4.272629e+01 1.672385e+04
1.668022e+04 4.362679e+01 1.672385e+04
1.667917e+04 4.467001e+01 1.672384e+04
1.667792e+04 4.591102e+01 1.672383e+04
1.667639e+04 4.743774e+01 1.672382e+04
1.667447e+04 4.934241e+01 1.672381e+04
1.667205e+04 5.174786e+01 1.672380e+04
1.666898e+04 5.480814e+01 1.672379e+04
1.666505e+04 5.871568e+01 1.672377e+04
1.666003e+04 6.370997e+01 1.672374e+04
1.665362e+04 7.008767e+01 1.672371e+04
1.664546e+04 7.821415e+01 1.672367e+04
1.663509e+04 8.853036e+01 1.672362e+04
1.662198e+04 1.015874e+02 1.672357e+04
1.660548e+04 1.180235e+02 1.672350e+04
1.658484e+04 1.385914e+02 1.672343e+04
1.655920e+04 1.641460e+02 1.672335e+04
1.652764e+04 1.956198e+02 1.672326e+04
1.648920e+04 2.339606e+02 1.672317e+04
1.644304e+04 2.800523e+02 1.672309e+04
1.638853e+04 3.345195e+02 1.672305e+04
1.632554e+04 3.975150e+02 1.672305e+04
1.625472e+04 4.684078e+02 1.672313e+04
1.617783e+04 5.454684e+02 1.672330e+04
1.609801e+04 6.255783e+02 1.672358e+04
1.601983e+04 7.041285e+02 1.672396e+04
1.594909e+04 7.752931e+02 1.672438e+04
1.589203e+04 8.327341e+02 1.672476e+04
1.585431e+04 8.707186e+02 1.672503e+04
1.583973e+04 8.853713e+02 1.672510e+04
1.584932e+04 8.756350e+02 1.672496e+04
1.588110e+04 8.435491e+02 1.672464e+04
1.593051e+04 7.937276e+02 1.672424e+04
1.599156e+04 7.322595e+02 1.672382e+04
1.605800e+04 6.654606e+02 1.672346e+04
1.612434e+04 5.988698e+02 1.672321e+04
1.618636e+04 5.366924e+02 1.672305e+04
1.624131e+04 4.816759e+02 1.672299e+04
1.628770e+04 4.352859e+02 1.672298e+04
1.632499e+04 3.980262e+02 1.672302e+04
1.635329e+04 3.697812e+02 1.672307e+04
1.637301e+04 3.501168e+02 1.672313e+04
1.638466e+04 3.385130e+02 1.672317e+04
1.638866e+04 3.345325e+02 1.672319e+04
1.638525e+04 3.379383e+02 1.672319e+04
1.637438e+04 3.487742e+02 1.672316e+04
1.635567e+04 3.674229e+02 1.672309e+04
1.632834e+04 3.946459e+02 1.672299e+04
1.629124e+04 4.316080e+02 1.672285e+04
1.624279e+04 4.798698e+02 1.672266e+04
1.618110e+04 5.413600e+02 1.672246e+04
1.610403e+04 6.182083e+02 1.672223e+04
1.600954e+04 7.124927e+02 1.672203e+04
1.589614e+04 8.257511e+02 1.672189e+04
1.576365e+04 9.582348e+02 1.672189e+04
1.561419e+04 1.107909e+03 1.672210e+04
1.545321e+04 1.269381e+03 1.672259e+04
1.529016e+04 1.433182e+03 1.672335e+04
1.513815e+04 1.586100e+03 1.672425e+04
1.501192e+04 1.713146e+03 1.672506e+04
1.492432e+04 1.801184e+03 1.672550e+04
1.488242e+04 1.842980e+03 1.672540e+04
1.488498e+04 1.839790e+03 1.672477e+04
1.492274e+04 1.801068e+03 1.672381e+04
1.498127e+04 1.741518e+03 1.672278e+04
1.504465e+04 1.677227e+03 1.672188e+04
1.509842e+04 1.622723e+03 1.672114e+04
1.513073e+04 1.589793e+03 1.672053e+04
1.513213e+04 1.587831e+03 1.671996e+04
1.509467e+04 1.624705e+03 1.671938e+04
1.501154e+04 1.707277e+03 1.671882e+04
1.487792e+04 1.840556e+03 1.671848e+04
1.469405e+04 2.024680e+03 1.671873e+04
1.447049e+04 2.249553e+03 1.672004e+04
1.423386e+04 2.488771e+03 1.672263e+04
1.402811e+04 2.697854e+03 1.672597e+04
1.390523e+04 2.823393e+03 1.672862e+04
1.390462e+04 2.824449e+03 1.672907e+04
1.403284e+04 2.694178e+03 1.672702e+04
1.425983e+04 2.463875e+03 1.672370e+04
1.453515e+04 2.185609e+03 1.672076e+04
1.481063e+04 1.908464e+03 1.671909e+04
1.505431e+04 1.664379e+03 1.671869e+04
1.525252e+04 1.466608e+03 1.671913e+04
1.540495e+04 1.315006e+03 1.671996e+04
1.551863e+04 1.202246e+03 1.672088e+04
1.560334e+04 1.118386e+03 1.672173e+04
1.566892e+04 1.053513e+03 1.672243e+04
1.572386e+04 9.991158e+02 1.672297e+04
1.577470e+04 9.486429e+02 1.672334e+04
1.582590e+04 8.976591e+02 1.672356e+04
1.587992e+04 8.437297e+02 1.672365e+04
1.593754e+04 7.861126e+02 1.672365e+04
1.599827e+04 7.253280e+02 1.672360e+04
1.606083e+04 6.626826e+02 1.672352e+04
1.612361e+04 5.998272e+02 1.672344e+04
1.618497e+04 5.384054e+02 1.672337e+04
1.624351e+04 4.798228e+02 1.672333e+04
1.629818e+04 4.251306e+02 1.672331e+04
1.634831e+04 3.750004e+02 1.672331e+04
1.639357e+04 3.297595e+02 1.672333e+04
1.643391e+04 2.894555e+02 1.672337e+04
1.646947e+04 2.539309e+02 1.672340e+04
1.650055e+04 2.228912e+02 1.672345e+04
1.652752e+04 1.959626e+02 1.672349e+04
1.655079e+04 1.727356e+02 1.672353e+04
1.657077e+04 1.527956e+02 1.672356e+04
1.658785e+04 1.357435e+02 1.672360e+04
1.660242e+04 1.212076e+02 1.672363e+04
1.661480e+04 1.088497e+02 1.672365e+04
1.662531e+04 9.836740e+01 1.672368e+04
1.663420e+04 8.949867e+01 1.672370e+04
1.664172e+04 8.199831e+01 1.672372e+04
1.664807e+04 7.566766e+01 1.672373e+04
1.665342e+04 7.032954e+01 1.672375e+04
1.665793e+04 6.583591e+01 1.672376e+04
1.666173e+04 6.203734e+01 1.672377e+04
1.666494e+04 5.883571e+01 1.672378e+04
1.666766e+04 5.612618e+01 1.672378e+04
1.666997e+04 5.382266e+01 1.672379e+04
1.667194e+04 5.185603e+01 1.672380e+04
1.667365e+04 5.015066e+01 1.672381e+04
1.667515e+04 4.865603e+01 1.672381e+04
1.667649e+04 4.732363e+01 1.672381e+04
1.667770e+04 4.611164e+01 1.672382e+04
1.667883e+04 4.497858e+01 1.672381e+04
1.667991e+04 4.390476e+01 1.672381e+04
1.668096e+04 4.286414e+01 1.672382e+04
1.668200e+04 4.182979e+01 1.672383e+04
1.668305e+04 4.077867e+01 1.672383e+04
1.668413e+04 3.970769e+01 1.672384e+04
1.668524e+04 3.859521e+01 1.672384e+04
1.668640e+04 3.743908e+01 1.672384e+04
1.668760e+04 3.623441e+01 1.672384e+04
1.668886e+04 3.497884e+01 1.672384e+04
1.669017e+04 3.367228e+01 1.672384e+04
1.669152e+04 3.231670e+01 1.672384e+04
1.669292e+04 3.091043e+01 1.672383e+04
1.669436e+04 2.946984e+01 1.672383e+04
1.669583e+04 2.799079e+01 1.672383e+04
1.669733e+04 2.649237e+01 1.672382e+04
1.669885e+04 2.497838e+01 1.672382e+04
1.670036e+04 2.345902e+01 1.672382e+04
1.670188e+04 2.194532e+01 1.672382e+04
1.670337e+04 2.044913e+01 1.672382e+04
1.670484e+04 1.898305e+01 1.672382e+04
1.670626e+04 1.756586e+01 1.672382e+04
1.670762e+04 1.620083e+01 1.672382e+04
1.670891e+04 1.490854e+01 1.672382e+04
1.671012e+04 1.371056e+01 1.672383e+04
1.671121e+04 1.261333e+01 1.672382e+04
1.671218e+04 1.164117e+01 1.672382e+04
1.671301e+04 1.081465e+01 1.672382e+04
1.671366e+04 1.015640e+01 1.672382e+04
1.671413e+04 9.691483e+00 1.672382e+04
1.671437e+04 9.453234e+00 1.672382e+04
1.671436e+04 9.461730e+00 1.672382e+04
1.671406e+04 9.757381e+00 1.672381e+04
1.671343e+04 1.037909e+01 1.672381e+04
1.671244e+04 1.137024e+01 1.672381e+04
1.671102e+04 1.277899e+01 1.672380e+04
1.670914e+04 1.465848e+01 1.672380e+04
1.670672e+04 1.706679e+01 1.672379e+04
1.670372e+04 2.006670e+01 1.672379e+04
1.670005e+04 2.373043e+01 1.672379e+04
1.669566e+04 2.811678e+01 1.672378e+04
1.669047e+04 3.330757e+01 1.672378e+04
1.668441e+04 3.936137e+01 1.672377e+04
1.667742e+04 4.634856e+01 1.672377e+04
1.666944e+04 5.433010e+01 1.672377e+04
1.666043e+04 6.333575e+01 1.672376e+04
1.665037e+04 7.339031e+01 1.672376e+04
1.663928e+04 8.448367e+01 1.672377e+04
1.662720e+04 9.656795e+01 1.672377e+04
1.661423e+04 1.095489e+02 1.672378e+04
1.660052e+04 1.232778e+02 1.672379e+04
1.658627e+04 1.375456e+02 1.672381e+04
1.657176e+04 1.520793e+02 1.672383e+04
1.655732e+04 1.665385e+02 1.672386e+04
1.654334e+04 1.805447e+02 1.672389e+04
1.653026e+04 1.936624e+02 1.672392e+04
1.651851e+04 2.054428e+02 1.672395e+04
1.650853e+04 2.154452e+02 1.672398e+04
1.650073e+04 2.232631e+02 1.672400e+04
1.649543e+04 2.285840e+02 1.672402e+04
1.649286e+04 2.311621e+02 1.672403e+04
1.649313e+04 2.308960e+02 1.672402e+04
1.649620e+04 2.278115e+02 1.672401e+04
1.650193e+04 2.220718e+02 1.672400e+04
1.651003e+04 2.139439e+02 1.672397e+04
1.652013e+04 2.038094e+02 1.672394e+04
1.653179e+04 1.921158e+02 1.672390e+04
1.654451e+04 1.793533e+02 1.672387e+04
1.655780e+04 1.660293e+02 1.672383e+04
1.657114e+04 1.526497e+02 1.672379e+04
1.658405e+04 1.397091e+02 1.672376e+04
1.659603e+04 1.276871e+02 1.672372e+04
1.660659e+04 1.170841e+02 1.672368e+04
1.661521e+04 1.084176e+02 1.672363e+04
1.662128e+04 1.022899e+02 1.672357e+04
1.662404e+04 9.945613e+01 1.672350e+04
1.662249e+04 1.009000e+02 1.672339e+04
1.661522e+04 1.080057e+02 1.672323e+04
1.660026e+04 1.227330e+02 1.672299e+04
1.657475e+04 1.479000e+02 1.672265e+04
1.653460e+04 1.875639e+02 1.672217e+04
1.647396e+04 2.475157e+02 1.672147e+04
1.638467e+04 3.358479e+02 1.672051e+04
1.625581e+04 4.634554e+02 1.671926e+04
1.607390e+04 6.438985e+02 1.671779e+04
1.582477e+04 8.916445e+02 1.671642e+04
1.549920e+04 1.216662e+03 1.671586e+04
1.510411e+04 1.613214e+03 1.671732e+04
1.467810e+04 2.043671e+03 1.672177e+04
1.430063e+04 2.427774e+03 1.672840e+04
1.407463e+04 2.658978e+03 1.673361e+04
1.407559e+04 2.657887e+03 1.673347e+04
1.430149e+04 2.426608e+03 1.672810e+04
1.467429e+04 2.047214e+03 1.672150e+04
1.509116e+04 1.626025e+03 1.671719e+04
1.547437e+04 1.241472e+03 1.671584e+04
1.578702e+04 9.294330e+02 1.671645e+04
1.602322e+04 6.946265e+02 1.671784e+04
1.619261e+04 5.266921e+02 1.671930e+04
1.630941e+04 4.111329e+02 1.672054e+04
1.638705e+04 3.344414e+02 1.672149e+04
1.643635e+04 2.858217e+02 1.672218e+04
1.646544e+04 2.572181e+02 1.672266e+04
1.648017e+04 2.428240e+02 1.672300e+04
1.648470e+04 2.385261e+02 1.672323e+04
1.648199e+04 2.414057e+02 1.672340e+04
1.647416e+04 2.493568e+02 1.672352e+04
1.646277e+04 2.608423e+02 1.672362e+04
1.644900e+04 2.746846e+02 1.672369e+04
1.643376e+04 2.899762e+02 1.672374e+04
1.641780e+04 3.059804e+02 1.672378e+04
1.640173e+04 3.220891e+02 1.672382e+04
1.638605e+04 3.377978e+02 1.672385e+04
1.637118e+04 3.526942e+02 1.672387e+04
1.635743e+04 3.664556e+02 1.672389e+04
1.634504e+04 3.788503e+02 1.672390e+04
1.633416e+04 3.897383e+02 1.672390e+04
1.632482e+04 3.990708e+02 1.672389e+04
1.631700e+04 4.068838e+02 1.672389e+04
1.631058e+04 4.132879e+02 1.672387e+04
1.630540e+04 4.184638e+02 1.672387e+04
1.630125e+04 4.225995e+02 1.672385e+04
1.629790e+04 4.259359e+02 1.672383e+04
1.629512e+04 4.287017e+02 1.672382e+04
1.629270e+04 4.311111e+02 1.672381e+04
1.629048e+04 4.333262e+02 1.672380e+04
1.628832e+04 4.354782e+02 1.672380e+04
1.628616e+04 4.376325e+02 1.672379e+04
1.628398e+04 4.398084e+02 1.672379e+04
1.628183e+04 4.419688e+02 1.672380e+04
1.627979e+04 4.440152e+02 1.672380e+04
1.627800e+04 4.458116e+02 1.672382e+04
1.627664e+04 4.471951e+02 1.672383e+04
1.627588e+04 4.479666e+02 1.672385e+04
1.627593e+04 4.479412e+02 1.672387e+04
1.627696e+04 4.469230e+02 1.672389e+04
1.627916e+04 4.447334e+02 1.672390e+04
1.628267e+04 4.412330e+02 1.672390e+04
1.628760e+04 4.363131e+02 1.672391e+04
1.629401e+04 4.299076e+02 1.672391e+04
1.630192e+04 4.219908e+02 1.672391e+04
1.631130e+04 4.125998e+02 1.672390e+04
1.632210e+04 4.017993e+02 1.672390e+04
1.633419e+04 3.897042e+02 1.672390e+04
1.634744e+04 3.764465e+02 1.672389e+04
1.636167e+04 3.622001e+02 1.672387e+04
1.637671e+04 3.471510e+02 1.672386e+04
1.639236e+04 3.314945e+02 1.672385e+04
1.640841e+04 3.154282e+02 1.672384e+04
1.642469e+04 2.991449e+02 1.672383e+04
1.644099e+04 2.828273e+02 1.672382e+04
1.645717e+04 2.666442e+02 1.672381e+04
1.647306e+04 2.507471e+02 1.672381e+04
1.648853e+04 2.352688e+02 1.672380e+04
1.650347e+04 2.203229e+02 1.672380e+04
1.651779e+04 2.060038e+02 1.672379e+04
1.653140e+04 1.923879e+02 1.672379e+04
1.654426e+04 1.795348e+02 1.672379e+04
1.655630e+04 1.674891e+02 1.672379e+04
1.656751e+04 1.562823e+02 1.672379e+04
1.657786e+04 1.459349e+02 1.672379e+04
1.658733e+04 1.364638e+02 1.672380e+04
1.659594e+04 1.278621e+02 1.672380e+04
1.660367e+04 1.201338e+02 1.672380e+04
1.661053e+04 1.132785e+02 1.672381e+04
1.661653e+04 1.072769e+02 1.672381e+04
1.662169e+04 1.021244e+02 1.672381e+04
1.662600e+04 9.780455e+01 1.672381e+04
1.662949e+04 9.432306e+01 1.672381e+04
1.663216e+04 9.164761e+01 1.672381e+04
1.663402e+04 8.978526e+01 1.672381e+04
1.663509e+04 8.872245e+01 1.672381e+04
1.663536e+04 8.845205e+01 1.672381e+04
1.663484e+04 8.896790e+01 1.672381e+04
1.663355e+04 9.025887e+01 1.672381e+04
1.663147e+04 9.233056e+01 1.672381e+04
1.662863e+04 9.517149e+01 1.672381e+04
1.662503e+04 9.877421e+01 1.672381e+04
1.662068e+04 1.031287e+02 1.672381e+04
1.661558e+04 1.082214e+02 1.672381e+04
1.660977e+04 1.140335e+02 1.672381e+04
1.660327e+04 1.205398e+02 1.672381e+04
1.659610e+04 1.277072e+02 1.672381e+04
1.658832e+04 1.354931e+02 1.672381e+04
1.657997e+04 1.438442e+02 1.672381e+04
1.657112e+04 1.527010e+02 1.672382e+04
1.656185e+04 1.619748e+02 1.672383e+04
1.655225e+04 1.715815e+02 1.672383e+04
1.654242e+04 1.814192e+02 1.672384e+04
1.653247e+04 1.913759e+02 1.672385e+04
1.652252e+04 2.013323e+02 1.672385e+04
1.651269e+04 2.111653e+02 1.672386e+04
1.650311e+04 2.207525e+02 1.672387e+04
1.649389e+04 2.299788e+02 1.672387e+04
1.648513e+04 2.387367e+02 1.672387e+04
1.647692e+04 2.469561e+02 1.672387e+04
1.646930e+04 2.545779e+02 1.672387e+04
1.646229e+04 2.615830e+02 1.672387e+04
1.645587e+04 2.679922e+02 1.672386e+04
1.644999e+04 2.738757e+02 1.672386e+04
1.644451e+04 2.793339e+02 1.672385e+04
1.643930e+04 2.845306e+02 1.672383e+04
1.643415e+04 2.896625e+02 1.672381e+04
1.642881e+04 2.949827e+02 1.672379e+04
1.642300e+04 3.007609e+02 1.672377e+04
1.641645e+04 3.072952e+02 1.672374e+04
1.640882e+04 3.148943e+02 1.672372e+04
1.639983e+04 3.238625e+02 1.672369e+04
1.638919e+04 3.344816e+02 1.672367e+04
1.637666e+04 3.469896e+02 1.672365e+04
1.636209e+04 3.615553e+02 1.672364e+04
1.634539e+04 3.782506e+02 1.672364e+04
1.632663e+04 3.970200e+02 1.672365e+04
1.630601e+04 4.176507e+02 1.672366e+04
1.628395e+04 4.397465e+02 1.672369e+04
1.626103e+04 4.627104e+02 1.672374e+04
1.623805e+04 4.857439e+02 1.672380e+04
1.621600e+04 5.078686e+02 1.672387e+04
1.619596e+04 5.279761e+02 1.672394e+04
1.617910e+04 5.449074e+02 1.672401e+04
1.616651e+04 5.575571e+02 1.672407e+04
1.615912e+04 5.650017e+02 1.672412e+04
1.615757e+04 5.665630e+02 1.672413e+04
1.616214e+04 5.619830e+02 1.672412e+04
1.617269e+04 5.513925e+02 1.672408e+04
1.618868e+04 5.353376e+02 1.672402e+04
1.620923e+04 5.147143e+02 1.672394e+04
1.623316e+04 4.907040e+02 1.672386e+04
1.625916e+04 4.646107e+02 1.672377e+04
1.628587e+04 4.378155e+02 1.672369e+04
1.631197e+04 4.116343e+02 1.672361e+04
1.633622e+04 3.873186e+02 1.672353e+04
1.635750e+04 3.659695e+02 1.672347e+04
1.637485e+04 3.485707e+02 1.672343e+04
1.638742e+04 3.359501e+02 1.672337e+04
1.639446e+04 3.288657e+02 1.672332e+04
1.639530e+04 3.279801e+02 1.672328e+04
1.638935e+04 3.338740e+02 1.672323e+04
1.637613e+04 3.470586e+02 1.672319e+04
1.635525e+04 3.679049e+02 1.672315e+04
1.632654e+04 3.965955e+02 1.672314e+04
1.629014e+04 4.330062e+02 1.672314e+04
1.624661e+04 4.765869e+02 1.672319e+04
1.619712e+04 5.261705e+02 1.672329e+04
1.614359e+04 5.798520e+02 1.672344e+04
1.608874e+04 6.349160e+02 1.672365e+04
1.603601e+04 6.878803e+02 1.672389e+04
1.598934e+04 7.347940e+02 1.672414e+04
1.595265e+04 7.716999e+02 1.672435e+04
1.592918e+04 7.952900e+02 1.672447e+04
1.592089e+04 8.035807e+02 1.672447e+04
1.592790e+04 7.964269e+02 1.672433e+04
1.594835e+04 7.757240e+02 1.672408e+04
1.597850e+04 7.452216e+02 1.672372e+04
1.601317e+04 7.101143e+02 1.672329e+04
1.604631e+04 6.765129e+02 1.672283e+04
1.607136e+04 6.509762e+02 1.672234e+04
1.608153e+04 6.402824e+02 1.672181e+04
1.606990e+04 6.513448e+02 1.672125e+04
1.602950e+04 6.911579e+02 1.672065e+04
1.595360e+04 7.664853e+02 1.672008e+04
1.583680e+04 8.828672e+02 1.671967e+04
1.567723e+04 1.042444e+03 1.671967e+04
1.548013e+04 1.240297e+03 1.672042e+04
1.526224e+04 1.459932e+03 1.672218e+04
1.505435e+04 1.670428e+03 1.672478e+04
1.489772e+04 1.829706e+03 1.672743e+04
1.483191e+04 1.896975e+03 1.672888e+04
1.487797e+04 1.850378e+03 1.672835e+04
1.502810e+04 1.698057e+03 1.672615e+04
1.524985e+04 1.473621e+03 1.672347e+04
1.550163e+04 1.219732e+03 1.672136e+04
1.574791e+04 9.723398e+02 1.672025e+04
1.596655e+04 7.534757e+02 1.672003e+04
1.614835e+04 5.720061e+02 1.672035e+04
1.629294e+04 4.279755e+02 1.672091e+04
1.640457e+04 3.169453e+02 1.672152e+04
1.648910e+04 2.329578e+02 1.672206e+04
1.655231e+04 1.701916e+02 1.672250e+04
1.659922e+04 1.236297e+02 1.672285e+04
1.663388e+04 8.923734e+01 1.672312e+04
1.665942e+04 6.389547e+01 1.672332e+04
1.667821e+04 4.524964e+01 1.672346e+04
1.669202e+04 3.154746e+01 1.672357e+04
1.670216e+04 2.149527e+01 1.672365e+04
1.670957e+04 1.414217e+01 1.672371e+04
1.671496e+04 8.790442e+00 1.672375e+04
1.671885e+04 4.933723e+00 1.672379e+04
1.672162e+04 2.179737e+00 1.672380e+04
1.672355e+04 2.687256e-01 1.672382e+04
1.672484e+04 -1.007872e+00 1.672383e+04
1.672564e+04 -1.799704e+00 1.672384e+04
1.672607e+04 -2.216966e+00 1.672385e+04
1.672620e+04 -2.340674e+00 1.672385e+04
1.672609e+04 -2.230172e+00 1.672386e+04
1.672579e+04 -1.928613e+00 1.672386e+04
1.672533e+04 -1.472487e+00 1.672386e+04
1.672473e+04 -8.726800e-01 1.672386e+04
1.672401e+04 -1.492766e-01 1.672386e+04
1.672317e+04 6.884662e-01 1.672386e+04
1.672222e+04 1.629963e+00 1.672385e+04
1.672117e+04 2.684692e+00 1.672385e+04
1.672000e+04 3.848506e+00 1.672385e+04
1.671873e+04 5.125048e+00 1.672385e+04
1.671733e+04 6.520037e+00 1.672385e+04
1.671581e+04 8.041081e+00 1.672385e+04
1.671415e+04 9.697585e+00 1.672385e+04
1.671235e+04 1.150617e+01 1.672385e+04
1.671038e+04 1.346888e+01 1.672385e+04
1.670825e+04 1.560623e+01 1.672385e+04
1.670592e+04 1.793520e+01 1.672385e+04
1.670337e+04 2.047554e+01 1.672385e+04
1.670060e+04 2.324974e+01 1.672385e+04
1.669756e+04 2.628362e+01 1.672384e+04
1.669423e+04 2.960697e+01 1.672384e+04
1.669058e+04 3.325440e+01 1.672384e+04
1.668657e+04 3.726636e+01 1.672383e+04
1.668214e+04 4.169585e+01 1.672383e+04
1.667724e+04 4.658836e+01 1.672383e+04
1.667180e+04 5.201673e+01 1.672382e+04
1.666575e+04 5.805616e+01 1.672381e+04
1.665898e+04 6.480983e+01 1.672379e+04
1.665138e+04 7.240168e+01 1.672378e+04
1.664279e+04 8.097093e+01 1.672376e+04
1.663305e+04 9.069478e+01 1.672375e+04
1.662193e+04 1.017910e+02 1.672372e+04
1.660917e+04 1.145281e+02 1.672369e+04
1.659442e+04 1.292373e+02 1.672366e+04
1.657729e+04 1.463279e+02 1.672362e+04
1.655726e+04 1.663058e+02 1.672356e+04
1.653370e+04 1.897950e+02 1.672350e+04
1.650585e+04 2.175646e+02 1.672342e+04
1.647276e+04 2.505585e+02 1.672332e+04
1.643326e+04 2.899303e+02 1.672319e+04
1.638596e+04 3.370811e+02 1.672304e+04
1.632917e+04 3.936980e+02 1.672286e+04
1.626086e+04 4.617894e+02 1.672265e+04
1.617869e+04 5.437096e+02 1.672239e+04
1.607995e+04 6.421516e+02 1.672210e+04
1.596166e+04 7.601150e+02 1.672177e+04
1.582071e+04 9.007180e+02 1.672143e+04
1.565423e+04 1.066889e+03 1.672112e+04
1.546025e+04 1.260652e+03 1.672090e+04
1.523888e+04 1.482024e+03 1.672090e+04
1.499417e+04 1.727128e+03 1.672130e+04
1.473645e+04 1.985809e+03 1.672225e+04
1.448436e+04 2.239470e+03 1.672383e+04
1.426479e+04 2.460970e+03 1.672576e+04
1.410852e+04 2.618924e+03 1.672744e+04
1.404106e+04 2.687050e+03 1.672811e+04
1.407240e+04 2.654984e+03 1.672738e+04
1.419175e+04 2.533787e+03 1.672554e+04
1.437142e+04 2.351913e+03 1.672333e+04
1.457707e+04 2.144400e+03 1.672147e+04
1.477805e+04 1.942253e+03 1.672030e+04
1.495298e+04 1.766831e+03 1.671981e+04
1.509046e+04 1.629350e+03 1.671981e+04
1.518687e+04 1.533218e+03 1.672009e+04
1.524367e+04 1.476832e+03 1.672050e+04
1.526533e+04 1.455665e+03 1.672100e+04
1.525820e+04 1.463355e+03 1.672156e+04
1.523019e+04 1.492008e+03 1.672220e+04
1.519084e+04 1.532096e+03 1.672294e+04
1.515127e+04 1.572477e+03 1.672374e+04
1.512349e+04 1.601028e+03 1.672452e+04
1.511894e+04 1.606180e+03 1.672512e+04
1.514624e+04 1.579148e+03 1.672539e+04
1.520920e+04 1.516063e+03 1.672526e+04
1.530583e+04 1.418969e+03 1.672480e+04
1.542903e+04 1.295105e+03 1.672414e+04
1.556869e+04 1.154774e+03 1.672346e+04
1.571416e+04 1.008749e+03 1.672291e+04
1.585633e+04 8.662212e+02 1.672255e+04
1.598864e+04 7.337464e+02 1.672239e+04
1.610724e+04 6.151210e+02 1.672236e+04
1.621058e+04 5.118671e+02 1.672245e+04
1.629872e+04 4.238691e+02 1.672259e+04
1.637272e+04 3.500276e+02 1.672275e+04
1.643414e+04 2.887710e+02 1.672292e+04
1.648471e+04 2.383587e+02 1.672307e+04
1.652610e+04 1.971043e+02 1.672320e+04
1.655985e+04 1.634752e+02 1.672332e+04
1.658728e+04 1.361356e+02 1.672342e+04
1.660955e+04 1.139529e+02 1.672350e+04
1.662758e+04 9.598392e+01 1.672356e+04
1.664216e+04 8.145351e+01 1.672362e+04
1.665393e+04 6.972995e+01 1.672366e+04
1.666339e+04 6.030160e+01 1.672369e+04
1.667097e+04 5.275592e+01 1.672372e+04
1.667698e+04 4.676140e+01 1.672374e+04
1.668171e+04 4.205250e+01 1.672376e+04
1.668536e+04 3.841168e+01 1.672377e+04
1.668810e+04 3.568148e+01 1.672378e+04
1.669007e+04 3.372348e+01 1.672379e+04
1.669136e+04 3.243385e+01 1.672380e+04
1.669207e+04 3.173291e+01 1.672380e+04
1.669224e+04 3.156655e+01 1.672381e+04
1.669193e+04 3.188182e+01 1.672381e+04
1.669116e+04 3.265734e+01 1.672381e+04
1.668993e+04 3.387990e+01 1.672381e+04
1.668826e+04 3.554902e+01 1.672381e+04
1.668613e+04 3.767657e+01 1.672381e+04
1.668352e+04 4.029228e+01 1.672381e+04
1.668039e+04 4.342233e+01 1.672381e+04
1.667668e+04 4.712328e+01 1.672380e+04
1.667233e+04 5.146150e+01 1.672380e+04
1.666727e+04 5.652619e+01 1.672379e+04
1.666137e+04 6.241011e+01 1.672378e+04
1.665452e+04 6.924610e+01 1.672377e+04
1.664656e+04 7.718972e+01 1.672375e+04
1.663730e+04 8.643657e+01 1.672374e+04
1.662650e+04 9.720931e+01 1.672371e+04
1.661388e+04 1.097929e+02 1.672367e+04
1.659905e+04 1.245824e+02 1.672363e+04
1.658154e+04 1.420293e+02 1.672357e+04
1.656070e+04 1.628036e+02 1.672350e+04
1.653558e+04 1.878098e+02 1.672339e+04
1.650476e+04 2.184385e+02 1.672320e+04
1.646599e+04 2.569035e+02 1.672289e+04
1.641539e+04 3.069530e+02 1.672235e+04
1.634607e+04 3.752672e+02 1.672134e+04
1.624516e+04 4.742566e+02 1.671942e+04
1.608800e+04 6.276851e+02 1.671568e+04
1.582663e+04 8.817558e+02 1.670839e+04
1.536932e+04 1.325373e+03 1.669470e+04
1.455367e+04 2.118708e+03 1.667237e+04
1.315722e+04 3.493130e+03 1.665035e+04
1.111553e+04 5.557639e+03 1.667317e+04
9.113188e+03 7.666990e+03 1.678018e+04
8.618906e+03 8.200597e+03 1.681950e+04
1.006753e+04 6.644221e+03 1.671175e+04
1.216048e+04 4.490640e+03 1.665112e+04
1.378014e+04 2.882179e+03 1.666232e+04
1.475863e+04 1.928500e+03 1.668713e+04
1.530119e+04 1.403242e+03 1.670443e+04
1.560317e+04 1.110784e+03 1.671395e+04
1.578215e+04 9.366377e+02 1.671878e+04
1.589960e+04 8.215578e+02 1.672116e+04
1.598591e+04 7.364051e+02 1.672231e+04
1.605557e+04 6.672956e+02 1.672287e+04
1.611534e+04 6.077910e+02 1.672313e+04
1.616821e+04 5.550418e+02 1.672325e+04
1.621547e+04 5.078513e+02 1.672332e+04
1.625762e+04 4.657363e+02 1.672335e+04
1.629487e+04 4.285063e+02 1.672338e+04
1.632734e+04 3.960626e+02 1.672340e+04
1.635510e+04 3.683197e+02 1.672342e+04
1.637826e+04 3.451717e+02 1.672343e+04
1.639694e+04 3.265096e+02 1.672345e+04
1.641127e+04 3.121944e+02 1.672347e+04
1.642142e+04 3.020589e+02 1.672348e+04
1.642757e+04 2.959330e+02 1.672350e+04
1.642990e+04 2.936177e+02 1.672352e+04
1.642865e+04 2.948812e+02 1.672353e+04
1.642411e+04 2.994479e+02 1.672356e+04
1.641660e+04 3.069844e+02 1.672358e+04
1.640653e+04 3.170860e+02 1.672361e+04
1.639439e+04 3.292639e+02 1.672365e+04
1.638076e+04 3.429319e+02 1.672369e+04
1.636631e+04 3.574280e+02 1.672374e+04
1.635180e+04 3.719864e+02 1.672379e+04
1.633804e+04 3.858041e+02 1.672384e+04
1.632585e+04 3.980457e+02 1.672390e+04
1.631606e+04 4.078917e+02 1.672395e+04
1.630936e+04 4.146232e+02 1.672399e+04
1.630636e+04 4.176567e+02 1.672401e+04
1.630742e+04 4.166001e+02 1.672402e+04
1.631274e+04 4.112857e+02 1.672402e+04
1.632222e+04 4.017815e+02 1.672400e+04
1.633559e+04 3.883785e+02 1.672397e+04
1.635238e+04 3.715555e+02 1.672393e+04
1.637196e+04 3.519220e+02 1.672388e+04
1.639366e+04 3.301813e+02 1.672384e+04
1.641676e+04 3.070339e+02 1.672379e+04
1.644058e+04 2.831710e+02 1.672375e+04
1.646453e+04 2.591973e+02 1.672372e+04
1.648807e+04 2.356294e+02 1.672370e+04
1.651081e+04 2.128786e+02 1.672369e+04
1.653243e+04 1.912512e+02 1.672368e+04
1.655272e+04 1.709611e+02 1.672368e+04
1.657156e+04 1.521212e+02 1.672368e+04
1.658889e+04 1.347911e+02 1.672369e+04
1.660472e+04 1.189699e+02 1.672369e+04
1.661909e+04 1.046161e+02 1.672370e+04
1.663205e+04 9.166028e+01 1.672371e+04
1.664371e+04 8.002034e+01 1.672373e+04
1.665415e+04 6.958813e+01 1.672374e+04
1.666348e+04 6.026823e+01 1.672375e+04
1.667179e+04 5.196041e+01 1.672375e+04
1.667919e+04 4.456813e+01 1.672376e+04
1.668577e+04 3.799489e+01 1.672376e+04
1.669160e+04 3.216730e+01 1.672377e+04
1.669677e+04 2.700277e+01 1.672378e+04
1.670135e+04 2.242566e+01 1.672378e+04
1.670540e+04 1.838349e+01 1.672378e+04
1.670897e+04 1.481397e+01 1.672379e+04
1.671212e+04 1.166607e+01 1.672379e+04
1.671490e+04 8.894083e+00 1.672379e+04
1.671734e+04 6.457130e+00 1.672380e+04
1.671948e+04 4.318644e+00 1.672380e+04
1.672136e+04 2.445921e+00 1.672380e+04
1.672299e+04 8.148917e-01 1.672381e+04
1.672442e+04 -6.113075e-01 1.672381e+04
1.672566e+04 -1.850497e+00 1.672381e+04
1.672674e+04 -2.923558e+00 1.672381e+04
1.672767e+04 -3.849111e+00 1.672382e+04
1.672846e+04 -4.643738e+00 1.672382e+04
1.672914e+04 -5.327646e+00 1.672381e+04
1.672972e+04 -5.902930e+00 1.672381e+04
1.673020e+04 -6.381076e+00 1.672382e+04
1.673060e+04 -6.783155e+00 1.672382e+04
1.673093e+04 -7.112501e+00 1.672382e+04
1.673120e+04 -7.376769e+00 1.672382e+04
1.673141e+04 -7.582543e+00 1.672382e+04
1.673156e+04 -7.735428e+00 1.672382e+04
1.673166e+04 -7.840127e+00 1.672382e+04
1.673172e+04 -7.900513e+00 1.672382e+04
1.673174e+04 -7.919691e+00 1.672382e+04
1.673172e+04 -7.900051e+00 1.672382e+04
1.673167e+04 -7.843315e+00 1.672382e+04
1.673157e+04 -7.756218e+00 1.672382e+04
1.673145e+04 -7.628166e+00 1.672382e+04
1.673128e+04 -7.464512e+00 1.672382e+04
1.673108e+04 -7.264596e+00 1.672382e+04
1.673085e+04 -7.027199e+00 1.672382e+04
1.673057e+04 -6.750542e+00 1.672382e+04
1.673025e+04 -6.432272e+00 1.672382e+04
1.672989e+04 -6.069451e+00 1.672382e+04
1.672948e+04 -5.653066e+00 1.672382e+04
1.672901e+04 -5.189962e+00 1.672382e+04
1.672849e+04 -4.669680e+00 1.672382e+04
1.672791e+04 -4.081141e+00 1.672383e+04
1.672726e+04 -3.428960e+00 1.672383e+04
1.672653e+04 -2.705815e+00 1.672382e+04
1.672571e+04 -1.892551e+00 1.672382e+04
1.672480e+04 -9.800008e-01 1.672382e+04
1.672379e+04 3.117573e-02 1.672382e+04
1.672266e+04 1.157971e+00 1.672382e+04
1.672141e+04 2.413169e+00 1.672382e+04
1.672001e+04 3.816409e+00 1.672382e+04
1.671845e+04 5.372415e+00 1.672382e+04
1.671672e+04 7.104039e+00 1.672382e+04
1.671479e+04 9.030335e+00 1.672382e+04
1.671265e+04 1.118309e+01 1.672383e+04
1.671026e+04 1.356311e+01 1.672383e+04
1.670762e+04 1.620630e+01 1.672382e+04
1.670468e+04 1.913948e+01 1.672382e+04
1.670143e+04 2.239149e+01 1.672382e+04
1.669782e+04 2.599316e+01 1.672382e+04
1.669384e+04 2.997716e+01 1.672381e+04
1.668943e+04 3.437780e+01 1.672381e+04
1.668458e+04 3.923070e+01 1.672381e+04
1.667923e+04 4.457233e+01 1.672380e+04
1.667336e+04 5.043935e+01 1.672380e+04
1.666693e+04 5.686781e+01 1.672380e+04
1.665990e+04 6.389200e+01 1.672379e+04
1.665225e+04 7.154308e+01 1.672379e+04
1.664394e+04 7.984738e+01 1.672379e+04
1.663496e+04 8.882436e+01 1.672378e+04
1.662530e+04 9.848950e+01 1.672379e+04
1.661496e+04 1.088299e+02 1.672379e+04
1.660395e+04 1.198392e+02 1.672379e+04
1.659232e+04 1.314708e+02 1.672379e+04
1.658013e+04 1.436724e+02 1.672380e+04
1.656744e+04 1.563664e+02 1.672381e+04
1.655438e+04 1.694308e+02 1.672382e+04
1.654109e+04 1.827303e+02 1.672382e+04
1.652774e+04 1.960934e+02 1.672384e+04
1.651453e+04 2.093188e+02 1.672385e+04
1.650168e+04 2.221847e+02 1.672387e+04
1.648945e+04 2.344316e+02 1.672389e+04
1.647810e+04 2.458041e+02 1.672390e+04
1.646788e+04 2.560337e+02 1.672391e+04
1.645905e+04 2.648782e+02 1.672393e+04
1.645183e+04 2.721032e+02 1.672394e+04
1.644643e+04 2.775214e+02 1.672395e+04
1.644298e+04 2.809787e+02 1.672396e+04
1.644156e+04 2.823956e+02 1.672396e+04
1.644221e+04 2.817457e+02 1.672395e+04
1.644486e+04 2.790955e+02 1.672396e+04
1.644942e+04 2.745246e+02 1.672394e+04
1.645573e+04 2.682066e+02 1.672393e+04
1.646357e+04 2.603486e+02 1.672392e+04
1.647271e+04 2.511900e+02 1.672390e+04
1.648290e+04 2.409889e+02 1.672388e+04
1.649386e+04 2.300086e+02 1.672387e+04
1.650535e+04 2.185062e+02 1.672385e+04
1.651712e+04 2.067226e+02 1.672384e+04
1.652896e+04 1.948752e+02 1.672383e+04
1.654067e+04 1.831591e+02 1.672383e+04
1.655210e+04 1.717219e+02 1.672382e+04
1.656312e+04 1.606974e+02 1.672382e+04
1.657363e+04 1.501836e+02 1.672382e+04
1.658356e+04 1.402516e+02 1.672381e+04
1.659287e+04 1.309479e+02 1.672381e+04
1.660152e+04 1.222978e+02 1.672382e+04
1.660951e+04 1.142985e+02 1.672381e+04
1.661684e+04 1.069656e+02 1.672381e+04
1.662354e+04 1.002709e+02 1.672381e+04
1.662963e+04 9.418863e+01 1.672382e+04
1.663513e+04 8.869247e+01 1.672383e+04
1.664009e+04 8.373562e+01 1.672383e+04
1.664455e+04 7.928524e+01 1.672383e+04
1.664854e+04 7.529629e+01 1.672383e+04
1.665210e+04 7.174552e+01 1.672384e+04
1.665527e+04 6.857750e+01 1.672384e+04
1.665809e+04 6.575997e+01 1.672385e+04
1.666059e+04 6.325669e+01 1.672385e+04
1.666282e+04 6.103332e+01 1.672385e+04
1.666480e+04 5.905205e+01 1.672385e+04
1.666656e+04 5.729362e+01 1.672385e+04
1.666813e+04 5.573013e+01 1.672386e+04
1.666954e+04 5.432486e+01 1.672386e+04
1.667080e+04 5.305971e+01 1.672386e+04
1.667195e+04 5.191311e+01 1.672387e+04
1.667300e+04 5.086548e+01 1.672387e+04
1.667397e+04 4.989919e+01 1.672387e+04
1.667487e+04 4.899839e+01 1.672387e+04
1.667572e+04 4.814902e+01 1.672387e+04
1.667653e+04 4.733845e+01 1.672387e+04
1.667732e+04 4.655597e+01 1.672387e+04
1.667808e+04 4.579225e+01 1.672387e+04
1.667883e+04 4.503385e+01 1.672387e+04
1.667958e+04 4.428516e+01 1.672387e+04
1.668033e+04 4.353547e+01 1.672387e+04
1.668109e+04 4.278078e+01 1.672387e+04
1.668185e+04 4.201834e+01 1.672387e+04
1.668262e+04 4.124662e+01 1.672387e+04
1.668340e+04 4.046532e+01 1.672387e+04
1.668419e+04 3.967540e+01 1.672387e+04
1.668499e+04 3.887350e+01 1.672386e+04
1.668579e+04 3.807433e+01 1.672386e+04
1.668658e+04 3.727762e+01 1.672386e+04
1.668737e+04 3.649021e+01 1.672386e+04
1.668814e+04 3.572632e+01 1.672387e+04
1.668888e+04 3.498603e+01 1.672387e+04
1.668958e+04 3.428853e+01 1.672386e+04
1.669021e+04 3.365072e+01 1.672386e+04
1.669077e+04 3.309883e+01 1.672387e+04
1.669122e+04 3.264744e+01 1.672386e+04
1.669153e+04 3.232818e+01 1.672385e+04
1.669166e+04 3.219644e+01 1.672386e+04
1.669157e+04 3.228967e+01 1.672386e+04
1.669119e+04 3.266807e+01 1.672386e+04
1.669045e+04 3.340126e+01 1.672385e+04
1.668925e+04 3.458870e+01 1.672384e+04
1.668748e+04 3.634829e+01 1.672383e+04
1.668498e+04 3.882831e+01 1.672381e+04
1.668158e+04 4.221563e+01 1.672379e+04
1.667702e+04 4.674598e+01 1.672377e+04
1.667102e+04 5.271136e+01 1.672373e+04
1.666319e+04 6.049826e+01 1.672369e+04
1.665307e+04 7.057400e+01 1.672364e+04
1.664004e+04 8.353181e+01 1.672358e+04
1.662339e+04 1.001061e+02 1.672349e+04
1.660217e+04 1.212221e+02 1.672340e+04
1.657529e+04 1.479888e+02 1.672328e+04
1.654140e+04 1.817358e+02 1.672314e+04
1.649898e+04 2.240065e+02 1.672298e+04
1.644633e+04 2.764765e+02 1.672281e+04
1.638176e+04 3.408773e+02 1.672263e+04
1.630381e+04 4.186845e+02 1.672249e+04
1.621171e+04 5.107161e+02 1.672242e+04
1.610599e+04 6.164958e+02 1.672248e+04
1.598927e+04 7.334547e+02 1.672273e+04
1.586706e+04 8.561336e+02 1.672320e+04
1.574810e+04 9.757806e+02 1.672388e+04
1.564389e+04 1.080767e+03 1.672466e+04
1.556701e+04 1.158333e+03 1.672535e+04
1.552824e+04 1.197502e+03 1.672574e+04
1.553353e+04 1.192167e+03 1.672569e+04
1.558212e+04 1.143103e+03 1.672522e+04
1.566680e+04 1.057693e+03 1.672450e+04
1.577615e+04 9.475743e+02 1.672372e+04
1.589760e+04 8.254760e+02 1.672308e+04
1.602015e+04 7.025182e+02 1.672267e+04
1.613576e+04 5.867154e+02 1.672247e+04
1.623959e+04 4.828585e+02 1.672245e+04
1.632954e+04 3.929924e+02 1.672254e+04
1.640544e+04 3.172499e+02 1.672269e+04
1.646824e+04 2.546277e+02 1.672287e+04
1.651949e+04 2.035526e+02 1.672304e+04
1.656089e+04 1.623027e+02 1.672319e+04
1.659412e+04 1.292101e+02 1.672333e+04
1.662066e+04 1.027788e+02 1.672344e+04
1.664181e+04 8.172514e+01 1.672353e+04
1.665863e+04 6.497926e+01 1.672361e+04
1.667200e+04 5.166633e+01 1.672367e+04
1.668264e+04 4.108015e+01 1.672372e+04
1.669110e+04 3.265002e+01 1.672375e+04
1.669784e+04 2.593707e+01 1.672378e+04
1.670322e+04 2.057901e+01 1.672380e+04
1.670753e+04 1.629335e+01 1.672382e+04
1.671098e+04 1.285662e+01 1.672384e+04
1.671376e+04 1.008650e+01 1.672384e+04
1.671600e+04 7.859488e+00 1.672386e+04
1.671782e+04 6.048324e+00 1.672387e+04
1.671930e+04 4.565091e+00 1.672387e+04
1.672052e+04 3.351089e+00 1.672387e+04
1.672153e+04 2.345453e+00 1.672387e+04
1.672237e+04 1.504129e+00 1.672388e+04
1.672309e+04 7.920850e-01 1.672388e+04
1.672370e+04 1.814620e-01 1.672388e+04
1.672423e+04 -3.498749e-01 1.672388e+04
1.672470e+04 -8.194875e-01 1.672388e+04
1.672513e+04 -1.246819e+00 1.672388e+04
1.672551e+04 -1.631838e+00 1.672388e+04
1.672587e+04 -1.988589e+00 1.672388e+04
1.672620e+04 -2.323769e+00 1.672388e+04
1.672652e+04 -2.637091e+00 1.672389e+04
1.672683e+04 -2.943442e+00 1.672389e+04
1.672713e+04 -3.240271e+00 1.672389e+04
1.672742e+04 -3.529731e+00 1.672389e+04
1.672770e+04 -3.813342e+00 1.672389e+04
1.672798e+04 -4.092121e+00 1.672389e+04
1.672825e+04 -4.366690e+00 1.672389e+04
1.672852e+04 -4.637360e+00 1.672389e+04
1.672879e+04 -4.904206e+00 1.672389e+04
1.672905e+04 -5.167128e+00 1.672389e+04
1.672931e+04 -5.425894e+00 1.672389e+04
1.672957e+04 -5.685671e+00 1.672388e+04
1.672982e+04 -5.935137e+00 1.672388e+04
1.673006e+04 -6.179335e+00 1.672388e+04
1.673030e+04 -6.417842e+00 1.672388e+04
1.673053e+04 -6.650240e+00 1.672388e+04
1.673076e+04 -6.870694e+00 1.672389e+04
1.673098e+04 -7.089862e+00 1.672389e+04
1.673119e+04 -7.301801e+00 1.672389e+04
1.673139e+04 -7.511726e+00 1.672388e+04
1.673159e+04 -7.714134e+00 1.672388e+04
1.673178e+04 -7.908625e+00 1.672387e+04
1.673196e+04 -8.089475e+00 1.672387e+04
1.673213e+04 -8.261997e+00 1.672387e+04
1.673230e+04 -8.431637e+00 1.672386e+04
1.673245e+04 -8.587381e+00 1.672386e+04
1.673260e+04 -8.734588e+00 1.672386e+04
1.673274e+04 -8.873246e+00 1.672386e+04
1.673287e+04 -9.003364e+00 1.672386e+04
1.673299e+04 -9.124970e+00 1.672386e+04
1.673310e+04 -9.238101e+00 1.672386e+04
1.673321e+04 -9.342804e+00 1.672386e+04
1.673330e+04 -9.439126e+00 1.672386e+04
1.673339e+04 -9.532593e+00 1.672386e+04
1.673347e+04 -9.612593e+00 1.672386e+04
1.673354e+04 -9.684322e+00 1.672386e+04
1.673361e+04 -9.747773e+00 1.672386e+04
1.673366e+04 -9.797581e+00 1.672386e+04
1.673371e+04 -9.844499e+00 1.672386e+04
1.673375e+04 -9.882902e+00 1.672386e+04
1.673378e+04 -9.912618e+00 1.672386e+04
1.673380e+04 -9.933415e+00 1.672386e+04
1.673381e+04 -9.944990e+00 1.672386e+04
1.673381e+04 -9.946964e+00 1.672386e+04
1.673380e+04 -9.933513e+00 1.672387e+04
1.673379e+04 -9.914929e+00 1.672387e+04
1.673376e+04 -9.890528e+00 1.672386e+04
1.673371e+04 -9.848545e+00 1.672386e+04
1.673366e+04 -9.793497e+00 1.672386e+04
1.673359e+04 -9.724294e+00 1.672386e+04
1.673350e+04 -9.639680e+00 1.672386e+04
1.673340e+04 -9.532753e+00 1.672387e+04
1.673328e+04 -9.412816e+00 1.672387e+04
1.673314e+04 -9.272523e+00 1.672387e+04
1.673298e+04 -9.109761e+00 1.672387e+04
1.673279e+04 -8.916690e+00 1.672387e+04
1.673258e+04 -8.701577e+00 1.672387e+04
1.673233e+04 -8.455927e+00 1.672387e+04
1.673205e+04 -8.176372e+00 1.672387e+04
1.673173e+04 -7.859146e+00 1.672387e+04
1.673137e+04 -7.500040e+00 1.672387e+04
1.673097e+04 -7.094366e+00 1.672387e+04
1.673051e+04 -6.631558e+00 1.672388e+04
1.672999e+04 -6.116673e+00 1.672388e+04
1.672941e+04 -5.543255e+00 1.672387e+04
1.672876e+04 -4.893140e+00 1.672387e+04
1.672803e+04 -4.163804e+00 1.672387e+04
1.672721e+04 -3.346408e+00 1.672387e+04
1.672630e+04 -2.431156e+00 1.672387e+04
1.672527e+04 -1.407196e+00 1.672387e+04
1.672413e+04 -2.625178e-01 1.672387e+04
1.672285e+04 1.016163e+00 1.672386e+04
1.672142e+04 2.443522e+00 1.672386e+04
1.671983e+04 4.035759e+00 1.672386e+04
1.671805e+04 5.810735e+00 1.672386e+04
1.671607e+04 7.793564e+00 1.672386e+04
1.671387e+04 9.994914e+00 1.672386e+04
1.671141e+04 1.244941e+01 1.672386e+04
1.670869e+04 1.517200e+01 1.672386e+04
1.670566e+04 1.819661e+01 1.672386e+04
1.670230e+04 2.155409e+01 1.672386e+04
1.669857e+04 2.527790e+01 1.672385e+04
1.669444e+04 2.940423e+01 1.672385e+04
1.668987e+04 3.397193e+01 1.672385e+04
1.668482e+04 3.902785e+01 1.672385e+04
1.667924e+04 4.460567e+01 1.672384e+04
1.667308e+04 5.075776e+01 1.672384e+04
1.666630e+04 5.752782e+01 1.672383e+04
1.665884e+04 6.497798e+01 1.672382e+04
1.665066e+04 7.315581e+01 1.672382e+04
1.664169e+04 8.211556e+01 1.672381e+04
1.663189e+04 9.191236e+01 1.672380e+04
1.662120e+04 1.026019e+02 1.672380e+04
1.660955e+04 1.142404e+02 1.672379e+04
1.659690e+04 1.268846e+02 1.672378e+04
1.658318e+04 1.405928e+02 1.672378e+04
1.656834e+04 1.554265e+02 1.672377e+04
1.655230e+04 1.714536e+02 1.672376e+04
1.653499e+04 1.887530e+02 1.672374e+04
1.651631e+04 2.074225e+02 1.672373e+04
1.649612e+04 2.275894e+02 1.672371e+04
1.647426e+04 2.494242e+02 1.672368e+04
1.645049e+04 2.731608e+02 1.672365e+04
1.642449e+04 2.991195e+02 1.672361e+04
1.639582e+04 3.277367e+02 1.672355e+04
1.636388e+04 3.595976e+02 1.672348e+04
1.632792e+04 3.954719e+02 1.672339e+04
1.628693e+04 4.363465e+02 1.672328e+04
1.623969e+04 4.834475e+02 1.672314e+04
1.618474e+04 5.382382e+02 1.672298e+04
1.612043e+04 6.023719e+02 1.672281e+04
1.604506e+04 6.775695e+02 1.672263e+04
1.595709e+04 7.653834e+02 1.672247e+04
1.585557e+04 8.668056e+02 1.672237e+04
1.574065e+04 9.817436e+02 1.672239e+04
1.561426e+04 1.108299e+03 1.672256e+04
1.548068e+04 1.242209e+03 1.672289e+04
1.534677e+04 1.376605e+03 1.672337e+04
1.522125e+04 1.502622e+03 1.672387e+04
1.511299e+04 1.611214e+03 1.672420e+04
1.502810e+04 1.696026e+03 1.672412e+04
1.496676e+04 1.756692e+03 1.672345e+04
1.492080e+04 1.801296e+03 1.672210e+04
1.487292e+04 1.847188e+03 1.672011e+04
1.479764e+04 1.919953e+03 1.671759e+04
1.466414e+04 2.050683e+03 1.671483e+04
1.444184e+04 2.270632e+03 1.671247e+04
1.411193e+04 2.599977e+03 1.671191e+04
1.368867e+04 3.026597e+03 1.671527e+04
1.324533e+04 3.478255e+03 1.672358e+04
1.291819e+04 3.815286e+03 1.673347e+04
1.285123e+04 3.886189e+03 1.673742e+04
1.309863e+04 3.633218e+03 1.673185e+04
1.358156e+04 3.140425e+03 1.672198e+04
1.415158e+04 2.563267e+03 1.671485e+04
1.468463e+04 2.027936e+03 1.671256e+04
1.512072e+04 1.592807e+03 1.671352e+04
1.545093e+04 1.264764e+03 1.671569e+04
1.569080e+04 1.027081e+03 1.671788e+04
1.586188e+04 8.577421e+02 1.671963e+04
1.598349e+04 7.374177e+02 1.672091e+04
1.607039e+04 6.514065e+02 1.672179e+04
1.613303e+04 5.893517e+02 1.672238e+04
1.617849e+04 5.442734e+02 1.672277e+04
1.621135e+04 5.116469e+02 1.672300e+04
1.623444e+04 4.886913e+02 1.672313e+04
1.624932e+04 4.738674e+02 1.672319e+04
1.625665e+04 4.665411e+02 1.672319e+04
1.625642e+04 4.667274e+02 1.672315e+04
1.624812e+04 4.749523e+02 1.672307e+04
1.623088e+04 4.920849e+02 1.672297e+04
1.620367e+04 5.191925e+02 1.672286e+04
1.616544e+04 5.573187e+02 1.672276e+04
1.611546e+04 6.072370e+02 1.672269e+04
1.605365e+04 6.690464e+02 1.672270e+04
1.598112e+04 7.416915e+02 1.672281e+04
1.590063e+04 8.224329e+02 1.672306e+04
1.581704e+04 9.064205e+02 1.672346e+04
1.573738e+04 9.866135e+02 1.672399e+04
1.567023e+04 1.054324e+03 1.672456e+04
1.562450e+04 1.100536e+03 1.672503e+04
1.560748e+04 1.117814e+03 1.672529e+04
1.562304e+04 1.102211e+03 1.672525e+04
1.567055e+04 1.054382e+03 1.672493e+04
1.574504e+04 9.793833e+02 1.672442e+04
1.583860e+04 8.852572e+02 1.672386e+04
1.594232e+04 7.810547e+02 1.672337e+04
1.604798e+04 6.750407e+02 1.672302e+04
1.614917e+04 5.736366e+02 1.672281e+04
1.624164e+04 4.810932e+02 1.672273e+04
1.632306e+04 3.996831e+02 1.672274e+04
1.639260e+04 3.302080e+02 1.672281e+04
1.645033e+04 2.725591e+02 1.672289e+04
1.649680e+04 2.261661e+02 1.672296e+04
1.653256e+04 1.904397e+02 1.672300e+04
1.655792e+04 1.650692e+02 1.672299e+04
1.657252e+04 1.503721e+02 1.672289e+04
1.657497e+04 1.476901e+02 1.672266e+04
1.656229e+04 1.599327e+02 1.672222e+04
1.652898e+04 1.924836e+02 1.672147e+04
1.646568e+04 2.545344e+02 1.672022e+04
1.635713e+04 3.610978e+02 1.671823e+04
1.617963e+04 5.356026e+02 1.671523e+04
1.589912e+04 8.120576e+02 1.671117e+04
1.547390e+04 1.232967e+03 1.670687e+04
1.487202e+04 1.833233e+03 1.670525e+04
1.411711e+04 2.594675e+03 1.671179e+04
1.335574e+04 3.373639e+03 1.672938e+04
1.286479e+04 3.882424e+03 1.674721e+04
1.288827e+04 3.857893e+03 1.674617e+04
1.341245e+04 3.315065e+03 1.672751e+04
1.417996e+04 2.530789e+03 1.671075e+04
1.492195e+04 1.783250e+03 1.670520e+04
1.550523e+04 1.202040e+03 1.670727e+04
1.591410e+04 7.975531e+02 1.671165e+04
1.618301e+04 5.326432e+02 1.671565e+04
1.635367e+04 3.649098e+02 1.671858e+04
1.645957e+04 2.609537e+02 1.672053e+04
1.652402e+04 1.977528e+02 1.672177e+04
1.656220e+04 1.603511e+02 1.672255e+04
1.658376e+04 1.392727e+02 1.672303e+04
1.659476e+04 1.285698e+02 1.672333e+04
1.659900e+04 1.245171e+02 1.672352e+04
1.659891e+04 1.247289e+02 1.672364e+04
1.659605e+04 1.276802e+02 1.672373e+04
1.659143e+04 1.323531e+02 1.672378e+04
1.658575e+04 1.380710e+02 1.672382e+04
1.657949e+04 1.443546e+02 1.672384e+04
1.657301e+04 1.508522e+02 1.672386e+04
1.656659e+04 1.572936e+02 1.672388e+04
1.656043e+04 1.634623e+02 1.672389e+04
1.655472e+04 1.691792e+02 1.672390e+04
1.654962e+04 1.742938e+02 1.672391e+04
1.654524e+04 1.786796e+02 1.672392e+04
1.654169e+04 1.822325e+02 1.672392e+04
1.653906e+04 1.848715e+02 1.672393e+04
1.653739e+04 1.865332e+02 1.672392e+04
1.653673e+04 1.871944e+02 1.672392e+04
1.653708e+04 1.868343e+02 1.672392e+04
1.653844e+04 1.854721e+02 1.672391e+04
1.654076e+04 1.831495e+02 1.672391e+04
1.654398e+04 1.799174e+02 1.672390e+04
1.654805e+04 1.758491e+02 1.672390e+04
1.655286e+04 1.710318e+02 1.672389e+04
1.655832e+04 1.655625e+02 1.672388e+04
1.656433e+04 1.595441e+02 1.672388e+04
1.657079e+04 1.530814e+02 1.672387e+04
1.657759e+04 1.462725e+02 1.672386e+04
1.658463e+04 1.392277e+02 1.672386e+04
1.659182e+04 1.320342e+02 1.672385e+04
1.659907e+04 1.247819e+02 1.672385e+04
1.660631e+04 1.175347e+02 1.672385e+04
1.661348e+04 1.103636e+02 1.672385e+04
1.662052e+04 1.033241e+02 1.672384e+04
1.662738e+04 9.646277e+01 1.672384e+04
1.663402e+04 8.981742e+01 1.672384e+04
1.664042e+04 8.342407e+01 1.672385e+04
1.664655e+04 7.729601e+01 1.672385e+04
1.665239e+04 7.145784e+01 1.672385e+04
1.665792e+04 6.593018e+01 1.672385e+04
1.666314e+04 6.071434e+01 1.672385e+04
1.666802e+04 5.582667e+01 1.672385e+04
1.667257e+04 5.127732e+01 1.672385e+04
1.667677e+04 4.707700e+01 1.672385e+04
1.668061e+04 4.323813e+01 1.672385e+04
1.668407e+04 3.977615e+01 1.672385e+04
1.668713e+04 3.671099e+01 1.672385e+04
1.668977e+04 3.406892e+01 1.672384e+04
1.669195e+04 3.188479e+01 1.672384e+04
1.669363e+04 3.020489e+01 1.672383e+04
1.669474e+04 2.908503e+01 1.672382e+04
1.669520e+04 2.861740e+01 1.672381e+04
1.669490e+04 2.890358e+01 1.672380e+04
1.669370e+04 3.008424e+01 1.672379e+04
1.669142e+04 3.234382e+01 1.672377e+04
1.668782e+04 3.592330e+01 1.672374e+04
1.668257e+04 4.113116e+01 1.672370e+04
1.667527e+04 4.838568e+01 1.672366e+04
1.666539e+04 5.820813e+01 1.672360e+04
1.665225e+04 7.127474e+01 1.672353e+04
1.663499e+04 8.844693e+01 1.672343e+04
1.661251e+04 1.108094e+02 1.672332e+04
1.658347e+04 1.397000e+02 1.672317e+04
1.654625e+04 1.767537e+02 1.672300e+04
1.649895e+04 2.238586e+02 1.672281e+04
1.643950e+04 2.830989e+02 1.672260e+04
1.636585e+04 3.565529e+02 1.672240e+04
1.627634e+04 4.459119e+02 1.672225e+04
1.617038e+04 5.518448e+02 1.672222e+04
1.604930e+04 6.730849e+02 1.672239e+04
1.591748e+04 8.053413e+02 1.672282e+04
1.578317e+04 9.403740e+02 1.672354e+04
1.565862e+04 1.065851e+03 1.672447e+04
1.555867e+04 1.166735e+03 1.672541e+04
1.549765e+04 1.228413e+03 1.672606e+04
1.548530e+04 1.240895e+03 1.672619e+04
1.552356e+04 1.202187e+03 1.672575e+04
1.560590e+04 1.119005e+03 1.672490e+04
1.571952e+04 1.004415e+03 1.672394e+04
1.584936e+04 8.737450e+02 1.672310e+04
1.598174e+04 7.408015e+02 1.672254e+04
1.610657e+04 6.156919e+02 1.672227e+04
1.621785e+04 5.043647e+02 1.672221e+04
1.631302e+04 4.093033e+02 1.672232e+04
1.639196e+04 3.305459e+02 1.672251e+04
1.645596e+04 2.667560e+02 1.672272e+04
1.650696e+04 2.159448e+02 1.672291e+04
1.654708e+04 1.760074e+02 1.672309e+04
1.657832e+04 1.449275e+02 1.672325e+04
1.660243e+04 1.209494e+02 1.672338e+04
1.662090e+04 1.025821e+02 1.672348e+04
1.663494e+04 8.862175e+01 1.672356e+04
1.664553e+04 7.809834e+01 1.672363e+04
1.665344e+04 7.024367e+01 1.672368e+04
1.665926e+04 6.444882e+01 1.672371e+04
1.666349e+04 6.025322e+01 1.672374e+04
1.666648e+04 5.728440e+01 1.672377e+04
1.666853e+04 5.525155e+01 1.672378e+04
1.666985e+04 5.394393e+01 1.672379e+04
1.667062e+04 5.318410e+01 1.672381e+04
1.667098e+04 5.283838e+01 1.672381e+04
1.667102e+04 5.280277e+01 1.672382e+04
1.667083e+04 5.299624e+01 1.672383e+04
1.667047e+04 5.334995e+01 1.672382e+04
1.667000e+04 5.381962e+01 1.672382e+04
1.666945e+04 5.437158e+01 1.672382e+04
1.666886e+04 5.496916e+01 1.672383e+04
1.666824e+04 5.558724e+01 1.672383e+04
1.666762e+04 5.620534e+01 1.672383e+04
1.666702e+04 5.680100e+01 1.672383e+04
1.666646e+04 5.737117e+01 1.672383e+04
1.666593e+04 5.789882e+01 1.672383e+04
1.666545e+04 5.837464e+01 1.672383e+04
1.666504e+04 5.879168e+01 1.672383e+04
1.666468e+04 5.914571e+01 1.672383e+04
1.666439e+04 5.943571e+01 1.672383e+04
1.666416e+04 5.966460e+01 1.672383e+04
1.666399e+04 5.983999e+01 1.672383e+04
1.666385e+04 5.998058e+01 1.672383e+04
1.666373e+04 6.010058e+01 1.672383e+04
1.666361e+04 6.022186e+01 1.672383e+04
1.666344e+04 6.039098e+01 1.672383e+04
1.666319e+04 6.064177e+01 1.672383e+04
1.666279e+04 6.103466e+01 1.672382e+04
1.666218e+04 6.163548e+01 1.672382e+04
1.666129e+04 6.252190e+01 1.672381e+04
1.666002e+04 6.378448e+01 1.672380e+04
1.665826e+04 6.553345e+01 1.672380e+04
1.665591e+04 6.787833e+01 1.672378e+04
1.665281e+04 7.096305e+01 1.672377e+04
1.664881e+04 7.494074e+01 1.672375e+04
1.664373e+04 8.000457e+01 1.672373e+04
1.663735e+04 8.635840e+01 1.672371e+04
1.662945e+04 9.424301e+01 1.672369e+04
1.661973e+04 1.039356e+02 1.672366e+04
1.660788e+04 1.157554e+02 1.672363e+04
1.659353e+04 1.300688e+02 1.672359e+04
1.657626e+04 1.472955e+02 1.672355e+04
1.655559e+04 1.679132e+02 1.672350e+04
1.653099e+04 1.924603e+02 1.672345e+04
1.650185e+04 2.215369e+02 1.672339e+04
1.646752e+04 2.557990e+02 1.672332e+04
1.642731e+04 2.959467e+02 1.672325e+04
1.638048e+04 3.426997e+02 1.672318e+04
1.632635e+04 3.967568e+02 1.672311e+04
1.626431e+04 4.587268e+02 1.672303e+04
1.619393e+04 5.290584e+02 1.672298e+04
1.611508e+04 6.078784e+02 1.672296e+04
1.602813e+04 6.948462e+02 1.672298e+04
1.593411e+04 7.889461e+02 1.672305e+04
1.583493e+04 8.882706e+02 1.672320e+04
1.573360e+04 9.898262e+02 1.672342e+04
1.563425e+04 1.089470e+03 1.672372e+04
1.554208e+04 1.181989e+03 1.672407e+04
1.546289e+04 1.261536e+03 1.672442e+04
1.540234e+04 1.322370e+03 1.672471e+04
1.536497e+04 1.359880e+03 1.672485e+04
1.535312e+04 1.371663e+03 1.672479e+04
1.536612e+04 1.358373e+03 1.672449e+04
1.539987e+04 1.324103e+03 1.672397e+04
1.544701e+04 1.276242e+03 1.672325e+04
1.549731e+04 1.225035e+03 1.672234e+04
1.553803e+04 1.183190e+03 1.672122e+04
1.555394e+04 1.165886e+03 1.671982e+04
1.552672e+04 1.191320e+03 1.671804e+04
1.543436e+04 1.281451e+03 1.671581e+04
1.525164e+04 1.461688e+03 1.671333e+04
1.495487e+04 1.756513e+03 1.671139e+04
1.453591e+04 2.175934e+03 1.671184e+04
1.402872e+04 2.688425e+03 1.671715e+04
1.353718e+04 3.190327e+03 1.672750e+04
1.322440e+04 3.512789e+03 1.673719e+04
1.322834e+04 3.509449e+03 1.673778e+04
1.355711e+04 3.171650e+03 1.672876e+04
1.408271e+04 2.635519e+03 1.671823e+04
1.464086e+04 2.071601e+03 1.671246e+04
1.512141e+04 1.590289e+03 1.671170e+04
1.548492e+04 1.228584e+03 1.671351e+04
1.573626e+04 9.796696e+02 1.671593e+04
1.589672e+04 8.213071e+02 1.671803e+04
1.598874e+04 7.308475e+02 1.671959e+04
1.603034e+04 6.903160e+02 1.672065e+04
1.603449e+04 6.868630e+02 1.672135e+04
1.601023e+04 7.115948e+02 1.672182e+04
1.596411e+04 7.580751e+02 1.672218e+04
1.590164e+04 8.208880e+02 1.672252e+04
1.582844e+04 8.944766e+02 1.672292e+04
1.575115e+04 9.722554e+02 1.672340e+04
1.567771e+04 1.046258e+03 1.672396e+04
1.561704e+04 1.107491e+03 1.672453e+04
1.557790e+04 1.147082e+03 1.672498e+04
1.556722e+04 1.157999e+03 1.672522e+04
1.558844e+04 1.136717e+03 1.672515e+04
1.564063e+04 1.084194e+03 1.672483e+04
1.571881e+04 1.005525e+03 1.672433e+04
1.581523e+04 9.085653e+02 1.672379e+04
1.592127e+04 8.020425e+02 1.672331e+04
1.602907e+04 6.939081e+02 1.672298e+04
1.613249e+04 5.902891e+02 1.672278e+04
1.622749e+04 4.952232e+02 1.672271e+04
1.631192e+04 4.108172e+02 1.672274e+04
1.638511e+04 3.377127e+02 1.672282e+04
1.644737e+04 2.755660e+02 1.672293e+04
1.649959e+04 2.234628e+02 1.672306e+04
1.654295e+04 1.802251e+02 1.672318e+04
1.657867e+04 1.446113e+02 1.672329e+04
1.660794e+04 1.154358e+02 1.672338e+04
1.663183e+04 9.163401e+01 1.672347e+04
1.665127e+04 7.226393e+01 1.672354e+04
1.666705e+04 5.654054e+01 1.672359e+04
1.667984e+04 4.380360e+01 1.672364e+04
1.669017e+04 3.350801e+01 1.672368e+04
1.669850e+04 2.520734e+01 1.672371e+04
1.670519e+04 1.854339e+01 1.672374e+04
1.671055e+04 1.321022e+01 1.672376e+04
1.671480e+04 8.974599e+00 1.672377e+04
1.671814e+04 5.643757e+00 1.672379e+04
1.672073e+04 3.062233e+00 1.672380e+04
1.672270e+04 1.099231e+00 1.672380e+04
1.672414e+04 -3.345277e-01 1.672381e+04
1.672514e+04 -1.324782e+00 1.672381e+04
1.672575e+04 -1.930230e+00 1.672382e+04
1.672604e+04 -2.212486e+00 1.672382e+04
1.672603e+04 -2.205866e+00 1.672383e+04
1.672577e+04 -1.935792e+00 1.672383e+04
1.672527e+04 -1.431041e+00 1.672384e+04
1.672456e+04 -7.142307e-01 1.672384e+04
1.672364e+04 2.081700e-01 1.672384e+04
1.672251e+04 1.323048e+00 1.672384e+04
1.672120e+04 2.637571e+00 1.672384e+04
1.671969e+04 4.145657e+00 1.672384e+04
1.671799e+04 5.849402e+00 1.672384e+04
1.671608e+04 7.753160e+00 1.672384e+04
1.671397e+04 9.863355e+00 1.672384e+04
1.671165e+04 1.218829e+01 1.672384e+04
1.670910e+04 1.473755e+01 1.672383e+04
1.670631e+04 1.752189e+01 1.672383e+04
1.670328e+04 2.055287e+01 1.672383e+04
1.669999e+04 2.384263e+01 1.672383e+04
1.669643e+04 2.740346e+01 1.672383e+04
1.669258e+04 3.125289e+01 1.672383e+04
1.668844e+04 3.539129e+01 1.672383e+04
1.668400e+04 3.983467e+01 1.672383e+04
1.667924e+04 4.459168e+01 1.672383e+04
1.667416e+04 4.966868e+01 1.672383e+04
1.666876e+04 5.507444e+01 1.672383e+04
1.666304e+04 6.079759e+01 1.672383e+04
1.665700e+04 6.683879e+01 1.672383e+04
1.665065e+04 7.318781e+01 1.672383e+04
1.664401e+04 7.982826e+01 1.672384e+04
1.663710e+04 8.673683e+01 1.672384e+04
1.662996e+04 9.388265e+01 1.672384e+04
1.662261e+04 1.012267e+02 1.672384e+04
1.661512e+04 1.087215e+02 1.672384e+04
1.660754e+04 1.163112e+02 1.672385e+04
1.659992e+04 1.239317e+02 1.672385e+04
1.659235e+04 1.315116e+02 1.672386e+04
1.658489e+04 1.389676e+02 1.672386e+04
1.657763e+04 1.462287e+02 1.672386e+04
1.657066e+04 1.532052e+02 1.672387e+04
1.656406e+04 1.598136e+02 1.672387e+04
1.655790e+04 1.659737e+02 1.672388e+04
1.655227e+04 1.716130e+02 1.672388e+04
1.654721e+04 1.766692e+02 1.672388e+04
1.654279e+04 1.810948e+02 1.672388e+04
1.653902e+04 1.848601e+02 1.672388e+04
1.653593e+04 1.879560e+02 1.672388e+04
1.653348e+04 1.903972e+02 1.672388e+04
1.653165e+04 1.922240e+02 1.672387e+04
1.653036e+04 1.935038e+02 1.672387e+04
1.652952e+04 1.943324e+02 1.672386e+04
1.652901e+04 1.948346e+02 1.672385e+04
1.652867e+04 1.951764e+02 1.672384e+04
1.652830e+04 1.955218e+02 1.672383e+04
1.652771e+04 1.961008e+02 1.672381e+04
1.652661e+04 1.971684e+02 1.672378e+04
1.652474e+04 1.990195e+02 1.672376e+04
1.652173e+04 2.019955e+02 1.672372e+04
1.651720e+04 2.064926e+02 1.672369e+04
1.651067e+04 2.129725e+02 1.672364e+04
1.650162e+04 2.219752e+02 1.672359e+04
1.648940e+04 2.341336e+02 1.672353e+04
1.647327e+04 2.501876e+02 1.672346e+04
1.645237e+04 2.709960e+02 1.672337e+04
1.642573e+04 2.975404e+02 1.672327e+04
1.639225e+04 3.309187e+02 1.672317e+04
1.635077e+04 3.722820e+02 1.672305e+04
1.630016e+04 4.227877e+02 1.672294e+04
1.623945e+04 4.834001e+02 1.672285e+04
1.616811e+04 5.546838e+02 1.672280e+04
1.608639e+04 6.364327e+02 1.672282e+04
1.599571e+04 7.272385e+02 1.672295e+04
1.589917e+04 8.240381e+02 1.672321e+04
1.580181e+04 9.217994e+02 1.672361e+04
1.571053e+04 1.013572e+03 1.672410e+04
1.563347e+04 1.091137e+03 1.672461e+04
1.557868e+04 1.146330e+03 1.672501e+04
1.555241e+04 1.172786e+03 1.672520e+04
1.555751e+04 1.167599e+03 1.672511e+04
1.559266e+04 1.132117e+03 1.672478e+04
1.565271e+04 1.071584e+03 1.672430e+04
1.573002e+04 9.937608e+02 1.672378e+04
1.581623e+04 9.071085e+02 1.672334e+04
1.590375e+04 8.192703e+02 1.672302e+04
1.598671e+04 7.361220e+02 1.672283e+04
1.606126e+04 6.615240e+02 1.672279e+04
1.612536e+04 5.974497e+02 1.672281e+04
1.617839e+04 5.445008e+02 1.672290e+04
1.622071e+04 5.022928e+02 1.672301e+04
1.625327e+04 4.698514e+02 1.672312e+04
1.627733e+04 4.459166e+02 1.672325e+04
1.629427e+04 4.291024e+02 1.672337e+04
1.630547e+04 4.180088e+02 1.672348e+04
1.631226e+04 4.113158e+02 1.672358e+04
1.631590e+04 4.077702e+02 1.672367e+04
1.631750e+04 4.062402e+02 1.672374e+04
1.631811e+04 4.057028e+02 1.672381e+04
1.631861e+04 4.052585e+02 1.672387e+04
1.631977e+04 4.041426e+02 1.672391e+04
1.632221e+04 4.017349e+02 1.672395e+04
1.632640e+04 3.975702e+02 1.672397e+04
1.633264e+04 3.913426e+02 1.672398e+04
1.634108e+04 3.829044e+02 1.672398e+04
1.635172e+04 3.722566e+02 1.672398e+04
1.636443e+04 3.595317e+02 1.672396e+04
1.637897e+04 3.449643e+02 1.672394e+04
1.639503e+04 3.288838e+02 1.672392e+04
1.641224e+04 3.116528e+02 1.672389e+04
1.643021e+04 2.936535e+02 1.672387e+04
1.644857e+04 2.752851e+02 1.672385e+04
1.646694e+04 2.568887e+02 1.672383e+04
1.648503e+04 2.387878e+02 1.672382e+04
1.650255e+04 2.212520e+02 1.672381e+04
1.651930e+04 2.044995e+02 1.672380e+04
1.653510e+04 1.886971e+02 1.672379e+04
1.654983e+04 1.739638e+02 1.672379e+04
1.656342e+04 1.603763e+02 1.672379e+04
1.657582e+04 1.479753e+02 1.672380e+04
1.658703e+04 1.367724e+02 1.672380e+04
1.659705e+04 1.267558e+02 1.672380e+04
1.660591e+04 1.178972e+02 1.672381e+04
1.661366e+04 1.101562e+02 1.672381e+04
1.662033e+04 1.034903e+02 1.672382e+04
1.662599e+04 9.783730e+01 1.672383e+04
1.663068e+04 9.315047e+01 1.672383e+04
1.663446e+04 8.937391e+01 1.672383e+04
1.663736e+04 8.647778e+01 1.672384e+04
1.663944e+04 8.439947e+01 1.672384e+04
1.664072e+04 8.312178e+01 1.672384e+04
1.664123e+04 8.261978e+01 1.672385e+04
1.664098e+04 8.286190e+01 1.672384e+04
1.663998e+04 8.386630e+01 1.672385e+04
1.663822e+04 8.562572e+01 1.672384e+04
1.663567e+04 8.816917e+01 1.672384e+04
1.663230e+04 9.153634e+01 1.672384e+04
1.662804e+04 9.579033e+01 1.672383e+04
1.662283e+04 1.009976e+02 1.672383e+04
1.661655e+04 1.072623e+02 1.672381e+04
1.660910e+04 1.147109e+02 1.672381e+04
1.660032e+04 1.234702e+02 1.672379e+04
1.659005e+04 1.337211e+02 1.672377e+04
1.657811e+04 1.456399e+02 1.672375e+04
1.656432e+04 1.594185e+02 1.672374e+04
1.654847e+04 1.752481e+02 1.672372e+04
1.653040e+04 1.933017e+02 1.672370e+04
1.650998e+04 2.137159e+02 1.672370e+04
1.648716e+04 2.365382e+02 1.672370e+04
1.646198e+04 2.617266e+02 1.672371e+04
1.643467e+04 2.890630e+02 1.672373e+04
1.640563e+04 3.181533e+02 1.672378e+04
1.637549e+04 3.483465e+02 1.672384e+04
1.634516e+04 3.787537e+02 1.672392e+04
1.631577e+04 4.082366e+02 1.672401e+04
1.628864e+04 4.354627e+02 1.672411e+04
1.626520e+04 4.590019e+02 1.672420e+04
1.624682e+04 4.774700e+02 1.672429e+04
1.623468e+04 4.896706e+02 1.672435e+04
1.622959e+04 4.947882e+02 1.672437e+04
1.623187e+04 4.924945e+02 1.672436e+04
1.624132e+04 4.829906e+02 1.672431e+04
1.625721e+04 4.670064e+02 1.672422e+04
1.627839e+04 4.457264e+02 1.672412e+04
1.630342e+04 4.205828e+02 1.672401e+04
1.633076e+04 3.931349e+02 1.672390e+04
1.635889e+04 3.649080e+02 1.672380e+04
1.638644e+04 3.372799e+02 1.672372e+04
1.641225e+04 3.114129e+02 1.672366e+04
1.643538e+04 2.882306e+02 1.672361e+04
1.645515e+04 2.684284e+02 1.672358e+04
1.647105e+04 2.525071e+02 1.672356e+04
1.648273e+04 2.408173e+02 1.672354e+04
1.648992e+04 2.336052e+02 1.672353e+04
1.649246e+04 2.310487e+02 1.672351e+04
1.649019e+04 2.333062e+02 1.672349e+04
1.648295e+04 2.405281e+02 1.672348e+04
1.647061e+04 2.528560e+02 1.672346e+04
1.645301e+04 2.704310e+02 1.672344e+04
1.643003e+04 2.933945e+02 1.672342e+04
1.640158e+04 3.218260e+02 1.672341e+04
1.636768e+04 3.557153e+02 1.672339e+04
1.632848e+04 3.949230e+02 1.672340e+04
1.628434e+04 4.390814e+02 1.672342e+04
1.623592e+04 4.875492e+02 1.672347e+04
1.618419e+04 5.393480e+02 1.672353e+04
1.613050e+04 5.931259e+02 1.672362e+04
1.607654e+04 6.471934e+02 1.672373e+04
1.602429e+04 6.995658e+02 1.672386e+04
1.597586e+04 7.481269e+02 1.672398e+04
1.593327e+04 7.908198e+02 1.672409e+04
1.589830e+04 8.258678e+02 1.672417e+04
1.587224e+04 8.519697e+02 1.672421e+04
1.585579e+04 8.684222e+02 1.672422e+04
1.584905e+04 8.751370e+02 1.672419e+04
1.585159e+04 8.725518e+02 1.672414e+04
1.586262e+04 8.614657e+02 1.672409e+04
1.588118e+04 8.428521e+02 1.672404e+04
1.590629e+04 8.177005e+02 1.672399e+04
1.593704e+04 7.869210e+02 1.672396e+04
1.597261e+04 7.513203e+02 1.672393e+04
1.601226e+04 7.116330e+02 1.672390e+04
1.605529e+04 6.685721e+02 1.672386e+04
1.610092e+04 6.229035e+02 1.672382e+04
1.614834e+04 5.754389e+02 1.672378e+04
1.619668e+04 5.270505e+02 1.672373e+04
1.624506e+04 4.786246e+02 1.672368e+04
1.629261e+04 4.310329e+02 1.672364e+04
1.633857e+04 3.850465e+02 1.672361e+04
1.638227e+04 3.413106e+02 1.672359e+04
1.642324e+04 3.003355e+02 1.672357e+04
1.646112e+04 2.624563e+02 1.672357e+04
1.649572e+04 2.278629e+02 1.672358e+04
1.652698e+04 1.966129e+02 1.672359e+04
1.655495e+04 1.686573e+02 1.672361e+04
1.657976e+04 1.438665e+02 1.672363e+04
1.660160e+04 1.220564e+02 1.672365e+04
1.662066e+04 1.030109e+02 1.672367e+04
1.663719e+04 8.650689e+01 1.672370e+04
1.665141e+04 7.230769e+01 1.672372e+04
1.666353e+04 6.020880e+01 1.672374e+04
1.667372e+04 5.002100e+01 1.672374e+04
1.668215e+04 4.160745e+01 1.672375e+04
1.668890e+04 3.486630e+01 1.672376e+04
1.669402e+04 2.974306e+01 1.672376e+04
1.669748e+04 2.627404e+01 1.672375e+04
1.669914e+04 2.458750e+01 1.672373e+04
1.669875e+04 2.494314e+01 1.672369e+04
1.669585e+04 2.778295e+01 1.672364e+04
1.668974e+04 3.380591e+01 1.672355e+04
1.667933e+04 4.408580e+01 1.672342e+04
1.666301e+04 6.021568e+01 1.672322e+04
1.663835e+04 8.458532e+01 1.672293e+04
1.660179e+04 1.207119e+02 1.672250e+04
1.654814e+04 1.737363e+02 1.672187e+04
1.646992e+04 2.510585e+02 1.672098e+04
1.635672e+04 3.630389e+02 1.671975e+04
1.619473e+04 5.234474e+02 1.671818e+04
1.596760e+04 7.488471e+02 1.671645e+04
1.566009e+04 1.055031e+03 1.671512e+04
1.526765e+04 1.447718e+03 1.671536e+04
1.481322e+04 1.905486e+03 1.671871e+04
1.436514e+04 2.360402e+03 1.672554e+04
1.403502e+04 2.697977e+03 1.673299e+04
1.393286e+04 2.802862e+03 1.673572e+04
1.409720e+04 2.634180e+03 1.673138e+04
1.446636e+04 2.257251e+03 1.672361e+04
1.492353e+04 1.794008e+03 1.671754e+04
1.536550e+04 1.349584e+03 1.671509e+04
1.573632e+04 9.790583e+02 1.671538e+04
1.602176e+04 6.951406e+02 1.671690e+04
1.623036e+04 4.882720e+02 1.671863e+04
1.637828e+04 3.418411e+02 1.672012e+04
1.648149e+04 2.397693e+02 1.672126e+04
1.655299e+04 1.690934e+02 1.672209e+04
1.660245e+04 1.202088e+02 1.672266e+04
1.663675e+04 8.630134e+01 1.672306e+04
1.666068e+04 6.264543e+01 1.672333e+04
1.667751e+04 4.600049e+01 1.672351e+04
1.668948e+04 3.415511e+01 1.672363e+04
1.669811e+04 2.560235e+01 1.672372e+04
1.670446e+04 1.930951e+01 1.672377e+04
1.670922e+04 1.458687e+01 1.672381e+04
1.671288e+04 1.095081e+01 1.672384e+04
1.671578e+04 8.075170e+00 1.672385e+04
1.671813e+04 5.737803e+00 1.672387e+04
1.672009e+04 3.787810e+00 1.672387e+04
1.672176e+04 2.123059e+00 1.672388e+04
1.672321e+04 6.746831e-01 1.672388e+04
1.672449e+04 -6.036343e-01 1.672389e+04
1.672563e+04 -1.743076e+00 1.672389e+04
1.672665e+04 -2.764811e+00 1.672389e+04
1.672757e+04 -3.683518e+00 1.672389e+04
1.672840e+04 -4.509770e+00 1.672389e+04
1.672914e+04 -5.251641e+00 1.672389e+04
1.672981e+04 -5.915744e+00 1.672389e+04
1.673040e+04 -6.507890e+00 1.672389e+04
1.673093e+04 -7.033474e+00 1.672389e+04
1.673139e+04 -7.503164e+00 1.672389e+04
1.673180e+04 -7.911079e+00 1.672389e+04
1.673216e+04 -8.267618e+00 1.672389e+04
1.673247e+04 -8.577570e+00 1.672389e+04
1.673274e+04 -8.845505e+00 1.672389e+04
1.673297e+04 -9.075699e+00 1.672389e+04
1.673316e+04 -9.272042e+00 1.672389e+04
1.673333e+04 -9.443481e+00 1.672389e+04
1.673347e+04 -9.581915e+00 1.672389e+04
1.673358e+04 -9.694930e+00 1.672389e+04
1.673367e+04 -9.783896e+00 1.672389e+04
1.673373e+04 -9.849246e+00 1.672389e+04
1.673378e+04 -9.890293e+00 1.672389e+04
1.673379e+04 -9.905011e+00 1.672389e+04
1.673377e+04 -9.889745e+00 1.672388e+04
1.673372e+04 -9.838836e+00 1.672388e+04
1.673363e+04 -9.749682e+00 1.672388e+04
1.673348e+04 -9.600040e+00 1.672388e+04
1.673325e+04 -9.380050e+00 1.672387e+04
1.673294e+04 -9.069357e+00 1.672387e+04
1.673251e+04 -8.641067e+00 1.672387e+04
1.673193e+04 -8.059834e+00 1.672387e+04
1.673114e+04 -7.273939e+00 1.672387e+04
1.673009e+04 -6.233724e+00 1.672386e+04
1.672871e+04 -4.860118e+00 1.672385e+04
1.672687e+04 -3.038592e+00 1.672383e+04
1.672446e+04 -6.338862e-01 1.672382e+04
1.672129e+04 2.525234e+00 1.672381e+04
1.671712e+04 6.664665e+00 1.672379e+04
1.671166e+04 1.209224e+01 1.672375e+04
1.670451e+04 1.920271e+01 1.672371e+04
1.669514e+04 2.851044e+01 1.672365e+04
1.668290e+04 4.068348e+01 1.672358e+04
1.666690e+04 5.657352e+01 1.672348e+04
1.664605e+04 7.731260e+01 1.672336e+04
1.661894e+04 1.042751e+02 1.672321e+04
1.658383e+04 1.391968e+02 1.672303e+04
1.653865e+04 1.841602e+02 1.672281e+04
1.648101e+04 2.415580e+02 1.672257e+04
1.640839e+04 3.139367e+02 1.672232e+04
1.631847e+04 4.036489e+02 1.672212e+04
1.620983e+04 5.121823e+02 1.672201e+04
1.608294e+04 6.391738e+02 1.672211e+04
1.594147e+04 7.810453e+02 1.672251e+04
1.579362e+04 9.296582e+02 1.672328e+04
1.565263e+04 1.071714e+03 1.672435e+04
1.553567e+04 1.189828e+03 1.672550e+04
1.546032e+04 1.266053e+03 1.672638e+04
1.543953e+04 1.287104e+03 1.672663e+04
1.547706e+04 1.249111e+03 1.672617e+04
1.556607e+04 1.159098e+03 1.672517e+04
1.569168e+04 1.032325e+03 1.672401e+04
1.583590e+04 8.871086e+02 1.672300e+04
1.598241e+04 7.399267e+02 1.672234e+04
1.611939e+04 6.026370e+02 1.672203e+04
1.624000e+04 4.819920e+02 1.672199e+04
1.634154e+04 3.805823e+02 1.672213e+04
1.642409e+04 2.982538e+02 1.672234e+04
1.648920e+04 2.333676e+02 1.672257e+04
1.653901e+04 1.837619e+02 1.672277e+04
1.657562e+04 1.473088e+02 1.672293e+04
1.660076e+04 1.222777e+02 1.672304e+04
1.661563e+04 1.074597e+02 1.672309e+04
1.662074e+04 1.023294e+02 1.672307e+04
1.661587e+04 1.071101e+02 1.672298e+04
1.659991e+04 1.228923e+02 1.672281e+04
1.657074e+04 1.517861e+02 1.672252e+04
1.652501e+04 1.971037e+02 1.672211e+04
1.645800e+04 2.635627e+02 1.672156e+04
1.636357e+04 3.573102e+02 1.672088e+04
1.623451e+04 4.856198e+02 1.672013e+04
1.606378e+04 6.557073e+02 1.671948e+04
1.584727e+04 8.720019e+02 1.671927e+04
1.558872e+04 1.131249e+03 1.671997e+04
1.530612e+04 1.415901e+03 1.672202e+04
1.503624e+04 1.689058e+03 1.672529e+04
1.483103e+04 1.897663e+03 1.672869e+04
1.474095e+04 1.989488e+03 1.673044e+04
1.479113e+04 1.938317e+03 1.672945e+04
1.496733e+04 1.759013e+03 1.672634e+04
1.522410e+04 1.498772e+03 1.672287e+04
1.550771e+04 1.212706e+03 1.672042e+04
1.577616e+04 9.432072e+02 1.671937e+04
1.600636e+04 7.130266e+02 1.671938e+04
1.619124e+04 5.287197e+02 1.671996e+04
1.633339e+04 3.873281e+02 1.672072e+04
1.643958e+04 2.818742e+02 1.672145e+04
1.651741e+04 2.046657e+02 1.672207e+04
1.657373e+04 1.488201e+02 1.672255e+04
1.661414e+04 1.087757e+02 1.672292e+04
1.664294e+04 8.024769e+01 1.672318e+04
1.666333e+04 6.005642e+01 1.672338e+04
1.667766e+04 4.586382e+01 1.672352e+04
1.668763e+04 3.599312e+01 1.672362e+04
1.669446e+04 2.923542e+01 1.672370e+04
1.669902e+04 2.472470e+01 1.672375e+04
1.670194e+04 2.184151e+01 1.672378e+04
1.670367e+04 2.014346e+01 1.672381e+04
1.670451e+04 1.931532e+01 1.672383e+04
1.670471e+04 1.913374e+01 1.672384e+04
1.670441e+04 1.944213e+01 1.672385e+04
1.670372e+04 2.013307e+01 1.672386e+04
1.670272e+04 2.113590e+01 1.672386e+04
1.670145e+04 2.240794e+01 1.672386e+04
1.669993e+04 2.392838e+01 1.672386e+04
1.669817e+04 2.569976e+01 1.672387e+04
1.669614e+04 2.772307e+01 1.672386e+04
1.669383e+04 3.003377e+01 1.672387e+04
1.669120e+04 3.265700e+01 1.672386e+04
1.668821e+04 3.564444e+01 1.672386e+04
1.668480e+04 3.905158e+01 1.672385e+04
1.668090e+04 4.294227e+01 1.672385e+04
1.667645e+04 4.738755e+01 1.672384e+04
1.667137e+04 5.246427e+01 1.672383e+04
1.666557e+04 5.825303e+01 1.672382e+04
1.665898e+04 6.483562e+01 1.672382e+04
1.665152e+04 7.229145e+01 1.672381e+04
1.664311e+04 8.069308e+01 1.672380e+04
1.663370e+04 9.010049e+01 1.672380e+04
1.662324e+04 1.005542e+02 1.672380e+04
1.661173e+04 1.120671e+02 1.672380e+04
1.659918e+04 1.246154e+02 1.672380e+04
1.658568e+04 1.381292e+02 1.672380e+04
1.657133e+04 1.524770e+02 1.672381e+04
1.655635e+04 1.674744e+02 1.672382e+04
1.654097e+04 1.828735e+02 1.672385e+04
1.652555e+04 1.983221e+02 1.672387e+04
1.651046e+04 2.134406e+02 1.672390e+04
1.649616e+04 2.277731e+02 1.672393e+04
1.648313e+04 2.408342e+02 1.672397e+04
1.647187e+04 2.521313e+02 1.672400e+04
1.646283e+04 2.611918e+02 1.672402e+04
1.645642e+04 2.676205e+02 1.672404e+04
1.645295e+04 2.711015e+02 1.672406e+04
1.645261e+04 2.714478e+02 1.672406e+04
1.645544e+04 2.686185e+02 1.672406e+04
1.646134e+04 2.627019e+02 1.672404e+04
1.647008e+04 2.539389e+02 1.672402e+04
1.648131e+04 2.426795e+02 1.672399e+04
1.649460e+04 2.293572e+02 1.672395e+04
1.650946e+04 2.144545e+02 1.672392e+04
1.652542e+04 1.984675e+02 1.672389e+04
1.654198e+04 1.818745e+02 1.672386e+04
1.655872e+04 1.651119e+02 1.672383e+04
1.657526e+04 1.485625e+02 1.672382e+04
1.659128e+04 1.325245e+02 1.672380e+04
1.660655e+04 1.172425e+02 1.672379e+04
1.662090e+04 1.028881e+02 1.672379e+04
1.663421e+04 8.957202e+01 1.672379e+04
1.664643e+04 7.735313e+01 1.672379e+04
1.665754e+04 6.624759e+01 1.672379e+04
1.666756e+04 5.623836e+01 1.672380e+04
1.667652e+04 4.728367e+01 1.672380e+04
1.668448e+04 3.932481e+01 1.672381e+04
1.669152e+04 3.228128e+01 1.672380e+04
1.669771e+04 2.609429e+01 1.672381e+04
1.670313e+04 2.068653e+01 1.672381e+04
1.670784e+04 1.597627e+01 1.672382e+04
1.671193e+04 1.189009e+01 1.672382e+04
1.671547e+04 8.358895e+00 1.672383e+04
1.671852e+04 5.318654e+00 1.672383e+04
1.672113e+04 2.710867e+00 1.672384e+04
1.672336e+04 4.826422e-01 1.672384e+04
1.672526e+04 -1.418893e+00 1.672384e+04
1.672687e+04 -3.024979e+00 1.672384e+04
1.672823e+04 -4.372686e+00 1.672385e+04
1.672936e+04 -5.505678e+00 1.672385e+04
1.673030e+04 -6.446827e+00 1.672386e+04
1.673108e+04 -7.226359e+00 1.672385e+04
1.673171e+04 -7.849196e+00 1.672386e+04
1.673221e+04 -8.349871e+00 1.672386e+04
1.673260e+04 -8.732873e+00 1.672387e+04
1.673289e+04 -9.022127e+00 1.672387e+04
1.673309e+04 -9.222643e+00 1.672387e+04
1.673321e+04 -9.342768e+00 1.672387e+04
1.673326e+04 -9.388686e+00 1.672387e+04
1.673324e+04 -9.358967e+00 1.672388e+04
1.673314e+04 -9.266227e+00 1.672388e+04
1.673298e+04 -9.104208e+00 1.672388e+04
1.673274e+04 -8.869333e+00 1.672388e+04
1.673243e+04 -8.554791e+00 1.672387e+04
1.673202e+04 -8.149954e+00 1.672387e+04
1.673151e+04 -7.639606e+00 1.672387e+04
1.673087e+04 -7.002961e+00 1.672387e+04
1.673008e+04 -6.212408e+00 1.672387e+04
1.672909e+04 -5.231929e+00 1.672386e+04
1.672787e+04 -4.015106e+00 1.672386e+04
1.672635e+04 -2.497163e+00 1.672386e+04
1.672446e+04 -6.083591e-01 1.672385e+04
1.672210e+04 1.741357e+00 1.672384e+04
1.671915e+04 4.677737e+00 1.672383e+04
1.671546e+04 8.352052e+00 1.672382e+04
1.671084e+04 1.295415e+01 1.672380e+04
1.670505e+04 1.871626e+01 1.672377e+04
1.669779e+04 2.594609e+01 1.672373e+04
1.668869e+04 3.500744e+01 1.672370e+04
1.667729e+04 4.635733e+01 1.672365e+04
1.666303e+04 6.056279e+01 1.672359e+04
1.664523e+04 7.829655e+01 1.672352e+04
1.662305e+04 1.003845e+02 1.672344e+04
1.659555e+04 1.277914e+02 1.672334e+04
1.656161e+04 1.616191e+02 1.672323e+04
1.652004e+04 2.030600e+02 1.672310e+04
1.646962e+04 2.533657e+02 1.672298e+04
1.640927e+04 3.136070e+02 1.672288e+04
1.633831e+04 3.845032e+02 1.672282e+04
1.625680e+04 4.660268e+02 1.672283e+04
1.616601e+04 5.569421e+02 1.672295e+04
1.606892e+04 6.542975e+02 1.672322e+04
1.597056e+04 7.530660e+02 1.672363e+04
1.587806e+04 8.461066e+02 1.672416e+04
1.579993e+04 9.247870e+02 1.672471e+04
1.574478e+04 9.803836e+02 1.672516e+04
1.571942e+04 1.005958e+03 1.672538e+04
1.572713e+04 9.981671e+02 1.672530e+04
1.576673e+04 9.582191e+02 1.672495e+04
1.583290e+04 8.915251e+02 1.672443e+04
1.591765e+04 8.062193e+02 1.672387e+04
1.601218e+04 7.112104e+02 1.672340e+04
1.610855e+04 6.145011e+02 1.672305e+04
1.620066e+04 5.222002e+02 1.672286e+04
1.628454e+04 4.382565e+02 1.672280e+04
1.635813e+04 3.646966e+02 1.672283e+04
1.642082e+04 3.020943e+02 1.672291e+04
1.647295e+04 2.500687e+02 1.672302e+04
1.651544e+04 2.077006e+02 1.672314e+04
1.654942e+04 1.738296e+02 1.672325e+04
1.657608e+04 1.472701e+02 1.672335e+04
1.659655e+04 1.268914e+02 1.672344e+04
1.661182e+04 1.116883e+02 1.672351e+04
1.662276e+04 1.008162e+02 1.672357e+04
1.663006e+04 9.355673e+01 1.672362e+04
1.663433e+04 8.932680e+01 1.672366e+04
1.663604e+04 8.765632e+01 1.672369e+04
1.663555e+04 8.817033e+01 1.672372e+04
1.663316e+04 9.057217e+01 1.672374e+04
1.662912e+04 9.463375e+01 1.672376e+04
1.662361e+04 1.001608e+02 1.672377e+04
1.661676e+04 1.070142e+02 1.672378e+04
1.660870e+04 1.150789e+02 1.672378e+04
1.659953e+04 1.242609e+02 1.672379e+04
1.658931e+04 1.344754e+02 1.672379e+04
1.657813e+04 1.456574e+02 1.672379e+04
1.656605e+04 1.577456e+02 1.672379e+04
1.655313e+04 1.706675e+02 1.672380e+04
1.653945e+04 1.843518e+02 1.672380e+04
1.652509e+04 1.987204e+02 1.672381e+04
1.651013e+04 2.136911e+02 1.672382e+04
1.649467e+04 2.291540e+02 1.672382e+04
1.647883e+04 2.450036e+02 1.672383e+04
1.646272e+04 2.611157e+02 1.672384e+04
1.644650e+04 2.773537e+02 1.672385e+04
1.643029e+04 2.935693e+02 1.672386e+04
1.641427e+04 3.096041e+02 1.672387e+04
1.639859e+04 3.252923e+02 1.672388e+04
1.638343e+04 3.404634e+02 1.672389e+04
1.636896e+04 3.549460e+02 1.672390e+04
1.635534e+04 3.685718e+02 1.672392e+04
1.634275e+04 3.811903e+02 1.672394e+04
1.633132e+04 3.926299e+02 1.672395e+04
1.632119e+04 4.027620e+02 1.672395e+04
1.631247e+04 4.114828e+02 1.672395e+04
1.630526e+04 4.186944e+02 1.672396e+04
1.629963e+04 4.243300e+02 1.672396e+04
1.629561e+04 4.283499e+02 1.672396e+04
1.629322e+04 4.307426e+02 1.672396e+04
1.629243e+04 4.315254e+02 1.672396e+04
1.629321e+04 4.307443e+02 1.672395e+04
1.629547e+04 4.284725e+02 1.672394e+04
1.629912e+04 4.248100e+02 1.672393e+04
1.630404e+04 4.198822e+02 1.672392e+04
1.631007e+04 4.138389e+02 1.672391e+04
1.631704e+04 4.068546e+02 1.672389e+04
1.632475e+04 3.991292e+02 1.672388e+04
1.633297e+04 3.908911e+02 1.672386e+04
1.634143e+04 3.824020e+02 1.672383e+04
1.634984e+04 3.739600e+02 1.672380e+04
1.635783e+04 3.659339e+02 1.672377e+04
1.636498e+04 3.587486e+02 1.672373e+04
1.637074e+04 3.529263e+02 1.672367e+04
1.637446e+04 3.491379e+02 1.672360e+04
1.637530e+04 3.482163e+02 1.672351e+04
1.637216e+04 3.512456e+02 1.672340e+04
1.636364e+04 3.596119e+02 1.672325e+04
1.634792e+04 3.751341e+02 1.672305e+04
1.632265e+04 4.001584e+02 1.672280e+04
1.628483e+04 4.376529e+02 1.672248e+04
1.623077e+04 4.913127e+02 1.672208e+04
1.615613e+04 5.654932e+02 1.672162e+04
1.605624e+04 6.649093e+02 1.672115e+04
1.592692e+04 7.938415e+02 1.672077e+04
1.576611e+04 9.545282e+02 1.672063e+04
1.557637e+04 1.144622e+03 1.672100e+04
1.536819e+04 1.353882e+03 1.672207e+04
1.516231e+04 1.561547e+03 1.672386e+04
1.498889e+04 1.737055e+03 1.672594e+04
1.488074e+04 1.846772e+03 1.672752e+04
1.486169e+04 1.866097e+03 1.672778e+04
1.493584e+04 1.790725e+03 1.672656e+04
1.508524e+04 1.639194e+03 1.672443e+04
1.527753e+04 1.444723e+03 1.672225e+04
1.547791e+04 1.242687e+03 1.672060e+04
1.565814e+04 1.061464e+03 1.671961e+04
1.579937e+04 9.197071e+02 1.671908e+04
1.589039e+04 8.283492e+02 1.671874e+04
1.592413e+04 7.942047e+02 1.671834e+04
1.589465e+04 8.231239e+02 1.671777e+04
1.579563e+04 9.214284e+02 1.671706e+04
1.562160e+04 1.094914e+03 1.671652e+04
1.537261e+04 1.344149e+03 1.671675e+04
1.506310e+04 1.655518e+03 1.671861e+04
1.473247e+04 1.990124e+03 1.672260e+04
1.444852e+04 2.279286e+03 1.672780e+04
1.429107e+04 2.440522e+03 1.673159e+04
1.431511e+04 2.416308e+03 1.673142e+04
1.451807e+04 2.209407e+03 1.672748e+04
1.484212e+04 1.880359e+03 1.672247e+04
1.520919e+04 1.509724e+03 1.671891e+04
1.555662e+04 1.160890e+03 1.671751e+04
1.585099e+04 8.667087e+02 1.671770e+04
1.608344e+04 6.352129e+02 1.671865e+04
1.625904e+04 4.607488e+02 1.671979e+04
1.638815e+04 3.326725e+02 1.672082e+04
1.648160e+04 2.400547e+02 1.672165e+04
1.654866e+04 1.736139e+02 1.672228e+04
1.659660e+04 1.261343e+02 1.672273e+04
1.663079e+04 9.226566e+01 1.672306e+04
1.665514e+04 6.814625e+01 1.672328e+04
1.667242e+04 5.103045e+01 1.672345e+04
1.668457e+04 3.898391e+01 1.672356e+04
1.669298e+04 3.065282e+01 1.672364e+04
1.669859e+04 2.509663e+01 1.672369e+04
1.670205e+04 2.167007e+01 1.672372e+04
1.670381e+04 1.994677e+01 1.672375e+04
1.670412e+04 1.964237e+01 1.672377e+04
1.670316e+04 2.061605e+01 1.672377e+04
1.670097e+04 2.280456e+01 1.672377e+04
1.669751e+04 2.625459e+01 1.672377e+04
1.669267e+04 3.107620e+01 1.672375e+04
1.668624e+04 3.748656e+01 1.672372e+04
1.667788e+04 4.580123e+01 1.672369e+04
1.666717e+04 5.646141e+01 1.672364e+04
1.665350e+04 7.005965e+01 1.672356e+04
1.663607e+04 8.740951e+01 1.672348e+04
1.661382e+04 1.095455e+02 1.672336e+04
1.658537e+04 1.378444e+02 1.672321e+04
1.654895e+04 1.740780e+02 1.672302e+04
1.650231e+04 2.204719e+02 1.672278e+04
1.644270e+04 2.797870e+02 1.672248e+04
1.636687e+04 3.552733e+02 1.672214e+04
1.627128e+04 4.504947e+02 1.672178e+04
1.615260e+04 5.688513e+02 1.672145e+04
1.600864e+04 7.126233e+02 1.672126e+04
1.583997e+04 8.814091e+02 1.672138e+04
1.565204e+04 1.069918e+03 1.672195e+04
1.545729e+04 1.265795e+03 1.672309e+04
1.527589e+04 1.448755e+03 1.672465e+04
1.513325e+04 1.592961e+03 1.672621e+04
1.505357e+04 1.673601e+03 1.672717e+04
1.505135e+04 1.675745e+03 1.672710e+04
1.512541e+04 1.600603e+03 1.672602e+04
1.525944e+04 1.464984e+03 1.672442e+04
1.542865e+04 1.294270e+03 1.672292e+04
1.560823e+04 1.113644e+03 1.672187e+04
1.577927e+04 9.421156e+02 1.672138e+04
1.593059e+04 7.907400e+02 1.672133e+04
1.605775e+04 6.637990e+02 1.672155e+04
1.616083e+04 5.610637e+02 1.672189e+04
1.624236e+04 4.799021e+02 1.672226e+04
1.630583e+04 4.167540e+02 1.672259e+04
1.635483e+04 3.680453e+02 1.672288e+04
1.639257e+04 3.305454e+02 1.672311e+04
1.642174e+04 3.015630e+02 1.672330e+04
1.644450e+04 2.789432e+02 1.672344e+04
1.646254e+04 2.610172e+02 1.672356e+04
1.647714e+04 2.464975e+02 1.672363e+04
1.648924e+04 2.344537e+02 1.672369e+04
1.649955e+04 2.241890e+02 1.672374e+04
1.650856e+04 2.152086e+02 1.672377e+04
1.651662e+04 2.071669e+02 1.672379e+04
1.652397e+04 1.998294e+02 1.672380e+04
1.653077e+04 1.930369e+02 1.672381e+04
1.653711e+04 1.867043e+02 1.672381e+04
1.654305e+04 1.807697e+02 1.672382e+04
1.654862e+04 1.752018e+02 1.672382e+04
1.655384e+04 1.699787e+02 1.672382e+04
1.655872e+04 1.651073e+02 1.672383e+04
1.656327e+04 1.605637e+02 1.672383e+04
1.656749e+04 1.563435e+02 1.672383e+04
1.657140e+04 1.524322e+02 1.672383e+04
1.657503e+04 1.488095e+02 1.672384e+04
1.657839e+04 1.454489e+02 1.672384e+04
1.658153e+04 1.423181e+02 1.672384e+04
1.658447e+04 1.393796e+02 1.672385e+04
1.658726e+04 1.365921e+02 1.672385e+04
1.658994e+04 1.339121e+02 1.672386e+04
1.659257e+04 1.312895e+02 1.672385e+04
1.659517e+04 1.286916e+02 1.672386e+04
1.659779e+04 1.260718e+02 1.672386e+04
1.660047e+04 1.233929e+02 1.672386e+04
1.660324e+04 1.206235e+02 1.672387e+04
1.660613e+04 1.177442e+02 1.672387e+04
1.660915e+04 1.147325e+02 1.672388e+04
1.661231e+04 1.115694e+02 1.672387e+04
1.661560e+04 1.082730e+02 1.672387e+04
1.661902e+04 1.048494e+02 1.672387e+04
1.662255e+04 1.013209e+02 1.672387e+04
1.662615e+04 9.772073e+01 1.672387e+04
1.662977e+04 9.409425e+01 1.672386e+04
1.663336e+04 9.049947e+01 1.672386e+04
1.663684e+04 8.700881e+01 1.672385e+04
1.664013e+04 8.371125e+01 1.672384e+04
1.664311e+04 8.071572e+01 1.672383e+04
1.664566e+04 7.815584e+01 1.672382e+04
1.664760e+04 7.619664e+01 1.672380e+04
1.664874e+04 7.504394e+01 1.672378e+04
1.664880e+04 7.496248e+01 1.672376e+04
1.664745e+04 7.627128e+01 1.672372e+04
1.664428e+04 7.939955e+01 1.672368e+04
1.663872e+04 8.489511e+01 1.672362e+04
1.663007e+04 9.346949e+01 1.672354e+04
1.661739e+04 1.060486e+02 1.672344e+04
1.659947e+04 1.238246e+02 1.672330e+04
1.657475e+04 1.483739e+02 1.672313e+04
1.654124e+04 1.816723e+02 1.672291e+04
1.649643e+04 2.262038e+02 1.672264e+04
1.643731e+04 2.850088e+02 1.672232e+04
1.636040e+04 3.615552e+02 1.672196e+04
1.626208e+04 4.595098e+02 1.672159e+04
1.613925e+04 5.820568e+02 1.672130e+04
1.599053e+04 7.306834e+02 1.672121e+04
1.581817e+04 9.033225e+02 1.672150e+04
1.563031e+04 1.091992e+03 1.672231e+04
1.544271e+04 1.280942e+03 1.672365e+04
1.527834e+04 1.446946e+03 1.672528e+04
1.516312e+04 1.563534e+03 1.672666e+04
1.511805e+04 1.609125e+03 1.672718e+04
1.515100e+04 1.575588e+03 1.672659e+04
1.525320e+04 1.471939e+03 1.672514e+04
1.540287e+04 1.320579e+03 1.672345e+04
1.557336e+04 1.148682e+03 1.672205e+04
1.574102e+04 9.801519e+02 1.672117e+04
1.588936e+04 8.314517e+02 1.672081e+04
1.600946e+04 7.113574e+02 1.672082e+04
1.609819e+04 6.228273e+02 1.672102e+04
1.615601e+04 5.652822e+02 1.672130e+04
1.618522e+04 5.363648e+02 1.672159e+04
1.618885e+04 5.330037e+02 1.672186e+04
1.617027e+04 5.518573e+02 1.672212e+04
1.613313e+04 5.892719e+02 1.672240e+04
1.608165e+04 6.410739e+02 1.672273e+04
1.602087e+04 7.022434e+02 1.672311e+04
1.595682e+04 7.667405e+02 1.672356e+04
1.589639e+04 8.276382e+02 1.672403e+04
1.584677e+04 8.776881e+02 1.672446e+04
1.581443e+04 9.103379e+02 1.672477e+04
1.580401e+04 9.208886e+02 1.672489e+04
1.581730e+04 9.075026e+02 1.672480e+04
1.585294e+04 8.715854e+02 1.672453e+04
1.590672e+04 8.174058e+02 1.672413e+04
1.597258e+04 7.511146e+02 1.672369e+04
1.604372e+04 6.795596e+02 1.672328e+04
1.611361e+04 6.093090e+02 1.672292e+04
1.617647e+04 5.461311e+02 1.672260e+04
1.622733e+04 4.949731e+02 1.672230e+04
1.626156e+04 4.603940e+02 1.672195e+04
1.627422e+04 4.472604e+02 1.672148e+04
1.625905e+04 4.617327e+02 1.672078e+04
1.620735e+04 5.124019e+02 1.671975e+04
1.610682e+04 6.114656e+02 1.671828e+04
1.594091e+04 7.754659e+02 1.671638e+04
1.569004e+04 1.024281e+03 1.671432e+04
1.533744e+04 1.375583e+03 1.671302e+04
1.488388e+04 1.830374e+03 1.671425e+04
1.437191e+04 2.348002e+03 1.671992e+04
1.390576e+04 2.823632e+03 1.672939e+04
1.363153e+04 3.105529e+03 1.673706e+04
1.365793e+04 3.078419e+03 1.673635e+04
1.397509e+04 2.752868e+03 1.672795e+04
1.446280e+04 2.256077e+03 1.671888e+04
1.497815e+04 1.735861e+03 1.671401e+04
1.542717e+04 1.286196e+03 1.671337e+04
1.577613e+04 9.388202e+02 1.671495e+04
1.602911e+04 6.879846e+02 1.671710e+04
1.620485e+04 5.141827e+02 1.671903e+04
1.632357e+04 3.969508e+02 1.672052e+04
1.640201e+04 3.195624e+02 1.672157e+04
1.645254e+04 2.697479e+02 1.672229e+04
1.648378e+04 2.389872e+02 1.672276e+04
1.650151e+04 2.215639e+02 1.672307e+04
1.650952e+04 2.137461e+02 1.672327e+04
1.651020e+04 2.131778e+02 1.672338e+04
1.650498e+04 2.184510e+02 1.672343e+04
1.649461e+04 2.288451e+02 1.672345e+04
1.647933e+04 2.441070e+02 1.672344e+04
1.645905e+04 2.643479e+02 1.672340e+04
1.643340e+04 2.899475e+02 1.672335e+04
1.640180e+04 3.214737e+02 1.672327e+04
1.636357e+04 3.596246e+02 1.672320e+04
1.631803e+04 4.050874e+02 1.672312e+04
1.626462e+04 4.584393e+02 1.672306e+04
1.620312e+04 5.199112e+02 1.672304e+04
1.613392e+04 5.891513e+02 1.672307e+04
1.605826e+04 6.649218e+02 1.672318e+04
1.597860e+04 7.447759e+02 1.672338e+04
1.589875e+04 8.249220e+02 1.672368e+04
1.582382e+04 9.002127e+02 1.672404e+04
1.575980e+04 9.646182e+02 1.672441e+04
1.571270e+04 1.012027e+03 1.672473e+04
1.568748e+04 1.037427e+03 1.672490e+04
1.568689e+04 1.038004e+03 1.672490e+04
1.571087e+04 1.013836e+03 1.672471e+04
1.575648e+04 9.678972e+02 1.672438e+04
1.581865e+04 9.053438e+02 1.672399e+04
1.589123e+04 8.323887e+02 1.672362e+04
1.596816e+04 7.551665e+02 1.672333e+04
1.604425e+04 6.788715e+02 1.672312e+04
1.611564e+04 6.073710e+02 1.672301e+04
1.617984e+04 5.431412e+02 1.672298e+04
1.623556e+04 4.874407e+02 1.672300e+04
1.628242e+04 4.406294e+02 1.672305e+04
1.632067e+04 4.024634e+02 1.672313e+04
1.635090e+04 3.723156e+02 1.672321e+04
1.637391e+04 3.493745e+02 1.672329e+04
1.639058e+04 3.327843e+02 1.672336e+04
1.640174e+04 3.216851e+02 1.672343e+04
1.640822e+04 3.152746e+02 1.672349e+04
1.641072e+04 3.128131e+02 1.672354e+04
1.640993e+04 3.136430e+02 1.672358e+04
1.640644e+04 3.171730e+02 1.672362e+04
1.640079e+04 3.228600e+02 1.672365e+04
1.639347e+04 3.302181e+02 1.672368e+04
1.638490e+04 3.388075e+02 1.672371e+04
1.637550e+04 3.482310e+02 1.672374e+04
1.636562e+04 3.581335e+02 1.672376e+04
1.635557e+04 3.682032e+02 1.672377e+04
1.634561e+04 3.781804e+02 1.672379e+04
1.633596e+04 3.878392e+02 1.672380e+04
1.632678e+04 3.970245e+02 1.672381e+04
1.631818e+04 4.056316e+02 1.672381e+04
1.631019e+04 4.136126e+02 1.672381e+04
1.630283e+04 4.209789e+02 1.672381e+04
1.629603e+04 4.277737e+02 1.672380e+04
1.628969e+04 4.341025e+02 1.672380e+04
1.628371e+04 4.400780e+02 1.672378e+04
1.627793e+04 4.458467e+02 1.672377e+04
1.627221e+04 4.515541e+02 1.672376e+04
1.626641e+04 4.573391e+02 1.672375e+04
1.626042e+04 4.633238e+02 1.672374e+04
1.625413e+04 4.696013e+02 1.672373e+04
1.624747e+04 4.762550e+02 1.672373e+04
1.624040e+04 4.833267e+02 1.672372e+04
1.623288e+04 4.908445e+02 1.672372e+04
1.622489e+04 4.988268e+02 1.672372e+04
1.621642e+04 5.072967e+02 1.672371e+04
1.620741e+04 5.162919e+02 1.672370e+04
1.619778e+04 5.259041e+02 1.672369e+04
1.618741e+04 5.362683e+02 1.672367e+04
1.617608e+04 5.475763e+02 1.672365e+04
1.616351e+04 5.601129e+02 1.672362e+04
1.614935e+04 5.742353e+02 1.672359e+04
1.613318e+04 5.903755e+02 1.672355e+04
1.611451e+04 6.089977e+02 1.672351e+04
1.609287e+04 6.305957e+02 1.672346e+04
1.606781e+04 6.556178e+02 1.672343e+04
1.603900e+04 6.844057e+02 1.672341e+04
1.600632e+04 7.170876e+02 1.672340e+04
1.596994e+04 7.534822e+02 1.672342e+04
1.593048e+04 7.929976e+02 1.672348e+04
1.588905e+04 8.345138e+02 1.672357e+04
1.584737e+04 8.763289e+02 1.672370e+04
1.580769e+04 9.161734e+02 1.672386e+04
1.577271e+04 9.513340e+02 1.672404e+04
1.574531e+04 9.789032e+02 1.672421e+04
1.572821e+04 9.961380e+02 1.672435e+04
1.572356e+04 1.000864e+03 1.672442e+04
1.573256e+04 9.918631e+02 1.672443e+04
1.575529e+04 9.690629e+02 1.672436e+04
1.579066e+04 9.335698e+02 1.672423e+04
1.583659e+04 8.874635e+02 1.672406e+04
1.589043e+04 8.334453e+02 1.672388e+04
1.594928e+04 7.744350e+02 1.672372e+04
1.601037e+04 7.132163e+02 1.672359e+04
1.607133e+04 6.521587e+02 1.672349e+04
1.613031e+04 5.931251e+02 1.672343e+04
1.618600e+04 5.374031e+02 1.672340e+04
1.623761e+04 4.857949e+02 1.672340e+04
1.628473e+04 4.386852e+02 1.672342e+04
1.632730e+04 3.961499e+02 1.672345e+04
1.636543e+04 3.580507e+02 1.672348e+04
1.639940e+04 3.241156e+02 1.672352e+04
1.642956e+04 2.939998e+02 1.672356e+04
1.645626e+04 2.673299e+02 1.672359e+04
1.647989e+04 2.437327e+02 1.672362e+04
1.650080e+04 2.228540e+02 1.672365e+04
1.651931e+04 2.043623e+02 1.672367e+04
1.653572e+04 1.879761e+02 1.672370e+04
1.655029e+04 1.734310e+02 1.672372e+04
1.656323e+04 1.605116e+02 1.672375e+04
1.657476e+04 1.489994e+02 1.672376e+04
1.658504e+04 1.387361e+02 1.672377e+04
1.659421e+04 1.295756e+02 1.672378e+04
1.660240e+04 1.213921e+02 1.672379e+04
1.660972e+04 1.140773e+02 1.672380e+04
1.661627e+04 1.075427e+02 1.672381e+04
1.662212e+04 1.016963e+02 1.672382e+04
1.662735e+04 9.647271e+01 1.672383e+04
1.663202e+04 9.180961e+01 1.672383e+04
1.663618e+04 8.765201e+01 1.672383e+04
1.663989e+04 8.395088e+01 1.672384e+04
1.664318e+04 8.066215e+01 1.672384e+04
1.664610e+04 7.774040e+01 1.672384e+04
1.664868e+04 7.515992e+01 1.672384e+04
1.665096e+04 7.288177e+01 1.672385e+04
1.665297e+04 7.087476e+01 1.672385e+04
1.665474e+04 6.910419e+01 1.672384e+04
1.665629e+04 6.755372e+01 1.672385e+04
1.665766e+04 6.619208e+01 1.672385e+04
1.665886e+04 6.499487e+01 1.672385e+04
1.665991e+04 6.393344e+01 1.672385e+04
1.666085e+04 6.299680e+01 1.672385e+04
1.666169e+04 6.215893e+01 1.672385e+04
1.666245e+04 6.140033e+01 1.672385e+04
1.666315e+04 6.070272e+01 1.672385e+04
1.666381e+04 6.004348e+01 1.672385e+04
1.666443e+04 5.941786e+01 1.672385e+04
1.666504e+04 5.880591e+01 1.672385e+04
1.666566e+04 5.819456e+01 1.672385e+04
1.666628e+04 5.757216e+01 1.672385e+04
1.666692e+04 5.692852e+01 1.672385e+04
1.666760e+04 5.625484e+01 1.672385e+04
1.666831e+04 5.554423e+01 1.672385e+04
1.666906e+04 5.479119e+01 1.672385e+04
1.666986e+04 5.399727e+01 1.672386e+04
1.667071e+04 5.314894e+01 1.672386e+04
1.667161e+04 5.225105e+01 1.672386e+04
1.667256e+04 5.130432e+01 1.672386e+04
1.667355e+04 5.031089e+01 1.672386e+04
1.667459e+04 4.927428e+01 1.672386e+04
1.667566e+04 4.820476e+01 1.672386e+04
1.667677e+04 4.709741e+01 1.672386e+04
1.667790e+04 4.596494e+01 1.672386e+04
1.667905e+04 4.481558e+01 1.672386e+04
1.668020e+04 4.365848e+01 1.672386e+04
1.668136e+04 4.250369e+01 1.672386e+04
1.668250e+04 4.136735e+01 1.672387e+04
1.668362e+04 4.025008e+01 1.672387e+04
1.668470e+04 3.916950e+01 1.672386e+04
1.668573e+04 3.813825e+01 1.672386e+04
1.668669e+04 3.715847e+01 1.672385e+04
1.668758e+04 3.626575e+01 1.672385e+04
1.668839e+04 3.546324e+01 1.672385e+04
1.668908e+04 3.476545e+01 1.672385e+04
1.668966e+04 3.418725e+01 1.672385e+04
1.669010e+04 3.374391e+01 1.672385e+04
1.669039e+04 3.344540e+01 1.672384e+04
1.669052e+04 3.331335e+01 1.672383e+04
1.669046e+04 3.336967e+01 1.672383e+04
1.669020e+04 3.362559e+01 1.672383e+04
1.668973e+04 3.409808e+01 1.672383e+04
1.668902e+04 3.480980e+01 1.672383e+04
1.668806e+04 3.576704e+01 1.672383e+04
1.668684e+04 3.699272e+01 1.672383e+04
1.668532e+04 3.850404e+01 1.672383e+04
1.668351e+04 4.031782e+01 1.672383e+04
1.668137e+04 4.245030e+01 1.672383e+04
1.667891e+04 4.491683e+01 1.672382e+04
1.667609e+04 4.773152e+01 1.672382e+04
1.667291e+04 5.090684e+01 1.672382e+04
1.666937e+04 5.445867e+01 1.672383e+04
1.666544e+04 5.838384e+01 1.672383e+04
1.666113e+04 6.269269e+01 1.672383e+04
1.665644e+04 6.738641e+01 1.672383e+04
1.665136e+04 7.245659e+01 1.672382e+04
1.664591e+04 7.790663e+01 1.672382e+04
1.664010e+04 8.371849e+01 1.672382e+04
1.663395e+04 8.987410e+01 1.672382e+04
1.662748e+04 9.634961e+01 1.672382e+04
1.662071e+04 1.031153e+02 1.672383e+04
1.661369e+04 1.101354e+02 1.672383e+04
1.660646e+04 1.173683e+02 1.672383e+04
1.659907e+04 1.247671e+02 1.672384e+04
1.659156e+04 1.322799e+02 1.672384e+04
1.658399e+04 1.398509e+02 1.672384e+04
1.657643e+04 1.474210e+02 1.672385e+04
1.656892e+04 1.549237e+02 1.672385e+04
1.656154e+04 1.623083e+02 1.672385e+04
1.655434e+04 1.695086e+02 1.672385e+04
1.654739e+04 1.764663e+02 1.672386e+04
1.654073e+04 1.831273e+02 1.672386e+04
1.653442e+04 1.894428e+02 1.672386e+04
1.652849e+04 1.953716e+02 1.672386e+04
1.652298e+04 2.008806e+02 1.672386e+04
1.651792e+04 2.059467e+02 1.672386e+04
1.651331e+04 2.105625e+02 1.672387e+04
1.650915e+04 2.147153e+02 1.672387e+04
1.650545e+04 2.184203e+02 1.672387e+04
1.650216e+04 2.216924e+02 1.672386e+04
1.649928e+04 2.245732e+02 1.672385e+04
1.649675e+04 2.270972e+02 1.672385e+04
1.649453e+04 2.293117e+02 1.672384e+04
1.649257e+04 2.312696e+02 1.672384e+04
1.649081e+04 2.330268e+02 1.672383e+04
1.648919e+04 2.346398e+02 1.672383e+04
1.648766e+04 2.361623e+02 1.672383e+04
1.648618e+04 2.376426e+02 1.672382e+04
1.648470e+04 2.391202e+02 1.672382e+04
1.648320e+04 2.406229e+02 1.672382e+04
1.648165e+04 2.421697e+02 1.672382e+04
1.648008e+04 2.437468e+02 1.672382e+04
1.647849e+04 2.453277e+02 1.672382e+04
1.647692e+04 2.468946e+02 1.672382e+04
1.647545e+04 2.483844e+02 1.672383e+04
1.647412e+04 2.497165e+02 1.672384e+04
1.647305e+04 2.507965e+02 1.672385e+04
1.647233e+04 2.515303e+02 1.672386e+04
1.647205e+04 2.518075e+02 1.672386e+04
1.647233e+04 2.515347e+02 1.672386e+04
1.647326e+04 2.506091e+02 1.672387e+04
1.647493e+04 2.489479e+02 1.672387e+04
1.647739e+04 2.464891e+02 1.672388e+04
1.648068e+04 2.432043e+02 1.672388e+04
1.648480e+04 2.390820e+02 1.672388e+04
1.648971e+04 2.341666e+02 1.672387e+04
1.649532e+04 2.285403e+02 1.672386e+04
1.650152e+04 2.223329e+02 1.672385e+04
1.650811e+04 2.157263e+02 1.672383e+04
1.651485e+04 2.089603e+02 1.672381e+04
1.652144e+04 2.023457e+02 1.672379e+04
1.652749e+04 1.962552e+02 1.672375e+04
1.653253e+04 1.911752e+02 1.672370e+04
1.653593e+04 1.877100e+02 1.672364e+04
1.653693e+04 1.866271e+02 1.672356e+04
1.653455e+04 1.889038e+02 1.672345e+04
1.652750e+04 1.958204e+02 1.672332e+04
1.651413e+04 2.090151e+02 1.672314e+04
1.649230e+04 2.306090e+02 1.672291e+04
1.645932e+04 2.633058e+02 1.672262e+04
1.641180e+04 3.104653e+02 1.672227e+04
1.634578e+04 3.760771e+02 1.672186e+04
1.625693e+04 4.645195e+02 1.672145e+04
1.614126e+04 5.798384e+02 1.672110e+04
1.599653e+04 7.244500e+02 1.672098e+04
1.582445e+04 8.968617e+02 1.672131e+04
1.563354e+04 1.088735e+03 1.672228e+04
1.544154e+04 1.282383e+03 1.672392e+04
1.527503e+04 1.450889e+03 1.672592e+04
1.516432e+04 1.563250e+03 1.672757e+04
1.513342e+04 1.594690e+03 1.672811e+04
1.519008e+04 1.537191e+03 1.672727e+04
1.532218e+04 1.403290e+03 1.672547e+04
1.550330e+04 1.220210e+03 1.672351e+04
1.570328e+04 1.018727e+03 1.672201e+04
1.589735e+04 8.238504e+02 1.672120e+04
1.607007e+04 6.509394e+02 1.672101e+04
1.621475e+04 5.064500e+02 1.672120e+04
1.633086e+04 3.907154e+02 1.672158e+04
1.642123e+04 3.007702e+02 1.672200e+04
1.649001e+04 2.323848e+02 1.672240e+04
1.654149e+04 1.812477e+02 1.672274e+04
1.657949e+04 1.435299e+02 1.672302e+04
1.660718e+04 1.160481e+02 1.672323e+04
1.662710e+04 9.628779e+01 1.672339e+04
1.664120e+04 8.231759e+01 1.672351e+04
1.665095e+04 7.265496e+01 1.672361e+04
1.665749e+04 6.618645e+01 1.672367e+04
1.666165e+04 6.208131e+01 1.672373e+04
1.666407e+04 5.970034e+01 1.672377e+04
1.666523e+04 5.856998e+01 1.672380e+04
1.666548e+04 5.834207e+01 1.672382e+04
1.666510e+04 5.873610e+01 1.672383e+04
1.666431e+04 5.954001e+01 1.672385e+04
1.666327e+04 6.058779e+01 1.672386e+04
1.666212e+04 6.174814e+01 1.672387e+04
1.666096e+04 6.291624e+01 1.672387e+04
1.665987e+04 6.401331e+01 1.672389e+04
1.665893e+04 6.496039e+01 1.672389e+04
1.665818e+04 6.570902e+01 1.672389e+04
1.665768e+04 6.621665e+01 1.672390e+04
1.665745e+04 6.645105e+01 1.672390e+04
1.665751e+04 6.638932e+01 1.672390e+04
1.665788e+04 6.601715e+01 1.672390e+04
1.665857e+04 6.532821e+01 1.672390e+04
1.665957e+04 6.432358e+01 1.672390e+04
1.666089e+04 6.301113e+01 1.672390e+04
1.666249e+04 6.140486e+01 1.672390e+04
1.666437e+04 5.951871e+01 1.672389e+04
1.666650e+04 5.738215e+01 1.672388e+04
1.666885e+04 5.502859e+01 1.672388e+04
1.667139e+04 5.248345e+01 1.672388e+04
1.667409e+04 4.977971e+01 1.672387e+04
1.667692e+04 4.695166e+01 1.672387e+04
1.667983e+04 4.403416e+01 1.672387e+04
1.668280e+04 4.105650e+01 1.672386e+04
1.668579e+04 3.806364e+01 1.672386e+04
1.668877e+04 3.508329e+01 1.672385e+04
1.669171e+04 3.214713e+01 1.672385e+04
1.669457e+04 2.928525e+01 1.672385e+04
1.669732e+04 2.653161e+01 1.672385e+04
1.669995e+04 2.390754e+01 1.672386e+04
1.670242e+04 2.143328e+01 1.672386e+04
1.670471e+04 1.913892e+01 1.672385e+04
1.670680e+04 1.704843e+01 1.672385e+04
1.670866e+04 1.518569e+01 1.672385e+04
1.671027e+04 1.357509e+01 1.672385e+04
1.671160e+04 1.224770e+01 1.672385e+04
1.671263e+04 1.122017e+01 1.672385e+04
1.671332e+04 1.052860e+01 1.672385e+04
1.671363e+04 1.020749e+01 1.672384e+04
1.671354e+04 1.029642e+01 1.672384e+04
1.671299e+04 1.084132e+01 1.672383e+04
1.671193e+04 1.190139e+01 1.672383e+04
1.671030e+04 1.352884e+01 1.672383e+04
1.670802e+04 1.579824e+01 1.672382e+04
1.670500e+04 1.880878e+01 1.672381e+04
1.670114e+04 2.265933e+01 1.672380e+04
1.669631e+04 2.746792e+01 1.672378e+04
1.669037e+04 3.339189e+01 1.672376e+04
1.668315e+04 4.059941e+01 1.672375e+04
1.667443e+04 4.929655e+01 1.672373e+04
1.666397e+04 5.972832e+01 1.672370e+04
1.665148e+04 7.218675e+01 1.672367e+04
1.663661e+04 8.702104e+01 1.672363e+04
1.661894e+04 1.046505e+02 1.672359e+04
1.659796e+04 1.255811e+02 1.672354e+04
1.657305e+04 1.504327e+02 1.672348e+04
1.654345e+04 1.799454e+02 1.672340e+04
1.650825e+04 2.150495e+02 1.672330e+04
1.646628e+04 2.568913e+02 1.672318e+04
1.641612e+04 3.069058e+02 1.672303e+04
1.635596e+04 3.668713e+02 1.672283e+04
1.628355e+04 4.390322e+02 1.672258e+04
1.619610e+04 5.261782e+02 1.672228e+04
1.609020e+04 6.317135e+02 1.672192e+04
1.596179e+04 7.596867e+02 1.672148e+04
1.580633e+04 9.146717e+02 1.672100e+04
1.561921e+04 1.101324e+03 1.672053e+04
1.539673e+04 1.323454e+03 1.672019e+04
1.513783e+04 1.582310e+03 1.672014e+04
1.484654e+04 1.874063e+03 1.672060e+04
1.453502e+04 2.186747e+03 1.672177e+04
1.422554e+04 2.498074e+03 1.672361e+04
1.394940e+04 2.776368e+03 1.672577e+04
1.374084e+04 2.986670e+03 1.672751e+04
1.362692e+04 3.101267e+03 1.672818e+04
1.361801e+04 3.109548e+03 1.672755e+04
1.370493e+04 3.021089e+03 1.672602e+04
1.386413e+04 2.860110e+03 1.672424e+04
1.406714e+04 2.655624e+03 1.672277e+04
1.428872e+04 2.433113e+03 1.672183e+04
1.451085e+04 2.210558e+03 1.672141e+04
1.472312e+04 1.998246e+03 1.672137e+04
1.492102e+04 1.800520e+03 1.672154e+04
1.510380e+04 1.618007e+03 1.672180e+04
1.527251e+04 1.449557e+03 1.672206e+04
1.542867e+04 1.293616e+03 1.672228e+04
1.557348e+04 1.148958e+03 1.672244e+04
1.570755e+04 1.014984e+03 1.672254e+04
1.583099e+04 8.916154e+02 1.672261e+04
1.594360e+04 7.790697e+02 1.672267e+04
1.604512e+04 6.776031e+02 1.672273e+04
1.613547e+04 5.873231e+02 1.672280e+04
1.621478e+04 5.080911e+02 1.672288e+04
1.628346e+04 4.395008e+02 1.672296e+04
1.634212e+04 3.809364e+02 1.672305e+04
1.639154e+04 3.316016e+02 1.672315e+04
1.643263e+04 2.906072e+02 1.672324e+04
1.646630e+04 2.570160e+02 1.672332e+04
1.649350e+04 2.299024e+02 1.672340e+04
1.651510e+04 2.083698e+02 1.672347e+04
1.653199e+04 1.915573e+02 1.672354e+04
1.654494e+04 1.786648e+02 1.672361e+04
1.655471e+04 1.689526e+02 1.672366e+04
1.656197e+04 1.617435e+02 1.672372e+04
1.656734e+04 1.564258e+02 1.672376e+04
1.657135e+04 1.524558e+02 1.672380e+04
1.657447e+04 1.493563e+02 1.672383e+04
1.657711e+04 1.467427e+02 1.672385e+04
1.657958e+04 1.442931e+02 1.672387e+04
1.658212e+04 1.417712e+02 1.672389e+04
1.658488e+04 1.390188e+02 1.672389e+04
1.658795e+04 1.359504e+02 1.672390e+04
1.659135e+04 1.325445e+02 1.672389e+04
1.659506e+04 1.288320e+02 1.672389e+04
1.659900e+04 1.248822e+02 1.672388e+04
1.660308e+04 1.207889e+02 1.672387e+04
1.660721e+04 1.166568e+02 1.672386e+04
1.661127e+04 1.125904e+02 1.672386e+04
1.661517e+04 1.086840e+02 1.672385e+04
1.661883e+04 1.050156e+02 1.672384e+04
1.662220e+04 1.016431e+02 1.672384e+04
1.662524e+04 9.860874e+01 1.672385e+04
1.662793e+04 9.591772e+01 1.672385e+04
1.663027e+04 9.357363e+01 1.672385e+04
1.663229e+04 9.156473e+01 1.672385e+04
1.663401e+04 8.985133e+01 1.672386e+04
1.663546e+04 8.840744e+01 1.672387e+04
1.663669e+04 8.718046e+01 1.672387e+04
1.663774e+04 8.613228e+01 1.672387e+04
1.663866e+04 8.521993e+01 1.672388e+04
1.663948e+04 8.440293e+01 1.672388e+04
1.664024e+04 8.365024e+01 1.672389e+04
1.664097e+04 8.291955e+01 1.672389e+04
1.664170e+04 8.219069e+01 1.672389e+04
1.664245e+04 8.144421e+01 1.672389e+04
1.664323e+04 8.066709e+01 1.672389e+04
1.664404e+04 7.985274e+01 1.672389e+04
1.664489e+04 7.900098e+01 1.672389e+04
1.664577e+04 7.811797e+01 1.672389e+04
1.664668e+04 7.721601e+01 1.672389e+04
1.664758e+04 7.631888e+01 1.672390e+04
1.664845e+04 7.544001e+01 1.672389e+04
1.664927e+04 7.461518e+01 1.672389e+04
1.665001e+04 7.388062e+01 1.672389e+04
1.665060e+04 7.327871e+01 1.672388e+04
1.665102e+04 7.285818e+01 1.672388e+04
1.665120e+04 7.267448e+01 1.672387e+04
1.665108e+04 7.279040e+01 1.672387e+04
1.665059e+04 7.327674e+01 1.672386e+04
1.664964e+04 7.421336e+01 1.672385e+04
1.664816e+04 7.569042e+01 1.672385e+04
1.664603e+04 7.781006e+01 1.672384e+04
1.664314e+04 8.068841e+01 1.672383e+04
1.663936e+04 8.445812e+01 1.672381e+04
1.663453e+04 8.927133e+01 1.672380e+04
1.662848e+04 9.530307e+01 1.672378e+04
1.662101e+04 1.027496e+02 1.672376e+04
1.661188e+04 1.118539e+02 1.672373e+04
1.660083e+04 1.228767e+02 1.672371e+04
1.658756e+04 1.361200e+02 1.672368e+04
1.657172e+04 1.519216e+02 1.672364e+04
1.655295e+04 1.706506e+02 1.672360e+04
1.653087e+04 1.926967e+02 1.672356e+04
1.650508e+04 2.184495e+02 1.672352e+04
1.647522e+04 2.482648e+02 1.672349e+04
1.644104e+04 2.824146e+02 1.672346e+04
1.640243e+04 3.210224e+02 1.672345e+04
1.635950e+04 3.639518e+02 1.672346e+04
1.631276e+04 4.107334e+02 1.672349e+04
1.626313e+04 4.604353e+02 1.672356e+04
1.621209e+04 5.115797e+02 1.672367e+04
1.616172e+04 5.621070e+02 1.672382e+04
1.611457e+04 6.094255e+02 1.672399e+04
1.607356e+04 6.506163e+02 1.672418e+04
1.604166e+04 6.826907e+02 1.672435e+04
1.602144e+04 7.030199e+02 1.672446e+04
1.601473e+04 7.097799e+02 1.672451e+04
1.602225e+04 7.022276e+02 1.672447e+04
1.604350e+04 6.808674e+02 1.672437e+04
1.607686e+04 6.473486e+02 1.672421e+04
1.611983e+04 6.041875e+02 1.672402e+04
1.616949e+04 5.543500e+02 1.672384e+04
1.622285e+04 5.008261e+02 1.672368e+04
1.627724e+04 4.463149e+02 1.672356e+04
1.633047e+04 3.930131e+02 1.672348e+04
1.638090e+04 3.425351e+02 1.672344e+04
1.642749e+04 2.959324e+02 1.672342e+04
1.646966e+04 2.537731e+02 1.672343e+04
1.650721e+04 2.162476e+02 1.672346e+04
1.654022e+04 1.832761e+02 1.672350e+04
1.656894e+04 1.546073e+02 1.672354e+04
1.659371e+04 1.298714e+02 1.672359e+04
1.661496e+04 1.086684e+02 1.672363e+04
1.663308e+04 9.058375e+01 1.672366e+04
1.664848e+04 7.521851e+01 1.672370e+04
1.666152e+04 6.220332e+01 1.672373e+04
1.667255e+04 5.121091e+01 1.672376e+04
1.668184e+04 4.193660e+01 1.672378e+04
1.668967e+04 3.413044e+01 1.672380e+04
1.669624e+04 2.757280e+01 1.672381e+04
1.670175e+04 2.207670e+01 1.672383e+04
1.670636e+04 1.748428e+01 1.672384e+04
1.671019e+04 1.365778e+01 1.672384e+04
1.671335e+04 1.049821e+01 1.672385e+04
1.671595e+04 7.920532e+00 1.672387e+04
1.671804e+04 5.829024e+00 1.672387e+04
1.671970e+04 4.175877e+00 1.672388e+04
1.672096e+04 2.909456e+00 1.672387e+04
1.672187e+04 2.005893e+00 1.672388e+04
1.672244e+04 1.429731e+00 1.672387e+04
1.672270e+04 1.176641e+00 1.672387e+04
1.672264e+04 1.234482e+00 1.672387e+04
1.672227e+04 1.604768e+00 1.672387e+04
1.672157e+04 2.291330e+00 1.672386e+04
1.672054e+04 3.317005e+00 1.672386e+04
1.671914e+04 4.712515e+00 1.672385e+04
1.671735e+04 6.511181e+00 1.672386e+04
1.671511e+04 8.743815e+00 1.672385e+04
1.671238e+04 1.146633e+01 1.672385e+04
1.670910e+04 1.473810e+01 1.672384e+04
1.670521e+04 1.862776e+01 1.672383e+04
1.670061e+04 2.321324e+01 1.672383e+04
1.669524e+04 2.858157e+01 1.672382e+04
1.668898e+04 3.482825e+01 1.672381e+04
1.668174e+04 4.205602e+01 1.672380e+04
1.667342e+04 5.037276e+01 1.672379e+04
1.666389e+04 5.988824e+01 1.672378e+04
1.665306e+04 7.071486e+01 1.672378e+04
1.664083e+04 8.293964e+01 1.672377e+04
1.662711e+04 9.664840e+01 1.672376e+04
1.661186e+04 1.118876e+02 1.672375e+04
1.659507e+04 1.286785e+02 1.672375e+04
1.657678e+04 1.469700e+02 1.672375e+04
1.655712e+04 1.666433e+02 1.672376e+04
1.653629e+04 1.874910e+02 1.672378e+04
1.651460e+04 2.091970e+02 1.672380e+04
1.649248e+04 2.313547e+02 1.672384e+04
1.647047e+04 2.534120e+02 1.672388e+04
1.644919e+04 2.747411e+02 1.672393e+04
1.642936e+04 2.946143e+02 1.672398e+04
1.641175e+04 3.122813e+02 1.672403e+04
1.639707e+04 3.270003e+02 1.672407e+04
1.638600e+04 3.381048e+02 1.672411e+04
1.637907e+04 3.450659e+02 1.672413e+04
1.637659e+04 3.475461e+02 1.672414e+04
1.637869e+04 3.454470e+02 1.672414e+04
1.638524e+04 3.388724e+02 1.672411e+04
1.639587e+04 3.282031e+02 1.672407e+04
1.641005e+04 3.139870e+02 1.672403e+04
1.642709e+04 2.968910e+02 1.672398e+04
1.644624e+04 2.776872e+02 1.672393e+04
1.646674e+04 2.571383e+02 1.672388e+04
1.648787e+04 2.359774e+02 1.672384e+04
1.650897e+04 2.148375e+02 1.672380e+04
1.652949e+04 1.942824e+02 1.672378e+04
1.654902e+04 1.747482e+02 1.672376e+04
1.656720e+04 1.565503e+02 1.672375e+04
1.658383e+04 1.399210e+02 1.672375e+04
1.659874e+04 1.250024e+02 1.672375e+04
1.661188e+04 1.118634e+02 1.672374e+04
1.662321e+04 1.005389e+02 1.672375e+04
1.663274e+04 9.101329e+01 1.672375e+04
1.664050e+04 8.325717e+01 1.672375e+04
1.664652e+04 7.723455e+01 1.672376e+04
1.665085e+04 7.291480e+01 1.672376e+04
1.665348e+04 7.028332e+01 1.672376e+04
1.665440e+04 6.935252e+01 1.672376e+04
1.665357e+04 7.017377e+01 1.672375e+04
1.665088e+04 7.285742e+01 1.672374e+04
1.664614e+04 7.756426e+01 1.672371e+04
1.663909e+04 8.459223e+01 1.672368e+04
1.662929e+04 9.434141e+01 1.672364e+04
1.661616e+04 1.074045e+02 1.672356e+04
1.659881e+04 1.246461e+02 1.672346e+04
1.657602e+04 1.472921e+02 1.672331e+04
1.654603e+04 1.770813e+02 1.672311e+04
1.650635e+04 2.164664e+02 1.672282e+04
1.645354e+04 2.688748e+02 1.672242e+04
1.638285e+04 3.390196e+02 1.672187e+04
1.628795e+04 4.331981e+02 1.672115e+04
1.616082e+04 5.594472e+02 1.672027e+04
1.599222e+04 7.271001e+02 1.671932e+04
1.577339e+04 9.451555e+02 1.671855e+04
1.550013e+04 1.218299e+03 1.671843e+04
1.517981e+04 1.539849e+03 1.671966e+04
1.484004e+04 1.882663e+03 1.672270e+04
1.453307e+04 2.194000e+03 1.672707e+04
1.432604e+04 2.404792e+03 1.673083e+04
1.427342e+04 2.458225e+03 1.673165e+04
1.438688e+04 2.342084e+03 1.672897e+04
1.462813e+04 2.096445e+03 1.672458e+04
1.493182e+04 1.789010e+03 1.672083e+04
1.523721e+04 1.481630e+03 1.671884e+04
1.550611e+04 1.212348e+03 1.671846e+04
1.572345e+04 9.955653e+02 1.671901e+04
1.588939e+04 8.305197e+02 1.671991e+04
1.601122e+04 7.095917e+02 1.672082e+04
1.609800e+04 6.235635e+02 1.672157e+04
1.615800e+04 5.641485e+02 1.672214e+04
1.619777e+04 5.247885e+02 1.672256e+04
1.622213e+04 5.007047e+02 1.672284e+04
1.623439e+04 4.886235e+02 1.672302e+04
1.623667e+04 4.864525e+02 1.672312e+04
1.623017e+04 4.929950e+02 1.672316e+04
1.621543e+04 5.077299e+02 1.672316e+04
1.619248e+04 5.306495e+02 1.672312e+04
1.616092e+04 5.621427e+02 1.672306e+04
1.612007e+04 6.028993e+02 1.672297e+04
1.606906e+04 6.538102e+02 1.672287e+04
1.600693e+04 7.158320e+02 1.672277e+04
1.593291e+04 7.897773e+02 1.672269e+04
1.584667e+04 8.759902e+02 1.672266e+04
1.574885e+04 9.738805e+02 1.672273e+04
1.564162e+04 1.081326e+03 1.672295e+04
1.552926e+04 1.194081e+03 1.672334e+04
1.541860e+04 1.305314e+03 1.672391e+04
1.531879e+04 1.405804e+03 1.672459e+04
1.524030e+04 1.484953e+03 1.672525e+04
1.519293e+04 1.532776e+03 1.672571e+04
1.518347e+04 1.542360e+03 1.672583e+04
1.521374e+04 1.511847e+03 1.672558e+04
1.528005e+04 1.444989e+03 1.672504e+04
1.537436e+04 1.350007e+03 1.672436e+04
1.548642e+04 1.237300e+03 1.672372e+04
1.560615e+04 1.117065e+03 1.672322e+04
1.572529e+04 9.976147e+02 1.672290e+04
1.583806e+04 8.846931e+02 1.672275e+04
1.594117e+04 7.815693e+02 1.672274e+04
1.603324e+04 6.895689e+02 1.672281e+04
1.611424e+04 6.086834e+02 1.672292e+04
1.618489e+04 5.381511e+02 1.672304e+04
1.624630e+04 4.768640e+02 1.672316e+04
1.629967e+04 4.236036e+02 1.672327e+04
1.634616e+04 3.772112e+02 1.672337e+04
1.638680e+04 3.366547e+02 1.672345e+04
1.642247e+04 3.010512e+02 1.672352e+04
1.645391e+04 2.696649e+02 1.672358e+04
1.648173e+04 2.418909e+02 1.672363e+04
1.650643e+04 2.172351e+02 1.672366e+04
1.652840e+04 1.952997e+02 1.672370e+04
1.654798e+04 1.757489e+02 1.672373e+04
1.656545e+04 1.583041e+02 1.672375e+04
1.658103e+04 1.427437e+02 1.672377e+04
1.659491e+04 1.288758e+02 1.672378e+04
1.660726e+04 1.165373e+02 1.672380e+04
1.661822e+04 1.055876e+02 1.672381e+04
1.662791e+04 9.590505e+01 1.672382e+04
1.663644e+04 8.738317e+01 1.672383e+04
1.664391e+04 7.992870e+01 1.672384e+04
1.665038e+04 7.345959e+01 1.672384e+04
1.665594e+04 6.790372e+01 1.672385e+04
1.666065e+04 6.319775e+01 1.672385e+04
1.666457e+04 5.928623e+01 1.672386e+04
1.666774e+04 5.612091e+01 1.672386e+04
1.667020e+04 5.366003e+01 1.672386e+04
1.667200e+04 5.186776e+01 1.672387e+04
1.667315e+04 5.071363e+01 1.672387e+04
1.667370e+04 5.017193e+01 1.672387e+04
1.667365e+04 5.022121e+01 1.672387e+04
1.667303e+04 5.084365e+01 1.672387e+04
1.667185e+04 5.202982e+01 1.672388e+04
1.667012e+04 5.375631e+01 1.672388e+04
1.666786e+04 5.601770e+01 1.672388e+04
1.666508e+04 5.880384e+01 1.672388e+04
1.666178e+04 6.210441e+01 1.672388e+04
1.665797e+04 6.590249e+01 1.672388e+04
1.665368e+04 7.018978e+01 1.672387e+04
1.664892e+04 7.495500e+01 1.672387e+04
1.664370e+04 8.017123e+01 1.672387e+04
1.663806e+04 8.581125e+01 1.672387e+04
1.663204e+04 9.184085e+01 1.672388e+04
1.662566e+04 9.821769e+01 1.672388e+04
1.661899e+04 1.048902e+02 1.672388e+04
1.661209e+04 1.117969e+02 1.672389e+04
1.660503e+04 1.188655e+02 1.672389e+04
1.659788e+04 1.260134e+02 1.672390e+04
1.659076e+04 1.331474e+02 1.672390e+04
1.658375e+04 1.401652e+02 1.672391e+04
1.657696e+04 1.469511e+02 1.672391e+04
1.657052e+04 1.534007e+02 1.672392e+04
1.656454e+04 1.593794e+02 1.672392e+04
1.655913e+04 1.647925e+02 1.672392e+04
1.655441e+04 1.695120e+02 1.672392e+04
1.655048e+04 1.734410e+02 1.672393e+04
1.654743e+04 1.764964e+02 1.672393e+04
1.654533e+04 1.786014e+02 1.672393e+04
1.654423e+04 1.797057e+02 1.672393e+04
1.654415e+04 1.797819e+02 1.672394e+04
1.654511e+04 1.788276e+02 1.672393e+04
1.654707e+04 1.768651e+02 1.672393e+04
1.654998e+04 1.739410e+02 1.672393e+04
1.655380e+04 1.701239e+02 1.672392e+04
1.655841e+04 1.655069e+02 1.672392e+04
1.656373e+04 1.601825e+02 1.672391e+04
1.656963e+04 1.542715e+02 1.672390e+04
1.657600e+04 1.478968e+02 1.672390e+04
1.658270e+04 1.411854e+02 1.672389e+04
1.658961e+04 1.342649e+02 1.672388e+04
1.659661e+04 1.272608e+02 1.672387e+04
1.660357e+04 1.202947e+02 1.672386e+04
1.661037e+04 1.134881e+02 1.672386e+04
1.661691e+04 1.069459e+02 1.672386e+04
1.662309e+04 1.007671e+02 1.672385e+04
1.662879e+04 9.505770e+01 1.672385e+04
1.663393e+04 8.991475e+01 1.672384e+04
1.663840e+04 8.543428e+01 1.672383e+04
1.664211e+04 8.171357e+01 1.672383e+04
1.664497e+04 7.885924e+01 1.672382e+04
1.664685e+04 7.696814e+01 1.672382e+04
1.664764e+04 7.616328e+01 1.672381e+04
1.664722e+04 7.657427e+01 1.672379e+04
1.664544e+04 7.834516e+01 1.672378e+04
1.664213e+04 8.163615e+01 1.672377e+04
1.663713e+04 8.662412e+01 1.672375e+04
1.663023e+04 9.350172e+01 1.672373e+04
1.662124e+04 1.024742e+02 1.672371e+04
1.660994e+04 1.137421e+02 1.672368e+04
1.659613e+04 1.275350e+02 1.672366e+04
1.657962e+04 1.440317e+02 1.672365e+04
1.656025e+04 1.633826e+02 1.672363e+04
1.653796e+04 1.856733e+02 1.672363e+04
1.651274e+04 2.108934e+02 1.672363e+04
1.648474e+04 2.389031e+02 1.672364e+04
1.645427e+04 2.694008e+02 1.672367e+04
1.642181e+04 3.019000e+02 1.672371e+04
1.638804e+04 3.357181e+02 1.672375e+04
1.635379e+04 3.700271e+02 1.672382e+04
1.632002e+04 4.038588e+02 1.672387e+04
1.628766e+04 4.362640e+02 1.672392e+04
1.625752e+04 4.664279e+02 1.672395e+04
1.623009e+04 4.938392e+02 1.672393e+04
1.620539e+04 5.184819e+02 1.672387e+04
1.618282e+04 5.409426e+02 1.672376e+04
1.616109e+04 5.625004e+02 1.672359e+04
1.613822e+04 5.851590e+02 1.672338e+04
1.611166e+04 6.114744e+02 1.672313e+04
1.607849e+04 6.443806e+02 1.672288e+04
1.603580e+04 6.868386e+02 1.672264e+04
1.598112e+04 7.413481e+02 1.672246e+04
1.591308e+04 8.093309e+02 1.672241e+04
1.583222e+04 8.903205e+02 1.672254e+04
1.574172e+04 9.811787e+02 1.672290e+04
1.564795e+04 1.075524e+03 1.672348e+04
1.556038e+04 1.163837e+03 1.672422e+04
1.549032e+04 1.234629e+03 1.672494e+04
1.544860e+04 1.276860e+03 1.672546e+04
1.544270e+04 1.282887e+03 1.672558e+04
1.547441e+04 1.250877e+03 1.672528e+04
1.553927e+04 1.185389e+03 1.672466e+04
1.562803e+04 1.095878e+03 1.672391e+04
1.572933e+04 9.939028e+02 1.672323e+04
1.583240e+04 8.903394e+02 1.672274e+04
1.592889e+04 7.935771e+02 1.672247e+04
1.601351e+04 7.088828e+02 1.672239e+04
1.608373e+04 6.387207e+02 1.672245e+04
1.613918e+04 5.834068e+02 1.672258e+04
1.618083e+04 5.419369e+02 1.672277e+04
1.621042e+04 5.125384e+02 1.672296e+04
1.622996e+04 4.931665e+02 1.672313e+04
1.624152e+04 4.817664e+02 1.672328e+04
1.624701e+04 4.764106e+02 1.672342e+04
1.624817e+04 4.753705e+02 1.672354e+04
1.624650e+04 4.771409e+02 1.672364e+04
1.624331e+04 4.804163e+02 1.672373e+04
1.623971e+04 4.840895e+02 1.672380e+04
1.623664e+04 4.872260e+02 1.672386e+04
1.623487e+04 4.890463e+02 1.672391e+04
1.623504e+04 4.889137e+02 1.672395e+04
1.623765e+04 4.863279e+02 1.672398e+04
1.624308e+04 4.809189e+02 1.672400e+04
1.625154e+04 4.724709e+02 1.672401e+04
1.626311e+04 4.608981e+02 1.672401e+04
1.627776e+04 4.462446e+02 1.672400e+04
1.629528e+04 4.287058e+02 1.672398e+04
1.631536e+04 4.085936e+02 1.672396e+04
1.633761e+04 3.863145e+02 1.672392e+04
1.636152e+04 3.623701e+02 1.672389e+04
1.638659e+04 3.372710e+02 1.672386e+04
1.641226e+04 3.115597e+02 1.672382e+04
1.643804e+04 2.857553e+02 1.672379e+04
1.646343e+04 2.603356e+02 1.672377e+04
1.648802e+04 2.357216e+02 1.672374e+04
1.651146e+04 2.122690e+02 1.672373e+04
1.653345e+04 1.902677e+02 1.672371e+04
1.655376e+04 1.699464e+02 1.672370e+04
1.657221e+04 1.514834e+02 1.672370e+04
1.658867e+04 1.350203e+02 1.672369e+04
1.660300e+04 1.206798e+02 1.672368e+04
1.661509e+04 1.085852e+02 1.672367e+04
1.662477e+04 9.888344e+01 1.672366e+04
1.663186e+04 9.177205e+01 1.672363e+04
1.663607e+04 8.753104e+01 1.672360e+04
1.663699e+04 8.656246e+01 1.672356e+04
1.663405e+04 8.944056e+01 1.672349e+04
1.662642e+04 9.697618e+01 1.672339e+04
1.661296e+04 1.103051e+02 1.672327e+04
1.659212e+04 1.309711e+02 1.672309e+04
1.656176e+04 1.610920e+02 1.672286e+04
1.651908e+04 2.034595e+02 1.672254e+04
1.646042e+04 2.617109e+02 1.672213e+04
1.638127e+04 3.403696e+02 1.672164e+04
1.627638e+04 4.447113e+02 1.672109e+04
1.614036e+04 5.801920e+02 1.672055e+04
1.596911e+04 7.510885e+02 1.672020e+04
1.576233e+04 9.579593e+02 1.672029e+04
1.552730e+04 1.193844e+03 1.672115e+04
1.528277e+04 1.440160e+03 1.672293e+04
1.506031e+04 1.665076e+03 1.672539e+04
1.489924e+04 1.828406e+03 1.672765e+04
1.483393e+04 1.894681e+03 1.672861e+04
1.487877e+04 1.848976e+03 1.672775e+04
1.502103e+04 1.704513e+03 1.672554e+04
1.522723e+04 1.495844e+03 1.672307e+04
1.545804e+04 1.263196e+03 1.672124e+04
1.568132e+04 1.039018e+03 1.672033e+04
1.587761e+04 8.425954e+02 1.672021e+04
1.603915e+04 6.814001e+02 1.672055e+04
1.616595e+04 5.551443e+02 1.672109e+04
1.626204e+04 4.596097e+02 1.672165e+04
1.633287e+04 3.892918e+02 1.672216e+04
1.638378e+04 3.387944e+02 1.672258e+04
1.641947e+04 3.034417e+02 1.672291e+04
1.644373e+04 2.794301e+02 1.672316e+04
1.645956e+04 2.637970e+02 1.672335e+04
1.646924e+04 2.542570e+02 1.672350e+04
1.647452e+04 2.490823e+02 1.672361e+04
1.647672e+04 2.469702e+02 1.672369e+04
1.647681e+04 2.469336e+02 1.672374e+04
1.647554e+04 2.482377e+02 1.672378e+04
1.647349e+04 2.503280e+02 1.672382e+04
1.647107e+04 2.527744e+02 1.672384e+04
1.646860e+04 2.552560e+02 1.672386e+04
1.646634e+04 2.575323e+02 1.672387e+04
1.646445e+04 2.594281e+02 1.672388e+04
1.646307e+04 2.608225e+02 1.672389e+04
1.646225e+04 2.616426e+02 1.672389e+04
1.646203e+04 2.618645e+02 1.672389e+04
1.646240e+04 2.614885e+02 1.672389e+04
1.646331e+04 2.605702e+02 1.672388e+04
1.646468e+04 2.591968e+02 1.672388e+04
1.646637e+04 2.574904e+02 1.672386e+04
1.646824e+04 2.556062e+02 1.672385e+04
1.647010e+04 2.537246e+02 1.672383e+04
1.647174e+04 2.520704e+02 1.672381e+04
1.647291e+04 2.508773e+02 1.672379e+04
1.647336e+04 2.504182e+02 1.672378e+04
1.647280e+04 2.509525e+02 1.672375e+04
1.647094e+04 2.527892e+02 1.672373e+04
1.646746e+04 2.562394e+02 1.672370e+04
1.646205e+04 2.616224e+02 1.672368e+04
1.645439e+04 2.692589e+02 1.672365e+04
1.644416e+04 2.794619e+02 1.672362e+04
1.643107e+04 2.925221e+02 1.672359e+04
1.641488e+04 3.086886e+02 1.672357e+04
1.639541e+04 3.281414e+02 1.672356e+04
1.637259e+04 3.509566e+02 1.672355e+04
1.634649e+04 3.770634e+02 1.672355e+04
1.631738e+04 4.061950e+02 1.672357e+04
1.628577e+04 4.378388e+02 1.672361e+04
1.625248e+04 4.711938e+02 1.672367e+04
1.621860e+04 5.051534e+02 1.672376e+04
1.618556e+04 5.382937e+02 1.672386e+04
1.615500e+04 5.689659e+02 1.672396e+04
1.612869e+04 5.953878e+02 1.672407e+04
1.610835e+04 6.158158e+02 1.672417e+04
1.609549e+04 6.287492e+02 1.672424e+04
1.609117e+04 6.331057e+02 1.672427e+04
1.609585e+04 6.284095e+02 1.672426e+04
1.610936e+04 6.148441e+02 1.672421e+04
1.613088e+04 5.932360e+02 1.672412e+04
1.615907e+04 5.649402e+02 1.672401e+04
1.619223e+04 5.316646e+02 1.672390e+04
1.622851e+04 4.952725e+02 1.672378e+04
1.626608e+04 4.576036e+02 1.672368e+04
1.630326e+04 4.203408e+02 1.672360e+04
1.633859e+04 3.849355e+02 1.672353e+04
1.637088e+04 3.525880e+02 1.672347e+04
1.639915e+04 3.242745e+02 1.672343e+04
1.642258e+04 3.008063e+02 1.672338e+04
1.644042e+04 2.829100e+02 1.672333e+04
1.645195e+04 2.713214e+02 1.672327e+04
1.645630e+04 2.668936e+02 1.672320e+04
1.645239e+04 2.706890e+02 1.672308e+04
1.643879e+04 2.841304e+02 1.672292e+04
1.641356e+04 3.091327e+02 1.672270e+04
1.637417e+04 3.482404e+02 1.672241e+04
1.631730e+04 4.047480e+02 1.672204e+04
1.623881e+04 4.827833e+02 1.672159e+04
1.613388e+04 5.872004e+02 1.672108e+04
1.599746e+04 7.231158e+02 1.672057e+04
1.582542e+04 8.947792e+02 1.672020e+04
1.561674e+04 1.103459e+03 1.672020e+04
1.537674e+04 1.344112e+03 1.672085e+04
1.512079e+04 1.601577e+03 1.672236e+04
1.487626e+04 1.848346e+03 1.672460e+04
1.467947e+04 2.047415e+03 1.672689e+04
1.456561e+04 2.162620e+03 1.672823e+04
1.455480e+04 2.173154e+03 1.672795e+04
1.464299e+04 2.083248e+03 1.672624e+04
1.480449e+04 1.919492e+03 1.672398e+04
1.500410e+04 1.718015e+03 1.672211e+04
1.521014e+04 1.510911e+03 1.672106e+04
1.540161e+04 1.319151e+03 1.672076e+04
1.556863e+04 1.152335e+03 1.672097e+04
1.570939e+04 1.012015e+03 1.672141e+04
1.582641e+04 8.954724e+02 1.672188e+04
1.592381e+04 7.984952e+02 1.672230e+04
1.600565e+04 7.169877e+02 1.672264e+04
1.607530e+04 6.475875e+02 1.672288e+04
1.613519e+04 5.878659e+02 1.672306e+04
1.618701e+04 5.361608e+02 1.672317e+04
1.623180e+04 4.914437e+02 1.672324e+04
1.627021e+04 4.530791e+02 1.672329e+04
1.630261e+04 4.207111e+02 1.672332e+04
1.632917e+04 3.941684e+02 1.672334e+04
1.634992e+04 3.734198e+02 1.672334e+04
1.636476e+04 3.585713e+02 1.672333e+04
1.637344e+04 3.498582e+02 1.672330e+04
1.637555e+04 3.477088e+02 1.672325e+04
1.637042e+04 3.527597e+02 1.672318e+04
1.635718e+04 3.658995e+02 1.672308e+04
1.633466e+04 3.882980e+02 1.672296e+04
1.630139e+04 4.214049e+02 1.672280e+04
1.625570e+04 4.669281e+02 1.672262e+04
1.619577e+04 5.266714e+02 1.672244e+04
1.612000e+04 6.022931e+02 1.672229e+04
1.602739e+04 6.948121e+02 1.672221e+04
1.591833e+04 8.039318e+02 1.672226e+04
1.579542e+04 9.270960e+02 1.672252e+04
1.566448e+04 1.058548e+03 1.672303e+04
1.553500e+04 1.188782e+03 1.672378e+04
1.541964e+04 1.305008e+03 1.672465e+04
1.533225e+04 1.393150e+03 1.672540e+04
1.528455e+04 1.441245e+03 1.672580e+04
1.528258e+04 1.443109e+03 1.672569e+04
1.532458e+04 1.400515e+03 1.672509e+04
1.540154e+04 1.322695e+03 1.672423e+04
1.549999e+04 1.223358e+03 1.672335e+04
1.560574e+04 1.116914e+03 1.672266e+04
1.570681e+04 1.015414e+03 1.672222e+04
1.579496e+04 9.270885e+02 1.672205e+04
1.586586e+04 8.562241e+02 1.672208e+04
1.591841e+04 8.038380e+02 1.672225e+04
1.595392e+04 7.685855e+02 1.672250e+04
1.597522e+04 7.475791e+02 1.672280e+04
1.598609e+04 7.370273e+02 1.672312e+04
1.599070e+04 7.327160e+02 1.672342e+04
1.599326e+04 7.304277e+02 1.672369e+04
1.599762e+04 7.262958e+02 1.672391e+04
1.600694e+04 7.171304e+02 1.672407e+04
1.602344e+04 7.007086e+02 1.672415e+04
1.604823e+04 6.759285e+02 1.672416e+04
1.608129e+04 6.428079e+02 1.672409e+04
1.612164e+04 6.023553e+02 1.672400e+04
1.616763e+04 5.562319e+02 1.672387e+04
1.621724e+04 5.064959e+02 1.672374e+04
1.626840e+04 4.552270e+02 1.672363e+04
1.631924e+04 4.043148e+02 1.672355e+04
1.636821e+04 3.552812e+02 1.672350e+04
1.641421e+04 3.092579e+02 1.672347e+04
1.645651e+04 2.669526e+02 1.672347e+04
1.649474e+04 2.287404e+02 1.672348e+04
1.652879e+04 1.947145e+02 1.672350e+04
1.655876e+04 1.647676e+02 1.672353e+04
1.658491e+04 1.386651e+02 1.672357e+04
1.660753e+04 1.160778e+02 1.672361e+04
1.662698e+04 9.666246e+01 1.672365e+04
1.664363e+04 8.004696e+01 1.672368e+04
1.665782e+04 6.588791e+01 1.672371e+04
1.666987e+04 5.386037e+01 1.672373e+04
1.668009e+04 4.366943e+01 1.672375e+04
1.668872e+04 3.505234e+01 1.672377e+04
1.669601e+04 2.777832e+01 1.672379e+04
1.670216e+04 2.164676e+01 1.672381e+04
1.670733e+04 1.647921e+01 1.672381e+04
1.671169e+04 1.213831e+01 1.672382e+04
1.671534e+04 8.492263e+00 1.672383e+04
1.671841e+04 5.433589e+00 1.672384e+04
1.672098e+04 2.871129e+00 1.672385e+04
1.672312e+04 7.276973e-01 1.672385e+04
1.672492e+04 -1.067470e+00 1.672385e+04
1.672641e+04 -2.558675e+00 1.672386e+04
1.672766e+04 -3.797961e+00 1.672386e+04
1.672869e+04 -4.824742e+00 1.672386e+04
1.672954e+04 -5.672323e+00 1.672386e+04
1.673023e+04 -6.374367e+00 1.672386e+04
1.673081e+04 -6.943716e+00 1.672386e+04
1.673127e+04 -7.405778e+00 1.672386e+04
1.673164e+04 -7.777393e+00 1.672386e+04
1.673194e+04 -8.072676e+00 1.672387e+04
1.673217e+04 -8.303392e+00 1.672387e+04
1.673235e+04 -8.479279e+00 1.672387e+04
1.673248e+04 -8.608318e+00 1.672387e+04
1.673257e+04 -8.691505e+00 1.672387e+04
1.673262e+04 -8.744952e+00 1.672387e+04
1.673264e+04 -8.767128e+00 1.672387e+04
1.673264e+04 -8.761041e+00 1.672387e+04
1.673260e+04 -8.728861e+00 1.672387e+04
1.673255e+04 -8.672058e+00 1.672387e+04
1.673247e+04 -8.591518e+00 1.672387e+04
1.673236e+04 -8.487664e+00 1.672387e+04
1.673224e+04 -8.360552e+00 1.672387e+04
1.673208e+04 -8.209969e+00 1.672387e+04
1.673191e+04 -8.035514e+00 1.672387e+04
1.673171e+04 -7.836674e+00 1.672387e+04
1.673149e+04 -7.612889e+00 1.672387e+04
1.673124e+04 -7.369090e+00 1.672387e+04
1.673096e+04 -7.093883e+00 1.672387e+04
1.673066e+04 -6.797827e+00 1.672386e+04
1.673033e+04 -6.469689e+00 1.672386e+04
1.672998e+04 -6.114829e+00 1.672386e+04
1.672960e+04 -5.738987e+00 1.672386e+04
1.672919e+04 -5.331406e+00 1.672386e+04
1.672876e+04 -4.898087e+00 1.672386e+04
1.672830e+04 -4.439841e+00 1.672386e+04
1.672782e+04 -3.957750e+00 1.672386e+04
1.672731e+04 -3.453187e+00 1.672386e+04
1.672679e+04 -2.927823e+00 1.672386e+04
1.672624e+04 -2.383647e+00 1.672386e+04
1.672568e+04 -1.822969e+00 1.672386e+04
1.672511e+04 -1.248425e+00 1.672386e+04
1.672452e+04 -6.629816e-01 1.672386e+04
1.672393e+04 -6.992951e-02 1.672386e+04
1.672333e+04 5.271279e-01 1.672386e+04
1.672274e+04 1.124292e+00 1.672386e+04
1.672214e+04 1.717393e+00 1.672386e+04
1.672156e+04 2.302031e+00 1.672386e+04
1.672099e+04 2.873610e+00 1.672386e+04
1.672043e+04 3.427400e+00 1.672386e+04
1.671990e+04 3.958597e+00 1.672386e+04
1.671940e+04 4.456841e+00 1.672386e+04
1.671893e+04 4.928439e+00 1.672386e+04
1.671849e+04 5.363368e+00 1.672386e+04
1.671810e+04 5.757363e+00 1.672386e+04
1.671775e+04 6.106549e+00 1.672386e+04
1.671745e+04 6.407571e+00 1.672386e+04
1.671720e+04 6.657736e+00 1.672386e+04
1.671700e+04 6.855172e+00 1.672386e+04
1.671686e+04 7.004385e+00 1.672386e+04
1.671677e+04 7.094837e+00 1.672386e+04
1.671673e+04 7.133824e+00 1.672386e+04
1.671674e+04 7.125089e+00 1.672386e+04
1.671679e+04 7.074764e+00 1.672386e+04
1.671687e+04 6.986301e+00 1.672386e+04
1.671697e+04 6.888781e+00 1.672386e+04
1.671707e+04 6.783261e+00 1.672386e+04
1.671716e+04 6.699303e+00 1.672386e+04
1.671718e+04 6.669584e+00 1.672385e+04
1.671711e+04 6.733137e+00 1.672384e+04
1.671687e+04 6.961678e+00 1.672383e+04
1.671639e+04 7.433392e+00 1.672382e+04
1.671555e+04 8.263848e+00 1.672381e+04
1.671418e+04 9.613946e+00 1.672379e+04
1.671206e+04 1.170931e+01 1.672377e+04
1.670886e+04 1.486859e+01 1.672373e+04
1.670413e+04 1.955034e+01 1.672368e+04
1.669721e+04 2.638649e+01 1.672360e+04
1.668716e+04 3.632728e+01 1.672349e+04
1.667261e+04 5.071242e+01 1.672332e+04
1.665157e+04 7.151369e+01 1.672308e+04
1.662116e+04 1.015751e+02 1.672274e+04
1.657721e+04 1.450265e+02 1.672224e+04
1.651372e+04 2.078069e+02 1.672153e+04
1.642227e+04 2.982695e+02 1.672054e+04
1.629144e+04 4.277850e+02 1.671922e+04
1.610690e+04 6.107425e+02 1.671765e+04
1.585323e+04 8.628877e+02 1.671612e+04
1.551958e+04 1.195853e+03 1.671543e+04
1.511160e+04 1.605248e+03 1.671685e+04
1.466862e+04 2.052897e+03 1.672152e+04
1.427466e+04 2.454006e+03 1.672866e+04
1.404052e+04 2.693811e+03 1.673433e+04
1.404794e+04 2.686184e+03 1.673412e+04
1.429400e+04 2.434217e+03 1.672822e+04
1.469330e+04 2.027843e+03 1.672114e+04
1.513534e+04 1.581326e+03 1.671667e+04
1.553876e+04 1.176662e+03 1.671542e+04
1.586675e+04 8.494593e+02 1.671621e+04
1.611512e+04 6.026368e+02 1.671775e+04
1.629527e+04 4.240527e+02 1.671932e+04
1.642268e+04 2.979347e+02 1.672061e+04
1.651154e+04 2.100449e+02 1.672158e+04
1.657307e+04 1.492116e+02 1.672228e+04
1.661553e+04 1.072375e+02 1.672277e+04
1.664480e+04 7.831163e+01 1.672311e+04
1.666496e+04 5.838596e+01 1.672335e+04
1.667884e+04 4.466596e+01 1.672351e+04
1.668838e+04 3.524296e+01 1.672362e+04
1.669491e+04 2.878325e+01 1.672370e+04
1.669937e+04 2.437832e+01 1.672375e+04
1.670239e+04 2.139931e+01 1.672379e+04
1.670442e+04 1.939319e+01 1.672382e+04
1.670578e+04 1.805096e+01 1.672383e+04
1.670667e+04 1.717258e+01 1.672385e+04
1.670726e+04 1.659007e+01 1.672385e+04
1.670766e+04 1.620359e+01 1.672386e+04
1.670792e+04 1.594080e+01 1.672386e+04
1.670811e+04 1.575335e+01 1.672387e+04
1.670826e+04 1.561606e+01 1.672387e+04
1.670837e+04 1.550055e+01 1.672387e+04
1.670847e+04 1.540493e+01 1.672387e+04
1.670854e+04 1.532962e+01 1.672387e+04
1.670859e+04 1.528117e+01 1.672387e+04
1.670860e+04 1.527647e+01 1.672388e+04
1.670856e+04 1.532565e+01 1.672388e+04
1.670844e+04 1.544756e+01 1.672388e+04
1.670822e+04 1.565885e+01 1.672388e+04
1.670789e+04 1.598974e+01 1.672388e+04
1.670741e+04 1.646742e+01 1.672388e+04
1.670675e+04 1.712147e+01 1.672388e+04
1.670589e+04 1.798388e+01 1.672387e+04
1.670478e+04 1.908910e+01 1.672387e+04
1.670339e+04 2.047416e+01 1.672387e+04
1.670168e+04 2.218424e+01 1.672387e+04
1.669961e+04 2.426195e+01 1.672387e+04
1.669713e+04 2.673675e+01 1.672387e+04
1.669420e+04 2.966885e+01 1.672387e+04
1.669075e+04 3.311079e+01 1.672386e+04
1.668674e+04 3.711858e+01 1.672386e+04
1.668210e+04 4.175157e+01 1.672385e+04
1.667677e+04 4.707217e+01 1.672384e+04
1.667069e+04 5.314523e+01 1.672384e+04
1.666379e+04 6.003713e+01 1.672383e+04
1.665601e+04 6.781437e+01 1.672382e+04
1.664728e+04 7.654159e+01 1.672382e+04
1.663753e+04 8.627894e+01 1.672381e+04
1.662673e+04 9.707864e+01 1.672381e+04
1.661482e+04 1.089807e+02 1.672380e+04
1.660179e+04 1.220020e+02 1.672379e+04
1.658764e+04 1.361527e+02 1.672379e+04
1.657240e+04 1.513961e+02 1.672379e+04
1.655613e+04 1.676636e+02 1.672380e+04
1.653896e+04 1.848422e+02 1.672380e+04
1.652105e+04 2.027741e+02 1.672382e+04
1.650260e+04 2.212302e+02 1.672383e+04
1.648391e+04 2.399477e+02 1.672386e+04
1.646529e+04 2.585892e+02 1.672388e+04
1.644711e+04 2.767897e+02 1.672390e+04
1.642978e+04 2.941492e+02 1.672393e+04
1.641369e+04 3.102587e+02 1.672395e+04
1.639924e+04 3.247267e+02 1.672397e+04
1.638678e+04 3.372081e+02 1.672398e+04
1.637656e+04 3.474343e+02 1.672399e+04
1.636875e+04 3.552404e+02 1.672399e+04
1.636340e+04 3.605857e+02 1.672399e+04
1.636040e+04 3.635647e+02 1.672397e+04
1.635954e+04 3.644072e+02 1.672394e+04
1.636045e+04 3.634664e+02 1.672391e+04
1.636268e+04 3.611969e+02 1.672388e+04
1.636571e+04 3.581189e+02 1.672383e+04
1.636899e+04 3.548050e+02 1.672379e+04
1.637195e+04 3.518099e+02 1.672376e+04
1.637407e+04 3.496510e+02 1.672372e+04
1.637491e+04 3.487952e+02 1.672371e+04
1.637412e+04 3.495746e+02 1.672369e+04
1.637147e+04 3.522152e+02 1.672369e+04
1.636691e+04 3.567881e+02 1.672370e+04
1.636052e+04 3.632006e+02 1.672372e+04
1.635256e+04 3.711895e+02 1.672375e+04
1.634347e+04 3.803245e+02 1.672380e+04
1.633382e+04 3.900249e+02 1.672385e+04
1.632431e+04 3.995969e+02 1.672391e+04
1.631571e+04 4.082584e+02 1.672397e+04
1.630879e+04 4.152333e+02 1.672402e+04
1.630427e+04 4.197983e+02 1.672407e+04
1.630274e+04 4.213570e+02 1.672410e+04
1.630461e+04 4.194992e+02 1.672411e+04
1.631007e+04 4.140343e+02 1.672411e+04
1.631906e+04 4.050263e+02 1.672409e+04
1.633131e+04 3.927453e+02 1.672406e+04
1.634636e+04 3.776558e+02 1.672402e+04
1.636364e+04 3.603317e+02 1.672397e+04
1.638250e+04 3.414267e+02 1.672393e+04
1.640230e+04 3.215911e+02 1.672389e+04
1.642242e+04 3.014280e+02 1.672385e+04
1.644237e+04 2.814635e+02 1.672383e+04
1.646170e+04 2.621057e+02 1.672381e+04
1.648013e+04 2.436717e+02 1.672380e+04
1.649742e+04 2.263720e+02 1.672379e+04
1.651346e+04 2.103278e+02 1.672379e+04
1.652821e+04 1.955825e+02 1.672379e+04
1.654165e+04 1.821407e+02 1.672379e+04
1.655385e+04 1.699523e+02 1.672380e+04
1.656486e+04 1.589480e+02 1.672381e+04
1.657477e+04 1.490465e+02 1.672382e+04
1.658366e+04 1.401627e+02 1.672383e+04
1.659162e+04 1.322148e+02 1.672383e+04
1.659871e+04 1.251231e+02 1.672383e+04
1.660500e+04 1.188347e+02 1.672384e+04
1.661055e+04 1.132921e+02 1.672384e+04
1.661539e+04 1.084608e+02 1.672385e+04
1.661955e+04 1.043022e+02 1.672385e+04
1.662305e+04 1.008060e+02 1.672385e+04
1.662589e+04 9.796762e+01 1.672385e+04
1.662806e+04 9.578745e+01 1.672385e+04
1.662955e+04 9.429247e+01 1.672385e+04
1.663034e+04 9.350298e+01 1.672384e+04
1.663039e+04 9.345980e+01 1.672385e+04
1.662964e+04 9.419689e+01 1.672384e+04
1.662806e+04 9.576907e+01 1.672383e+04
1.662557e+04 9.825249e+01 1.672382e+04
1.662210e+04 1.017175e+02 1.672382e+04
1.661756e+04 1.062567e+02 1.672381e+04
1.661185e+04 1.119577e+02 1.672380e+04
1.660486e+04 1.189363e+02 1.672379e+04
1.659647e+04 1.273143e+02 1.672378e+04
1.658654e+04 1.372179e+02 1.672376e+04
1.657495e+04 1.487976e+02 1.672375e+04
1.656154e+04 1.621913e+02 1.672373e+04
1.654618e+04 1.775394e+02 1.672372e+04
1.652874e+04 1.949658e+02 1.672370e+04
1.650911e+04 2.145923e+02 1.672370e+04
1.648722e+04 2.364727e+02 1.672370e+04
1.646309e+04 2.605991e+02 1.672369e+04
1.643679e+04 2.869052e+02 1.672369e+04
1.640852e+04 3.151828e+02 1.672370e+04
1.637863e+04 3.451037e+02 1.672373e+04
1.634761e+04 3.761559e+02 1.672377e+04
1.631617e+04 4.076496e+02 1.672382e+04
1.628517e+04 4.387056e+02 1.672388e+04
1.625565e+04 4.682990e+02 1.672395e+04
1.622875e+04 4.952748e+02 1.672403e+04
1.620565e+04 5.184474e+02 1.672410e+04
1.618747e+04 5.366947e+02 1.672416e+04
1.617514e+04 5.490698e+02 1.672421e+04
1.616932e+04 5.549055e+02 1.672423e+04
1.617033e+04 5.538938e+02 1.672422e+04
1.617807e+04 5.461219e+02 1.672419e+04
1.619208e+04 5.320600e+02 1.672414e+04
1.621157e+04 5.125003e+02 1.672407e+04
1.623554e+04 4.884632e+02 1.672400e+04
1.626284e+04 4.610978e+02 1.672394e+04
1.629234e+04 4.315314e+02 1.672387e+04
1.632297e+04 4.008474e+02 1.672381e+04
1.635379e+04 3.699733e+02 1.672376e+04
1.638405e+04 3.396801e+02 1.672373e+04
1.641317e+04 3.105408e+02 1.672371e+04
1.644074e+04 2.829612e+02 1.672370e+04
1.646651e+04 2.571962e+02 1.672370e+04
1.649033e+04 2.333657e+02 1.672370e+04
1.651218e+04 2.115263e+02 1.672371e+04
1.653209e+04 1.916321e+02 1.672372e+04
1.655013e+04 1.735999e+02 1.672373e+04
1.656643e+04 1.573176e+02 1.672374e+04
1.658110e+04 1.426572e+02 1.672376e+04
1.659428e+04 1.294858e+02 1.672377e+04
1.660611e+04 1.176672e+02 1.672378e+04
1.661670e+04 1.070887e+02 1.672379e+04
1.662617e+04 9.763156e+01 1.672380e+04
1.663461e+04 8.919466e+01 1.672380e+04
1.664212e+04 8.168448e+01 1.672381e+04
1.664877e+04 7.503782e+01 1.672381e+04
1.665463e+04 6.918934e+01 1.672382e+04
1.665973e+04 6.409383e+01 1.672382e+04
1.666410e+04 5.972149e+01 1.672382e+04
1.666776e+04 5.605918e+01 1.672382e+04
1.667071e+04 5.311759e+01 1.672382e+04
1.667291e+04 5.090669e+01 1.672381e+04
1.667431e+04 4.949436e+01 1.672381e+04
1.667484e+04 4.895154e+01 1.672379e+04
1.667437e+04 4.940363e+01 1.672377e+04
1.667273e+04 5.102373e+01 1.672375e+04
1.666969e+04 5.403516e+01 1.672373e+04
1.666495e+04 5.874553e+01 1.672370e+04
1.665809e+04 6.556440e+01 1.672365e+04
1.664856e+04 7.502772e+01 1.672358e+04
1.663565e+04 8.785829e+01 1.672351e+04
1.661842e+04 1.049800e+02 1.672340e+04
1.659568e+04 1.275961e+02 1.672327e+04
1.656586e+04 1.572467e+02 1.672310e+04
1.652703e+04 1.958686e+02 1.672290e+04
1.647681e+04 2.458286e+02 1.672264e+04
1.641242e+04 3.099247e+02 1.672234e+04
1.633083e+04 3.912130e+02 1.672204e+04
1.622912e+04 4.926338e+02 1.672176e+04
1.610528e+04 6.162950e+02 1.672158e+04
1.595939e+04 7.622445e+02 1.672163e+04
1.579532e+04 9.267385e+02 1.672205e+04
1.562252e+04 1.100415e+03 1.672293e+04
1.545689e+04 1.267315e+03 1.672421e+04
1.531950e+04 1.406100e+03 1.672560e+04
1.523207e+04 1.494554e+03 1.672662e+04
1.521027e+04 1.516601e+03 1.672687e+04
1.525780e+04 1.468414e+03 1.672622e+04
1.536491e+04 1.360049e+03 1.672495e+04
1.551221e+04 1.211351e+03 1.672356e+04
1.567755e+04 1.044900e+03 1.672245e+04
1.584188e+04 8.799121e+02 1.672180e+04
1.599229e+04 7.292711e+02 1.672156e+04
1.612208e+04 5.995467e+02 1.672163e+04
1.622935e+04 4.925148e+02 1.672186e+04
1.631515e+04 4.070155e+02 1.672216e+04
1.638201e+04 3.404577e+02 1.672246e+04
1.643292e+04 2.898110e+02 1.672274e+04
1.647080e+04 2.521585e+02 1.672296e+04
1.649819e+04 2.249516e+02 1.672315e+04
1.651720e+04 2.060889e+02 1.672329e+04
1.652949e+04 1.939050e+02 1.672340e+04
1.653636e+04 1.871147e+02 1.672347e+04
1.653876e+04 1.847736e+02 1.672353e+04
1.653738e+04 1.861854e+02 1.672357e+04
1.653272e+04 1.908715e+02 1.672359e+04
1.652508e+04 1.985158e+02 1.672360e+04
1.651465e+04 2.089484e+02 1.672360e+04
1.650152e+04 2.220862e+02 1.672361e+04
1.648570e+04 2.379024e+02 1.672360e+04
1.646717e+04 2.564238e+02 1.672359e+04
1.644591e+04 2.776773e+02 1.672358e+04
1.642192e+04 3.016593e+02 1.672358e+04
1.639528e+04 3.282960e+02 1.672358e+04
1.636619e+04 3.574046e+02 1.672360e+04
1.633500e+04 3.886197e+02 1.672362e+04
1.630225e+04 4.214042e+02 1.672366e+04
1.626875e+04 4.549610e+02 1.672372e+04
1.623554e+04 4.882470e+02 1.672379e+04
1.620389e+04 5.199852e+02 1.672388e+04
1.617525e+04 5.487231e+02 1.672397e+04
1.615113e+04 5.729352e+02 1.672406e+04
1.613298e+04 5.911593e+02 1.672414e+04
1.612201e+04 6.021800e+02 1.672419e+04
1.611906e+04 6.051511e+02 1.672421e+04
1.612447e+04 5.997326e+02 1.672420e+04
1.613802e+04 5.861408e+02 1.672416e+04
1.615898e+04 5.650931e+02 1.672408e+04
1.618622e+04 5.377639e+02 1.672399e+04
1.621831e+04 5.055771e+02 1.672389e+04
1.625370e+04 4.700918e+02 1.672380e+04
1.629090e+04 4.328133e+02 1.672372e+04
1.632855e+04 3.950989e+02 1.672365e+04
1.636553e+04 3.580743e+02 1.672360e+04
1.640095e+04 3.226248e+02 1.672357e+04
1.643419e+04 2.893668e+02 1.672356e+04
1.646486e+04 2.586953e+02 1.672356e+04
1.649275e+04 2.308169e+02 1.672356e+04
1.651778e+04 2.057923e+02 1.672358e+04
1.654002e+04 1.835759e+02 1.672359e+04
1.655956e+04 1.640508e+02 1.672361e+04
1.657657e+04 1.470565e+02 1.672363e+04
1.659124e+04 1.324107e+02 1.672365e+04
1.660374e+04 1.199193e+02 1.672366e+04
1.661427e+04 1.094086e+02 1.672368e+04
1.662299e+04 1.006993e+02 1.672369e+04
1.663007e+04 9.363209e+01 1.672370e+04
1.663565e+04 8.806325e+01 1.672372e+04
1.663986e+04 8.386495e+01 1.672373e+04
1.664281e+04 8.092417e+01 1.672373e+04
1.664460e+04 7.914067e+01 1.672374e+04
1.664532e+04 7.842475e+01 1.672375e+04
1.664506e+04 7.869479e+01 1.672375e+04
1.664389e+04 7.987452e+01 1.672376e+04
1.664187e+04 8.188485e+01 1.672376e+04
1.663910e+04 8.466317e+01 1.672377e+04
1.663564e+04 8.812817e+01 1.672377e+04
1.663158e+04 9.219931e+01 1.672378e+04
1.662699e+04 9.678956e+01 1.672378e+04
1.662199e+04 1.018040e+02 1.672379e+04
1.661666e+04 1.071390e+02 1.672380e+04
1.661112e+04 1.126823e+02 1.672381e+04
1.660550e+04 1.183081e+02 1.672381e+04
1.659992e+04 1.239009e+02 1.672382e+04
1.659450e+04 1.293307e+02 1.672383e+04
1.658939e+04 1.344570e+02 1.672384e+04
1.658469e+04 1.391605e+02 1.672385e+04
1.658053e+04 1.433210e+02 1.672385e+04
1.657701e+04 1.468507e+02 1.672386e+04
1.657419e+04 1.496674e+02 1.672386e+04
1.657214e+04 1.517220e+02 1.672386e+04
1.657086e+04 1.530037e+02 1.672386e+04
1.657034e+04 1.535229e+02 1.672386e+04
1.657050e+04 1.533477e+02 1.672385e+04
1.657125e+04 1.525845e+02 1.672384e+04
1.657244e+04 1.513861e+02 1.672382e+04
1.657385e+04 1.499528e+02 1.672380e+04
1.657524e+04 1.485403e+02 1.672379e+04
1.657632e+04 1.474399e+02 1.672376e+04
1.657671e+04 1.470151e+02 1.672372e+04
1.657600e+04 1.476906e+02 1.672369e+04
1.657370e+04 1.499438e+02 1.672364e+04
1.656924e+04 1.543472e+02 1.672359e+04
1.656197e+04 1.615581e+02 1.672353e+04
1.655112e+04 1.723307e+02 1.672345e+04
1.653581e+04 1.875481e+02 1.672336e+04
1.651507e+04 2.081922e+02 1.672327e+04
1.648781e+04 2.353538e+02 1.672316e+04
1.645286e+04 2.701947e+02 1.672305e+04
1.640910e+04 3.138453e+02 1.672295e+04
1.635556e+04 3.672884e+02 1.672285e+04
1.629167e+04 4.311322e+02 1.672280e+04
1.621756e+04 5.052666e+02 1.672283e+04
1.613449e+04 5.884595e+02 1.672295e+04
1.604523e+04 6.779656e+02 1.672320e+04
1.595437e+04 7.692072e+02 1.672357e+04
1.586824e+04 8.558023e+02 1.672404e+04
1.579437e+04 9.301510e+02 1.672452e+04
1.574034e+04 9.845658e+02 1.672490e+04
1.571214e+04 1.012960e+03 1.672510e+04
1.571278e+04 1.012263e+03 1.672504e+04
1.574143e+04 9.833227e+02 1.672475e+04
1.579365e+04 9.306463e+02 1.672430e+04
1.586259e+04 8.612079e+02 1.672380e+04
1.594053e+04 7.828374e+02 1.672337e+04
1.602036e+04 7.026921e+02 1.672305e+04
1.609648e+04 6.263799e+02 1.672286e+04
1.616518e+04 5.576108e+02 1.672279e+04
1.622447e+04 4.983391e+02 1.672281e+04
1.627375e+04 4.491369e+02 1.672289e+04
1.631337e+04 4.096334e+02 1.672300e+04
1.634424e+04 3.788783e+02 1.672312e+04
1.636756e+04 3.556745e+02 1.672324e+04
1.638458e+04 3.387657e+02 1.672334e+04
1.639645e+04 3.269801e+02 1.672343e+04
1.640418e+04 3.193140e+02 1.672350e+04
1.640856e+04 3.149864e+02 1.672355e+04
1.641013e+04 3.134465e+02 1.672358e+04
1.640919e+04 3.143947e+02 1.672359e+04
1.640578e+04 3.177921e+02 1.672357e+04
1.639970e+04 3.238304e+02 1.672353e+04
1.639053e+04 3.329476e+02 1.672348e+04
1.637763e+04 3.457801e+02 1.672341e+04
1.636016e+04 3.631674e+02 1.672333e+04
1.633710e+04 3.861280e+02 1.672323e+04
1.630728e+04 4.158348e+02 1.672311e+04
1.626941e+04 4.535797e+02 1.672299e+04
1.622214e+04 5.007148e+02 1.672286e+04
1.616418e+04 5.585587e+02 1.672274e+04
1.609442e+04 6.282037e+02 1.672263e+04
1.601226e+04 7.103114e+02 1.672257e+04
1.591791e+04 8.046792e+02 1.672259e+04
1.581296e+04 9.097752e+02 1.672274e+04
1.570084e+04 1.022188e+03 1.672303e+04
1.558730e+04 1.136189e+03 1.672349e+04
1.548037e+04 1.243715e+03 1.672408e+04
1.538975e+04 1.334951e+03 1.672470e+04
1.532528e+04 1.399929e+03 1.672521e+04
1.529484e+04 1.430616e+03 1.672546e+04
1.530232e+04 1.423050e+03 1.672537e+04
1.534648e+04 1.378494e+03 1.672498e+04
1.542131e+04 1.303076e+03 1.672438e+04
1.551766e+04 1.206095e+03 1.672375e+04
1.562544e+04 1.097765e+03 1.672321e+04
1.573556e+04 9.872595e+02 1.672282e+04
1.584103e+04 8.815764e+02 1.672260e+04
1.593729e+04 7.852367e+02 1.672253e+04
1.602200e+04 7.005648e+02 1.672256e+04
1.609443e+04 6.282313e+02 1.672266e+04
1.615496e+04 5.678271e+02 1.672279e+04
1.620457e+04 5.183480e+02 1.672292e+04
1.624449e+04 4.785640e+02 1.672305e+04
1.627593e+04 4.472168e+02 1.672315e+04
1.629999e+04 4.232361e+02 1.672323e+04
1.631750e+04 4.057846e+02 1.672329e+04
1.632903e+04 3.942874e+02 1.672332e+04
1.633484e+04 3.884763e+02 1.672332e+04
1.633494e+04 3.883653e+02 1.672330e+04
1.632905e+04 3.942133e+02 1.672326e+04
1.631667e+04 4.065253e+02 1.672320e+04
1.629714e+04 4.259872e+02 1.672313e+04
1.626963e+04 4.534064e+02 1.672304e+04
1.623330e+04 4.896508e+02 1.672295e+04
1.618738e+04 5.354969e+02 1.672288e+04
1.613134e+04 5.914860e+02 1.672283e+04
1.606513e+04 6.576958e+02 1.672282e+04
1.598941e+04 7.334661e+02 1.672288e+04
1.590592e+04 8.171028e+02 1.672303e+04
1.581763e+04 9.056304e+02 1.672326e+04
1.572888e+04 9.947125e+02 1.672359e+04
1.564512e+04 1.078843e+03 1.672396e+04
1.557232e+04 1.151989e+03 1.672431e+04
1.551601e+04 1.208543e+03 1.672455e+04
1.548016e+04 1.244485e+03 1.672465e+04
1.546628e+04 1.258282e+03 1.672456e+04
1.547304e+04 1.251268e+03 1.672431e+04
1.549669e+04 1.227281e+03 1.672397e+04
1.553192e+04 1.191688e+03 1.672361e+04
1.557306e+04 1.150242e+03 1.672330e+04
1.561505e+04 1.108026e+03 1.672308e+04
1.565414e+04 1.068831e+03 1.672297e+04
1.568805e+04 1.034903e+03 1.672295e+04
1.571593e+04 1.007072e+03 1.672300e+04
1.573804e+04 9.850598e+02 1.672310e+04
1.575538e+04 9.678471e+02 1.672322e+04
1.576931e+04 9.540341e+02 1.672335e+04
1.578134e+04 9.421238e+02 1.672346e+04
1.579284e+04 9.307104e+02 1.672355e+04
1.580503e+04 9.186025e+02 1.672364e+04
1.581889e+04 9.048205e+02 1.672371e+04
1.583520e+04 8.885721e+02 1.672377e+04
1.585458e+04 8.692372e+02 1.672382e+04
1.587755e+04 8.463194e+02 1.672387e+04
1.590448e+04 8.194270e+02 1.672390e+04
1.593559e+04 7.883395e+02 1.672393e+04
1.597092e+04 7.530127e+02 1.672393e+04
1.601025e+04 7.136577e+02 1.672391e+04
1.605310e+04 6.707595e+02 1.672386e+04
1.609875e+04 6.250573e+02 1.672381e+04
1.614627e+04 5.774801e+02 1.672375e+04
1.619460e+04 5.290739e+02 1.672368e+04
1.624269e+04 4.809231e+02 1.672362e+04
1.628954e+04 4.340224e+02 1.672356e+04
1.633427e+04 3.892518e+02 1.672352e+04
1.637620e+04 3.472957e+02 1.672350e+04
1.641483e+04 3.086510e+02 1.672348e+04
1.644985e+04 2.736298e+02 1.672348e+04
1.648110e+04 2.423838e+02 1.672349e+04
1.650856e+04 2.149379e+02 1.672350e+04
1.653229e+04 1.912255e+02 1.672351e+04
1.655241e+04 1.711237e+02 1.672353e+04
1.656906e+04 1.544841e+02 1.672354e+04
1.658240e+04 1.411588e+02 1.672356e+04
1.659254e+04 1.310226e+02 1.672356e+04
1.659958e+04 1.239903e+02 1.672357e+04
1.660353e+04 1.200262e+02 1.672356e+04
1.660437e+04 1.191783e+02 1.672355e+04
1.660198e+04 1.215571e+02 1.672353e+04
1.659614e+04 1.273678e+02 1.672351e+04
1.658656e+04 1.369147e+02 1.672347e+04
1.657281e+04 1.506047e+02 1.672342e+04
1.655439e+04 1.689758e+02 1.672336e+04
1.653062e+04 1.926673e+02 1.672329e+04
1.650078e+04 2.224362e+02 1.672321e+04
1.646399e+04 2.591327e+02 1.672312e+04
1.641937e+04 3.036615e+02 1.672303e+04
1.636603e+04 3.569121e+02 1.672294e+04
1.630321e+04 4.196493e+02 1.672286e+04
1.623045e+04 4.923563e+02 1.672281e+04
1.614777e+04 5.750293e+02 1.672280e+04
1.605591e+04 6.669459e+02 1.672285e+04
1.595656e+04 7.664158e+02 1.672297e+04
1.585250e+04 8.706669e+02 1.672317e+04
1.574757e+04 9.758469e+02 1.672342e+04
1.564639e+04 1.077310e+03 1.672370e+04
1.555382e+04 1.170132e+03 1.672395e+04
1.547428e+04 1.249851e+03 1.672413e+04
1.541114e+04 1.313089e+03 1.672423e+04
1.536632e+04 1.357918e+03 1.672424e+04
1.534044e+04 1.383763e+03 1.672421e+04
1.533322e+04 1.390942e+03 1.672417e+04
1.534406e+04 1.380086e+03 1.672414e+04
1.537235e+04 1.351782e+03 1.672414e+04
1.541757e+04 1.306561e+03 1.672413e+04
1.547882e+04 1.245251e+03 1.672407e+04
1.555451e+04 1.169434e+03 1.672395e+04
1.564202e+04 1.081731e+03 1.672375e+04
1.573781e+04 9.857161e+02 1.672353e+04
1.583777e+04 8.855289e+02 1.672330e+04
1.593779e+04 7.853248e+02 1.672312e+04
1.603424e+04 6.887355e+02 1.672298e+04
1.612432e+04 5.985854e+02 1.672291e+04
1.620618e+04 5.167154e+02 1.672289e+04
1.627886e+04 4.440711e+02 1.672293e+04
1.634216e+04 3.808395e+02 1.672300e+04
1.639640e+04 3.266841e+02 1.672308e+04
1.644226e+04 2.809164e+02 1.672317e+04
1.648061e+04 2.426607e+02 1.672327e+04
1.651238e+04 2.109778e+02 1.672336e+04
1.653851e+04 1.849172e+02 1.672343e+04
1.655988e+04 1.636147e+02 1.672350e+04
1.657727e+04 1.462857e+02 1.672356e+04
1.659138e+04 1.322345e+02 1.672361e+04
1.660281e+04 1.208494e+02 1.672366e+04
1.661207e+04 1.116251e+02 1.672369e+04
1.661959e+04 1.041319e+02 1.672372e+04
1.662573e+04 9.801203e+01 1.672375e+04
1.663080e+04 9.297042e+01 1.672377e+04
1.663502e+04 8.877094e+01 1.672379e+04
1.663859e+04 8.520666e+01 1.672380e+04
1.664169e+04 8.212547e+01 1.672381e+04
1.664442e+04 7.940192e+01 1.672382e+04
1.664689e+04 7.693741e+01 1.672383e+04
1.664918e+04 7.465006e+01 1.672383e+04
1.665134e+04 7.249297e+01 1.672383e+04
1.665341e+04 7.041255e+01 1.672383e+04
1.665544e+04 6.839504e+01 1.672383e+04
1.665743e+04 6.640434e+01 1.672383e+04
1.665940e+04 6.442920e+01 1.672383e+04
1.666135e+04 6.247617e+01 1.672383e+04
1.666329e+04 6.053554e+01 1.672382e+04
1.666520e+04 5.862403e+01 1.672382e+04
1.666708e+04 5.675094e+01 1.672383e+04
1.666891e+04 5.491721e+01 1.672383e+04
1.667068e+04 5.314255e+01 1.672383e+04
1.667238e+04 5.144245e+01 1.672382e+04
1.667399e+04 4.983320e+01 1.672382e+04
1.667549e+04 4.833138e+01 1.672382e+04
1.667687e+04 4.695345e+01 1.672382e+04
1.667810e+04 4.571527e+01 1.672382e+04
1.667919e+04 4.463175e+01 1.672382e+04
1.668010e+04 4.371652e+01 1.672382e+04
1.668083e+04 4.298159e+01 1.672382e+04
1.668138e+04 4.243713e+01 1.672382e+04
1.668172e+04 4.209666e+01 1.672382e+04
1.668187e+04 4.196027e+01 1.672383e+04
1.668180e+04 4.202046e+01 1.672382e+04
1.668153e+04 4.229432e+01 1.672382e+04
1.668105e+04 4.277967e+01 1.672383e+04
1.668037e+04 4.345508e+01 1.672382e+04
1.667949e+04 4.433448e+01 1.672383e+04
1.667844e+04 4.539598e+01 1.672383e+04
1.667721e+04 4.662026e+01 1.672384e+04
1.667584e+04 4.799608e+01 1.672384e+04
1.667433e+04 4.950377e+01 1.672384e+04
1.667272e+04 5.112644e+01 1.672385e+04
1.667102e+04 5.282270e+01 1.672384e+04
1.666926e+04 5.458213e+01 1.672384e+04
1.666748e+04 5.637039e+01 1.672385e+04
1.666569e+04 5.815719e+01 1.672385e+04
1.666394e+04 5.990579e+01 1.672385e+04
1.666225e+04 6.159558e+01 1.672385e+04
1.666066e+04 6.318969e+01 1.672385e+04
1.665919e+04 6.465763e+01 1.672385e+04
1.665788e+04 6.597042e+01 1.672385e+04
1.665675e+04 6.710669e+01 1.672386e+04
1.665583e+04 6.802592e+01 1.672386e+04
1.665513e+04 6.872404e+01 1.672386e+04
1.665468e+04 6.917888e+01 1.672386e+04
1.665448e+04 6.937796e+01 1.672386e+04
1.665455e+04 6.931333e+01 1.672386e+04
1.665488e+04 6.898172e+01 1.672386e+04
1.665548e+04 6.838453e+01 1.672386e+04
1.665633e+04 6.752769e+01 1.672386e+04
1.665744e+04 6.642145e+01 1.672386e+04
1.665878e+04 6.508540e+01 1.672386e+04
1.666034e+04 6.352607e+01 1.672386e+04
1.666209e+04 6.177492e+01 1.672387e+04
1.666402e+04 5.984400e+01 1.672386e+04
1.666610e+04 5.776340e+01 1.672386e+04
1.666830e+04 5.555895e+01 1.672386e+04
1.667060e+04 5.325715e+01 1.672386e+04
1.667297e+04 5.088468e+01 1.672386e+04
1.667539e+04 4.846804e+01 1.672385e+04
1.667782e+04 4.603322e+01 1.672385e+04
1.668024e+04 4.360554e+01 1.672385e+04
1.668264e+04 4.120953e+01 1.672385e+04
1.668498e+04 3.886903e+01 1.672385e+04
1.668724e+04 3.660733e+01 1.672385e+04
1.668940e+04 3.444200e+01 1.672384e+04
1.669143e+04 3.240733e+01 1.672384e+04
1.669331e+04 3.052757e+01 1.672384e+04
1.669502e+04 2.881800e+01 1.672384e+04
1.669652e+04 2.731343e+01 1.672383e+04
1.669778e+04 2.604780e+01 1.672383e+04
1.669877e+04 2.506176e+01 1.672383e+04
1.669942e+04 2.440547e+01 1.672382e+04
1.669967e+04 2.414217e+01 1.672382e+04
1.669945e+04 2.435305e+01 1.672381e+04
1.669865e+04 2.514375e+01 1.672380e+04
1.669713e+04 2.665317e+01 1.672378e+04
1.669469e+04 2.906544e+01 1.672376e+04
1.669111e+04 3.262616e+01 1.672373e+04
1.668603e+04 3.766462e+01 1.672370e+04
1.667902e+04 4.462411e+01 1.672365e+04
1.666948e+04 5.410304e+01 1.672358e+04
1.665658e+04 6.691593e+01 1.672349e+04
1.663922e+04 8.414600e+01 1.672337e+04
1.661593e+04 1.072746e+02 1.672320e+04
1.658470e+04 1.382809e+02 1.672298e+04
1.654289e+04 1.797910e+02 1.672268e+04
1.648708e+04 2.352251e+02 1.672230e+04
1.641293e+04 3.089018e+02 1.672183e+04
1.631529e+04 4.059952e+02 1.672129e+04
1.618858e+04 5.321463e+02 1.672072e+04
1.602787e+04 6.924044e+02 1.672028e+04
1.583111e+04 8.890825e+02 1.672019e+04
1.560252e+04 1.118265e+03 1.672079e+04
1.535682e+04 1.365482e+03 1.672231e+04
1.512189e+04 1.602775e+03 1.672467e+04
1.493609e+04 1.791072e+03 1.672716e+04
1.483755e+04 1.891116e+03 1.672867e+04
1.484850e+04 1.879849e+03 1.672835e+04
1.496435e+04 1.762048e+03 1.672640e+04
1.515601e+04 1.567819e+03 1.672383e+04
1.538356e+04 1.338125e+03 1.672169e+04
1.561118e+04 1.109291e+03 1.672047e+04
1.581524e+04 9.048878e+02 1.672013e+04
1.598484e+04 7.355193e+02 1.672036e+04
1.611829e+04 6.025823e+02 1.672087e+04
1.621898e+04 5.024612e+02 1.672145e+04
1.629239e+04 4.295897e+02 1.672198e+04
1.634423e+04 3.782036e+02 1.672244e+04
1.637966e+04 3.431454e+02 1.672281e+04
1.640297e+04 3.201201e+02 1.672309e+04
1.641763e+04 3.056789e+02 1.672331e+04
1.642635e+04 2.971344e+02 1.672349e+04
1.643124e+04 2.923781e+02 1.672362e+04
1.643392e+04 2.897937e+02 1.672372e+04
1.643562e+04 2.881670e+02 1.672379e+04
1.643724e+04 2.865969e+02 1.672384e+04
1.643943e+04 2.844464e+02 1.672387e+04
1.644259e+04 2.812998e+02 1.672389e+04
1.644697e+04 2.769278e+02 1.672390e+04
1.645265e+04 2.712612e+02 1.672391e+04
1.645956e+04 2.643390e+02 1.672390e+04
1.646758e+04 2.563115e+02 1.672389e+04
1.647648e+04 2.473909e+02 1.672387e+04
1.648603e+04 2.378300e+02 1.672386e+04
1.649594e+04 2.278874e+02 1.672383e+04
1.650596e+04 2.178523e+02 1.672381e+04
1.651584e+04 2.079682e+02 1.672381e+04
1.652535e+04 1.984432e+02 1.672380e+04
1.653432e+04 1.894704e+02 1.672379e+04
1.654261e+04 1.811800e+02 1.672379e+04
1.655011e+04 1.736769e+02 1.672379e+04
1.655677e+04 1.670197e+02 1.672379e+04
1.656256e+04 1.612290e+02 1.672379e+04
1.656750e+04 1.562914e+02 1.672380e+04
1.657164e+04 1.521635e+02 1.672380e+04
1.657503e+04 1.487768e+02 1.672381e+04
1.657778e+04 1.460477e+02 1.672382e+04
1.657997e+04 1.438554e+02 1.672383e+04
1.658174e+04 1.421012e+02 1.672384e+04
1.658319e+04 1.406584e+02 1.672385e+04
1.658445e+04 1.394045e+02 1.672386e+04
1.658565e+04 1.382252e+02 1.672387e+04
1.658688e+04 1.369976e+02 1.672388e+04
1.658826e+04 1.356263e+02 1.672389e+04
1.658987e+04 1.340248e+02 1.672389e+04
1.659177e+04 1.321293e+02 1.672390e+04
1.659402e+04 1.298791e+02 1.672390e+04
1.659665e+04 1.272557e+02 1.672391e+04
1.659967e+04 1.242389e+02 1.672391e+04
1.660306e+04 1.208451e+02 1.672391e+04
1.660680e+04 1.171032e+02 1.672390e+04
1.661084e+04 1.130583e+02 1.672390e+04
1.661512e+04 1.087693e+02 1.672389e+04
1.661958e+04 1.043053e+02 1.672389e+04
1.662414e+04 9.974309e+01 1.672388e+04
1.662871e+04 9.516910e+01 1.672388e+04
1.663322e+04 9.065530e+01 1.672387e+04
1.663758e+04 8.628409e+01 1.672386e+04
1.664171e+04 8.214643e+01 1.672386e+04
1.664554e+04 7.831319e+01 1.672385e+04
1.664899e+04 7.485076e+01 1.672384e+04
1.665200e+04 7.183723e+01 1.672384e+04
1.665450e+04 6.932947e+01 1.672383e+04
1.665644e+04 6.738542e+01 1.672383e+04
1.665777e+04 6.605934e+01 1.672382e+04
1.665842e+04 6.540809e+01 1.672383e+04
1.665835e+04 6.547578e+01 1.672383e+04
1.665752e+04 6.630564e+01 1.672382e+04
1.665587e+04 6.795171e+01 1.672382e+04
1.665335e+04 7.046322e+01 1.672382e+04
1.664992e+04 7.389039e+01 1.672381e+04
1.664552e+04 7.828456e+01 1.672381e+04
1.664010e+04 8.369773e+01 1.672380e+04
1.663361e+04 9.018153e+01 1.672380e+04
1.662601e+04 9.777996e+01 1.672379e+04
1.661723e+04 1.065488e+02 1.672378e+04
1.660726e+04 1.165245e+02 1.672378e+04
1.659606e+04 1.277195e+02 1.672378e+04
1.658364e+04 1.401438e+02 1.672378e+04
1.657001e+04 1.537705e+02 1.672378e+04
1.655522e+04 1.685557e+02 1.672378e+04
1.653939e+04 1.843969e+02 1.672379e+04
1.652265e+04 2.011525e+02 1.672380e+04
1.650521e+04 2.186068e+02 1.672382e+04
1.648734e+04 2.364985e+02 1.672384e+04
1.646937e+04 2.544968e+02 1.672387e+04
1.645168e+04 2.722107e+02 1.672389e+04
1.643473e+04 2.891990e+02 1.672392e+04
1.641897e+04 3.049868e+02 1.672396e+04
1.640490e+04 3.190890e+02 1.672399e+04
1.639298e+04 3.310399e+02 1.672402e+04
1.638361e+04 3.404249e+02 1.672404e+04
1.637714e+04 3.469125e+02 1.672405e+04
1.637378e+04 3.502814e+02 1.672406e+04
1.637362e+04 3.504397e+02 1.672406e+04
1.637661e+04 3.474328e+02 1.672404e+04
1.638258e+04 3.414392e+02 1.672402e+04
1.639124e+04 3.327537e+02 1.672400e+04
1.640220e+04 3.217573e+02 1.672396e+04
1.641502e+04 3.089078e+02 1.672393e+04
1.642923e+04 2.946690e+02 1.672389e+04
1.644434e+04 2.795239e+02 1.672387e+04
1.645993e+04 2.639114e+02 1.672384e+04
1.647559e+04 2.482285e+02 1.672382e+04
1.649099e+04 2.328192e+02 1.672381e+04
1.650585e+04 2.179472e+02 1.672380e+04
1.651996e+04 2.038287e+02 1.672379e+04
1.653317e+04 1.906150e+02 1.672378e+04
1.654538e+04 1.784103e+02 1.672379e+04
1.655653e+04 1.672581e+02 1.672379e+04
1.656661e+04 1.571771e+02 1.672379e+04
1.657562e+04 1.481696e+02 1.672379e+04
1.658359e+04 1.402023e+02 1.672380e+04
1.659057e+04 1.332391e+02 1.672381e+04
1.659659e+04 1.272198e+02 1.672381e+04
1.660172e+04 1.220973e+02 1.672382e+04
1.660600e+04 1.178181e+02 1.672382e+04
1.660949e+04 1.143308e+02 1.672383e+04
1.661224e+04 1.115874e+02 1.672383e+04
1.661429e+04 1.095437e+02 1.672383e+04
1.661568e+04 1.081650e+02 1.672384e+04
1.661644e+04 1.074042e+02 1.672384e+04
1.661661e+04 1.072339e+02 1.672385e+04
1.661623e+04 1.076233e+02 1.672385e+04
1.661531e+04 1.085369e+02 1.672385e+04
1.661389e+04 1.099548e+02 1.672385e+04
1.661201e+04 1.118445e+02 1.672386e+04
1.660970e+04 1.141585e+02 1.672386e+04
1.660700e+04 1.168607e+02 1.672386e+04
1.660396e+04 1.199027e+02 1.672387e+04
1.660064e+04 1.232282e+02 1.672387e+04
1.659711e+04 1.267724e+02 1.672388e+04
1.659342e+04 1.304556e+02 1.672388e+04
1.658968e+04 1.342057e+02 1.672388e+04
1.658597e+04 1.379258e+02 1.672389e+04
1.658238e+04 1.415180e+02 1.672390e+04
1.657903e+04 1.448794e+02 1.672391e+04
1.657601e+04 1.479052e+02 1.672391e+04
1.657343e+04 1.504924e+02 1.672392e+04
1.657139e+04 1.525428e+02 1.672393e+04
1.656997e+04 1.539732e+02 1.672394e+04
1.656925e+04 1.546965e+02 1.672394e+04
1.656929e+04 1.546590e+02 1.672395e+04
1.657013e+04 1.538204e+02 1.672395e+04
1.657179e+04 1.521674e+02 1.672395e+04
1.657426e+04 1.496973e+02 1.672396e+04
1.657752e+04 1.464299e+02 1.672395e+04
1.658153e+04 1.424104e+02 1.672394e+04
1.658622e+04 1.377134e+02 1.672394e+04
1.659152e+04 1.324120e+02 1.672393e+04
1.659733e+04 1.265957e+02 1.672392e+04
1.660356e+04 1.203669e+02 1.672392e+04
1.661010e+04 1.138149e+02 1.672392e+04
1.661686e+04 1.070449e+02 1.672391e+04
1.662375e+04 1.001530e+02 1.672390e+04
1.663067e+04 9.322892e+01 1.672390e+04
1.663754e+04 8.635380e+01 1.672389e+04
1.664429e+04 7.959351e+01 1.672388e+04
1.665086e+04 7.301977e+01 1.672388e+04
1.665720e+04 6.667143e+01 1.672387e+04
1.666327e+04 6.059867e+01 1.672387e+04
1.666904e+04 5.482536e+01 1.672387e+04
1.667450e+04 4.937156e+01 1.672387e+04
1.667962e+04 4.424910e+01 1.672387e+04
1.668441e+04 3.946275e+01 1.672387e+04
1.668886e+04 3.501129e+01 1.672387e+04
1.669298e+04 3.088861e+01 1.672387e+04
1.669679e+04 2.708470e+01 1.672387e+04
1.670029e+04 2.358665e+01 1.672387e+04
1.670350e+04 2.037939e+01 1.672388e+04
1.670643e+04 1.744648e+01 1.672388e+04
1.670911e+04 1.477066e+01 1.672388e+04
1.671155e+04 1.233441e+01 1.672388e+04
1.671376e+04 1.012035e+01 1.672388e+04
1.671577e+04 8.111548e+00 1.672388e+04
1.671759e+04 6.291802e+00 1.672388e+04
1.671924e+04 4.640288e+00 1.672388e+04
1.672073e+04 3.153725e+00 1.672388e+04
1.672207e+04 1.813633e+00 1.672388e+04
1.672327e+04 6.081537e-01 1.672388e+04
1.672436e+04 -4.678672e-01 1.672389e+04
1.672532e+04 -1.434826e+00 1.672389e+04
1.672619e+04 -2.289790e+00 1.672390e+04
1.672695e+04 -3.050701e+00 1.672390e+04
1.672761e+04 -3.717677e+00 1.672390e+04
1.672819e+04 -4.300855e+00 1.672389e+04
1.672868e+04 -4.798224e+00 1.672389e+04
1.672909e+04 -5.212331e+00 1.672388e+04
1.672942e+04 -5.538911e+00 1.672388e+04
1.672967e+04 -5.783955e+00 1.672388e+04
1.672983e+04 -5.952656e+00 1.672388e+04
1.672991e+04 -6.033014e+00 1.672388e+04
1.672990e+04 -6.028584e+00 1.672388e+04
1.672981e+04 -5.936955e+00 1.672388e+04
1.672963e+04 -5.755205e+00 1.672387e+04
1.672935e+04 -5.485492e+00 1.672387e+04
1.672898e+04 -5.113335e+00 1.672387e+04
1.672851e+04 -4.640313e+00 1.672387e+04
1.672793e+04 -4.062555e+00 1.672387e+04
1.672724e+04 -3.376232e+00 1.672387e+04
1.672645e+04 -2.577657e+00 1.672387e+04
1.672553e+04 -1.663355e+00 1.672387e+04
1.672450e+04 -6.301115e-01 1.672387e+04
1.672334e+04 5.194652e-01 1.672386e+04
1.672206e+04 1.799183e+00 1.672386e+04
1.672065e+04 3.206380e+00 1.672386e+04
1.671912e+04 4.744112e+00 1.672386e+04
1.671744e+04 6.416129e+00 1.672386e+04
1.671563e+04 8.227470e+00 1.672386e+04
1.671367e+04 1.018526e+01 1.672386e+04
1.671156e+04 1.229976e+01 1.672386e+04
1.670927e+04 1.459107e+01 1.672386e+04
1.670679e+04 1.706899e+01 1.672386e+04
1.670409e+04 1.976764e+01 1.672386e+04
1.670112e+04 2.272594e+01 1.672385e+04
1.669785e+04 2.599568e+01 1.672384e+04
1.669419e+04 2.964461e+01 1.672384e+04
1.669007e+04 3.375989e+01 1.672383e+04
1.668536e+04 3.845191e+01 1.672382e+04
1.667994e+04 4.385848e+01 1.672380e+04
1.667364e+04 5.014375e+01 1.672378e+04
1.666623e+04 5.752465e+01 1.672376e+04
1.665749e+04 6.624796e+01 1.672374e+04
1.664712e+04 7.659387e+01 1.672371e+04
1.663477e+04 8.890562e+01 1.672368e+04
1.662007e+04 1.035673e+02 1.672364e+04
1.660259e+04 1.210045e+02 1.672360e+04
1.658188e+04 1.416735e+02 1.672355e+04
1.655747e+04 1.660352e+02 1.672350e+04
1.652892e+04 1.945423e+02 1.672346e+04
1.649587e+04 2.275546e+02 1.672343e+04
1.645812e+04 2.652884e+02 1.672341e+04
1.641570e+04 3.077153e+02 1.672341e+04
1.636900e+04 3.544484e+02 1.672345e+04
1.631890e+04 4.046215e+02 1.672352e+04
1.626685e+04 4.567855e+02 1.672364e+04
1.621494e+04 5.088568e+02 1.672380e+04
1.616583e+04 5.581626e+02 1.672399e+04
1.612257e+04 6.016135e+02 1.672419e+04
1.608832e+04 6.360505e+02 1.672437e+04
1.606585e+04 6.586482e+02 1.672450e+04
1.605716e+04 6.673984e+02 1.672456e+04
1.606305e+04 6.614650e+02 1.672452e+04
1.608304e+04 6.413660e+02 1.672440e+04
1.611539e+04 6.088487e+02 1.672423e+04
1.615747e+04 5.665664e+02 1.672403e+04
1.620618e+04 5.176564e+02 1.672384e+04
1.625840e+04 4.652659e+02 1.672367e+04
1.631134e+04 4.122004e+02 1.672354e+04
1.636274e+04 3.607084e+02 1.672345e+04
1.641100e+04 3.124065e+02 1.672340e+04
1.645508e+04 2.683110e+02 1.672339e+04
1.649447e+04 2.289324e+02 1.672341e+04
1.652904e+04 1.943938e+02 1.672344e+04
1.655893e+04 1.645484e+02 1.672347e+04
1.658444e+04 1.390733e+02 1.672351e+04
1.660598e+04 1.175702e+02 1.672355e+04
1.662401e+04 9.958814e+01 1.672360e+04
1.663895e+04 8.468316e+01 1.672363e+04
1.665123e+04 7.243596e+01 1.672367e+04
1.666123e+04 6.246471e+01 1.672370e+04
1.666929e+04 5.443053e+01 1.672372e+04
1.667571e+04 4.803840e+01 1.672374e+04
1.668073e+04 4.303534e+01 1.672376e+04
1.668457e+04 3.920704e+01 1.672378e+04
1.668742e+04 3.637391e+01 1.672379e+04
1.668941e+04 3.438696e+01 1.672380e+04
1.669068e+04 3.312387e+01 1.672381e+04
1.669133e+04 3.248552e+01 1.672381e+04
1.669143e+04 3.239817e+01 1.672383e+04
1.669104e+04 3.278919e+01 1.672383e+04
1.669021e+04 3.361754e+01 1.672383e+04
1.668898e+04 3.484998e+01 1.672383e+04
1.668737e+04 3.646514e+01 1.672383e+04
1.668538e+04 3.845236e+01 1.672383e+04
1.668302e+04 4.081627e+01 1.672384e+04
1.668028e+04 4.355981e+01 1.672384e+04
1.667715e+04 4.669468e+01 1.672384e+04
1.667359e+04 5.025210e+01 1.672384e+04
1.666957e+04 5.426604e+01 1.672383e+04
1.666505e+04 5.877865e+01 1.672383e+04
1.665998e+04 6.384020e+01 1.672383e+04
1.665431e+04 6.950889e+01 1.672382e+04
1.664796e+04 7.585062e+01 1.672381e+04
1.664087e+04 8.293296e+01 1.672380e+04
1.663295e+04 9.084072e+01 1.672379e+04
1.662411e+04 9.965865e+01 1.672377e+04
1.661429e+04 1.094798e+02 1.672376e+04
1.660337e+04 1.203925e+02 1.672376e+04
1.659128e+04 1.324704e+02 1.672375e+04
1.657795e+04 1.457954e+02 1.672375e+04
1.656331e+04 1.604341e+02 1.672375e+04
1.654733e+04 1.764136e+02 1.672374e+04
1.653000e+04 1.937502e+02 1.672375e+04
1.651135e+04 2.123942e+02 1.672375e+04
1.649150e+04 2.322568e+02 1.672375e+04
1.647059e+04 2.531757e+02 1.672377e+04
1.644888e+04 2.749098e+02 1.672378e+04
1.642668e+04 2.971320e+02 1.672381e+04
1.640441e+04 3.194209e+02 1.672383e+04
1.638258e+04 3.412878e+02 1.672387e+04
1.636175e+04 3.621583e+02 1.672391e+04
1.634253e+04 3.814188e+02 1.672395e+04
1.632554e+04 3.984459e+02 1.672399e+04
1.631137e+04 4.126491e+02 1.672402e+04
1.630053e+04 4.235116e+02 1.672404e+04
1.629340e+04 4.306568e+02 1.672405e+04
1.629020e+04 4.338513e+02 1.672406e+04
1.629100e+04 4.330484e+02 1.672405e+04
1.629564e+04 4.283867e+02 1.672403e+04
1.630382e+04 4.201759e+02 1.672400e+04
1.631509e+04 4.088617e+02 1.672395e+04
1.632891e+04 3.950065e+02 1.672391e+04
1.634466e+04 3.792058e+02 1.672387e+04
1.636174e+04 3.620938e+02 1.672384e+04
1.637956e+04 3.442463e+02 1.672380e+04
1.639757e+04 3.262093e+02 1.672377e+04
1.641530e+04 3.084550e+02 1.672375e+04
1.643235e+04 2.913842e+02 1.672373e+04
1.644838e+04 2.753320e+02 1.672371e+04
1.646312e+04 2.605820e+02 1.672370e+04
1.647629e+04 2.473897e+02 1.672368e+04
1.648765e+04 2.360116e+02 1.672366e+04
1.649689e+04 2.267444e+02 1.672363e+04
1.650361e+04 2.199744e+02 1.672359e+04
1.650728e+04 2.162444e+02 1.672353e+04
1.650709e+04 2.163498e+02 1.672344e+04
1.650185e+04 2.214447e+02 1.672330e+04
1.648983e+04 2.332638e+02 1.672309e+04
1.646844e+04 2.543394e+02 1.672278e+04
1.643392e+04 2.884098e+02 1.672233e+04
1.638077e+04 3.408997e+02 1.672167e+04
1.630118e+04 4.195595e+02 1.672074e+04
1.618436e+04 5.351245e+02 1.671949e+04
1.601628e+04 7.016400e+02 1.671792e+04
1.578071e+04 9.355324e+02 1.671624e+04
1.546353e+04 1.251562e+03 1.671509e+04
1.506271e+04 1.652942e+03 1.671565e+04
1.460492e+04 2.114366e+03 1.671929e+04
1.416101e+04 2.565025e+03 1.672604e+04
1.383913e+04 2.893605e+03 1.673273e+04
1.373727e+04 2.997110e+03 1.673438e+04
1.387918e+04 2.850290e+03 1.672947e+04
1.419564e+04 2.526209e+03 1.672185e+04
1.457263e+04 2.143538e+03 1.671617e+04
1.491440e+04 1.799567e+03 1.671396e+04
1.517144e+04 1.542905e+03 1.671434e+04
1.533409e+04 1.381880e+03 1.671597e+04
1.541546e+04 1.302515e+03 1.671797e+04
1.543834e+04 1.281626e+03 1.671996e+04
1.542818e+04 1.293606e+03 1.672179e+04
1.540953e+04 1.313788e+03 1.672332e+04
1.540335e+04 1.321059e+03 1.672441e+04
1.542448e+04 1.300446e+03 1.672493e+04
1.547976e+04 1.245133e+03 1.672489e+04
1.556780e+04 1.156630e+03 1.672443e+04
1.568089e+04 1.042884e+03 1.672378e+04
1.580815e+04 9.149824e+02 1.672313e+04
1.593868e+04 7.839802e+02 1.672266e+04
1.606375e+04 6.586541e+02 1.672240e+04
1.617760e+04 5.447356e+02 1.672234e+04
1.627733e+04 4.450718e+02 1.672240e+04
1.636219e+04 3.603495e+02 1.672254e+04
1.643287e+04 2.898568e+02 1.672272e+04
1.649078e+04 2.321193e+02 1.672290e+04
1.653768e+04 1.853969e+02 1.672307e+04
1.657530e+04 1.479215e+02 1.672322e+04
1.660526e+04 1.180872e+02 1.672335e+04
1.662896e+04 9.448647e+01 1.672344e+04
1.664758e+04 7.595206e+01 1.672353e+04
1.666208e+04 6.151147e+01 1.672359e+04
1.667326e+04 5.038445e+01 1.672365e+04
1.668174e+04 4.195036e+01 1.672369e+04
1.668800e+04 3.572248e+01 1.672372e+04
1.669242e+04 3.133132e+01 1.672375e+04
1.669528e+04 2.848520e+01 1.672376e+04
1.669678e+04 2.698490e+01 1.672377e+04
1.669706e+04 2.671575e+01 1.672377e+04
1.669616e+04 2.762292e+01 1.672378e+04
1.669406e+04 2.971417e+01 1.672377e+04
1.669066e+04 3.309669e+01 1.672375e+04
1.668575e+04 3.797224e+01 1.672373e+04
1.667901e+04 4.467018e+01 1.672368e+04
1.666994e+04 5.368872e+01 1.672362e+04
1.665778e+04 6.575446e+01 1.672354e+04
1.664151e+04 8.191764e+01 1.672343e+04
1.661963e+04 1.036248e+02 1.672326e+04
1.659007e+04 1.329426e+02 1.672302e+04
1.654997e+04 1.727165e+02 1.672269e+04
1.649542e+04 2.268252e+02 1.672224e+04
1.642123e+04 3.004294e+02 1.672166e+04
1.632081e+04 4.001225e+02 1.672093e+04
1.618636e+04 5.337519e+02 1.672011e+04
1.600988e+04 7.094564e+02 1.671933e+04
1.578572e+04 9.332015e+02 1.671892e+04
1.551532e+04 1.204037e+03 1.671936e+04
1.521401e+04 1.507151e+03 1.672116e+04
1.491689e+04 1.807497e+03 1.672439e+04
1.467723e+04 2.050830e+03 1.672806e+04
1.455090e+04 2.179386e+03 1.673029e+04
1.457051e+04 2.159145e+03 1.672965e+04
1.472677e+04 1.999769e+03 1.672654e+04
1.497351e+04 1.749232e+03 1.672275e+04
1.525166e+04 1.468246e+03 1.671991e+04
1.551247e+04 1.206076e+03 1.671855e+04
1.572726e+04 9.910834e+02 1.671835e+04
1.588518e+04 8.335930e+02 1.671877e+04
1.598638e+04 7.330245e+02 1.671941e+04
1.603607e+04 6.839567e+02 1.672002e+04
1.604095e+04 6.796103e+02 1.672056e+04
1.600791e+04 7.131291e+02 1.672104e+04
1.594408e+04 7.774555e+02 1.672154e+04
1.585766e+04 8.644899e+02 1.672215e+04
1.575878e+04 9.641314e+02 1.672291e+04
1.566000e+04 1.063805e+03 1.672381e+04
1.557559e+04 1.149118e+03 1.672471e+04
1.551953e+04 1.205883e+03 1.672541e+04
1.550248e+04 1.223232e+03 1.672571e+04
1.552901e+04 1.196523e+03 1.672554e+04
1.559638e+04 1.128574e+03 1.672496e+04
1.569567e+04 1.028510e+03 1.672418e+04
1.581463e+04 9.088024e+02 1.672343e+04
1.594088e+04 7.819723e+02 1.672286e+04
1.606431e+04 6.582088e+02 1.672252e+04
1.617801e+04 5.443791e+02 1.672239e+04
1.627829e+04 4.441352e+02 1.672242e+04
1.636388e+04 3.586674e+02 1.672255e+04
1.643518e+04 2.875355e+02 1.672271e+04
1.649349e+04 2.294062e+02 1.672289e+04
1.654048e+04 1.825766e+02 1.672306e+04
1.657790e+04 1.453080e+02 1.672321e+04
1.660735e+04 1.159856e+02 1.672334e+04
1.663020e+04 9.323383e+01 1.672343e+04
1.664759e+04 7.591606e+01 1.672351e+04
1.666040e+04 6.315889e+01 1.672356e+04
1.666929e+04 5.431027e+01 1.672360e+04
1.667470e+04 4.892898e+01 1.672363e+04
1.667685e+04 4.678010e+01 1.672363e+04
1.667577e+04 4.784359e+01 1.672362e+04
1.667127e+04 5.230737e+01 1.672358e+04
1.666293e+04 6.059547e+01 1.672352e+04
1.665003e+04 7.340571e+01 1.672344e+04
1.663155e+04 9.176328e+01 1.672332e+04
1.660606e+04 1.170897e+02 1.672315e+04
1.657166e+04 1.512820e+02 1.672294e+04
1.652588e+04 1.967870e+02 1.672267e+04
1.646570e+04 2.566394e+02 1.672234e+04
1.638757e+04 3.343991e+02 1.672197e+04
1.628771e+04 4.338756e+02 1.672158e+04
1.616280e+04 5.584676e+02 1.672127e+04
1.601125e+04 7.099088e+02 1.672116e+04
1.583516e+04 8.862892e+02 1.672145e+04
1.564281e+04 1.079487e+03 1.672229e+04
1.545061e+04 1.273109e+03 1.672372e+04
1.528289e+04 1.442582e+03 1.672547e+04
1.516738e+04 1.559578e+03 1.672696e+04
1.512677e+04 1.600769e+03 1.672754e+04
1.516977e+04 1.557166e+03 1.672694e+04
1.528728e+04 1.438148e+03 1.672543e+04
1.545642e+04 1.267262e+03 1.672368e+04
1.564944e+04 1.072827e+03 1.672227e+04
1.584219e+04 8.792545e+02 1.672145e+04
1.601844e+04 7.027412e+02 1.672118e+04
1.617009e+04 5.512058e+02 1.672129e+04
1.629517e+04 4.264415e+02 1.672161e+04
1.639536e+04 3.266344e+02 1.672200e+04
1.647404e+04 2.483339e+02 1.672237e+04
1.653501e+04 1.876859e+02 1.672270e+04
1.658187e+04 1.411062e+02 1.672298e+04
1.661771e+04 1.054926e+02 1.672320e+04
1.664503e+04 7.833581e+01 1.672337e+04
1.666585e+04 5.765323e+01 1.672350e+04
1.668171e+04 4.189219e+01 1.672360e+04
1.669380e+04 2.987664e+01 1.672368e+04
1.670303e+04 2.070734e+01 1.672374e+04
1.671008e+04 1.370256e+01 1.672378e+04
1.671547e+04 8.340691e+00 1.672381e+04
1.671959e+04 4.247526e+00 1.672384e+04
1.672274e+04 1.110885e+00 1.672385e+04
1.672516e+04 -1.288299e+00 1.672387e+04
1.672700e+04 -3.120815e+00 1.672388e+04
1.672840e+04 -4.522394e+00 1.672388e+04
1.672947e+04 -5.581646e+00 1.672389e+04
1.673027e+04 -6.374992e+00 1.672390e+04
1.673087e+04 -6.971935e+00 1.672390e+04
1.673132e+04 -7.417875e+00 1.672390e+04
1.673164e+04 -7.736695e+00 1.672390e+04
1.673187e+04 -7.966484e+00 1.672390e+04
1.673202e+04 -8.122958e+00 1.672389e+04
1.673211e+04 -8.216965e+00 1.672390e+04
1.673216e+04 -8.266866e+00 1.672390e+04
1.673218e+04 -8.282570e+00 1.672390e+04
1.673217e+04 -8.271916e+00 1.672390e+04
1.673214e+04 -8.241038e+00 1.672390e+04
1.673209e+04 -8.194734e+00 1.672390e+04
1.673204e+04 -8.136749e+00 1.672390e+04
1.673197e+04 -8.064689e+00 1.672390e+04
1.673190e+04 -7.991622e+00 1.672390e+04
1.673182e+04 -7.913736e+00 1.672390e+04
1.673174e+04 -7.832316e+00 1.672390e+04
1.673165e+04 -7.748297e+00 1.672390e+04
1.673157e+04 -7.662324e+00 1.672390e+04
1.673148e+04 -7.574801e+00 1.672390e+04
1.673139e+04 -7.485926e+00 1.672390e+04
1.673130e+04 -7.395717e+00 1.672390e+04
1.673121e+04 -7.309589e+00 1.672390e+04
1.673112e+04 -7.216274e+00 1.672390e+04
1.673102e+04 -7.120792e+00 1.672390e+04
1.673092e+04 -7.022598e+00 1.672390e+04
1.673082e+04 -6.921023e+00 1.672390e+04
1.673071e+04 -6.820835e+00 1.672389e+04
1.673060e+04 -6.710159e+00 1.672389e+04
1.673049e+04 -6.593332e+00 1.672389e+04
1.673036e+04 -6.474772e+00 1.672389e+04
1.673023e+04 -6.347759e+00 1.672388e+04
1.673009e+04 -6.199641e+00 1.672389e+04
1.672993e+04 -6.045223e+00 1.672389e+04
1.672976e+04 -5.877106e+00 1.672389e+04
1.672958e+04 -5.693243e+00 1.672389e+04
1.672938e+04 -5.491374e+00 1.672389e+04
1.672916e+04 -5.263604e+00 1.672389e+04
1.672891e+04 -5.018112e+00 1.672389e+04
1.672864e+04 -4.746402e+00 1.672389e+04
1.672834e+04 -4.450749e+00 1.672389e+04
1.672800e+04 -4.116570e+00 1.672389e+04
1.672763e+04 -3.751086e+00 1.672388e+04
1.672722e+04 -3.338997e+00 1.672388e+04
1.672676e+04 -2.881139e+00 1.672388e+04
1.672625e+04 -2.372554e+00 1.672388e+04
1.672569e+04 -1.807891e+00 1.672388e+04
1.672506e+04 -1.176067e+00 1.672388e+04
1.672436e+04 -4.817311e-01 1.672388e+04
1.672359e+04 2.926439e-01 1.672389e+04
1.672274e+04 1.143119e+00 1.672389e+04
1.672180e+04 2.082610e+00 1.672389e+04
1.672077e+04 3.118960e+00 1.672388e+04
1.671962e+04 4.254912e+00 1.672388e+04
1.671837e+04 5.510027e+00 1.672388e+04
1.671699e+04 6.893313e+00 1.672388e+04
1.671548e+04 8.403066e+00 1.672388e+04
1.671383e+04 1.005445e+01 1.672388e+04
1.671202e+04 1.186271e+01 1.672389e+04
1.671006e+04 1.382683e+01 1.672388e+04
1.670792e+04 1.596249e+01 1.672388e+04
1.670560e+04 1.827983e+01 1.672388e+04
1.670309e+04 2.078895e+01 1.672388e+04
1.670038e+04 2.349981e+01 1.672388e+04
1.669746e+04 2.642219e+01 1.672388e+04
1.669431e+04 2.956559e+01 1.672388e+04
1.669094e+04 3.293911e+01 1.672388e+04
1.668733e+04 3.655142e+01 1.672388e+04
1.668347e+04 4.041064e+01 1.672388e+04
1.667935e+04 4.452430e+01 1.672388e+04
1.667498e+04 4.889919e+01 1.672388e+04
1.667033e+04 5.354133e+01 1.672387e+04
1.666542e+04 5.845573e+01 1.672387e+04
1.666023e+04 6.365192e+01 1.672388e+04
1.665476e+04 6.912193e+01 1.672388e+04
1.664900e+04 7.487276e+01 1.672388e+04
1.664297e+04 8.090423e+01 1.672388e+04
1.663666e+04 8.721408e+01 1.672388e+04
1.663008e+04 9.379758e+01 1.672388e+04
1.662323e+04 1.006469e+02 1.672388e+04
1.661613e+04 1.077505e+02 1.672388e+04
1.660878e+04 1.150922e+02 1.672388e+04
1.660123e+04 1.226449e+02 1.672387e+04
1.659348e+04 1.303913e+02 1.672387e+04
1.658559e+04 1.382904e+02 1.672388e+04
1.657758e+04 1.462979e+02 1.672388e+04
1.656952e+04 1.543600e+02 1.672388e+04
1.656147e+04 1.624127e+02 1.672389e+04
1.655351e+04 1.703815e+02 1.672389e+04
1.654571e+04 1.781812e+02 1.672389e+04
1.653818e+04 1.857167e+02 1.672390e+04
1.653102e+04 1.928844e+02 1.672391e+04
1.652434e+04 1.995741e+02 1.672391e+04
1.651825e+04 2.056720e+02 1.672392e+04
1.651286e+04 2.110640e+02 1.672393e+04
1.650829e+04 2.156402e+02 1.672393e+04
1.650464e+04 2.192934e+02 1.672393e+04
1.650199e+04 2.219463e+02 1.672394e+04
1.650042e+04 2.235227e+02 1.672394e+04
1.649997e+04 2.239731e+02 1.672394e+04
1.650067e+04 2.232725e+02 1.672394e+04
1.650252e+04 2.214225e+02 1.672394e+04
1.650548e+04 2.184454e+02 1.672393e+04
1.650952e+04 2.144067e+02 1.672392e+04
1.651454e+04 2.093792e+02 1.672392e+04
1.652045e+04 2.034620e+02 1.672391e+04
1.652713e+04 1.967656e+02 1.672390e+04
1.653446e+04 1.894396e+02 1.672390e+04
1.654230e+04 1.815927e+02 1.672389e+04
1.655051e+04 1.733746e+02 1.672388e+04
1.655895e+04 1.649231e+02 1.672387e+04
1.656749e+04 1.563714e+02 1.672387e+04
1.657601e+04 1.478455e+02 1.672386e+04
1.658439e+04 1.394570e+02 1.672385e+04
1.659252e+04 1.313237e+02 1.672384e+04
1.660030e+04 1.235318e+02 1.672383e+04
1.660765e+04 1.161791e+02 1.672383e+04
1.661448e+04 1.093387e+02 1.672382e+04
1.662074e+04 1.030816e+02 1.672382e+04
1.662634e+04 9.747899e+01 1.672382e+04
1.663123e+04 9.258230e+01 1.672382e+04
1.663535e+04 8.845865e+01 1.672381e+04
1.663864e+04 8.517095e+01 1.672381e+04
1.664102e+04 8.278600e+01 1.672380e+04
1.664242e+04 8.137688e+01 1.672380e+04
1.664276e+04 8.103058e+01 1.672379e+04
1.664196e+04 8.182879e+01 1.672379e+04
1.663989e+04 8.388223e+01 1.672378e+04
1.663645e+04 8.731036e+01 1.672376e+04
1.663150e+04 9.224778e+01 1.672375e+04
1.662489e+04 9.884423e+01 1.672374e+04
1.661646e+04 1.072632e+02 1.672372e+04
1.660602e+04 1.176791e+02 1.672370e+04
1.659341e+04 1.302712e+02 1.672369e+04
1.657845e+04 1.452152e+02 1.672367e+04
1.656098e+04 1.626706e+02 1.672365e+04
1.654088e+04 1.827684e+02 1.672364e+04
1.651807e+04 2.055667e+02 1.672364e+04
1.649258e+04 2.310503e+02 1.672363e+04
1.646454e+04 2.590997e+02 1.672364e+04
1.643423e+04 2.894310e+02 1.672366e+04
1.640210e+04 3.215846e+02 1.672368e+04
1.636880e+04 3.549243e+02 1.672373e+04
1.633517e+04 3.886099e+02 1.672378e+04
1.630219e+04 4.216543e+02 1.672384e+04
1.627091e+04 4.529953e+02 1.672390e+04
1.624232e+04 4.816191e+02 1.672394e+04
1.621723e+04 5.067281e+02 1.672395e+04
1.619597e+04 5.279451e+02 1.672392e+04
1.617828e+04 5.455437e+02 1.672382e+04
1.616298e+04 5.606604e+02 1.672364e+04
1.614779e+04 5.755621e+02 1.672335e+04
1.612905e+04 5.938724e+02 1.672292e+04
1.610148e+04 6.208568e+02 1.672234e+04
1.605779e+04 6.637505e+02 1.672154e+04
1.598842e+04 7.320934e+02 1.672051e+04
1.588137e+04 8.378735e+02 1.671924e+04
1.572291e+04 9.949444e+02 1.671786e+04
1.550013e+04 1.216593e+03 1.671672e+04
1.520706e+04 1.509530e+03 1.671659e+04
1.485571e+04 1.862791e+03 1.671850e+04
1.448906e+04 2.233991e+03 1.672305e+04
1.418484e+04 2.544148e+03 1.672899e+04
1.403389e+04 2.699052e+03 1.673295e+04
1.409328e+04 2.638699e+03 1.673198e+04
1.434907e+04 2.377788e+03 1.672686e+04
1.472595e+04 1.995204e+03 1.672115e+04
1.513347e+04 1.584108e+03 1.671758e+04
1.550583e+04 1.210708e+03 1.671654e+04
1.581255e+04 9.045823e+02 1.671713e+04
1.604936e+04 6.690286e+02 1.671838e+04
1.622508e+04 4.946214e+02 1.671970e+04
1.635249e+04 3.683322e+02 1.672082e+04
1.644371e+04 2.779830e+02 1.672169e+04
1.650863e+04 2.137067e+02 1.672233e+04
1.655470e+04 1.680897e+02 1.672279e+04
1.658738e+04 1.357378e+02 1.672311e+04
1.661050e+04 1.128335e+02 1.672334e+04
1.662680e+04 9.669898e+01 1.672350e+04
1.663815e+04 8.545326e+01 1.672360e+04
1.664587e+04 7.780771e+01 1.672368e+04
1.665085e+04 7.287117e+01 1.672372e+04
1.665369e+04 7.006238e+01 1.672375e+04
1.665477e+04 6.899983e+01 1.672377e+04
1.665430e+04 6.947315e+01 1.672377e+04
1.665236e+04 7.140165e+01 1.672377e+04
1.664891e+04 7.484146e+01 1.672375e+04
1.664378e+04 7.994986e+01 1.672373e+04
1.663668e+04 8.701606e+01 1.672369e+04
1.662716e+04 9.647659e+01 1.672364e+04
1.661462e+04 1.089491e+02 1.672357e+04
1.659819e+04 1.252817e+02 1.672347e+04
1.657673e+04 1.466205e+02 1.672335e+04
1.654868e+04 1.744974e+02 1.672318e+04
1.651201e+04 2.109348e+02 1.672295e+04
1.646406e+04 2.585920e+02 1.672265e+04
1.640143e+04 3.208532e+02 1.672229e+04
1.631993e+04 4.019114e+02 1.672184e+04
1.621464e+04 5.067014e+02 1.672134e+04
1.608039e+04 6.404533e+02 1.672084e+04
1.591279e+04 8.076938e+02 1.672049e+04
1.571018e+04 1.010295e+03 1.672048e+04
1.547662e+04 1.244462e+03 1.672108e+04
1.522528e+04 1.497202e+03 1.672248e+04
1.498039e+04 1.744180e+03 1.672457e+04
1.477467e+04 1.952081e+03 1.672675e+04
1.464040e+04 2.087673e+03 1.672807e+04
1.459686e+04 2.131010e+03 1.672787e+04
1.464149e+04 2.084766e+03 1.672626e+04
1.475148e+04 1.972583e+03 1.672406e+04
1.489442e+04 1.827745e+03 1.672216e+04
1.504059e+04 1.680445e+03 1.672103e+04
1.517015e+04 1.550530e+03 1.672068e+04
1.527420e+04 1.446675e+03 1.672087e+04
1.535213e+04 1.369225e+03 1.672135e+04
1.540814e+04 1.313777e+03 1.672191e+04
1.544837e+04 1.274067e+03 1.672244e+04
1.547901e+04 1.243846e+03 1.672286e+04
1.550519e+04 1.217955e+03 1.672314e+04
1.553038e+04 1.192899e+03 1.672328e+04
1.555621e+04 1.167073e+03 1.672328e+04
1.558240e+04 1.140749e+03 1.672315e+04
1.560704e+04 1.115881e+03 1.672292e+04
1.562695e+04 1.095683e+03 1.672263e+04
1.563819e+04 1.084138e+03 1.672232e+04
1.563664e+04 1.085392e+03 1.672203e+04
1.561873e+04 1.103085e+03 1.672181e+04
1.558212e+04 1.139599e+03 1.672171e+04
1.552657e+04 1.195232e+03 1.672180e+04
1.545476e+04 1.267368e+03 1.672213e+04
1.537292e+04 1.349793e+03 1.672272e+04
1.529088e+04 1.432616e+03 1.672350e+04
1.522106e+04 1.503273e+03 1.672433e+04
1.517626e+04 1.548761e+03 1.672502e+04
1.516660e+04 1.558755e+03 1.672535e+04
1.519681e+04 1.528449e+03 1.672526e+04
1.526507e+04 1.459723e+03 1.672480e+04
1.536395e+04 1.360215e+03 1.672417e+04
1.548298e+04 1.240565e+03 1.672354e+04
1.561148e+04 1.111590e+03 1.672307e+04
1.574063e+04 9.821527e+02 1.672279e+04
1.586432e+04 8.583492e+02 1.672267e+04
1.597901e+04 7.436648e+02 1.672267e+04
1.608312e+04 6.396213e+02 1.672274e+04
1.617634e+04 5.464993e+02 1.672284e+04
1.625903e+04 4.639203e+02 1.672295e+04
1.633185e+04 3.911964e+02 1.672304e+04
1.639557e+04 3.275635e+02 1.672313e+04
1.645097e+04 2.722452e+02 1.672321e+04
1.649880e+04 2.244847e+02 1.672328e+04
1.653980e+04 1.835543e+02 1.672336e+04
1.657469e+04 1.487323e+02 1.672342e+04
1.660414e+04 1.193325e+02 1.672347e+04
1.662882e+04 9.471046e+01 1.672353e+04
1.664933e+04 7.424455e+01 1.672358e+04
1.666625e+04 5.736564e+01 1.672362e+04
1.668010e+04 4.355818e+01 1.672366e+04
1.669133e+04 3.236413e+01 1.672369e+04
1.670034e+04 2.338430e+01 1.672372e+04
1.670747e+04 1.627743e+01 1.672375e+04
1.671301e+04 1.075753e+01 1.672376e+04
1.671719e+04 6.589952e+00 1.672378e+04
1.672021e+04 3.586694e+00 1.672379e+04
1.672220e+04 1.601221e+00 1.672380e+04
1.672329e+04 5.229857e-01 1.672381e+04
1.672354e+04 2.716879e-01 1.672381e+04
1.672302e+04 7.966796e-01 1.672382e+04
1.672178e+04 2.048573e+00 1.672382e+04
1.671982e+04 4.005122e+00 1.672383e+04
1.671719e+04 6.641598e+00 1.672383e+04
1.671390e+04 9.928125e+00 1.672383e+04
1.671002e+04 1.382126e+01 1.672384e+04
1.670559e+04 1.825582e+01 1.672384e+04
1.670072e+04 2.313791e+01 1.672385e+04
1.669553e+04 2.833453e+01 1.672386e+04
1.669018e+04 3.368854e+01 1.672387e+04
1.668488e+04 3.901099e+01 1.672389e+04
1.667983e+04 4.408387e+01 1.672391e+04
1.667526e+04 4.866866e+01 1.672393e+04
1.667140e+04 5.255203e+01 1.672395e+04
1.666841e+04 5.555060e+01 1.672396e+04
1.666645e+04 5.751599e+01 1.672397e+04
1.666558e+04 5.838652e+01 1.672397e+04
1.666578e+04 5.817876e+01 1.672396e+04
1.666694e+04 5.699979e+01 1.672394e+04
1.666887e+04 5.504736e+01 1.672392e+04
1.667129e+04 5.260489e+01 1.672389e+04
1.667382e+04 5.003496e+01 1.672385e+04
1.667604e+04 4.777535e+01 1.672381e+04
1.667742e+04 4.634297e+01 1.672376e+04
1.667735e+04 4.635053e+01 1.672370e+04
1.667508e+04 4.854170e+01 1.672362e+04
1.666967e+04 5.385032e+01 1.672352e+04
1.665990e+04 6.349030e+01 1.672339e+04
1.664412e+04 7.908351e+01 1.672320e+04
1.662012e+04 1.028329e+02 1.672295e+04
1.658486e+04 1.377438e+02 1.672261e+04
1.653426e+04 1.878841e+02 1.672214e+04
1.646290e+04 2.586296e+02 1.672153e+04
1.636399e+04 3.568074e+02 1.672079e+04
1.622960e+04 4.903783e+02 1.671998e+04
1.605201e+04 6.672588e+02 1.671927e+04
1.582659e+04 8.924283e+02 1.671902e+04
1.555710e+04 1.162656e+03 1.671976e+04
1.526268e+04 1.459272e+03 1.672195e+04
1.498275e+04 1.742705e+03 1.672546e+04
1.477289e+04 1.956155e+03 1.672904e+04
1.468619e+04 2.044576e+03 1.673076e+04
1.474730e+04 1.982208e+03 1.672950e+04
1.493825e+04 1.787838e+03 1.672609e+04
1.520883e+04 1.513613e+03 1.672244e+04
1.550206e+04 1.217918e+03 1.671998e+04
1.577493e+04 9.440660e+02 1.671900e+04
1.600485e+04 7.142417e+02 1.671909e+04
1.618563e+04 5.340902e+02 1.671972e+04
1.632044e+04 4.000438e+02 1.672049e+04
1.641613e+04 3.050502e+02 1.672118e+04
1.647981e+04 2.419015e+02 1.672171e+04
1.651730e+04 2.047561e+02 1.672206e+04
1.653260e+04 1.896282e+02 1.672223e+04
1.652780e+04 1.944473e+02 1.672224e+04
1.650312e+04 2.189850e+02 1.672210e+04
1.645710e+04 2.647205e+02 1.672182e+04
1.638676e+04 3.346636e+02 1.672142e+04
1.628793e+04 4.329973e+02 1.672093e+04
1.615611e+04 5.643487e+02 1.672045e+04
1.598800e+04 7.321834e+02 1.672019e+04
1.578439e+04 9.360020e+02 1.672040e+04
1.555400e+04 1.167399e+03 1.672140e+04
1.531735e+04 1.405979e+03 1.672333e+04
1.510758e+04 1.618281e+03 1.672586e+04
1.496433e+04 1.763712e+03 1.672805e+04
1.492032e+04 1.808476e+03 1.672880e+04
1.498660e+04 1.741102e+03 1.672770e+04
1.514705e+04 1.578319e+03 1.672537e+04
1.536642e+04 1.356490e+03 1.672291e+04
1.560561e+04 1.115563e+03 1.672117e+04
1.583394e+04 8.864198e+02 1.672036e+04
1.603371e+04 6.865949e+02 1.672030e+04
1.619843e+04 5.222445e+02 1.672067e+04
1.632888e+04 3.923284e+02 1.672121e+04
1.642942e+04 2.923518e+02 1.672177e+04
1.650547e+04 2.167843e+02 1.672225e+04
1.656228e+04 1.603747e+02 1.672265e+04
1.660431e+04 1.186490e+02 1.672296e+04
1.663517e+04 8.802192e+01 1.672319e+04
1.665762e+04 6.574313e+01 1.672337e+04
1.667377e+04 4.972555e+01 1.672350e+04
1.668517e+04 3.842357e+01 1.672359e+04
1.669296e+04 3.070200e+01 1.672366e+04
1.669797e+04 2.573485e+01 1.672371e+04
1.670082e+04 2.293256e+01 1.672375e+04
1.670191e+04 2.186159e+01 1.672377e+04
1.670156e+04 2.223375e+01 1.672379e+04
1.669995e+04 2.385267e+01 1.672380e+04
1.669721e+04 2.659080e+01 1.672380e+04
1.669341e+04 3.039496e+01 1.672380e+04
1.668856e+04 3.524182e+01 1.672380e+04
1.668264e+04 4.114610e+01 1.672379e+04
1.667561e+04 4.817158e+01 1.672378e+04
1.666738e+04 5.639479e+01 1.672377e+04
1.665783e+04 6.592490e+01 1.672376e+04
1.664685e+04 7.690850e+01 1.672376e+04
1.663425e+04 8.948657e+01 1.672374e+04
1.661986e+04 1.038617e+02 1.672372e+04
1.660344e+04 1.202514e+02 1.672369e+04
1.658474e+04 1.389256e+02 1.672366e+04
1.656345e+04 1.601798e+02 1.672363e+04
1.653923e+04 1.843647e+02 1.672359e+04
1.651166e+04 2.118979e+02 1.672355e+04
1.648024e+04 2.432558e+02 1.672350e+04
1.644441e+04 2.790240e+02 1.672344e+04
1.640346e+04 3.198962e+02 1.672336e+04
1.635656e+04 3.667016e+02 1.672327e+04
1.630273e+04 4.204246e+02 1.672315e+04
1.624081e+04 4.822189e+02 1.672303e+04
1.616952e+04 5.533699e+02 1.672289e+04
1.608747e+04 6.352657e+02 1.672274e+04
1.599337e+04 7.292323e+02 1.672260e+04
1.588622e+04 8.362781e+02 1.672250e+04
1.576579e+04 9.566645e+02 1.672246e+04
1.563320e+04 1.089359e+03 1.672256e+04
1.549152e+04 1.231307e+03 1.672283e+04
1.534646e+04 1.376844e+03 1.672330e+04
1.520637e+04 1.517549e+03 1.672392e+04
1.508165e+04 1.642932e+03 1.672459e+04
1.498291e+04 1.742206e+03 1.672511e+04
1.491846e+04 1.806875e+03 1.672533e+04
1.489195e+04 1.833207e+03 1.672516e+04
1.490120e+04 1.823451e+03 1.672465e+04
1.493888e+04 1.785088e+03 1.672396e+04
1.499476e+04 1.728525e+03 1.672329e+04
1.505855e+04 1.664229e+03 1.672278e+04
1.512207e+04 1.600448e+03 1.672252e+04
1.518041e+04 1.542075e+03 1.672249e+04
1.523207e+04 1.490566e+03 1.672264e+04
1.527823e+04 1.444663e+03 1.672290e+04
1.532173e+04 1.401452e+03 1.672318e+04
1.536587e+04 1.357537e+03 1.672341e+04
1.541343e+04 1.310117e+03 1.672355e+04
1.546578e+04 1.257766e+03 1.672355e+04
1.552251e+04 1.200898e+03 1.672341e+04
1.558140e+04 1.141769e+03 1.672317e+04
1.563867e+04 1.084173e+03 1.672284e+04
1.568953e+04 1.032939e+03 1.672247e+04
1.572872e+04 9.933756e+02 1.672210e+04
1.575100e+04 9.707375e+02 1.672174e+04
1.575165e+04 9.697656e+02 1.672142e+04
1.572707e+04 9.941322e+02 1.672120e+04
1.567552e+04 1.045639e+03 1.672116e+04
1.559826e+04 1.123135e+03 1.672139e+04
1.550084e+04 1.221149e+03 1.672199e+04
1.539423e+04 1.328744e+03 1.672298e+04
1.529478e+04 1.429444e+03 1.672422e+04
1.522202e+04 1.503409e+03 1.672543e+04
1.519411e+04 1.532087e+03 1.672620e+04
1.522223e+04 1.504000e+03 1.672623e+04
1.530663e+04 1.418911e+03 1.672555e+04
1.543680e+04 1.287626e+03 1.672443e+04
1.559548e+04 1.127817e+03 1.672329e+04
1.576425e+04 9.581765e+02 1.672243e+04
1.592798e+04 7.939574e+02 1.672194e+04
1.607673e+04 6.450594e+02 1.672179e+04
1.620561e+04 5.162721e+02 1.672188e+04
1.631351e+04 4.085958e+02 1.672211e+04
1.640168e+04 3.207017e+02 1.672238e+04
1.647250e+04 2.501471e+02 1.672265e+04
1.652873e+04 1.941616e+02 1.672290e+04
1.657304e+04 1.500628e+02 1.672311e+04
1.660779e+04 1.154851e+02 1.672328e+04
1.663498e+04 8.843459e+01 1.672341e+04
1.665622e+04 6.730294e+01 1.672352e+04
1.667282e+04 5.079178e+01 1.672361e+04
1.668579e+04 3.788221e+01 1.672368e+04
1.669595e+04 2.777767e+01 1.672373e+04
1.670391e+04 1.985846e+01 1.672377e+04
1.671016e+04 1.364907e+01 1.672380e+04
1.671506e+04 8.771003e+00 1.672383e+04
1.671892e+04 4.929524e+00 1.672385e+04
1.672196e+04 1.905565e+00 1.672387e+04
1.672435e+04 -4.756231e-01 1.672388e+04
1.672624e+04 -2.350265e+00 1.672389e+04
1.672772e+04 -3.830348e+00 1.672389e+04
1.672888e+04 -4.994022e+00 1.672389e+04
1.672979e+04 -5.901110e+00 1.672389e+04
1.673051e+04 -6.608633e+00 1.672390e+04
1.673106e+04 -7.157347e+00 1.672390e+04
1.673148e+04 -7.579529e+00 1.672390e+04
1.673180e+04 -7.900806e+00 1.672390e+04
1.673205e+04 -8.141578e+00 1.672390e+04
1.673222e+04 -8.318124e+00 1.672391e+04
1.673235e+04 -8.443465e+00 1.672391e+04
1.673244e+04 -8.528039e+00 1.672391e+04
1.673249e+04 -8.580231e+00 1.672391e+04
1.673252e+04 -8.606791e+00 1.672391e+04
1.673252e+04 -8.613162e+00 1.672391e+04
1.673251e+04 -8.603744e+00 1.672391e+04
1.673249e+04 -8.587633e+00 1.672390e+04
1.673246e+04 -8.556702e+00 1.672390e+04
1.673242e+04 -8.518772e+00 1.672390e+04
1.673238e+04 -8.475746e+00 1.672390e+04
1.673233e+04 -8.434703e+00 1.672390e+04
1.673228e+04 -8.385914e+00 1.672390e+04
1.673223e+04 -8.335877e+00 1.672390e+04
1.673218e+04 -8.285434e+00 1.672390e+04
1.673213e+04 -8.235273e+00 1.672390e+04
1.673209e+04 -8.185958e+00 1.672390e+04
1.673204e+04 -8.137951e+00 1.672390e+04
1.673199e+04 -8.097142e+00 1.672389e+04
1.673195e+04 -8.052937e+00 1.672389e+04
1.673190e+04 -8.010982e+00 1.672389e+04
1.673187e+04 -7.966015e+00 1.672390e+04
1.673183e+04 -7.929190e+00 1.672390e+04
1.673179e+04 -7.900605e+00 1.672389e+04
1.673176e+04 -7.858695e+00 1.672390e+04
1.673174e+04 -7.830781e+00 1.672390e+04
1.673171e+04 -7.805881e+00 1.672390e+04
1.673169e+04 -7.784043e+00 1.672390e+04
1.673167e+04 -7.765301e+00 1.672390e+04
1.673165e+04 -7.749673e+00 1.672390e+04
1.673164e+04 -7.742708e+00 1.672390e+04
1.673163e+04 -7.733461e+00 1.672390e+04
1.673163e+04 -7.727310e+00 1.672390e+04
1.673162e+04 -7.724219e+00 1.672390e+04
1.673162e+04 -7.724138e+00 1.672390e+04
1.673163e+04 -7.726999e+00 1.672390e+04
1.673163e+04 -7.727375e+00 1.672390e+04
1.673164e+04 -7.735990e+00 1.672390e+04
1.673165e+04 -7.747208e+00 1.672390e+04
1.673167e+04 -7.760860e+00 1.672390e+04
1.673168e+04 -7.776741e+00 1.672390e+04
1.673170e+04 -7.794601e+00 1.672390e+04
1.673172e+04 -7.814138e+00 1.672390e+04
1.673174e+04 -7.834986e+00 1.672390e+04
1.673176e+04 -7.856701e+00 1.672390e+04
1.673178e+04 -7.878752e+00 1.672390e+04
1.673180e+04 -7.900497e+00 1.672390e+04
1.673183e+04 -7.921166e+00 1.672390e+04
1.673184e+04 -7.939834e+00 1.672390e+04
1.673186e+04 -7.955391e+00 1.672390e+04
1.673187e+04 -7.961051e+00 1.672391e+04
1.673188e+04 -7.966184e+00 1.672391e+04
1.673187e+04 -7.963387e+00 1.672391e+04
1.673186e+04 -7.950387e+00 1.672391e+04
1.673183e+04 -7.924469e+00 1.672391e+04
1.673179e+04 -7.882391e+00 1.672391e+04
1.673173e+04 -7.825773e+00 1.672390e+04
1.673164e+04 -7.739134e+00 1.672390e+04
1.673152e+04 -7.622336e+00 1.672390e+04
1.673137e+04 -7.474296e+00 1.672390e+04
1.673117e+04 -7.281693e+00 1.672389e+04
1.673092e+04 -7.029665e+00 1.672389e+04
1.673060e+04 -6.712433e+00 1.672389e+04
1.673020e+04 -6.316584e+00 1.672389e+04
1.672971e+04 -5.826067e+00 1.672388e+04
1.672910e+04 -5.221668e+00 1.672388e+04
1.672836e+04 -4.480366e+00 1.672388e+04
1.672745e+04 -3.574559e+00 1.672388e+04
1.672634e+04 -2.471131e+00 1.672387e+04
1.672500e+04 -1.130329e+00 1.672387e+04
1.672337e+04 4.955971e-01 1.672387e+04
1.672140e+04 2.464016e+00 1.672386e+04
1.671901e+04 4.838380e+00 1.672385e+04
1.671613e+04 7.712484e+00 1.672384e+04
1.671265e+04 1.117484e+01 1.672382e+04
1.670846e+04 1.535568e+01 1.672381e+04
1.670340e+04 2.039248e+01 1.672380e+04
1.669732e+04 2.645600e+01 1.672378e+04
1.669001e+04 3.375489e+01 1.672376e+04
1.668122e+04 4.251905e+01 1.672374e+04
1.667067e+04 5.304295e+01 1.672372e+04
1.665804e+04 6.564631e+01 1.672368e+04
1.664293e+04 8.071563e+01 1.672364e+04
1.662492e+04 9.868810e+01 1.672361e+04
1.660353e+04 1.200306e+02 1.672356e+04
1.657825e+04 1.452607e+02 1.672351e+04
1.654856e+04 1.748999e+02 1.672346e+04
1.651397e+04 2.094335e+02 1.672340e+04
1.647409e+04 2.492682e+02 1.672336e+04
1.642873e+04 2.946101e+02 1.672334e+04
1.637798e+04 3.453607e+02 1.672334e+04
1.632239e+04 4.009909e+02 1.672338e+04
1.626311e+04 4.603569e+02 1.672347e+04
1.620202e+04 5.215976e+02 1.672362e+04
1.614173e+04 5.820784e+02 1.672381e+04
1.608556e+04 6.384748e+02 1.672404e+04
1.603723e+04 6.870361e+02 1.672427e+04
1.600043e+04 7.240359e+02 1.672446e+04
1.597824e+04 7.463527e+02 1.672459e+04
1.597260e+04 7.520143e+02 1.672462e+04
1.598391e+04 7.406191e+02 1.672453e+04
1.601094e+04 7.134259e+02 1.672436e+04
1.605105e+04 6.730835e+02 1.672414e+04
1.610074e+04 6.231582e+02 1.672390e+04
1.615614e+04 5.675398e+02 1.672368e+04
1.621358e+04 5.099205e+02 1.672350e+04
1.626996e+04 4.534094e+02 1.672337e+04
1.632290e+04 4.003929e+02 1.672330e+04
1.637076e+04 3.525006e+02 1.672326e+04
1.641256e+04 3.107028e+02 1.672326e+04
1.644783e+04 2.754517e+02 1.672328e+04
1.647648e+04 2.468279e+02 1.672331e+04
1.649868e+04 2.246684e+02 1.672335e+04
1.651473e+04 2.086636e+02 1.672339e+04
1.652501e+04 1.984246e+02 1.672343e+04
1.652995e+04 1.935207e+02 1.672347e+04
1.653002e+04 1.934901e+02 1.672351e+04
1.652569e+04 1.978613e+02 1.672355e+04
1.651748e+04 2.061102e+02 1.672359e+04
1.650598e+04 2.176666e+02 1.672364e+04
1.649180e+04 2.318957e+02 1.672370e+04
1.647566e+04 2.480926e+02 1.672375e+04
1.645833e+04 2.654939e+02 1.672382e+04
1.644060e+04 2.832786e+02 1.672388e+04
1.642330e+04 3.006408e+02 1.672394e+04
1.640716e+04 3.168219e+02 1.672399e+04
1.639284e+04 3.311805e+02 1.672402e+04
1.638078e+04 3.432555e+02 1.672404e+04
1.637121e+04 3.528196e+02 1.672403e+04
1.636409e+04 3.599127e+02 1.672401e+04
1.635911e+04 3.648558e+02 1.672397e+04
1.635569e+04 3.682126e+02 1.672390e+04
1.635304e+04 3.707876e+02 1.672383e+04
1.635018e+04 3.735539e+02 1.672373e+04
1.634600e+04 3.776387e+02 1.672364e+04
1.633927e+04 3.842596e+02 1.672353e+04
1.632868e+04 3.947332e+02 1.672342e+04
1.631281e+04 4.104801e+02 1.672330e+04
1.629013e+04 4.330225e+02 1.672315e+04
1.625895e+04 4.640344e+02 1.672299e+04
1.621746e+04 5.053520e+02 1.672281e+04
1.616370e+04 5.589211e+02 1.672262e+04
1.609571e+04 6.267279e+02 1.672244e+04
1.601171e+04 7.105650e+02 1.672228e+04
1.591047e+04 8.116990e+02 1.672217e+04
1.579188e+04 9.302924e+02 1.672218e+04
1.565768e+04 1.064678e+03 1.672235e+04
1.551218e+04 1.210568e+03 1.672275e+04
1.536289e+04 1.360479e+03 1.672336e+04
1.522036e+04 1.503777e+03 1.672414e+04
1.509716e+04 1.627770e+03 1.672493e+04
1.500564e+04 1.719898e+03 1.672553e+04
1.495528e+04 1.770525e+03 1.672581e+04
1.495046e+04 1.775227e+03 1.672569e+04
1.498970e+04 1.735564e+03 1.672526e+04
1.506662e+04 1.658046e+03 1.672467e+04
1.517209e+04 1.551980e+03 1.672407e+04
1.529636e+04 1.427198e+03 1.672355e+04
1.543062e+04 1.292549e+03 1.672317e+04
1.556773e+04 1.155178e+03 1.672291e+04
1.570228e+04 1.020465e+03 1.672275e+04
1.583044e+04 8.922344e+02 1.672267e+04
1.594963e+04 7.730321e+02 1.672266e+04
1.605831e+04 6.643764e+02 1.672269e+04
1.615579e+04 5.669678e+02 1.672276e+04
1.624197e+04 4.808733e+02 1.672284e+04
1.631725e+04 4.056942e+02 1.672295e+04
1.638234e+04 3.407154e+02 1.672305e+04
1.643812e+04 2.850332e+02 1.672316e+04
1.648560e+04 2.376572e+02 1.672326e+04
1.652576e+04 1.975804e+02 1.672334e+04
1.655957e+04 1.638534e+02 1.672343e+04
1.658792e+04 1.355826e+02 1.672350e+04
1.661159e+04 1.119690e+02 1.672356e+04
1.663131e+04 9.230805e+01 1.672362e+04
1.664767e+04 7.598830e+01 1.672366e+04
1.666121e+04 6.247985e+01 1.672369e+04
1.667238e+04 5.134828e+01 1.672373e+04
1.668154e+04 4.221278e+01 1.672375e+04
1.668902e+04 3.475899e+01 1.672377e+04
1.669507e+04 2.872512e+01 1.672379e+04
1.669991e+04 2.389435e+01 1.672381e+04
1.670373e+04 2.008814e+01 1.672382e+04
1.670667e+04 1.716049e+01 1.672383e+04
1.670885e+04 1.499304e+01 1.672384e+04
1.671035e+04 1.349105e+01 1.672384e+04
1.671127e+04 1.258003e+01 1.672385e+04
1.671165e+04 1.220306e+01 1.672385e+04
1.671154e+04 1.231863e+01 1.672386e+04
1.671096e+04 1.290435e+01 1.672386e+04
1.670993e+04 1.393434e+01 1.672386e+04
1.670845e+04 1.540522e+01 1.672386e+04
1.670652e+04 1.733588e+01 1.672385e+04
1.670411e+04 1.973996e+01 1.672385e+04
1.670120e+04 2.265870e+01 1.672386e+04
1.669774e+04 2.611231e+01 1.672385e+04
1.669368e+04 3.016656e+01 1.672385e+04
1.668895e+04 3.488981e+01 1.672384e+04
1.668347e+04 4.036554e+01 1.672383e+04
1.667713e+04 4.669432e+01 1.672382e+04
1.666981e+04 5.399615e+01 1.672381e+04
1.666138e+04 6.241361e+01 1.672379e+04
1.665166e+04 7.211584e+01 1.672378e+04
1.664045e+04 8.330374e+01 1.672376e+04
1.662751e+04 9.621700e+01 1.672373e+04
1.661255e+04 1.111438e+02 1.672370e+04
1.659522e+04 1.284345e+02 1.672366e+04
1.657509e+04 1.485211e+02 1.672361e+04
1.655160e+04 1.719463e+02 1.672355e+04
1.652406e+04 1.994059e+02 1.672346e+04
1.649154e+04 2.318116e+02 1.672336e+04
1.645282e+04 2.703781e+02 1.672320e+04
1.640622e+04 3.167792e+02 1.672300e+04
1.634941e+04 3.733027e+02 1.672272e+04
1.627920e+04 4.431235e+02 1.672233e+04
1.619120e+04 5.306033e+02 1.672180e+04
1.607952e+04 6.415909e+02 1.672111e+04
1.593671e+04 7.835497e+02 1.672026e+04
1.575422e+04 9.651231e+02 1.671935e+04
1.552421e+04 1.194405e+03 1.671862e+04
1.524369e+04 1.474885e+03 1.671858e+04
1.492172e+04 1.798180e+03 1.671990e+04
1.458803e+04 2.135009e+03 1.672304e+04
1.429682e+04 2.430591e+03 1.672741e+04
1.411590e+04 2.615131e+03 1.673103e+04
1.409809e+04 2.633511e+03 1.673160e+04
1.425148e+04 2.477227e+03 1.672870e+04
1.453413e+04 2.190110e+03 1.672424e+04
1.487851e+04 1.842025e+03 1.672054e+04
1.522323e+04 1.495399e+03 1.671863e+04
1.553017e+04 1.188134e+03 1.671830e+04
1.578437e+04 9.345156e+02 1.671888e+04
1.598597e+04 7.338243e+02 1.671980e+04
1.614217e+04 5.785434e+02 1.672071e+04
1.626201e+04 4.594858e+02 1.672149e+04
1.635389e+04 3.682168e+02 1.672211e+04
1.642471e+04 2.978700e+02 1.672258e+04
1.647978e+04 2.431406e+02 1.672292e+04
1.652306e+04 2.001054e+02 1.672317e+04
1.655747e+04 1.658707e+02 1.672334e+04
1.658514e+04 1.383362e+02 1.672347e+04
1.660762e+04 1.159496e+02 1.672357e+04
1.662607e+04 9.756968e+01 1.672364e+04
1.664135e+04 8.234664e+01 1.672370e+04
1.665410e+04 6.964558e+01 1.672374e+04
1.666481e+04 5.896706e+01 1.672378e+04
1.667386e+04 4.993398e+01 1.672380e+04
1.668155e+04 4.225690e+01 1.672381e+04
1.668812e+04 3.571346e+01 1.672383e+04
1.669374e+04 3.010082e+01 1.672384e+04
1.669858e+04 2.527395e+01 1.672385e+04
1.670275e+04 2.111028e+01 1.672386e+04
1.670636e+04 1.750929e+01 1.672387e+04
1.670949e+04 1.438796e+01 1.672388e+04
1.671220e+04 1.167743e+01 1.672388e+04
1.671456e+04 9.325696e+00 1.672389e+04
1.671662e+04 7.273875e+00 1.672389e+04
1.671841e+04 5.487254e+00 1.672390e+04
1.671997e+04 3.937633e+00 1.672390e+04
1.672132e+04 2.580206e+00 1.672390e+04
1.672249e+04 1.408050e+00 1.672390e+04
1.672351e+04 3.963446e-01 1.672390e+04
1.672438e+04 -4.707961e-01 1.672390e+04
1.672511e+04 -1.206111e+00 1.672391e+04
1.672573e+04 -1.819483e+00 1.672391e+04
1.672622e+04 -2.323650e+00 1.672390e+04
1.672661e+04 -2.712420e+00 1.672390e+04
1.672689e+04 -2.988017e+00 1.672391e+04
1.672707e+04 -3.161111e+00 1.672391e+04
1.672713e+04 -3.223377e+00 1.672391e+04
1.672707e+04 -3.169203e+00 1.672391e+04
1.672689e+04 -2.989929e+00 1.672390e+04
1.672658e+04 -2.673467e+00 1.672390e+04
1.672611e+04 -2.203812e+00 1.672390e+04
1.672546e+04 -1.560401e+00 1.672390e+04
1.672461e+04 -7.173162e-01 1.672390e+04
1.672354e+04 3.577139e-01 1.672389e+04
1.672218e+04 1.704552e+00 1.672389e+04
1.672051e+04 3.372011e+00 1.672388e+04
1.671846e+04 5.419763e+00 1.672388e+04
1.671595e+04 7.921350e+00 1.672387e+04
1.671290e+04 1.096599e+01 1.672386e+04
1.670919e+04 1.466215e+01 1.672385e+04
1.670470e+04 1.914155e+01 1.672384e+04
1.669926e+04 2.456381e+01 1.672382e+04
1.669268e+04 3.112717e+01 1.672381e+04
1.668473e+04 3.905339e+01 1.672378e+04
1.667513e+04 4.862695e+01 1.672375e+04
1.666354e+04 6.018031e+01 1.672372e+04
1.664957e+04 7.410648e+01 1.672368e+04
1.663277e+04 9.086456e+01 1.672363e+04
1.661260e+04 1.109824e+02 1.672358e+04
1.658847e+04 1.350535e+02 1.672352e+04
1.655973e+04 1.637233e+02 1.672345e+04
1.652572e+04 1.976559e+02 1.672338e+04
1.648581e+04 2.374977e+02 1.672331e+04
1.643947e+04 2.837836e+02 1.672326e+04
1.638642e+04 3.368075e+02 1.672323e+04
1.632679e+04 3.964506e+02 1.672324e+04
1.626129e+04 4.620039e+02 1.672330e+04
1.619149e+04 5.319317e+02 1.672342e+04
1.611991e+04 6.037019e+02 1.672362e+04
1.605014e+04 6.737329e+02 1.672388e+04
1.598662e+04 7.375528e+02 1.672418e+04
1.593423e+04 7.902448e+02 1.672447e+04
1.589756e+04 8.271316e+02 1.672470e+04
1.588015e+04 8.446455e+02 1.672480e+04
1.588370e+04 8.410579e+02 1.672476e+04
1.590771e+04 8.168823e+02 1.672459e+04
1.594961e+04 7.747187e+02 1.672433e+04
1.600531e+04 7.187228e+02 1.672403e+04
1.606997e+04 6.537772e+02 1.672374e+04
1.613882e+04 5.846845e+02 1.672351e+04
1.620777e+04 5.155681e+02 1.672334e+04
1.627369e+04 4.495596e+02 1.672325e+04
1.633447e+04 3.887375e+02 1.672321e+04
1.638895e+04 3.342668e+02 1.672322e+04
1.643670e+04 2.865614e+02 1.672326e+04
1.647777e+04 2.455429e+02 1.672332e+04
1.651259e+04 2.107918e+02 1.672338e+04
1.654173e+04 1.817174e+02 1.672345e+04
1.656586e+04 1.576571e+02 1.672351e+04
1.658563e+04 1.379455e+02 1.672357e+04
1.660167e+04 1.219544e+02 1.672362e+04
1.661455e+04 1.091201e+02 1.672367e+04
1.662478e+04 9.892895e+01 1.672371e+04
1.663279e+04 9.095079e+01 1.672374e+04
1.663896e+04 8.481276e+01 1.672377e+04
1.664359e+04 8.019283e+01 1.672379e+04
1.664697e+04 7.683458e+01 1.672380e+04
1.664931e+04 7.450730e+01 1.672382e+04
1.665081e+04 7.302126e+01 1.672383e+04
1.665163e+04 7.221642e+01 1.672384e+04
1.665190e+04 7.195746e+01 1.672385e+04
1.665173e+04 7.212943e+01 1.672386e+04
1.665123e+04 7.263966e+01 1.672387e+04
1.665049e+04 7.339847e+01 1.672388e+04
1.664956e+04 7.432781e+01 1.672389e+04
1.664852e+04 7.537023e+01 1.672389e+04
1.664743e+04 7.647088e+01 1.672390e+04
1.664632e+04 7.758183e+01 1.672390e+04
1.664524e+04 7.866120e+01 1.672390e+04
1.664423e+04 7.966695e+01 1.672390e+04
1.664332e+04 8.058377e+01 1.672391e+04
1.664254e+04 8.136790e+01 1.672391e+04
1.664191e+04 8.200736e+01 1.672392e+04
1.664145e+04 8.247211e+01 1.672392e+04
1.664117e+04 8.275289e+01 1.672392e+04
1.664108e+04 8.283880e+01 1.672392e+04
1.664120e+04 8.272851e+01 1.672392e+04
1.664152e+04 8.240858e+01 1.672392e+04
1.664204e+04 8.188670e+01 1.672392e+04
1.664275e+04 8.117015e+01 1.672392e+04
1.664365e+04 8.027206e+01 1.672392e+04
1.664471e+04 7.921256e+01 1.672392e+04
1.664590e+04 7.802595e+01 1.672392e+04
1.664718e+04 7.674132e+01 1.672392e+04
1.664849e+04 7.541922e+01 1.672391e+04
1.664977e+04 7.412980e+01 1.672390e+04
1.665090e+04 7.298862e+01 1.672389e+04
1.665173e+04 7.213623e+01 1.672387e+04
1.665207e+04 7.177867e+01 1.672385e+04
1.665160e+04 7.220997e+01 1.672381e+04
1.664991e+04 7.385438e+01 1.672376e+04
1.664636e+04 7.733040e+01 1.672369e+04
1.664003e+04 8.354852e+01 1.672358e+04
1.662955e+04 9.386637e+01 1.672341e+04
1.661287e+04 1.103029e+02 1.672317e+04
1.658688e+04 1.359046e+02 1.672279e+04
1.654691e+04 1.752995e+02 1.672221e+04
1.648582e+04 2.355093e+02 1.672133e+04
1.639286e+04 3.271291e+02 1.671999e+04
1.625195e+04 4.660644e+02 1.671801e+04
1.603980e+04 6.754033e+02 1.671520e+04
1.572462e+04 9.869096e+02 1.671153e+04
1.526828e+04 1.439265e+03 1.670755e+04
1.463757e+04 2.067443e+03 1.670501e+04
1.383237e+04 2.874820e+03 1.670719e+04
1.292823e+04 3.788388e+03 1.671662e+04
1.209705e+04 4.632775e+03 1.672982e+04
1.154609e+04 5.191044e+03 1.673713e+04
1.139464e+04 5.340032e+03 1.673467e+04
1.162297e+04 5.105830e+03 1.672880e+04
1.213851e+04 4.585342e+03 1.672385e+04
1.283789e+04 3.880687e+03 1.671858e+04
1.361189e+04 3.101288e+03 1.671318e+04
1.435401e+04 2.355957e+03 1.670997e+04
1.498931e+04 1.720553e+03 1.670986e+04
1.548864e+04 1.223205e+03 1.671185e+04
1.585831e+04 8.562349e+02 1.671455e+04
1.612141e+04 5.956699e+02 1.671708e+04
1.630409e+04 4.150215e+02 1.671911e+04
1.642903e+04 2.915741e+02 1.672060e+04
1.651366e+04 2.079908e+02 1.672165e+04
1.657058e+04 1.517952e+02 1.672238e+04
1.660856e+04 1.143144e+02 1.672287e+04
1.663358e+04 8.961826e+01 1.672320e+04
1.664971e+04 7.370592e+01 1.672342e+04
1.665971e+04 6.386514e+01 1.672357e+04
1.666540e+04 5.827048e+01 1.672367e+04
1.666805e+04 5.568921e+01 1.672374e+04
1.666850e+04 5.528693e+01 1.672379e+04
1.666732e+04 5.649735e+01 1.672382e+04
1.666490e+04 5.893479e+01 1.672384e+04
1.666152e+04 6.234066e+01 1.672386e+04
1.665735e+04 6.652162e+01 1.672387e+04
1.665252e+04 7.135558e+01 1.672387e+04
1.664713e+04 7.675071e+01 1.672388e+04
1.664125e+04 8.263798e+01 1.672388e+04
1.663492e+04 8.896189e+01 1.672389e+04
1.662821e+04 9.567388e+01 1.672389e+04
1.662116e+04 1.027274e+02 1.672389e+04
1.661382e+04 1.100746e+02 1.672389e+04
1.660623e+04 1.176636e+02 1.672390e+04
1.659846e+04 1.254424e+02 1.672391e+04
1.659057e+04 1.333357e+02 1.672391e+04
1.658264e+04 1.412722e+02 1.672391e+04
1.657473e+04 1.491847e+02 1.672391e+04
1.656693e+04 1.569835e+02 1.672392e+04
1.655934e+04 1.645799e+02 1.672392e+04
1.655205e+04 1.718826e+02 1.672393e+04
1.654513e+04 1.788002e+02 1.672393e+04
1.653869e+04 1.852447e+02 1.672394e+04
1.653281e+04 1.911340e+02 1.672394e+04
1.652755e+04 1.963959e+02 1.672395e+04
1.652298e+04 2.009712e+02 1.672395e+04
1.651913e+04 2.048163e+02 1.672395e+04
1.651604e+04 2.079062e+02 1.672395e+04
1.651371e+04 2.102358e+02 1.672395e+04
1.651213e+04 2.118206e+02 1.672395e+04
1.651124e+04 2.126972e+02 1.672394e+04
1.651102e+04 2.129216e+02 1.672394e+04
1.651136e+04 2.125680e+02 1.672393e+04
1.651220e+04 2.117256e+02 1.672392e+04
1.651342e+04 2.104960e+02 1.672392e+04
1.651492e+04 2.089899e+02 1.672391e+04
1.651658e+04 2.073234e+02 1.672390e+04
1.651828e+04 2.056152e+02 1.672389e+04
1.651990e+04 2.039832e+02 1.672389e+04
1.652134e+04 2.025428e+02 1.672388e+04
1.652247e+04 2.013997e+02 1.672387e+04
1.652319e+04 2.006704e+02 1.672386e+04
1.652340e+04 2.004502e+02 1.672385e+04
1.652301e+04 2.008350e+02 1.672385e+04
1.652192e+04 2.019173e+02 1.672384e+04
1.652004e+04 2.037886e+02 1.672383e+04
1.651728e+04 2.065468e+02 1.672383e+04
1.651354e+04 2.102775e+02 1.672382e+04
1.650872e+04 2.150886e+02 1.672381e+04
1.650271e+04 2.210896e+02 1.672380e+04
1.649539e+04 2.283970e+02 1.672379e+04
1.648665e+04 2.371305e+02 1.672378e+04
1.647637e+04 2.474061e+02 1.672377e+04
1.646444e+04 2.593229e+02 1.672376e+04
1.645082e+04 2.729453e+02 1.672376e+04
1.643549e+04 2.882789e+02 1.672377e+04
1.641854e+04 3.052426e+02 1.672378e+04
1.640016e+04 3.236352e+02 1.672380e+04
1.638070e+04 3.431359e+02 1.672384e+04
1.636062e+04 3.632629e+02 1.672388e+04
1.634053e+04 3.834030e+02 1.672393e+04
1.632112e+04 4.028686e+02 1.672399e+04
1.630311e+04 4.209302e+02 1.672404e+04
1.628716e+04 4.369280e+02 1.672409e+04
1.627378e+04 4.503315e+02 1.672411e+04
1.626327e+04 4.608418e+02 1.672411e+04
1.625568e+04 4.684055e+02 1.672409e+04
1.625084e+04 4.732122e+02 1.672405e+04
1.624837e+04 4.756503e+02 1.672402e+04
1.624776e+04 4.762088e+02 1.672397e+04
1.624850e+04 4.754227e+02 1.672393e+04
1.625012e+04 4.737741e+02 1.672389e+04
1.625223e+04 4.716431e+02 1.672387e+04
1.625458e+04 4.692799e+02 1.672386e+04
1.625705e+04 4.667967e+02 1.672385e+04
1.625965e+04 4.642010e+02 1.672385e+04
1.626245e+04 4.614132e+02 1.672386e+04
1.626559e+04 4.582869e+02 1.672387e+04
1.626923e+04 4.546575e+02 1.672389e+04
1.627354e+04 4.503628e+02 1.672390e+04
1.627864e+04 4.452648e+02 1.672391e+04
1.628465e+04 4.392646e+02 1.672391e+04
1.629160e+04 4.323121e+02 1.672392e+04
1.629950e+04 4.244103e+02 1.672391e+04
1.630829e+04 4.156096e+02 1.672390e+04
1.631787e+04 4.060317e+02 1.672390e+04
1.632808e+04 3.958080e+02 1.672389e+04
1.633875e+04 3.851252e+02 1.672388e+04
1.634967e+04 3.741764e+02 1.672385e+04
1.636064e+04 3.631996e+02 1.672384e+04
1.637142e+04 3.524015e+02 1.672382e+04
1.638182e+04 3.419956e+02 1.672382e+04
1.639164e+04 3.321616e+02 1.672381e+04
1.640073e+04 3.230705e+02 1.672380e+04
1.640893e+04 3.148574e+02 1.672379e+04
1.641617e+04 3.076233e+02 1.672379e+04
1.642235e+04 3.014330e+02 1.672379e+04
1.642747e+04 2.963142e+02 1.672379e+04
1.643153e+04 2.922589e+02 1.672379e+04
1.643457e+04 2.892304e+02 1.672380e+04
1.643666e+04 2.871447e+02 1.672381e+04
1.643791e+04 2.859020e+02 1.672381e+04
1.643843e+04 2.853921e+02 1.672382e+04
1.643836e+04 2.854723e+02 1.672383e+04
1.643785e+04 2.859966e+02 1.672384e+04
1.643703e+04 2.868177e+02 1.672385e+04
1.643607e+04 2.877946e+02 1.672386e+04
1.643507e+04 2.888014e+02 1.672387e+04
1.643414e+04 2.897347e+02 1.672387e+04
1.643335e+04 2.905165e+02 1.672387e+04
1.643275e+04 2.911219e+02 1.672387e+04
1.643231e+04 2.915532e+02 1.672387e+04
1.643199e+04 2.918644e+02 1.672386e+04
1.643169e+04 2.921590e+02 1.672385e+04
1.643124e+04 2.925900e+02 1.672383e+04
1.643046e+04 2.933591e+02 1.672381e+04
1.642908e+04 2.947137e+02 1.672379e+04
1.642683e+04 2.969480e+02 1.672377e+04
1.642337e+04 3.003754e+02 1.672375e+04
1.641837e+04 3.053537e+02 1.672372e+04
1.641144e+04 3.122533e+02 1.672369e+04
1.640221e+04 3.214502e+02 1.672366e+04
1.639032e+04 3.333093e+02 1.672363e+04
1.637544e+04 3.481626e+02 1.672360e+04
1.635730e+04 3.662755e+02 1.672358e+04
1.633573e+04 3.878264e+02 1.672356e+04
1.631070e+04 4.128528e+02 1.672355e+04
1.628238e+04 4.411875e+02 1.672357e+04
1.625118e+04 4.724165e+02 1.672360e+04
1.621780e+04 5.058464e+02 1.672365e+04
1.618329e+04 5.404333e+02 1.672372e+04
1.614899e+04 5.748256e+02 1.672382e+04
1.611656e+04 6.073711e+02 1.672393e+04
1.608780e+04 6.362474e+02 1.672405e+04
1.606455e+04 6.596070e+02 1.672416e+04
1.604847e+04 6.757692e+02 1.672424e+04
1.604081e+04 6.834771e+02 1.672428e+04
1.604225e+04 6.820385e+02 1.672428e+04
1.605280e+04 6.714390e+02 1.672424e+04
1.607182e+04 6.523383e+02 1.672416e+04
1.609807e+04 6.259794e+02 1.672404e+04
1.612991e+04 5.940288e+02 1.672394e+04
1.616553e+04 5.582990e+02 1.672383e+04
1.620311e+04 5.206182e+02 1.672373e+04
1.624101e+04 4.826385e+02 1.672365e+04
1.627786e+04 4.457391e+02 1.672360e+04
1.631258e+04 4.109837e+02 1.672356e+04
1.634442e+04 3.791232e+02 1.672354e+04
1.637291e+04 3.506300e+02 1.672354e+04
1.639780e+04 3.257495e+02 1.672355e+04
1.641901e+04 3.045552e+02 1.672356e+04
1.643658e+04 2.870013e+02 1.672358e+04
1.645063e+04 2.729735e+02 1.672360e+04
1.646132e+04 2.623080e+02 1.672362e+04
1.646881e+04 2.548252e+02 1.672363e+04
1.647326e+04 2.503874e+02 1.672365e+04
1.647482e+04 2.488401e+02 1.672366e+04
1.647358e+04 2.500794e+02 1.672366e+04
1.646964e+04 2.540274e+02 1.672366e+04
1.646303e+04 2.606361e+02 1.672366e+04
1.645378e+04 2.698813e+02 1.672366e+04
1.644190e+04 2.817534e+02 1.672366e+04
1.642741e+04 2.962430e+02 1.672365e+04
1.641033e+04 3.133219e+02 1.672365e+04
1.639073e+04 3.329193e+02 1.672365e+04
1.636877e+04 3.548932e+02 1.672366e+04
1.634468e+04 3.789988e+02 1.672368e+04
1.631885e+04 4.048553e+02 1.672370e+04
1.629183e+04 4.319167e+02 1.672374e+04
1.626435e+04 4.594520e+02 1.672380e+04
1.623732e+04 4.865414e+02 1.672386e+04
1.621184e+04 5.120975e+02 1.672394e+04
1.618910e+04 5.349160e+02 1.672401e+04
1.617033e+04 5.537584e+02 1.672409e+04
1.615669e+04 5.674592e+02 1.672415e+04
1.614915e+04 5.750471e+02 1.672419e+04
1.614835e+04 5.758578e+02 1.672421e+04
1.615458e+04 5.696184e+02 1.672420e+04
1.616768e+04 5.564858e+02 1.672416e+04
1.618708e+04 5.370286e+02 1.672411e+04
1.621187e+04 5.121590e+02 1.672403e+04
1.624093e+04 4.830278e+02 1.672395e+04
1.627297e+04 4.509044e+02 1.672387e+04
1.630674e+04 4.170621e+02 1.672380e+04
1.634106e+04 3.826868e+02 1.672374e+04
1.637488e+04 3.488144e+02 1.672369e+04
1.640735e+04 3.163024e+02 1.672366e+04
1.643780e+04 2.858283e+02 1.672363e+04
1.646570e+04 2.579099e+02 1.672361e+04
1.649066e+04 2.329410e+02 1.672360e+04
1.651235e+04 2.112358e+02 1.672358e+04
1.653048e+04 1.930805e+02 1.672356e+04
1.654474e+04 1.787911e+02 1.672353e+04
1.655471e+04 1.687852e+02 1.672349e+04
1.655978e+04 1.636357e+02 1.672342e+04
1.655908e+04 1.642317e+02 1.672332e+04
1.655129e+04 1.718599e+02 1.672315e+04
1.653447e+04 1.884526e+02 1.672292e+04
1.650575e+04 2.168279e+02 1.672258e+04
1.646099e+04 2.610899e+02 1.672208e+04
1.639426e+04 3.271140e+02 1.672138e+04
1.629731e+04 4.231005e+02 1.672041e+04
1.615917e+04 5.599966e+02 1.671916e+04
1.596647e+04 7.512574e+02 1.671772e+04
1.570566e+04 1.010784e+03 1.671645e+04
1.536904e+04 1.347066e+03 1.671610e+04
1.496636e+04 1.751522e+03 1.671788e+04
1.454006e+04 2.182566e+03 1.672263e+04
1.417229e+04 2.556962e+03 1.672925e+04
1.396424e+04 2.769779e+03 1.673402e+04
1.398422e+04 2.749092e+03 1.673331e+04
1.422223e+04 2.505507e+03 1.672774e+04
1.459739e+04 2.123984e+03 1.672138e+04
1.501009e+04 1.707327e+03 1.671741e+04
1.538803e+04 1.328274e+03 1.671630e+04
1.569855e+04 1.018436e+03 1.671699e+04
1.593787e+04 7.805000e+02 1.671837e+04
1.611607e+04 6.037038e+02 1.671977e+04
1.624696e+04 4.739760e+02 1.672094e+04
1.634323e+04 3.785819e+02 1.672181e+04
1.641487e+04 3.075580e+02 1.672243e+04
1.646917e+04 2.536827e+02 1.672286e+04
1.651123e+04 2.119148e+02 1.672315e+04
1.654451e+04 1.788314e+02 1.672334e+04
1.657134e+04 1.521340e+02 1.672347e+04
1.659328e+04 1.302817e+02 1.672356e+04
1.661139e+04 1.122326e+02 1.672362e+04
1.662640e+04 9.726297e+01 1.672366e+04
1.663882e+04 8.487262e+01 1.672369e+04
1.664904e+04 7.467838e+01 1.672372e+04
1.665735e+04 6.638861e+01 1.672374e+04
1.666398e+04 5.976901e+01 1.672375e+04
1.666914e+04 5.462526e+01 1.672377e+04
1.667299e+04 5.079262e+01 1.672378e+04
1.667566e+04 4.812982e+01 1.672379e+04
1.667728e+04 4.651526e+01 1.672380e+04
1.667796e+04 4.584466e+01 1.672381e+04
1.667778e+04 4.602924e+01 1.672381e+04
1.667682e+04 4.699430e+01 1.672382e+04
1.667514e+04 4.867788e+01 1.672382e+04
1.667279e+04 5.102945e+01 1.672382e+04
1.666982e+04 5.400859e+01 1.672383e+04
1.666624e+04 5.758359e+01 1.672383e+04
1.666210e+04 6.172463e+01 1.672382e+04
1.665740e+04 6.642968e+01 1.672383e+04
1.665216e+04 7.166284e+01 1.672382e+04
1.664640e+04 7.743500e+01 1.672383e+04
1.664011e+04 8.373133e+01 1.672384e+04
1.663332e+04 9.052586e+01 1.672384e+04
1.662602e+04 9.781854e+01 1.672384e+04
1.661825e+04 1.055895e+02 1.672384e+04
1.661001e+04 1.138361e+02 1.672384e+04
1.660133e+04 1.225166e+02 1.672385e+04
1.659224e+04 1.316038e+02 1.672385e+04
1.658279e+04 1.410559e+02 1.672385e+04
1.657303e+04 1.508220e+02 1.672385e+04
1.656302e+04 1.608462e+02 1.672386e+04
1.655282e+04 1.710411e+02 1.672386e+04
1.654253e+04 1.813437e+02 1.672387e+04
1.653221e+04 1.916615e+02 1.672388e+04
1.652198e+04 2.019035e+02 1.672388e+04
1.651191e+04 2.119777e+02 1.672389e+04
1.650210e+04 2.217967e+02 1.672389e+04
1.649261e+04 2.312825e+02 1.672390e+04
1.648352e+04 2.403737e+02 1.672390e+04
1.647486e+04 2.490319e+02 1.672390e+04
1.646664e+04 2.572489e+02 1.672389e+04
1.645883e+04 2.650529e+02 1.672389e+04
1.645136e+04 2.725148e+02 1.672388e+04
1.644411e+04 2.797519e+02 1.672386e+04
1.643691e+04 2.869298e+02 1.672384e+04
1.642956e+04 2.942618e+02 1.672382e+04
1.642179e+04 3.020050e+02 1.672380e+04
1.641332e+04 3.104528e+02 1.672377e+04
1.640382e+04 3.199220e+02 1.672374e+04
1.639298e+04 3.307355e+02 1.672371e+04
1.638049e+04 3.432044e+02 1.672369e+04
1.636610e+04 3.575757e+02 1.672367e+04
1.634963e+04 3.740293e+02 1.672366e+04
1.633105e+04 3.926190e+02 1.672366e+04
1.631047e+04 4.132114e+02 1.672368e+04
1.628824e+04 4.354752e+02 1.672371e+04
1.626494e+04 4.588238e+02 1.672376e+04
1.624143e+04 4.824044e+02 1.672383e+04
1.621880e+04 5.051110e+02 1.672391e+04
1.619837e+04 5.256305e+02 1.672400e+04
1.618153e+04 5.425604e+02 1.672409e+04
1.616966e+04 5.545113e+02 1.672417e+04
1.616394e+04 5.602925e+02 1.672424e+04
1.616522e+04 5.590453e+02 1.672427e+04
1.617388e+04 5.503759e+02 1.672426e+04
1.618979e+04 5.344242e+02 1.672422e+04
1.621231e+04 5.118322e+02 1.672415e+04
1.624040e+04 4.836557e+02 1.672405e+04
1.627271e+04 4.512487e+02 1.672396e+04
1.630779e+04 4.160727e+02 1.672386e+04
1.634421e+04 3.795710e+02 1.672378e+04
1.638067e+04 3.430420e+02 1.672371e+04
1.641607e+04 3.075824e+02 1.672365e+04
1.644957e+04 2.740458e+02 1.672362e+04
1.648057e+04 2.430355e+02 1.672360e+04
1.650864e+04 2.149488e+02 1.672359e+04
1.653358e+04 1.900133e+02 1.672359e+04
1.655526e+04 1.683340e+02 1.672360e+04
1.657366e+04 1.499399e+02 1.672360e+04
1.658878e+04 1.348288e+02 1.672361e+04
1.660060e+04 1.230077e+02 1.672360e+04
1.660906e+04 1.145312e+02 1.672359e+04
1.661403e+04 1.095399e+02 1.672357e+04
1.661524e+04 1.083005e+02 1.672354e+04
1.661223e+04 1.112575e+02 1.672349e+04
1.660434e+04 1.190657e+02 1.672341e+04
1.659061e+04 1.326827e+02 1.672329e+04
1.656969e+04 1.534516e+02 1.672315e+04
1.653981e+04 1.831371e+02 1.672295e+04
1.649863e+04 2.240611e+02 1.672269e+04
1.644326e+04 2.791235e+02 1.672238e+04
1.637026e+04 3.517636e+02 1.672202e+04
1.627593e+04 4.457214e+02 1.672166e+04
1.615691e+04 5.644423e+02 1.672135e+04
1.601131e+04 7.099257e+02 1.672124e+04
1.584061e+04 8.808739e+02 1.672148e+04
1.565197e+04 1.070296e+03 1.672227e+04
1.546027e+04 1.263357e+03 1.672362e+04
1.528806e+04 1.437254e+03 1.672532e+04
1.516183e+04 1.565001e+03 1.672683e+04
1.510406e+04 1.623445e+03 1.672750e+04
1.512465e+04 1.602378e+03 1.672702e+04
1.521655e+04 1.509068e+03 1.672562e+04
1.535886e+04 1.365043e+03 1.672390e+04
1.552511e+04 1.197353e+03 1.672246e+04
1.569165e+04 1.029928e+03 1.672158e+04
1.584236e+04 8.789194e+02 1.672128e+04
1.596917e+04 7.522094e+02 1.672138e+04
1.607038e+04 6.513369e+02 1.672172e+04
1.614812e+04 5.740108e+02 1.672213e+04
1.620640e+04 5.161468e+02 1.672255e+04
1.624965e+04 4.732540e+02 1.672290e+04
1.628194e+04 4.412464e+02 1.672318e+04
1.630650e+04 4.168645e+02 1.672336e+04
1.632556e+04 3.979025e+02 1.672346e+04
1.634019e+04 3.832671e+02 1.672345e+04
1.635030e+04 3.730499e+02 1.672335e+04
1.635454e+04 3.685914e+02 1.672313e+04
1.635015e+04 3.726260e+02 1.672277e+04
1.633267e+04 3.895644e+02 1.672223e+04
1.629548e+04 4.259652e+02 1.672145e+04
1.622913e+04 4.912078e+02 1.672034e+04
1.612061e+04 5.982291e+02 1.671884e+04
1.595317e+04 7.638202e+02 1.671699e+04
1.570795e+04 1.007163e+03 1.671511e+04
1.537016e+04 1.343949e+03 1.671410e+04
1.494316e+04 1.772425e+03 1.671559e+04
1.447025e+04 2.250878e+03 1.672112e+04
1.404991e+04 2.679895e+03 1.672980e+04
1.381424e+04 2.922207e+03 1.673645e+04
1.385719e+04 2.878336e+03 1.673552e+04
1.416587e+04 2.561993e+03 1.672787e+04
1.463083e+04 2.088771e+03 1.671960e+04
1.512282e+04 1.592209e+03 1.671503e+04
1.555556e+04 1.158698e+03 1.671426e+04
1.589656e+04 8.190131e+02 1.671558e+04
1.614816e+04 5.693436e+02 1.671750e+04
1.632685e+04 3.924291e+02 1.671928e+04
1.645120e+04 2.694748e+02 1.672068e+04
1.653693e+04 1.847579e+02 1.672169e+04
1.659589e+04 1.265065e+02 1.672239e+04
1.663649e+04 8.637742e+01 1.672287e+04
1.666458e+04 5.862090e+01 1.672320e+04
1.668409e+04 3.932657e+01 1.672341e+04
1.669771e+04 2.584755e+01 1.672356e+04
1.670727e+04 1.639142e+01 1.672366e+04
1.671399e+04 9.728861e+00 1.672372e+04
1.671872e+04 5.048856e+00 1.672377e+04
1.672203e+04 1.767499e+00 1.672380e+04
1.672434e+04 -5.127355e-01 1.672382e+04
1.672591e+04 -2.069717e+00 1.672384e+04
1.672695e+04 -3.099175e+00 1.672385e+04
1.672760e+04 -3.734488e+00 1.672386e+04
1.672796e+04 -4.085850e+00 1.672387e+04
1.672809e+04 -4.218614e+00 1.672387e+04
1.672806e+04 -4.183704e+00 1.672388e+04
1.672790e+04 -4.017507e+00 1.672388e+04
1.672763e+04 -3.745733e+00 1.672388e+04
1.672727e+04 -3.386101e+00 1.672388e+04
1.672683e+04 -2.944804e+00 1.672389e+04
1.672633e+04 -2.439555e+00 1.672389e+04
1.672576e+04 -1.873319e+00 1.672388e+04
1.672512e+04 -1.234768e+00 1.672388e+04
1.672441e+04 -5.206194e-01 1.672389e+04
1.672362e+04 2.641200e-01 1.672389e+04
1.672275e+04 1.133552e+00 1.672389e+04
1.672179e+04 2.098925e+00 1.672388e+04
1.672071e+04 3.174303e+00 1.672388e+04
1.671950e+04 4.376823e+00 1.672388e+04
1.671815e+04 5.721478e+00 1.672387e+04
1.671663e+04 7.238221e+00 1.672387e+04
1.671490e+04 8.961418e+00 1.672386e+04
1.671294e+04 1.091972e+01 1.672386e+04
1.671070e+04 1.315318e+01 1.672386e+04
1.670814e+04 1.570883e+01 1.672385e+04
1.670520e+04 1.863633e+01 1.672384e+04
1.670182e+04 2.201142e+01 1.672383e+04
1.669792e+04 2.590457e+01 1.672383e+04
1.669341e+04 3.040471e+01 1.672382e+04
1.668819e+04 3.561581e+01 1.672381e+04
1.668214e+04 4.165380e+01 1.672379e+04
1.667510e+04 4.867122e+01 1.672378e+04
1.666693e+04 5.682712e+01 1.672376e+04
1.665743e+04 6.631187e+01 1.672374e+04
1.664637e+04 7.735019e+01 1.672372e+04
1.663352e+04 9.018183e+01 1.672370e+04
1.661857e+04 1.050969e+02 1.672367e+04
1.660122e+04 1.224145e+02 1.672364e+04
1.658112e+04 1.424932e+02 1.672361e+04
1.655786e+04 1.657056e+02 1.672357e+04
1.653107e+04 1.924637e+02 1.672353e+04
1.650030e+04 2.231848e+02 1.672349e+04
1.646517e+04 2.582779e+02 1.672344e+04
1.642528e+04 2.981177e+02 1.672340e+04
1.638035e+04 3.430167e+02 1.672337e+04
1.633018e+04 3.931647e+02 1.672334e+04
1.627470e+04 4.486208e+02 1.672332e+04
1.621406e+04 5.092567e+02 1.672331e+04
1.614857e+04 5.747428e+02 1.672331e+04
1.607876e+04 6.445564e+02 1.672332e+04
1.600530e+04 7.180261e+02 1.672333e+04
1.592891e+04 7.944116e+02 1.672333e+04
1.585031e+04 8.730041e+02 1.672331e+04
1.577008e+04 9.532065e+02 1.672329e+04
1.568872e+04 1.034537e+03 1.672326e+04
1.560675e+04 1.116491e+03 1.672324e+04
1.552506e+04 1.198221e+03 1.672328e+04
1.544535e+04 1.278053e+03 1.672341e+04
1.537067e+04 1.352979e+03 1.672365e+04
1.530567e+04 1.418336e+03 1.672401e+04
1.525643e+04 1.467993e+03 1.672442e+04
1.522957e+04 1.495223e+03 1.672480e+04
1.523079e+04 1.494219e+03 1.672501e+04
1.526320e+04 1.461788e+03 1.672499e+04
1.532618e+04 1.398530e+03 1.672471e+04
1.541531e+04 1.308946e+03 1.672425e+04
1.552329e+04 1.200437e+03 1.672373e+04
1.564166e+04 1.081599e+03 1.672326e+04
1.576236e+04 9.605518e+02 1.672291e+04
1.587889e+04 8.438077e+02 1.672270e+04
1.598681e+04 7.358137e+02 1.672262e+04
1.608360e+04 6.390434e+02 1.672264e+04
1.616833e+04 5.543956e+02 1.672273e+04
1.624116e+04 4.816926e+02 1.672285e+04
1.630290e+04 4.200850e+02 1.672299e+04
1.635467e+04 3.684360e+02 1.672311e+04
1.639767e+04 3.255506e+02 1.672322e+04
1.643302e+04 2.902891e+02 1.672331e+04
1.646170e+04 2.616888e+02 1.672338e+04
1.648445e+04 2.389852e+02 1.672343e+04
1.650183e+04 2.216377e+02 1.672346e+04
1.651413e+04 2.093402e+02 1.672347e+04
1.652143e+04 2.020296e+02 1.672346e+04
1.652352e+04 1.998993e+02 1.672342e+04
1.651993e+04 2.034177e+02 1.672335e+04
1.650990e+04 2.133550e+02 1.672326e+04
1.649232e+04 2.308130e+02 1.672313e+04
1.646572e+04 2.572510e+02 1.672297e+04
1.642828e+04 2.944951e+02 1.672278e+04
1.637788e+04 3.446697e+02 1.672255e+04
1.631224e+04 4.100799e+02 1.672232e+04
1.622925e+04 4.928650e+02 1.672212e+04
1.612759e+04 5.944145e+02 1.672200e+04
1.600762e+04 7.144436e+02 1.672207e+04
1.587264e+04 8.497607e+02 1.672241e+04
1.573009e+04 9.929904e+02 1.672308e+04
1.559218e+04 1.131873e+03 1.672406e+04
1.547511e+04 1.250045e+03 1.672515e+04
1.539604e+04 1.330003e+03 1.672604e+04
1.536853e+04 1.357874e+03 1.672640e+04
1.539798e+04 1.328106e+03 1.672609e+04
1.547968e+04 1.245545e+03 1.672522e+04
1.560052e+04 1.123617e+03 1.672413e+04
1.574339e+04 9.797463e+02 1.672314e+04
1.589193e+04 8.305154e+02 1.672245e+04
1.603355e+04 6.885353e+02 1.672208e+04
1.616043e+04 5.615694e+02 1.672200e+04
1.626897e+04 4.531271e+02 1.672210e+04
1.635851e+04 3.637744e+02 1.672228e+04
1.643012e+04 2.923754e+02 1.672250e+04
1.648562e+04 2.370686e+02 1.672269e+04
1.652694e+04 1.959088e+02 1.672285e+04
1.655571e+04 1.672497e+02 1.672296e+04
1.657304e+04 1.499629e+02 1.672300e+04
1.657941e+04 1.435721e+02 1.672298e+04
1.657452e+04 1.483607e+02 1.672288e+04
1.655721e+04 1.654953e+02 1.672271e+04
1.652527e+04 1.971422e+02 1.672241e+04
1.647532e+04 2.466821e+02 1.672200e+04
1.640268e+04 3.187785e+02 1.672146e+04
1.630145e+04 4.193566e+02 1.672080e+04
1.616502e+04 5.551028e+02 1.672012e+04
1.598753e+04 7.320640e+02 1.671960e+04
1.576687e+04 9.526885e+02 1.671956e+04
1.550943e+04 1.211013e+03 1.672044e+04
1.523584e+04 1.486729e+03 1.672257e+04
1.498384e+04 1.741825e+03 1.672567e+04
1.480279e+04 1.925820e+03 1.672861e+04
1.473680e+04 1.993041e+03 1.672984e+04
1.480381e+04 1.924798e+03 1.672861e+04
1.498582e+04 1.739846e+03 1.672567e+04
1.523872e+04 1.483854e+03 1.672258e+04
1.551325e+04 1.207216e+03 1.672046e+04
1.577178e+04 9.478089e+02 1.671959e+04
1.599388e+04 7.257683e+02 1.671965e+04
1.617329e+04 5.468983e+02 1.672019e+04
1.631234e+04 4.085504e+02 1.672089e+04
1.641711e+04 3.044577e+02 1.672157e+04
1.649449e+04 2.276503e+02 1.672214e+04
1.655075e+04 1.718389e+02 1.672259e+04
1.659105e+04 1.318822e+02 1.672293e+04
1.661938e+04 1.038047e+02 1.672318e+04
1.663873e+04 8.463764e+01 1.672337e+04
1.665128e+04 7.221767e+01 1.672349e+04
1.665858e+04 6.500229e+01 1.672358e+04
1.666172e+04 6.191890e+01 1.672364e+04
1.666143e+04 6.224984e+01 1.672368e+04
1.665815e+04 6.554823e+01 1.672370e+04
1.665212e+04 7.157844e+01 1.672370e+04
1.664342e+04 8.027536e+01 1.672370e+04
1.663196e+04 9.171771e+01 1.672368e+04
1.661754e+04 1.061112e+02 1.672365e+04
1.659983e+04 1.237781e+02 1.672361e+04
1.657841e+04 1.451504e+02 1.672356e+04
1.655274e+04 1.707619e+02 1.672350e+04
1.652220e+04 2.012357e+02 1.672344e+04
1.648611e+04 2.372600e+02 1.672337e+04
1.644375e+04 2.795449e+02 1.672330e+04
1.639448e+04 3.287507e+02 1.672323e+04
1.633781e+04 3.853755e+02 1.672318e+04
1.627357e+04 4.495943e+02 1.672317e+04
1.620215e+04 5.210476e+02 1.672320e+04
1.612471e+04 5.985875e+02 1.672330e+04
1.604342e+04 6.800527e+02 1.672347e+04
1.596164e+04 7.620974e+02 1.672374e+04
1.588385e+04 8.402100e+02 1.672406e+04
1.581536e+04 9.090530e+02 1.672441e+04
1.576159e+04 9.631213e+02 1.672471e+04
1.572725e+04 9.976642e+02 1.672491e+04
1.571532e+04 1.009636e+03 1.672495e+04
1.572647e+04 9.983654e+02 1.672483e+04
1.575890e+04 9.656821e+02 1.672458e+04
1.580880e+04 9.154729e+02 1.672427e+04
1.587114e+04 8.527965e+02 1.672394e+04
1.594070e+04 7.829551e+02 1.672366e+04
1.601276e+04 7.106893e+02 1.672345e+04
1.608360e+04 6.397211e+02 1.672332e+04
1.615065e+04 5.726152e+02 1.672326e+04
1.621239e+04 5.108730e+02 1.672326e+04
1.626814e+04 4.551434e+02 1.672329e+04
1.631785e+04 4.054924e+02 1.672334e+04
1.636181e+04 3.615938e+02 1.672341e+04
1.640054e+04 3.229258e+02 1.672347e+04
1.643464e+04 2.888883e+02 1.672353e+04
1.646470e+04 2.588814e+02 1.672359e+04
1.649128e+04 2.323491e+02 1.672363e+04
1.651487e+04 2.088004e+02 1.672367e+04
1.653589e+04 1.878203e+02 1.672371e+04
1.655470e+04 1.690447e+02 1.672374e+04
1.657158e+04 1.521865e+02 1.672376e+04
1.658678e+04 1.370045e+02 1.672378e+04
1.660050e+04 1.233053e+02 1.672380e+04
1.661290e+04 1.109134e+02 1.672382e+04
1.662413e+04 9.969694e+01 1.672383e+04
1.663430e+04 8.954008e+01 1.672384e+04
1.664350e+04 8.034393e+01 1.672385e+04
1.665183e+04 7.202289e+01 1.672385e+04
1.665936e+04 6.450744e+01 1.672387e+04
1.666615e+04 5.772016e+01 1.672387e+04
1.667227e+04 5.160158e+01 1.672387e+04
1.667777e+04 4.610902e+01 1.672388e+04
1.668269e+04 4.118844e+01 1.672388e+04
1.668709e+04 3.679556e+01 1.672388e+04
1.669100e+04 3.288439e+01 1.672388e+04
1.669446e+04 2.942894e+01 1.672388e+04
1.669750e+04 2.638997e+01 1.672389e+04
1.670015e+04 2.373653e+01 1.672389e+04
1.670245e+04 2.144029e+01 1.672389e+04
1.670442e+04 1.947533e+01 1.672389e+04
1.670608e+04 1.781792e+01 1.672390e+04
1.670745e+04 1.644637e+01 1.672390e+04
1.670856e+04 1.534078e+01 1.672390e+04
1.670942e+04 1.448288e+01 1.672390e+04
1.671005e+04 1.385586e+01 1.672390e+04
1.671046e+04 1.344420e+01 1.672390e+04
1.671067e+04 1.323345e+01 1.672390e+04
1.671070e+04 1.321013e+01 1.672391e+04
1.671055e+04 1.336150e+01 1.672391e+04
1.671023e+04 1.367546e+01 1.672391e+04
1.670977e+04 1.414039e+01 1.672391e+04
1.670916e+04 1.474501e+01 1.672391e+04
1.670843e+04 1.547823e+01 1.672391e+04
1.670758e+04 1.632911e+01 1.672391e+04
1.670663e+04 1.728670e+01 1.672391e+04
1.670557e+04 1.833997e+01 1.672391e+04
1.670444e+04 1.947781e+01 1.672391e+04
1.670323e+04 2.068892e+01 1.672391e+04
1.670195e+04 2.196186e+01 1.672392e+04
1.670063e+04 2.328503e+01 1.672392e+04
1.669927e+04 2.465211e+01 1.672392e+04
1.669788e+04 2.604056e+01 1.672392e+04
1.669648e+04 2.744426e+01 1.672392e+04
1.669507e+04 2.885183e+01 1.672393e+04
1.669367e+04 3.025231e+01 1.672393e+04
1.669229e+04 3.163535e+01 1.672393e+04
1.669094e+04 3.299146e+01 1.672393e+04
1.668962e+04 3.431228e+01 1.672393e+04
1.668834e+04 3.558515e+01 1.672392e+04
1.668711e+04 3.681599e+01 1.672392e+04
1.668593e+04 3.799061e+01 1.672392e+04
1.668480e+04 3.911923e+01 1.672392e+04
1.668372e+04 4.019318e+01 1.672391e+04
1.668268e+04 4.122888e+01 1.672391e+04
1.668168e+04 4.223016e+01 1.672391e+04
1.668070e+04 4.321077e+01 1.672391e+04
1.667972e+04 4.418965e+01 1.672391e+04
1.667871e+04 4.519189e+01 1.672390e+04
1.667765e+04 4.625002e+01 1.672390e+04
1.667649e+04 4.740018e+01 1.672389e+04
1.667518e+04 4.871206e+01 1.672389e+04
1.667364e+04 5.023798e+01 1.672388e+04
1.667180e+04 5.207222e+01 1.672387e+04
1.666953e+04 5.433135e+01 1.672386e+04
1.666667e+04 5.717068e+01 1.672384e+04
1.666302e+04 6.080071e+01 1.672382e+04
1.665827e+04 6.551165e+01 1.672378e+04
1.665203e+04 7.171054e+01 1.672374e+04
1.664369e+04 7.997747e+01 1.672367e+04
1.663242e+04 9.115126e+01 1.672357e+04
1.661695e+04 1.064613e+02 1.672342e+04
1.659546e+04 1.277286e+02 1.672319e+04
1.656518e+04 1.576744e+02 1.672285e+04
1.652196e+04 2.003847e+02 1.672234e+04
1.645957e+04 2.619925e+02 1.672157e+04
1.636877e+04 3.516641e+02 1.672043e+04
1.623605e+04 4.827420e+02 1.671880e+04
1.604272e+04 6.738782e+02 1.671659e+04
1.576524e+04 9.487818e+02 1.671403e+04
1.538023e+04 1.331696e+03 1.671192e+04
1.487899e+04 1.833253e+03 1.671224e+04
1.429573e+04 2.421875e+03 1.671760e+04
1.373758e+04 2.990763e+03 1.672834e+04
1.337445e+04 3.363969e+03 1.673841e+04
1.334992e+04 3.388951e+03 1.673887e+04
1.367042e+04 3.058852e+03 1.672927e+04
1.419980e+04 2.518506e+03 1.671831e+04
1.476649e+04 1.946021e+03 1.671251e+04
1.525775e+04 1.454159e+03 1.671191e+04
1.563512e+04 1.078819e+03 1.671394e+04
1.590545e+04 8.110826e+02 1.671653e+04
1.609195e+04 6.268380e+02 1.671879e+04
1.621855e+04 5.019175e+02 1.672047e+04
1.630449e+04 4.171567e+02 1.672164e+04
1.636364e+04 3.587964e+02 1.672243e+04
1.640550e+04 3.174492e+02 1.672295e+04
1.643640e+04 2.868958e+02 1.672329e+04
1.646044e+04 2.630743e+02 1.672351e+04
1.648025e+04 2.433970e+02 1.672365e+04
1.649750e+04 2.262364e+02 1.672373e+04
1.651319e+04 2.106052e+02 1.672379e+04
1.652791e+04 1.959132e+02 1.672382e+04
1.654199e+04 1.818521e+02 1.672384e+04
1.655557e+04 1.682804e+02 1.672385e+04
1.656871e+04 1.551408e+02 1.672386e+04
1.658141e+04 1.424435e+02 1.672385e+04
1.659361e+04 1.302372e+02 1.672385e+04
1.660529e+04 1.185634e+02 1.672385e+04
1.661638e+04 1.074673e+02 1.672385e+04
1.662686e+04 9.699137e+01 1.672386e+04
1.663671e+04 8.715047e+01 1.672386e+04
1.664589e+04 7.795870e+01 1.672385e+04
1.665442e+04 6.943540e+01 1.672386e+04
1.666231e+04 6.155168e+01 1.672386e+04
1.666955e+04 5.430953e+01 1.672386e+04
1.667618e+04 4.768285e+01 1.672386e+04
1.668222e+04 4.164707e+01 1.672387e+04
1.668769e+04 3.617560e+01 1.672387e+04
1.669263e+04 3.124171e+01 1.672387e+04
1.669705e+04 2.681481e+01 1.672387e+04
1.670098e+04 2.288982e+01 1.672387e+04
1.670444e+04 1.943438e+01 1.672388e+04
1.670743e+04 1.644612e+01 1.672388e+04
1.670995e+04 1.392808e+01 1.672387e+04
1.671197e+04 1.190354e+01 1.672388e+04
1.671347e+04 1.039940e+01 1.672387e+04
1.671438e+04 9.486257e+00 1.672386e+04
1.671458e+04 9.266414e+00 1.672385e+04
1.671394e+04 9.893696e+00 1.672383e+04
1.671221e+04 1.159378e+01 1.672380e+04
1.670907e+04 1.468782e+01 1.672376e+04
1.670405e+04 1.965642e+01 1.672371e+04
1.669646e+04 2.716724e+01 1.672363e+04
1.668533e+04 3.818398e+01 1.672351e+04
1.666926e+04 5.408587e+01 1.672335e+04
1.664627e+04 7.684513e+01 1.672311e+04
1.661350e+04 1.092738e+02 1.672278e+04
1.656695e+04 1.553543e+02 1.672231e+04
1.650100e+04 2.206508e+02 1.672165e+04
1.640803e+04 3.127445e+02 1.672077e+04
1.627816e+04 4.415060e+02 1.671967e+04
1.609973e+04 6.187100e+02 1.671844e+04
1.586134e+04 8.560403e+02 1.671738e+04
1.555714e+04 1.160000e+03 1.671714e+04
1.519646e+04 1.522209e+03 1.671867e+04
1.481588e+04 1.906731e+03 1.672261e+04
1.448469e+04 2.243468e+03 1.672816e+04
1.428884e+04 2.443556e+03 1.673240e+04
1.429025e+04 2.442094e+03 1.673235e+04
1.448817e+04 2.239864e+03 1.672804e+04
1.481970e+04 1.902804e+03 1.672250e+04
1.519879e+04 1.519802e+03 1.671859e+04
1.555672e+04 1.160382e+03 1.671710e+04
1.585749e+04 8.598686e+02 1.671736e+04
1.609213e+04 6.262920e+02 1.671843e+04
1.626659e+04 4.530660e+02 1.671966e+04
1.639219e+04 3.285551e+02 1.672074e+04
1.648045e+04 2.411535e+02 1.672160e+04
1.654104e+04 1.811941e+02 1.672224e+04
1.658136e+04 1.413300e+02 1.672269e+04
1.660674e+04 1.162601e+02 1.672300e+04
1.662090e+04 1.022991e+02 1.672320e+04
1.662636e+04 9.697308e+01 1.672333e+04
1.662472e+04 9.869477e+01 1.672341e+04
1.661693e+04 1.065202e+02 1.672345e+04
1.660349e+04 1.199750e+02 1.672346e+04
1.658455e+04 1.388980e+02 1.672345e+04
1.656006e+04 1.633650e+02 1.672343e+04
1.652983e+04 1.935681e+02 1.672340e+04
1.649365e+04 2.297168e+02 1.672337e+04
1.645144e+04 2.719249e+02 1.672336e+04
1.640333e+04 3.200416e+02 1.672337e+04
1.634987e+04 3.735450e+02 1.672342e+04
1.629220e+04 4.313198e+02 1.672352e+04
1.623213e+04 4.915473e+02 1.672368e+04
1.617227e+04 5.516130e+02 1.672388e+04
1.611591e+04 6.082080e+02 1.672412e+04
1.606680e+04 6.575634e+02 1.672437e+04
1.602867e+04 6.959076e+02 1.672458e+04
1.600466e+04 7.200498e+02 1.672471e+04
1.599678e+04 7.279546e+02 1.672474e+04
1.600549e+04 7.191667e+02 1.672466e+04
1.602962e+04 6.948697e+02 1.672449e+04
1.606661e+04 6.576537e+02 1.672426e+04
1.611302e+04 6.110001e+02 1.672402e+04
1.616512e+04 5.586764e+02 1.672380e+04
1.621942e+04 5.042068e+02 1.672363e+04
1.627302e+04 4.504870e+02 1.672351e+04
1.632379e+04 3.996527e+02 1.672345e+04
1.637037e+04 3.530582e+02 1.672343e+04
1.641205e+04 3.113879e+02 1.672344e+04
1.644867e+04 2.748106e+02 1.672348e+04
1.648039e+04 2.431378e+02 1.672352e+04
1.650761e+04 2.159627e+02 1.672358e+04
1.653086e+04 1.927681e+02 1.672363e+04
1.655067e+04 1.730041e+02 1.672368e+04
1.656758e+04 1.561394e+02 1.672372e+04
1.658207e+04 1.416847e+02 1.672375e+04
1.659455e+04 1.292301e+02 1.672378e+04
1.660539e+04 1.184101e+02 1.672380e+04
1.661488e+04 1.089450e+02 1.672382e+04
1.662324e+04 1.005968e+02 1.672384e+04
1.663067e+04 9.318205e+01 1.672385e+04
1.663730e+04 8.655761e+01 1.672386e+04
1.664326e+04 8.061264e+01 1.672387e+04
1.664861e+04 7.526086e+01 1.672387e+04
1.665344e+04 7.043416e+01 1.672388e+04
1.665781e+04 6.607745e+01 1.672388e+04
1.666174e+04 6.214467e+01 1.672389e+04
1.666529e+04 5.859605e+01 1.672389e+04
1.666850e+04 5.539575e+01 1.672389e+04
1.667138e+04 5.251067e+01 1.672389e+04
1.667399e+04 4.990961e+01 1.672390e+04
1.667634e+04 4.756292e+01 1.672390e+04
1.667846e+04 4.545310e+01 1.672391e+04
1.668038e+04 4.353153e+01 1.672392e+04
1.668213e+04 4.178397e+01 1.672392e+04
1.668373e+04 4.018683e+01 1.672392e+04
1.668520e+04 3.871284e+01 1.672392e+04
1.668656e+04 3.735292e+01 1.672392e+04
1.668783e+04 3.608389e+01 1.672392e+04
1.668903e+04 3.488988e+01 1.672392e+04
1.669016e+04 3.375693e+01 1.672392e+04
1.669125e+04 3.267298e+01 1.672392e+04
1.669229e+04 3.162777e+01 1.672392e+04
1.669331e+04 3.061268e+01 1.672392e+04
1.669430e+04 2.962059e+01 1.672392e+04
1.669528e+04 2.864579e+01 1.672392e+04
1.669624e+04 2.768376e+01 1.672392e+04
1.669719e+04 2.673109e+01 1.672392e+04
1.669814e+04 2.578528e+01 1.672392e+04
1.669908e+04 2.484464e+01 1.672392e+04
1.670002e+04 2.390261e+01 1.672392e+04
1.670095e+04 2.296418e+01 1.672391e+04
1.670188e+04 2.203490e+01 1.672391e+04
1.670280e+04 2.110979e+01 1.672391e+04
1.670372e+04 2.017842e+01 1.672390e+04
1.670464e+04 1.926385e+01 1.672390e+04
1.670555e+04 1.835627e+01 1.672390e+04
1.670645e+04 1.745698e+01 1.672390e+04
1.670734e+04 1.656740e+01 1.672390e+04
1.670821e+04 1.568901e+01 1.672390e+04
1.670908e+04 1.482883e+01 1.672391e+04
1.670993e+04 1.397748e+01 1.672391e+04
1.671077e+04 1.314758e+01 1.672391e+04
1.671158e+04 1.232992e+01 1.672391e+04
1.671238e+04 1.153176e+01 1.672391e+04
1.671316e+04 1.074945e+01 1.672391e+04
1.671391e+04 9.995836e+00 1.672391e+04
1.671464e+04 9.267552e+00 1.672391e+04
1.671534e+04 8.566791e+00 1.672391e+04
1.671601e+04 7.895937e+00 1.672391e+04
1.671665e+04 7.262970e+00 1.672391e+04
1.671725e+04 6.659877e+00 1.672391e+04
1.671782e+04 6.095389e+00 1.672391e+04
1.671834e+04 5.578493e+00 1.672392e+04
1.671881e+04 5.102373e+00 1.672392e+04
1.671924e+04 4.677130e+00 1.672392e+04
1.671961e+04 4.308005e+00 1.672392e+04
1.671991e+04 4.000977e+00 1.672391e+04
1.672015e+04 3.762874e+00 1.672391e+04
1.672031e+04 3.601505e+00 1.672391e+04
1.672039e+04 3.525795e+00 1.672391e+04
1.672037e+04 3.545951e+00 1.672391e+04
1.672024e+04 3.673631e+00 1.672391e+04
1.671999e+04 3.922140e+00 1.672391e+04
1.671960e+04 4.306643e+00 1.672391e+04
1.671906e+04 4.844386e+00 1.672391e+04
1.671835e+04 5.554951e+00 1.672390e+04
1.671744e+04 6.460512e+00 1.672390e+04
1.671631e+04 7.586106e+00 1.672390e+04
1.671494e+04 8.959914e+00 1.672390e+04
1.671328e+04 1.061353e+01 1.672389e+04
1.671131e+04 1.257651e+01 1.672389e+04
1.670898e+04 1.490450e+01 1.672389e+04
1.670626e+04 1.762437e+01 1.672388e+04
1.670309e+04 2.079457e+01 1.672388e+04
1.669942e+04 2.445563e+01 1.672388e+04
1.669521e+04 2.866271e+01 1.672387e+04
1.669038e+04 3.348565e+01 1.672386e+04
1.668488e+04 3.898054e+01 1.672386e+04
1.667864e+04 4.520489e+01 1.672385e+04
1.667161e+04 5.223250e+01 1.672384e+04
1.666372e+04 6.011847e+01 1.672383e+04
1.665491e+04 6.891254e+01 1.672382e+04
1.664515e+04 7.867223e+01 1.672382e+04
1.663439e+04 8.942521e+01 1.672382e+04
1.662263e+04 1.011861e+02 1.672382e+04
1.660987e+04 1.139450e+02 1.672382e+04
1.659616e+04 1.276611e+02 1.672382e+04
1.658157e+04 1.422566e+02 1.672382e+04
1.656622e+04 1.576104e+02 1.672383e+04
1.655029e+04 1.735537e+02 1.672385e+04
1.653400e+04 1.898678e+02 1.672386e+04
1.651760e+04 2.062850e+02 1.672388e+04
1.650141e+04 2.224940e+02 1.672390e+04
1.648578e+04 2.381500e+02 1.672393e+04
1.647106e+04 2.528960e+02 1.672396e+04
1.645762e+04 2.663560e+02 1.672397e+04
1.644578e+04 2.782136e+02 1.672399e+04
1.643582e+04 2.881839e+02 1.672400e+04
1.642794e+04 2.960702e+02 1.672401e+04
1.642225e+04 3.017581e+02 1.672401e+04
1.641874e+04 3.052619e+02 1.672400e+04
1.641728e+04 3.067088e+02 1.672398e+04
1.641762e+04 3.063403e+02 1.672396e+04
1.641943e+04 3.045000e+02 1.672393e+04
1.642228e+04 3.016146e+02 1.672389e+04
1.642568e+04 2.981653e+02 1.672385e+04
1.642913e+04 2.946855e+02 1.672381e+04
1.643207e+04 2.917053e+02 1.672377e+04
1.643398e+04 2.897550e+02 1.672373e+04
1.643435e+04 2.893460e+02 1.672370e+04
1.643270e+04 2.909633e+02 1.672366e+04
1.642856e+04 2.950649e+02 1.672363e+04
1.642151e+04 3.020855e+02 1.672359e+04
1.641111e+04 3.124464e+02 1.672356e+04
1.639695e+04 3.265699e+02 1.672352e+04
1.637857e+04 3.448967e+02 1.672347e+04
1.635551e+04 3.679063e+02 1.672342e+04
1.632722e+04 3.961270e+02 1.672335e+04
1.629308e+04 4.301959e+02 1.672327e+04
1.625239e+04 4.707998e+02 1.672319e+04
1.620440e+04 5.186970e+02 1.672309e+04
1.614833e+04 5.746664e+02 1.672300e+04
1.608354e+04 6.393731e+02 1.672291e+04
1.600969e+04 7.131700e+02 1.672286e+04
1.592712e+04 7.957633e+02 1.672288e+04
1.583719e+04 8.858030e+02 1.672299e+04
1.574284e+04 9.803952e+02 1.672323e+04
1.564887e+04 1.074738e+03 1.672361e+04
1.556208e+04 1.162025e+03 1.672411e+04
1.549067e+04 1.233962e+03 1.672463e+04
1.544304e+04 1.282032e+03 1.672507e+04
1.542602e+04 1.299277e+03 1.672530e+04
1.544313e+04 1.282112e+03 1.672525e+04
1.549351e+04 1.231406e+03 1.672492e+04
1.557208e+04 1.152324e+03 1.672440e+04
1.567084e+04 1.053004e+03 1.672384e+04
1.578068e+04 9.426443e+02 1.672333e+04
1.589316e+04 8.298081e+02 1.672296e+04
1.600149e+04 7.212449e+02 1.672273e+04
1.610102e+04 6.216103e+02 1.672263e+04
1.618904e+04 5.335890e+02 1.672263e+04
1.626432e+04 4.583552e+02 1.672267e+04
1.632666e+04 3.960854e+02 1.672275e+04
1.637641e+04 3.464117e+02 1.672283e+04
1.641412e+04 3.087775e+02 1.672289e+04
1.644026e+04 2.826674e+02 1.672293e+04
1.645511e+04 2.678145e+02 1.672293e+04
1.645858e+04 2.643053e+02 1.672288e+04
1.645010e+04 2.726898e+02 1.672279e+04
1.642856e+04 2.940817e+02 1.672264e+04
1.639214e+04 3.302705e+02 1.672241e+04
1.633825e+04 3.838564e+02 1.672210e+04
1.626331e+04 4.583722e+02 1.672168e+04
1.616270e+04 5.584459e+02 1.672115e+04
1.603068e+04 6.898258e+02 1.672051e+04
1.586063e+04 8.591458e+02 1.671978e+04
1.564596e+04 1.073136e+03 1.671909e+04
1.538211e+04 1.336596e+03 1.671871e+04
1.507060e+04 1.648454e+03 1.671905e+04
1.472509e+04 1.995566e+03 1.672065e+04
1.437791e+04 2.345873e+03 1.672378e+04
1.408157e+04 2.646232e+03 1.672780e+04
1.389790e+04 2.833098e+03 1.673100e+04
1.387374e+04 2.857786e+03 1.673153e+04
1.401664e+04 2.712397e+03 1.672904e+04
1.429048e+04 2.434558e+03 1.672504e+04
1.463502e+04 2.086469e+03 1.672148e+04
1.499246e+04 1.726912e+03 1.671937e+04
1.532349e+04 1.395195e+03 1.671868e+04
1.560910e+04 1.109816e+03 1.671891e+04
1.584490e+04 8.746796e+02 1.671958e+04
1.603447e+04 6.858808e+02 1.672035e+04
1.618455e+04 5.365180e+02 1.672107e+04
1.630239e+04 4.192954e+02 1.672168e+04
1.639453e+04 3.276451e+02 1.672218e+04
1.646648e+04 2.560850e+02 1.672257e+04
1.652265e+04 2.002123e+02 1.672287e+04
1.656654e+04 1.565616e+02 1.672310e+04
1.660084e+04 1.224345e+02 1.672328e+04
1.662768e+04 9.574019e+01 1.672342e+04
1.664866e+04 7.486165e+01 1.672352e+04
1.666505e+04 5.854866e+01 1.672360e+04
1.667783e+04 4.583371e+01 1.672367e+04
1.668775e+04 3.596716e+01 1.672371e+04
1.669539e+04 2.836732e+01 1.672375e+04
1.670120e+04 2.258232e+01 1.672378e+04
1.670554e+04 1.826080e+01 1.672380e+04
1.670869e+04 1.512949e+01 1.672382e+04
1.671086e+04 1.297044e+01 1.672383e+04
1.671221e+04 1.162956e+01 1.672384e+04
1.671288e+04 1.097420e+01 1.672385e+04
1.671295e+04 1.090630e+01 1.672386e+04
1.671251e+04 1.135100e+01 1.672386e+04
1.671161e+04 1.225183e+01 1.672386e+04
1.671030e+04 1.356686e+01 1.672387e+04
1.670860e+04 1.526561e+01 1.672387e+04
1.670654e+04 1.732666e+01 1.672387e+04
1.670413e+04 1.973556e+01 1.672387e+04
1.670139e+04 2.248312e+01 1.672387e+04
1.669831e+04 2.556400e+01 1.672387e+04
1.669489e+04 2.896984e+01 1.672386e+04
1.669115e+04 3.270999e+01 1.672386e+04
1.668709e+04 3.677763e+01 1.672386e+04
1.668269e+04 4.117042e+01 1.672386e+04
1.667798e+04 4.588402e+01 1.672386e+04
1.667295e+04 5.091099e+01 1.672386e+04
1.666763e+04 5.623977e+01 1.672386e+04
1.666201e+04 6.185360e+01 1.672387e+04
1.665614e+04 6.773507e+01 1.672387e+04
1.665003e+04 7.384337e+01 1.672388e+04
1.664373e+04 8.014642e+01 1.672388e+04
1.663728e+04 8.659842e+01 1.672388e+04
1.663074e+04 9.314515e+01 1.672388e+04
1.662417e+04 9.972416e+01 1.672389e+04
1.661763e+04 1.062654e+02 1.672389e+04
1.661121e+04 1.126923e+02 1.672390e+04
1.660498e+04 1.189181e+02 1.672390e+04
1.659903e+04 1.248704e+02 1.672390e+04
1.659345e+04 1.304607e+02 1.672391e+04
1.658830e+04 1.356108e+02 1.672391e+04
1.658367e+04 1.402507e+02 1.672392e+04
1.657960e+04 1.443239e+02 1.672392e+04
1.657613e+04 1.477922e+02 1.672392e+04
1.657328e+04 1.506411e+02 1.672392e+04
1.657103e+04 1.528858e+02 1.672391e+04
1.656933e+04 1.545768e+02 1.672391e+04
1.656809e+04 1.558066e+02 1.672389e+04
1.656716e+04 1.567166e+02 1.672388e+04
1.656635e+04 1.575058e+02 1.672386e+04
1.656539e+04 1.584406e+02 1.672383e+04
1.656392e+04 1.598679e+02 1.672379e+04
1.656152e+04 1.622315e+02 1.672375e+04
1.655760e+04 1.660936e+02 1.672369e+04
1.655145e+04 1.721621e+02 1.672362e+04
1.654220e+04 1.813246e+02 1.672352e+04
1.652872e+04 1.946884e+02 1.672341e+04
1.650964e+04 2.136187e+02 1.672326e+04
1.648329e+04 2.398005e+02 1.672309e+04
1.644765e+04 2.752279e+02 1.672288e+04
1.640045e+04 3.222020e+02 1.672265e+04
1.633920e+04 3.832095e+02 1.672241e+04
1.626154e+04 4.606461e+02 1.672219e+04
1.616576e+04 5.562893e+02 1.672204e+04
1.605163e+04 6.704510e+02 1.672208e+04
1.592162e+04 8.007444e+02 1.672236e+04
1.578214e+04 9.408317e+02 1.672298e+04
1.564440e+04 1.079515e+03 1.672391e+04
1.552385e+04 1.201172e+03 1.672502e+04
1.543768e+04 1.288301e+03 1.672598e+04
1.540035e+04 1.326093e+03 1.672645e+04
1.541888e+04 1.307362e+03 1.672624e+04
1.549022e+04 1.235215e+03 1.672544e+04
1.560243e+04 1.121915e+03 1.672434e+04
1.573870e+04 9.845869e+02 1.672329e+04
1.588228e+04 8.402295e+02 1.672251e+04
1.601985e+04 7.022278e+02 1.672208e+04
1.614283e+04 5.791052e+02 1.672194e+04
1.624702e+04 4.749795e+02 1.672200e+04
1.633137e+04 3.907935e+02 1.672217e+04
1.639676e+04 3.256074e+02 1.672237e+04
1.644496e+04 2.776132e+02 1.672257e+04
1.647794e+04 2.448006e+02 1.672274e+04
1.649754e+04 2.253324e+02 1.672287e+04
1.650525e+04 2.177241e+02 1.672297e+04
1.650215e+04 2.208708e+02 1.672303e+04
1.648900e+04 2.340519e+02 1.672305e+04
1.646622e+04 2.568350e+02 1.672306e+04
1.643408e+04 2.889689e+02 1.672305e+04
1.639281e+04 3.302355e+02 1.672305e+04
1.634280e+04 3.802618e+02 1.672306e+04
1.628482e+04 4.382926e+02 1.672312e+04
1.622029e+04 5.029493e+02 1.672324e+04
1.615147e+04 5.719402e+02 1.672341e+04
1.608167e+04 6.419900e+02 1.672366e+04
1.601518e+04 7.087769e+02 1.672396e+04
1.595703e+04 7.672487e+02 1.672428e+04
1.591236e+04 8.122081e+02 1.672456e+04
1.588561e+04 8.391445e+02 1.672475e+04
1.587969e+04 8.451059e+02 1.672480e+04
1.589537e+04 8.293323e+02 1.672470e+04
1.593106e+04 7.934193e+02 1.672447e+04
1.598323e+04 7.409335e+02 1.672417e+04
1.604717e+04 6.766902e+02 1.672386e+04
1.611779e+04 6.057940e+02 1.672358e+04
1.619045e+04 5.329273e+02 1.672338e+04
1.626141e+04 4.618381e+02 1.672325e+04
1.632800e+04 3.951927e+02 1.672319e+04
1.638858e+04 3.346052e+02 1.672318e+04
1.644239e+04 2.808253e+02 1.672322e+04
1.648931e+04 2.339656e+02 1.672327e+04
1.652962e+04 1.937177e+02 1.672334e+04
1.656388e+04 1.595167e+02 1.672340e+04
1.659275e+04 1.307157e+02 1.672347e+04
1.661692e+04 1.066073e+02 1.672353e+04
1.663706e+04 8.652112e+01 1.672358e+04
1.665379e+04 6.984261e+01 1.672363e+04
1.666765e+04 5.602640e+01 1.672367e+04
1.667911e+04 4.459915e+01 1.672371e+04
1.668858e+04 3.515653e+01 1.672374e+04
1.669641e+04 2.735161e+01 1.672376e+04
1.670287e+04 2.091494e+01 1.672378e+04
1.670821e+04 1.559238e+01 1.672380e+04
1.671262e+04 1.119260e+01 1.672381e+04
1.671627e+04 7.553520e+00 1.672382e+04
1.671929e+04 4.542411e+00 1.672383e+04
1.672179e+04 2.051620e+00 1.672384e+04
1.672385e+04 -4.723438e-03 1.672385e+04
1.672554e+04 -1.687414e+00 1.672386e+04
1.672691e+04 -3.054607e+00 1.672386e+04
1.672799e+04 -4.128057e+00 1.672386e+04
1.672877e+04 -4.911644e+00 1.672386e+04
1.672923e+04 -5.378699e+00 1.672385e+04
1.672930e+04 -5.453630e+00 1.672384e+04
1.672884e+04 -5.011294e+00 1.672383e+04
1.672760e+04 -3.805589e+00 1.672379e+04
1.672516e+04 -1.420609e+00 1.672374e+04
1.672082e+04 2.825993e+00 1.672365e+04
1.671337e+04 1.011179e+01 1.672348e+04
1.670077e+04 2.243209e+01 1.672321e+04
1.667951e+04 4.321710e+01 1.672272e+04
1.664345e+04 7.842682e+01 1.672188e+04
1.658186e+04 1.385139e+02 1.672038e+04
1.647583e+04 2.418979e+02 1.671773e+04
1.629227e+04 4.208547e+02 1.671312e+04
1.597525e+04 7.303003e+02 1.670555e+04
1.543838e+04 1.256415e+03 1.669480e+04
1.457790e+04 2.107232e+03 1.668513e+04
1.335985e+04 3.331781e+03 1.669163e+04
1.202914e+04 4.702683e+03 1.673183e+04
1.122867e+04 5.547017e+03 1.677568e+04
1.151717e+04 5.240832e+03 1.675801e+04
1.267926e+04 4.028176e+03 1.670743e+04
1.401071e+04 2.674214e+03 1.668493e+04
1.505610e+04 1.633131e+03 1.668923e+04
1.574184e+04 9.586695e+02 1.670051e+04
1.615548e+04 5.543040e+02 1.670978e+04
1.639659e+04 3.191500e+02 1.671574e+04
1.653581e+04 1.834256e+02 1.671924e+04
1.661641e+04 1.048243e+02 1.672123e+04
1.666340e+04 5.895397e+01 1.672236e+04
1.669104e+04 3.196223e+01 1.672300e+04
1.670741e+04 1.595933e+01 1.672337e+04
1.671714e+04 6.436070e+00 1.672358e+04
1.672293e+04 7.766728e-01 1.672370e+04
1.672633e+04 -2.547028e+00 1.672378e+04
1.672828e+04 -4.455370e+00 1.672383e+04
1.672934e+04 -5.487565e+00 1.672385e+04
1.672984e+04 -5.977851e+00 1.672386e+04
1.672999e+04 -6.114576e+00 1.672387e+04
1.672990e+04 -6.023256e+00 1.672388e+04
1.672966e+04 -5.775316e+00 1.672388e+04
1.672930e+04 -5.411400e+00 1.672389e+04
1.672884e+04 -4.952178e+00 1.672389e+04
1.672829e+04 -4.410285e+00 1.672388e+04
1.672765e+04 -3.772122e+00 1.672388e+04
1.672691e+04 -3.032698e+00 1.672388e+04
1.672605e+04 -2.174653e+00 1.672388e+04
1.672505e+04 -1.173737e+00 1.672387e+04
1.672387e+04 1.810372e-03 1.672387e+04
1.672247e+04 1.392470e+00 1.672387e+04
1.672081e+04 3.043675e+00 1.672385e+04
1.671882e+04 5.030230e+00 1.672385e+04
1.671641e+04 7.426858e+00 1.672384e+04
1.671350e+04 1.033928e+01 1.672383e+04
1.670994e+04 1.388200e+01 1.672382e+04
1.670559e+04 1.821823e+01 1.672381e+04
1.670024e+04 2.354561e+01 1.672378e+04
1.669365e+04 3.011192e+01 1.672376e+04
1.668550e+04 3.822756e+01 1.672373e+04
1.667540e+04 4.828587e+01 1.672369e+04
1.666288e+04 6.075878e+01 1.672364e+04
1.664733e+04 7.624949e+01 1.672358e+04
1.662801e+04 9.549129e+01 1.672350e+04
1.660403e+04 1.193669e+02 1.672340e+04
1.657435e+04 1.489433e+02 1.672329e+04
1.653773e+04 1.854364e+02 1.672316e+04
1.649283e+04 2.302010e+02 1.672303e+04
1.643824e+04 2.846424e+02 1.672289e+04
1.637271e+04 3.500526e+02 1.672276e+04
1.629534e+04 4.273333e+02 1.672268e+04
1.620610e+04 5.165765e+02 1.672268e+04
1.610629e+04 6.165029e+02 1.672280e+04
1.599922e+04 7.238661e+02 1.672309e+04
1.589063e+04 8.329300e+02 1.672356e+04
1.578872e+04 9.354471e+02 1.672417e+04
1.570343e+04 1.021370e+03 1.672480e+04
1.564473e+04 1.080570e+03 1.672530e+04
1.562037e+04 1.105160e+03 1.672553e+04
1.563374e+04 1.091648e+03 1.672539e+04
1.568289e+04 1.042052e+03 1.672494e+04
1.576108e+04 9.632430e+02 1.672433e+04
1.585873e+04 8.649755e+02 1.672370e+04
1.596567e+04 7.575212e+02 1.672319e+04
1.607311e+04 6.497414e+02 1.672285e+04
1.617459e+04 5.480881e+02 1.672268e+04
1.626618e+04 4.564670e+02 1.672265e+04
1.634607e+04 3.766414e+02 1.672271e+04
1.641399e+04 3.088389e+02 1.672283e+04
1.647063e+04 2.523371e+02 1.672297e+04
1.651719e+04 2.059221e+02 1.672311e+04
1.655503e+04 1.682037e+02 1.672324e+04
1.658554e+04 1.378014e+02 1.672335e+04
1.660998e+04 1.134681e+02 1.672344e+04
1.662942e+04 9.410098e+01 1.672352e+04
1.664482e+04 7.877202e+01 1.672359e+04
1.665693e+04 6.671305e+01 1.672364e+04
1.666639e+04 5.729741e+01 1.672369e+04
1.667370e+04 5.001925e+01 1.672372e+04
1.667927e+04 4.447328e+01 1.672375e+04
1.668343e+04 4.033652e+01 1.672377e+04
1.668643e+04 3.735267e+01 1.672379e+04
1.668848e+04 3.531893e+01 1.672380e+04
1.668973e+04 3.408067e+01 1.672382e+04
1.669032e+04 3.350067e+01 1.672382e+04
1.669034e+04 3.348560e+01 1.672383e+04
1.668988e+04 3.395763e+01 1.672384e+04
1.668898e+04 3.485569e+01 1.672384e+04
1.668771e+04 3.612629e+01 1.672384e+04
1.668610e+04 3.774270e+01 1.672384e+04
1.668417e+04 3.966959e+01 1.672384e+04
1.668196e+04 4.187744e+01 1.672384e+04
1.667948e+04 4.435755e+01 1.672384e+04
1.667675e+04 4.708787e+01 1.672384e+04
1.667379e+04 5.005369e+01 1.672384e+04
1.667060e+04 5.324132e+01 1.672384e+04
1.666720e+04 5.663722e+01 1.672384e+04
1.666361e+04 6.022738e+01 1.672384e+04
1.665985e+04 6.400211e+01 1.672385e+04
1.665592e+04 6.793361e+01 1.672385e+04
1.665184e+04 7.200861e+01 1.672385e+04
1.664765e+04 7.620582e+01 1.672385e+04
1.664335e+04 8.050124e+01 1.672385e+04
1.663899e+04 8.486792e+01 1.672385e+04
1.663458e+04 8.927591e+01 1.672386e+04
1.663017e+04 9.369225e+01 1.672386e+04
1.662578e+04 9.808648e+01 1.672387e+04
1.662146e+04 1.024092e+02 1.672387e+04
1.661725e+04 1.066252e+02 1.672387e+04
1.661318e+04 1.106920e+02 1.672387e+04
1.660931e+04 1.145660e+02 1.672388e+04
1.660568e+04 1.182033e+02 1.672388e+04
1.660232e+04 1.215660e+02 1.672389e+04
1.659929e+04 1.246011e+02 1.672389e+04
1.659662e+04 1.272749e+02 1.672389e+04
1.659434e+04 1.295512e+02 1.672390e+04
1.659250e+04 1.313988e+02 1.672390e+04
1.659111e+04 1.327857e+02 1.672389e+04
1.659019e+04 1.337032e+02 1.672389e+04
1.658976e+04 1.341326e+02 1.672389e+04
1.658983e+04 1.340682e+02 1.672389e+04
1.659038e+04 1.335174e+02 1.672390e+04
1.659142e+04 1.324738e+02 1.672389e+04
1.659292e+04 1.309663e+02 1.672388e+04
1.659486e+04 1.290263e+02 1.672388e+04
1.659720e+04 1.266818e+02 1.672388e+04
1.659990e+04 1.239739e+02 1.672388e+04
1.660292e+04 1.209513e+02 1.672387e+04
1.660620e+04 1.176700e+02 1.672387e+04
1.660967e+04 1.141885e+02 1.672386e+04
1.661326e+04 1.105905e+02 1.672385e+04
1.661689e+04 1.069537e+02 1.672384e+04
1.662046e+04 1.033736e+02 1.672384e+04
1.662386e+04 9.996175e+01 1.672383e+04
1.662696e+04 9.685104e+01 1.672381e+04
1.662960e+04 9.420240e+01 1.672380e+04
1.663156e+04 9.220951e+01 1.672377e+04
1.663261e+04 9.113467e+01 1.672375e+04
1.663242e+04 9.129404e+01 1.672371e+04
1.663056e+04 9.311017e+01 1.672367e+04
1.662649e+04 9.711841e+01 1.672361e+04
1.661949e+04 1.040443e+02 1.672353e+04
1.660859e+04 1.148400e+02 1.672343e+04
1.659253e+04 1.307640e+02 1.672329e+04
1.656963e+04 1.534721e+02 1.672311e+04
1.653775e+04 1.851206e+02 1.672287e+04
1.649410e+04 2.284683e+02 1.672257e+04
1.643526e+04 2.869404e+02 1.672220e+04
1.635719e+04 3.645840e+02 1.672178e+04
1.625556e+04 4.657807e+02 1.672134e+04
1.612647e+04 5.945099e+02 1.672098e+04
1.596797e+04 7.528964e+02 1.672087e+04
1.578235e+04 9.388656e+02 1.672121e+04
1.557910e+04 1.143110e+03 1.672221e+04
1.537726e+04 1.346633e+03 1.672389e+04
1.520476e+04 1.521131e+03 1.672589e+04
1.509274e+04 1.634743e+03 1.672749e+04
1.506509e+04 1.662833e+03 1.672792e+04
1.512835e+04 1.598642e+03 1.672699e+04
1.526867e+04 1.456469e+03 1.672514e+04
1.545811e+04 1.265076e+03 1.672318e+04
1.566564e+04 1.056088e+03 1.672173e+04
1.586621e+04 8.547705e+02 1.672098e+04
1.604442e+04 6.764162e+02 1.672084e+04
1.619370e+04 5.273531e+02 1.672105e+04
1.631358e+04 4.078646e+02 1.672145e+04
1.640687e+04 3.149970e+02 1.672187e+04
1.647764e+04 2.446146e+02 1.672226e+04
1.653005e+04 1.925443e+02 1.672259e+04
1.656774e+04 1.551105e+02 1.672285e+04
1.659371e+04 1.293389e+02 1.672305e+04
1.661027e+04 1.129272e+02 1.672320e+04
1.661910e+04 1.041984e+02 1.672329e+04
1.662138e+04 1.019785e+02 1.672336e+04
1.661789e+04 1.055101e+02 1.672340e+04
1.660906e+04 1.143458e+02 1.672341e+04
1.659509e+04 1.283134e+02 1.672341e+04
1.657598e+04 1.474067e+02 1.672339e+04
1.655161e+04 1.717595e+02 1.672336e+04
1.652178e+04 2.015538e+02 1.672334e+04
1.648637e+04 2.369423e+02 1.672332e+04
1.644536e+04 2.779469e+02 1.672331e+04
1.639899e+04 3.243360e+02 1.672332e+04
1.634789e+04 3.754842e+02 1.672338e+04
1.629324e+04 4.302257e+02 1.672346e+04
1.623684e+04 4.867617e+02 1.672361e+04
1.618121e+04 5.425846e+02 1.672379e+04
1.612943e+04 5.945784e+02 1.672401e+04
1.608497e+04 6.392534e+02 1.672423e+04
1.605126e+04 6.731510e+02 1.672441e+04
1.603118e+04 6.933567e+02 1.672453e+04
1.602656e+04 6.980066e+02 1.672456e+04
1.603785e+04 6.866467e+02 1.672450e+04
1.606405e+04 6.603014e+02 1.672435e+04
1.610285e+04 6.213002e+02 1.672415e+04
1.615111e+04 5.728169e+02 1.672393e+04
1.620535e+04 5.183707e+02 1.672372e+04
1.626224e+04 4.613107e+02 1.672355e+04
1.631894e+04 4.044942e+02 1.672343e+04
1.637326e+04 3.501004e+02 1.672336e+04
1.642370e+04 2.996256e+02 1.672333e+04
1.646941e+04 2.539231e+02 1.672333e+04
1.651001e+04 2.133491e+02 1.672335e+04
1.654550e+04 1.778934e+02 1.672339e+04
1.657614e+04 1.473027e+02 1.672344e+04
1.660230e+04 1.211811e+02 1.672349e+04
1.662447e+04 9.906510e+01 1.672353e+04
1.664310e+04 8.047471e+01 1.672357e+04
1.665867e+04 6.494665e+01 1.672361e+04
1.667159e+04 5.205331e+01 1.672365e+04
1.668226e+04 4.141210e+01 1.672368e+04
1.669101e+04 3.268844e+01 1.672370e+04
1.669813e+04 2.558938e+01 1.672372e+04
1.670385e+04 1.988255e+01 1.672373e+04
1.670839e+04 1.535900e+01 1.672375e+04
1.671191e+04 1.185067e+01 1.672376e+04
1.671455e+04 9.214888e+00 1.672376e+04
1.671642e+04 7.352727e+00 1.672377e+04
1.671760e+04 6.172289e+00 1.672378e+04
1.671817e+04 5.612857e+00 1.672379e+04
1.671817e+04 5.609692e+00 1.672378e+04
1.671764e+04 6.146998e+00 1.672378e+04
1.671658e+04 7.195619e+00 1.672378e+04
1.671502e+04 8.761256e+00 1.672378e+04
1.671293e+04 1.084538e+01 1.672378e+04
1.671031e+04 1.346657e+01 1.672377e+04
1.670712e+04 1.665503e+01 1.672377e+04
1.670331e+04 2.045819e+01 1.672377e+04
1.669885e+04 2.491958e+01 1.672377e+04
1.669365e+04 3.011274e+01 1.672376e+04
1.668763e+04 3.612089e+01 1.672375e+04
1.668069e+04 4.304471e+01 1.672374e+04
1.667272e+04 5.100546e+01 1.672373e+04
1.666356e+04 6.014925e+01 1.672371e+04
1.665304e+04 7.065277e+01 1.672369e+04
1.664094e+04 8.273646e+01 1.672368e+04
1.662699e+04 9.664220e+01 1.672364e+04
1.661088e+04 1.127298e+02 1.672361e+04
1.659217e+04 1.313876e+02 1.672356e+04
1.657037e+04 1.531398e+02 1.672351e+04
1.654478e+04 1.786500e+02 1.672343e+04
1.651456e+04 2.087744e+02 1.672334e+04
1.647858e+04 2.446259e+02 1.672321e+04
1.643539e+04 2.876566e+02 1.672304e+04
1.638307e+04 3.397685e+02 1.672283e+04
1.631914e+04 4.034167e+02 1.672256e+04
1.624042e+04 4.817763e+02 1.672220e+04
1.614292e+04 5.788331e+02 1.672175e+04
1.602182e+04 6.994109e+02 1.672123e+04
1.587169e+04 8.489658e+02 1.672065e+04
1.568719e+04 1.032922e+03 1.672011e+04
1.546453e+04 1.255260e+03 1.671979e+04
1.520394e+04 1.515982e+03 1.671992e+04
1.491313e+04 1.807631e+03 1.672076e+04
1.461052e+04 2.111920e+03 1.672244e+04
1.432565e+04 2.398990e+03 1.672464e+04
1.409404e+04 2.632574e+03 1.672661e+04
1.394604e+04 2.781451e+03 1.672749e+04
1.389518e+04 2.831774e+03 1.672696e+04
1.393402e+04 2.791508e+03 1.672552e+04
1.404063e+04 2.683449e+03 1.672408e+04
1.419060e+04 2.532594e+03 1.672319e+04
1.436580e+04 2.357113e+03 1.672291e+04
1.455620e+04 2.166721e+03 1.672292e+04
1.475665e+04 1.966240e+03 1.672289e+04
1.496277e+04 1.759916e+03 1.672269e+04
1.516875e+04 1.553585e+03 1.672233e+04
1.536748e+04 1.354470e+03 1.672195e+04
1.555194e+04 1.169718e+03 1.672165e+04
1.571646e+04 1.005040e+03 1.672150e+04
1.585742e+04 8.640450e+02 1.672146e+04
1.597313e+04 7.483905e+02 1.672152e+04
1.606334e+04 6.582748e+02 1.672162e+04
1.612862e+04 5.930978e+02 1.672172e+04
1.616980e+04 5.519991e+02 1.672180e+04
1.618765e+04 5.341890e+02 1.672184e+04
1.618272e+04 5.391216e+02 1.672184e+04
1.615540e+04 5.664271e+02 1.672183e+04
1.610624e+04 6.155942e+02 1.672184e+04
1.603646e+04 6.854657e+02 1.672192e+04
1.594866e+04 7.734867e+02 1.672215e+04
1.584773e+04 8.748411e+02 1.672257e+04
1.574146e+04 9.817325e+02 1.672319e+04
1.564070e+04 1.083291e+03 1.672399e+04
1.555826e+04 1.166530e+03 1.672479e+04
1.550671e+04 1.218686e+03 1.672539e+04
1.549524e+04 1.230364e+03 1.672561e+04
1.552708e+04 1.198290e+03 1.672537e+04
1.559847e+04 1.126293e+03 1.672476e+04
1.570003e+04 1.023961e+03 1.672399e+04
1.581957e+04 9.036967e+02 1.672327e+04
1.594510e+04 7.776346e+02 1.672273e+04
1.606700e+04 6.554286e+02 1.672242e+04
1.617884e+04 5.434823e+02 1.672232e+04
1.627723e+04 4.451200e+02 1.672235e+04
1.636114e+04 3.613388e+02 1.672248e+04
1.643105e+04 2.915979e+02 1.672265e+04
1.648829e+04 2.345325e+02 1.672283e+04
1.653455e+04 1.884392e+02 1.672299e+04
1.657156e+04 1.515813e+02 1.672314e+04
1.660091e+04 1.223536e+02 1.672326e+04
1.662401e+04 9.935682e+01 1.672337e+04
1.664203e+04 8.141672e+01 1.672345e+04
1.665594e+04 6.757525e+01 1.672351e+04
1.666650e+04 5.706902e+01 1.672356e+04
1.667430e+04 4.930494e+01 1.672360e+04
1.667979e+04 4.383809e+01 1.672363e+04
1.668329e+04 4.035496e+01 1.672365e+04
1.668499e+04 3.866371e+01 1.672365e+04
1.668495e+04 3.869339e+01 1.672365e+04
1.668313e+04 4.050401e+01 1.672363e+04
1.667928e+04 4.431089e+01 1.672360e+04
1.667301e+04 5.052830e+01 1.672354e+04
1.666361e+04 5.984011e+01 1.672345e+04
1.665001e+04 7.330904e+01 1.672332e+04
1.663058e+04 9.254129e+01 1.672312e+04
1.660290e+04 1.199290e+02 1.672283e+04
1.656340e+04 1.589983e+02 1.672240e+04
1.650688e+04 2.148880e+02 1.672177e+04
1.642593e+04 2.949556e+02 1.672089e+04
1.631028e+04 4.094143e+02 1.671969e+04
1.614652e+04 5.716610e+02 1.671819e+04
1.591915e+04 7.974270e+02 1.671657e+04
1.561447e+04 1.100976e+03 1.671544e+04
1.523023e+04 1.485713e+03 1.671594e+04
1.479162e+04 1.927803e+03 1.671942e+04
1.436696e+04 2.359098e+03 1.672605e+04
1.406284e+04 2.670088e+03 1.673293e+04
1.397984e+04 2.755283e+03 1.673512e+04
1.414884e+04 2.581956e+03 1.673079e+04
1.450835e+04 2.215114e+03 1.672347e+04
1.494828e+04 1.769506e+03 1.671779e+04
1.537256e+04 1.342926e+03 1.671548e+04
1.572906e+04 9.866586e+02 1.671572e+04
1.600436e+04 7.127633e+02 1.671712e+04
1.620627e+04 5.124727e+02 1.671874e+04
1.634990e+04 3.702524e+02 1.672015e+04
1.645031e+04 2.709211e+02 1.672123e+04
1.651988e+04 2.021458e+02 1.672202e+04
1.656785e+04 1.547300e+02 1.672258e+04
1.660085e+04 1.221128e+02 1.672296e+04
1.662350e+04 9.972060e+01 1.672322e+04
1.663900e+04 8.440629e+01 1.672341e+04
1.664953e+04 7.399502e+01 1.672353e+04
1.665661e+04 6.700692e+01 1.672361e+04
1.666125e+04 6.241924e+01 1.672367e+04
1.666419e+04 5.952996e+01 1.672372e+04
1.666591e+04 5.783563e+01 1.672374e+04
1.666677e+04 5.699682e+01 1.672376e+04
1.666701e+04 5.677005e+01 1.672378e+04
1.666681e+04 5.698191e+01 1.672379e+04
1.666629e+04 5.750797e+01 1.672380e+04
1.666554e+04 5.825830e+01 1.672380e+04
1.666464e+04 5.916205e+01 1.672380e+04
1.666362e+04 6.018279e+01 1.672380e+04
1.666252e+04 6.128122e+01 1.672380e+04
1.666137e+04 6.243935e+01 1.672381e+04
1.666018e+04 6.363159e+01 1.672381e+04
1.665895e+04 6.485657e+01 1.672381e+04
1.665770e+04 6.611496e+01 1.672381e+04
1.665639e+04 6.741531e+01 1.672381e+04
1.665503e+04 6.877509e+01 1.672381e+04
1.665358e+04 7.022229e+01 1.672380e+04
1.665200e+04 7.179228e+01 1.672379e+04
1.665023e+04 7.355875e+01 1.672379e+04
1.664820e+04 7.558349e+01 1.672378e+04
1.664579e+04 7.797760e+01 1.672377e+04
1.664287e+04 8.087703e+01 1.672375e+04
1.663925e+04 8.448191e+01 1.672373e+04
1.663466e+04 8.904455e+01 1.672371e+04
1.662878e+04 9.489125e+01 1.672367e+04
1.662114e+04 1.024776e+02 1.672362e+04
1.661115e+04 1.124045e+02 1.672355e+04
1.659799e+04 1.254728e+02 1.672346e+04
1.658060e+04 1.427464e+02 1.672335e+04
1.655756e+04 1.656296e+02 1.672319e+04
1.652704e+04 1.959510e+02 1.672299e+04
1.648666e+04 2.360810e+02 1.672274e+04
1.643348e+04 2.889439e+02 1.672243e+04
1.636401e+04 3.580602e+02 1.672207e+04
1.627436e+04 4.473281e+02 1.672168e+04
1.616082e+04 5.605340e+02 1.672136e+04
1.602093e+04 7.002701e+02 1.672120e+04
1.585518e+04 8.662021e+02 1.672138e+04
1.566940e+04 1.052689e+03 1.672209e+04
1.547688e+04 1.246501e+03 1.672338e+04
1.529882e+04 1.426256e+03 1.672508e+04
1.516100e+04 1.565649e+03 1.672665e+04
1.508625e+04 1.641153e+03 1.672741e+04
1.508546e+04 1.641508e+03 1.672696e+04
1.515220e+04 1.573271e+03 1.672547e+04
1.526498e+04 1.458564e+03 1.672354e+04
1.539516e+04 1.326635e+03 1.672179e+04
1.551583e+04 1.204749e+03 1.672058e+04
1.560727e+04 1.112683e+03 1.671995e+04
1.565845e+04 1.061383e+03 1.671983e+04
1.566618e+04 1.053932e+03 1.672011e+04
1.563389e+04 1.086848e+03 1.672074e+04
1.557088e+04 1.150834e+03 1.672171e+04
1.549178e+04 1.231198e+03 1.672297e+04
1.541540e+04 1.308946e+03 1.672435e+04
1.536193e+04 1.363591e+03 1.672552e+04
1.534837e+04 1.377795e+03 1.672616e+04
1.538380e+04 1.342269e+03 1.672607e+04
1.546685e+04 1.258482e+03 1.672533e+04
1.558682e+04 1.137449e+03 1.672426e+04
1.572789e+04 9.953408e+02 1.672323e+04
1.587408e+04 8.483923e+02 1.672248e+04
1.601276e+04 7.092921e+02 1.672205e+04
1.613597e+04 5.859578e+02 1.672193e+04
1.624008e+04 4.819422e+02 1.672202e+04
1.632456e+04 3.976492e+02 1.672221e+04
1.639079e+04 3.316509e+02 1.672244e+04
1.644101e+04 2.816637e+02 1.672268e+04
1.647768e+04 2.452002e+02 1.672288e+04
1.650313e+04 2.199253e+02 1.672305e+04
1.651938e+04 2.038212e+02 1.672320e+04
1.652810e+04 1.952093e+02 1.672331e+04
1.653063e+04 1.927663e+02 1.672339e+04
1.652799e+04 1.954602e+02 1.672345e+04
1.652099e+04 2.025090e+02 1.672350e+04
1.651019e+04 2.133370e+02 1.672352e+04
1.649600e+04 2.275416e+02 1.672354e+04
1.647867e+04 2.448697e+02 1.672354e+04
1.645833e+04 2.652054e+02 1.672353e+04
1.643494e+04 2.885667e+02 1.672351e+04
1.640837e+04 3.151094e+02 1.672348e+04
1.637829e+04 3.451343e+02 1.672343e+04
1.634427e+04 3.790904e+02 1.672336e+04
1.630572e+04 4.175672e+02 1.672329e+04
1.626194e+04 4.612665e+02 1.672321e+04
1.621222e+04 5.109014e+02 1.672312e+04
1.615593e+04 5.671223e+02 1.672306e+04
1.609279e+04 6.302308e+02 1.672302e+04
1.602310e+04 6.999477e+02 1.672305e+04
1.594812e+04 7.750372e+02 1.672316e+04
1.587044e+04 8.529399e+02 1.672338e+04
1.579412e+04 9.295786e+02 1.672370e+04
1.572469e+04 9.994045e+02 1.672409e+04
1.566857e+04 1.055919e+03 1.672449e+04
1.563209e+04 1.092712e+03 1.672481e+04
1.562019e+04 1.104770e+03 1.672496e+04
1.563516e+04 1.089740e+03 1.672489e+04
1.567603e+04 1.048608e+03 1.672464e+04
1.573874e+04 9.855009e+02 1.672424e+04
1.581707e+04 9.067287e+02 1.672380e+04
1.590393e+04 8.194559e+02 1.672339e+04
1.599263e+04 7.304399e+02 1.672307e+04
1.607765e+04 6.452127e+02 1.672286e+04
1.615499e+04 5.677570e+02 1.672275e+04
1.622214e+04 5.005809e+02 1.672272e+04
1.627774e+04 4.449883e+02 1.672273e+04
1.632129e+04 4.014738e+02 1.672277e+04
1.635277e+04 3.700352e+02 1.672281e+04
1.637240e+04 3.504422e+02 1.672284e+04
1.638045e+04 3.424174e+02 1.672287e+04
1.637713e+04 3.457421e+02 1.672287e+04
1.636257e+04 3.602998e+02 1.672287e+04
1.633678e+04 3.860671e+02 1.672285e+04
1.629976e+04 4.230607e+02 1.672282e+04
1.625156e+04 4.712473e+02 1.672280e+04
1.619237e+04 5.304249e+02 1.672280e+04
1.612272e+04 6.000970e+02 1.672282e+04
1.604353e+04 6.793331e+02 1.672286e+04
1.595619e+04 7.667401e+02 1.672293e+04
1.586257e+04 8.604481e+02 1.672302e+04
1.576483e+04 9.582657e+02 1.672310e+04
1.566525e+04 1.057921e+03 1.672317e+04
1.556594e+04 1.157281e+03 1.672322e+04
1.546885e+04 1.254411e+03 1.672326e+04
1.537597e+04 1.347368e+03 1.672334e+04
1.528996e+04 1.433569e+03 1.672353e+04
1.521486e+04 1.508996e+03 1.672386e+04
1.515667e+04 1.567655e+03 1.672433e+04
1.512297e+04 1.601867e+03 1.672484e+04
1.512146e+04 1.603774e+03 1.672523e+04
1.515758e+04 1.567740e+03 1.672532e+04
1.523231e+04 1.492739e+03 1.672505e+04
1.534110e+04 1.383377e+03 1.672448e+04
1.547478e+04 1.248985e+03 1.672376e+04
1.562181e+04 1.101277e+03 1.672309e+04
1.577093e+04 9.516476e+02 1.672258e+04
1.591308e+04 8.092135e+02 1.672229e+04
1.604220e+04 6.799983e+02 1.672220e+04
1.615519e+04 5.670633e+02 1.672225e+04
1.625124e+04 4.711476e+02 1.672239e+04
1.633108e+04 3.914914e+02 1.672257e+04
1.639632e+04 3.264483e+02 1.672277e+04
1.644894e+04 2.740240e+02 1.672296e+04
1.649095e+04 2.321820e+02 1.672313e+04
1.652426e+04 1.990197e+02 1.672328e+04
1.655055e+04 1.728570e+02 1.672341e+04
1.657127e+04 1.522393e+02 1.672351e+04
1.658763e+04 1.359690e+02 1.672360e+04
1.660063e+04 1.230399e+02 1.672367e+04
1.661108e+04 1.126489e+02 1.672372e+04
1.661962e+04 1.041466e+02 1.672377e+04
1.662678e+04 9.701815e+01 1.672380e+04
1.663297e+04 9.085543e+01 1.672382e+04
1.663848e+04 8.536074e+01 1.672384e+04
1.664356e+04 8.029767e+01 1.672385e+04
1.664836e+04 7.550476e+01 1.672387e+04
1.665302e+04 7.085616e+01 1.672388e+04
1.665759e+04 6.628487e+01 1.672388e+04
1.666213e+04 6.175118e+01 1.672388e+04
1.666664e+04 5.724603e+01 1.672389e+04
1.667112e+04 5.276237e+01 1.672389e+04
1.667556e+04 4.832247e+01 1.672388e+04
1.667993e+04 4.395085e+01 1.672388e+04
1.668420e+04 3.967598e+01 1.672388e+04
1.668835e+04 3.552716e+01 1.672388e+04
1.669234e+04 3.153222e+01 1.672388e+04
1.669616e+04 2.771586e+01 1.672387e+04
1.669977e+04 2.409863e+01 1.672387e+04
1.670318e+04 2.069635e+01 1.672387e+04
1.670635e+04 1.751997e+01 1.672387e+04
1.670930e+04 1.457568e+01 1.672387e+04
1.671201e+04 1.186532e+01 1.672387e+04
1.671449e+04 9.386807e+00 1.672387e+04
1.671674e+04 7.134762e+00 1.672387e+04
1.671877e+04 5.101073e+00 1.672387e+04
1.672060e+04 3.275502e+00 1.672388e+04
1.672223e+04 1.646240e+00 1.672388e+04
1.672368e+04 2.004094e-01 1.672388e+04
1.672496e+04 -1.080992e+00 1.672387e+04
1.672608e+04 -2.200823e+00 1.672388e+04
1.672705e+04 -3.178182e+00 1.672388e+04
1.672790e+04 -4.026459e+00 1.672388e+04
1.672864e+04 -4.758550e+00 1.672388e+04
1.672927e+04 -5.392212e+00 1.672387e+04
1.672980e+04 -5.928073e+00 1.672387e+04
1.673026e+04 -6.387793e+00 1.672387e+04
1.673064e+04 -6.770355e+00 1.672387e+04
1.673096e+04 -7.090262e+00 1.672387e+04
1.673123e+04 -7.361300e+00 1.672387e+04
1.673145e+04 -7.579993e+00 1.672387e+04
1.673163e+04 -7.758556e+00 1.672387e+04
1.673177e+04 -7.903036e+00 1.672387e+04
1.673189e+04 -8.018827e+00 1.672387e+04
1.673198e+04 -8.110721e+00 1.672387e+04
1.673205e+04 -8.177519e+00 1.672387e+04
1.673211e+04 -8.233909e+00 1.672388e+04
1.673215e+04 -8.283175e+00 1.672387e+04
1.673219e+04 -8.317199e+00 1.672387e+04
1.673221e+04 -8.343923e+00 1.672387e+04
1.673224e+04 -8.365498e+00 1.672387e+04
1.673225e+04 -8.383771e+00 1.672387e+04
1.673227e+04 -8.394831e+00 1.672388e+04
1.673229e+04 -8.405569e+00 1.672388e+04
1.673230e+04 -8.422534e+00 1.672388e+04
1.673232e+04 -8.440991e+00 1.672388e+04
1.673234e+04 -8.461577e+00 1.672388e+04
1.673237e+04 -8.484707e+00 1.672388e+04
1.673239e+04 -8.510583e+00 1.672388e+04
1.673242e+04 -8.539173e+00 1.672388e+04
1.673245e+04 -8.570201e+00 1.672388e+04
1.673248e+04 -8.597678e+00 1.672389e+04
1.673252e+04 -8.631701e+00 1.672389e+04
1.673255e+04 -8.665568e+00 1.672389e+04
1.673258e+04 -8.697692e+00 1.672389e+04
1.673261e+04 -8.726033e+00 1.672389e+04
1.673263e+04 -8.748034e+00 1.672389e+04
1.673265e+04 -8.760543e+00 1.672389e+04
1.673265e+04 -8.759734e+00 1.672389e+04
1.673263e+04 -8.735570e+00 1.672389e+04
1.673258e+04 -8.693600e+00 1.672389e+04
1.673251e+04 -8.621936e+00 1.672389e+04
1.673240e+04 -8.513223e+00 1.672389e+04
1.673225e+04 -8.359069e+00 1.672389e+04
1.673204e+04 -8.150023e+00 1.672389e+04
1.673176e+04 -7.875621e+00 1.672389e+04
1.673141e+04 -7.524471e+00 1.672389e+04
1.673097e+04 -7.079060e+00 1.672389e+04
1.673043e+04 -6.537732e+00 1.672389e+04
1.672977e+04 -5.882245e+00 1.672389e+04
1.672899e+04 -5.100338e+00 1.672389e+04
1.672807e+04 -4.175403e+00 1.672389e+04
1.672700e+04 -3.108857e+00 1.672389e+04
1.672578e+04 -1.888254e+00 1.672389e+04
1.672440e+04 -5.099737e-01 1.672389e+04
1.672287e+04 1.025562e+00 1.672389e+04
1.672118e+04 2.707761e+00 1.672389e+04
1.671935e+04 4.543047e+00 1.672389e+04
1.671739e+04 6.500592e+00 1.672389e+04
1.671533e+04 8.572571e+00 1.672390e+04
1.671318e+04 1.072117e+01 1.672390e+04
1.671096e+04 1.294040e+01 1.672390e+04
1.670870e+04 1.519850e+01 1.672390e+04
1.670641e+04 1.749025e+01 1.672390e+04
1.670409e+04 1.980189e+01 1.672390e+04
1.670176e+04 2.213643e+01 1.672389e+04
1.669938e+04 2.450596e+01 1.672389e+04
1.669692e+04 2.695639e+01 1.672388e+04
1.669434e+04 2.953666e+01 1.672388e+04
1.669155e+04 3.232188e+01 1.672387e+04
1.668845e+04 3.540821e+01 1.672386e+04
1.668493e+04 3.891228e+01 1.672385e+04
1.668086e+04 4.296990e+01 1.672383e+04
1.667608e+04 4.773401e+01 1.672382e+04
1.667043e+04 5.337214e+01 1.672380e+04
1.666372e+04 6.006339e+01 1.672379e+04
1.665578e+04 6.799481e+01 1.672377e+04
1.664640e+04 7.735721e+01 1.672375e+04
1.663540e+04 8.834524e+01 1.672374e+04
1.662260e+04 1.011289e+02 1.672373e+04
1.660784e+04 1.158782e+02 1.672371e+04
1.659097e+04 1.327243e+02 1.672370e+04
1.657192e+04 1.517748e+02 1.672369e+04
1.655062e+04 1.730650e+02 1.672369e+04
1.652713e+04 1.965637e+02 1.672369e+04
1.650155e+04 2.221510e+02 1.672370e+04
1.647411e+04 2.496006e+02 1.672372e+04
1.644515e+04 2.785951e+02 1.672374e+04
1.641507e+04 3.086993e+02 1.672377e+04
1.638440e+04 3.394045e+02 1.672380e+04
1.635367e+04 3.701605e+02 1.672383e+04
1.632338e+04 4.004653e+02 1.672385e+04
1.629393e+04 4.299263e+02 1.672386e+04
1.626547e+04 4.583736e+02 1.672384e+04
1.623780e+04 4.859826e+02 1.672378e+04
1.621027e+04 5.134030e+02 1.672367e+04
1.618167e+04 5.418446e+02 1.672351e+04
1.615010e+04 5.731961e+02 1.672329e+04
1.611295e+04 6.100591e+02 1.672301e+04
1.606685e+04 6.558017e+02 1.672265e+04
1.600772e+04 7.145304e+02 1.672225e+04
1.593090e+04 7.908859e+02 1.672179e+04
1.583164e+04 8.896956e+02 1.672133e+04
1.570591e+04 1.015071e+03 1.672099e+04
1.555203e+04 1.168878e+03 1.672090e+04
1.537291e+04 1.348392e+03 1.672130e+04
1.517886e+04 1.543477e+03 1.672233e+04
1.498943e+04 1.734555e+03 1.672399e+04
1.483226e+04 1.893628e+03 1.672589e+04
1.473693e+04 1.990383e+03 1.672731e+04
1.472498e+04 2.002638e+03 1.672762e+04
1.480087e+04 1.925775e+03 1.672665e+04
1.495007e+04 1.774825e+03 1.672489e+04
1.514548e+04 1.577610e+03 1.672309e+04
1.535783e+04 1.363948e+03 1.672177e+04
1.556378e+04 1.157341e+03 1.672112e+04
1.574907e+04 9.719380e+02 1.672101e+04
1.590768e+04 8.135602e+02 1.672124e+04
1.603918e+04 6.824392e+02 1.672162e+04
1.614622e+04 5.758147e+02 1.672204e+04
1.623262e+04 4.897943e+02 1.672242e+04
1.630232e+04 4.204289e+02 1.672275e+04
1.635881e+04 3.641951e+02 1.672301e+04
1.640502e+04 3.181949e+02 1.672321e+04
1.644324e+04 2.801227e+02 1.672336e+04
1.647527e+04 2.482145e+02 1.672348e+04
1.650245e+04 2.211165e+02 1.672357e+04
1.652582e+04 1.978185e+02 1.672364e+04
1.654615e+04 1.775468e+02 1.672369e+04
1.656400e+04 1.597337e+02 1.672373e+04
1.657982e+04 1.439455e+02 1.672376e+04
1.659393e+04 1.298517e+02 1.672378e+04
1.660660e+04 1.171976e+02 1.672380e+04
1.661803e+04 1.057836e+02 1.672382e+04
1.662838e+04 9.545127e+01 1.672383e+04
1.663777e+04 8.606677e+01 1.672383e+04
1.664631e+04 7.753561e+01 1.672384e+04
1.665408e+04 6.976398e+01 1.672385e+04
1.666118e+04 6.267674e+01 1.672385e+04
1.666765e+04 5.620908e+01 1.672386e+04
1.667356e+04 5.029338e+01 1.672385e+04
1.667896e+04 4.490144e+01 1.672386e+04
1.668388e+04 3.997224e+01 1.672386e+04
1.668838e+04 3.547658e+01 1.672386e+04
1.669249e+04 3.137290e+01 1.672386e+04
1.669624e+04 2.762826e+01 1.672386e+04
1.669965e+04 2.420709e+01 1.672386e+04
1.670277e+04 2.108714e+01 1.672386e+04
1.670561e+04 1.824876e+01 1.672386e+04
1.670820e+04 1.566316e+01 1.672386e+04
1.671055e+04 1.331431e+01 1.672387e+04
1.671270e+04 1.117698e+01 1.672388e+04
1.671465e+04 9.227534e+00 1.672388e+04
1.671642e+04 7.454733e+00 1.672388e+04
1.671804e+04 5.843228e+00 1.672388e+04
1.671950e+04 4.378982e+00 1.672388e+04
1.672083e+04 3.054645e+00 1.672389e+04
1.672204e+04 1.847569e+00 1.672389e+04
1.672314e+04 7.527778e-01 1.672389e+04
1.672413e+04 -2.448048e-01 1.672388e+04
1.672503e+04 -1.142790e+00 1.672389e+04
1.672584e+04 -1.954361e+00 1.672389e+04
1.672657e+04 -2.686665e+00 1.672389e+04
1.672723e+04 -3.346022e+00 1.672389e+04
1.672783e+04 -3.932567e+00 1.672389e+04
1.672836e+04 -4.462574e+00 1.672389e+04
1.672883e+04 -4.935265e+00 1.672389e+04
1.672925e+04 -5.355082e+00 1.672389e+04
1.672962e+04 -5.726163e+00 1.672389e+04
1.672995e+04 -6.052377e+00 1.672389e+04
1.673023e+04 -6.337362e+00 1.672389e+04
1.673048e+04 -6.590121e+00 1.672389e+04
1.673069e+04 -6.802861e+00 1.672389e+04
1.673087e+04 -6.984110e+00 1.672389e+04
1.673103e+04 -7.136758e+00 1.672389e+04
1.673115e+04 -7.263521e+00 1.672389e+04
1.673126e+04 -7.372494e+00 1.672389e+04
1.673134e+04 -7.455134e+00 1.672389e+04
1.673140e+04 -7.519030e+00 1.672389e+04
1.673145e+04 -7.566226e+00 1.672389e+04
1.673148e+04 -7.598597e+00 1.672389e+04
1.673150e+04 -7.612634e+00 1.672389e+04
1.673151e+04 -7.620598e+00 1.672389e+04
1.673151e+04 -7.623977e+00 1.672389e+04
1.673150e+04 -7.613075e+00 1.672389e+04
1.673148e+04 -7.594448e+00 1.672389e+04
1.673146e+04 -7.569113e+00 1.672389e+04
1.673142e+04 -7.537973e+00 1.672389e+04
1.673139e+04 -7.501827e+00 1.672389e+04
1.673135e+04 -7.461376e+00 1.672389e+04
1.673130e+04 -7.417232e+00 1.672389e+04
1.673126e+04 -7.369926e+00 1.672389e+04
1.673121e+04 -7.319915e+00 1.672389e+04
1.673115e+04 -7.267586e+00 1.672389e+04
1.673110e+04 -7.213264e+00 1.672389e+04
1.673104e+04 -7.151817e+00 1.672389e+04
1.673099e+04 -7.094342e+00 1.672389e+04
1.673093e+04 -7.035505e+00 1.672389e+04
1.673087e+04 -6.980908e+00 1.672389e+04
1.673081e+04 -6.919726e+00 1.672389e+04
1.673074e+04 -6.857342e+00 1.672389e+04
1.673068e+04 -6.793849e+00 1.672389e+04
1.673062e+04 -6.729056e+00 1.672389e+04
1.673055e+04 -6.662718e+00 1.672389e+04
1.673048e+04 -6.594582e+00 1.672389e+04
1.673041e+04 -6.524310e+00 1.672389e+04
1.673034e+04 -6.451463e+00 1.672389e+04
1.673026e+04 -6.375481e+00 1.672389e+04
1.673018e+04 -6.295656e+00 1.672389e+04
1.673010e+04 -6.211102e+00 1.672389e+04
1.673001e+04 -6.120705e+00 1.672389e+04
1.672991e+04 -6.023075e+00 1.672389e+04
1.672980e+04 -5.916474e+00 1.672389e+04
1.672968e+04 -5.798730e+00 1.672389e+04
1.672955e+04 -5.667128e+00 1.672389e+04
1.672940e+04 -5.518275e+00 1.672388e+04
1.672923e+04 -5.347935e+00 1.672388e+04
1.672903e+04 -5.150820e+00 1.672388e+04
1.672880e+04 -4.920335e+00 1.672388e+04
1.672853e+04 -4.648263e+00 1.672388e+04
1.672821e+04 -4.324375e+00 1.672388e+04
1.672782e+04 -3.941443e+00 1.672387e+04
1.672735e+04 -3.472746e+00 1.672387e+04
1.672678e+04 -2.898622e+00 1.672388e+04
1.672608e+04 -2.205706e+00 1.672387e+04
1.672523e+04 -1.358300e+00 1.672387e+04
1.672419e+04 -3.189877e-01 1.672387e+04
1.672290e+04 9.586062e-01 1.672386e+04
1.672132e+04 2.531961e+00 1.672386e+04
1.671938e+04 4.472330e+00 1.672385e+04
1.671697e+04 6.868061e+00 1.672384e+04
1.671400e+04 9.828723e+00 1.672383e+04
1.671032e+04 1.349023e+01 1.672381e+04
1.670578e+04 1.802115e+01 1.672380e+04
1.670014e+04 2.363053e+01 1.672377e+04
1.669317e+04 3.057738e+01 1.672375e+04
1.668453e+04 3.918215e+01 1.672371e+04
1.667383e+04 4.984045e+01 1.672367e+04
1.666058e+04 6.303887e+01 1.672362e+04
1.664419e+04 7.937294e+01 1.672356e+04
1.662392e+04 9.957164e+01 1.672349e+04
1.659890e+04 1.244944e+02 1.672340e+04
1.656811e+04 1.551738e+02 1.672328e+04
1.653033e+04 1.928232e+02 1.672316e+04
1.648421e+04 2.388014e+02 1.672301e+04
1.642825e+04 2.946034e+02 1.672285e+04
1.636089e+04 3.617950e+02 1.672269e+04
1.628063e+04 4.418859e+02 1.672252e+04
1.618612e+04 5.362244e+02 1.672235e+04
1.607635e+04 6.458366e+02 1.672218e+04
1.595065e+04 7.713650e+02 1.672201e+04
1.580860e+04 9.131938e+02 1.672180e+04
1.564957e+04 1.071897e+03 1.672147e+04
1.547191e+04 1.249041e+03 1.672095e+04
1.527213e+04 1.448074e+03 1.672020e+04
1.504495e+04 1.674407e+03 1.671935e+04
1.478564e+04 1.933170e+03 1.671881e+04
1.449655e+04 2.222811e+03 1.671936e+04
1.419753e+04 2.524278e+03 1.672181e+04
1.393484e+04 2.791244e+03 1.672609e+04
1.377663e+04 2.953763e+03 1.673039e+04
1.378559e+04 2.946262e+03 1.673185e+04
1.398141e+04 2.747787e+03 1.672920e+04
1.432497e+04 2.399225e+03 1.672419e+04
1.474069e+04 1.979035e+03 1.671973e+04
1.515513e+04 1.562206e+03 1.671734e+04
1.552123e+04 1.195707e+03 1.671693e+04
1.582040e+04 8.972827e+02 1.671768e+04
1.605316e+04 6.656978e+02 1.671885e+04
1.622896e+04 4.910659e+02 1.672002e+04
1.635955e+04 3.614597e+02 1.672101e+04
1.645580e+04 2.659854e+02 1.672179e+04
1.652657e+04 1.957982e+02 1.672237e+04
1.657866e+04 1.441313e+02 1.672279e+04
1.661713e+04 1.059691e+02 1.672310e+04
1.664567e+04 7.765397e+01 1.672332e+04
1.666694e+04 5.654414e+01 1.672349e+04
1.668289e+04 4.071613e+01 1.672360e+04
1.669489e+04 2.879155e+01 1.672369e+04
1.670398e+04 1.976532e+01 1.672375e+04
1.671089e+04 1.290390e+01 1.672379e+04
1.671615e+04 7.663294e+00 1.672382e+04
1.672019e+04 3.656765e+00 1.672384e+04
1.672328e+04 5.778529e-01 1.672386e+04
1.672565e+04 -1.789075e+00 1.672386e+04
1.672748e+04 -3.604852e+00 1.672387e+04
1.672888e+04 -5.006299e+00 1.672388e+04
1.672996e+04 -6.078182e+00 1.672388e+04
1.673079e+04 -6.899205e+00 1.672389e+04
1.673142e+04 -7.525715e+00 1.672389e+04
1.673189e+04 -8.001233e+00 1.672389e+04
1.673226e+04 -8.359511e+00 1.672390e+04
1.673252e+04 -8.626817e+00 1.672390e+04
1.673272e+04 -8.823660e+00 1.672390e+04
1.673287e+04 -8.966091e+00 1.672390e+04
1.673297e+04 -9.061216e+00 1.672391e+04
1.673304e+04 -9.135403e+00 1.672390e+04
1.673308e+04 -9.174482e+00 1.672391e+04
1.673311e+04 -9.200969e+00 1.672391e+04
1.673312e+04 -9.219580e+00 1.672390e+04
1.673313e+04 -9.222991e+00 1.672390e+04
1.673312e+04 -9.219448e+00 1.672390e+04
1.673311e+04 -9.216557e+00 1.672390e+04
1.673310e+04 -9.199605e+00 1.672390e+04
1.673309e+04 -9.191483e+00 1.672390e+04
1.673307e+04 -9.176505e+00 1.672390e+04
1.673306e+04 -9.160409e+00 1.672390e+04
1.673304e+04 -9.143276e+00 1.672390e+04
1.673302e+04 -9.124930e+00 1.672390e+04
1.673300e+04 -9.104954e+00 1.672390e+04
1.673298e+04 -9.082703e+00 1.672390e+04
1.673295e+04 -9.057302e+00 1.672390e+04
1.673293e+04 -9.027635e+00 1.672390e+04
1.673289e+04 -8.992324e+00 1.672390e+04
1.673285e+04 -8.949692e+00 1.672390e+04
1.673279e+04 -8.903213e+00 1.672389e+04
1.673273e+04 -8.839550e+00 1.672389e+04
1.673265e+04 -8.761182e+00 1.672389e+04
1.673256e+04 -8.670079e+00 1.672389e+04
1.673244e+04 -8.550994e+00 1.672388e+04
1.673229e+04 -8.404043e+00 1.672388e+04
1.673211e+04 -8.222713e+00 1.672388e+04
1.673188e+04 -8.004435e+00 1.672388e+04
1.673160e+04 -7.728226e+00 1.672388e+04
1.673126e+04 -7.386952e+00 1.672387e+04
1.673084e+04 -6.964794e+00 1.672387e+04
1.673031e+04 -6.441758e+00 1.672387e+04
1.672966e+04 -5.792478e+00 1.672387e+04
1.672885e+04 -4.984643e+00 1.672386e+04
1.672784e+04 -3.976950e+00 1.672386e+04
1.672657e+04 -2.716417e+00 1.672385e+04
1.672498e+04 -1.134861e+00 1.672385e+04
1.672298e+04 8.557469e-01 1.672384e+04
1.672046e+04 3.369406e+00 1.672383e+04
1.671726e+04 6.554188e+00 1.672381e+04
1.671319e+04 1.060295e+01 1.672379e+04
1.670799e+04 1.576753e+01 1.672376e+04
1.670135e+04 2.237743e+01 1.672373e+04
1.669281e+04 3.086458e+01 1.672368e+04
1.668182e+04 4.179555e+01 1.672362e+04
1.666762e+04 5.591310e+01 1.672353e+04
1.664924e+04 7.418339e+01 1.672342e+04
1.662540e+04 9.787122e+01 1.672327e+04
1.659447e+04 1.286266e+02 1.672309e+04
1.655435e+04 1.685181e+02 1.672287e+04
1.650245e+04 2.201346e+02 1.672259e+04
1.643567e+04 2.865847e+02 1.672225e+04
1.635051e+04 3.713836e+02 1.672189e+04
1.624344e+04 4.780983e+02 1.672154e+04
1.611171e+04 6.095830e+02 1.672129e+04
1.595465e+04 7.666246e+02 1.672128e+04
1.577573e+04 9.459404e+02 1.672167e+04
1.558474e+04 1.137866e+03 1.672260e+04
1.539920e+04 1.324841e+03 1.672404e+04
1.524321e+04 1.482455e+03 1.672566e+04
1.514229e+04 1.584601e+03 1.672689e+04
1.511515e+04 1.612033e+03 1.672719e+04
1.516624e+04 1.560164e+03 1.672640e+04
1.528379e+04 1.441112e+03 1.672490e+04
1.544477e+04 1.278531e+03 1.672330e+04
1.562328e+04 1.098775e+03 1.672206e+04
1.579775e+04 9.236214e+02 1.672137e+04
1.595410e+04 7.670650e+02 1.672117e+04
1.608560e+04 6.356926e+02 1.672130e+04
1.619084e+04 5.307611e+02 1.672160e+04
1.627150e+04 4.504458e+02 1.672195e+04
1.633073e+04 3.915500e+02 1.672228e+04
1.637199e+04 3.505905e+02 1.672258e+04
1.639851e+04 3.243173e+02 1.672282e+04
1.641306e+04 3.099592e+02 1.672302e+04
1.641790e+04 3.052612e+02 1.672316e+04
1.641483e+04 3.084415e+02 1.672328e+04
1.640524e+04 3.181162e+02 1.672336e+04
1.639020e+04 3.332193e+02 1.672342e+04
1.637053e+04 3.529312e+02 1.672346e+04
1.634688e+04 3.766084e+02 1.672348e+04
1.631972e+04 4.037778e+02 1.672350e+04
1.628945e+04 4.340637e+02 1.672351e+04
1.625632e+04 4.671854e+02 1.672351e+04
1.622052e+04 5.029763e+02 1.672350e+04
1.618205e+04 5.414126e+02 1.672346e+04
1.614072e+04 5.826969e+02 1.672341e+04
1.609597e+04 6.273431e+02 1.672331e+04
1.604669e+04 6.764487e+02 1.672313e+04
1.599088e+04 7.319720e+02 1.672285e+04
1.592519e+04 7.972180e+02 1.672241e+04
1.584421e+04 8.775109e+02 1.672172e+04
1.573962e+04 9.810820e+02 1.672070e+04
1.559916e+04 1.120085e+03 1.671925e+04
1.540599e+04 1.311357e+03 1.671735e+04
1.513939e+04 1.575819e+03 1.671520e+04
1.477947e+04 1.934094e+03 1.671356e+04
1.431959e+04 2.394374e+03 1.671396e+04
1.378832e+04 2.929984e+03 1.671831e+04
1.327100e+04 3.455639e+03 1.672664e+04
1.289994e+04 3.834504e+03 1.673445e+04
1.278734e+04 3.947689e+03 1.673503e+04
1.294076e+04 3.786703e+03 1.672746e+04
1.325265e+04 3.465289e+03 1.671794e+04
1.357906e+04 3.133231e+03 1.671229e+04
1.382228e+04 2.889430e+03 1.671171e+04
1.395783e+04 2.756872e+03 1.671470e+04
1.401860e+04 2.700685e+03 1.671929e+04
1.406563e+04 2.657952e+03 1.672358e+04
1.415810e+04 2.567875e+03 1.672597e+04
1.432894e+04 2.396877e+03 1.672582e+04
1.457498e+04 2.148856e+03 1.672384e+04
1.486565e+04 1.855789e+03 1.672144e+04
1.516202e+04 1.557699e+03 1.671971e+04
1.543259e+04 1.286382e+03 1.671897e+04
1.565947e+04 1.059530e+03 1.671900e+04
1.583670e+04 8.827445e+02 1.671945e+04
1.596570e+04 7.543137e+02 1.672002e+04
1.605109e+04 6.694415e+02 1.672053e+04
1.609796e+04 6.229550e+02 1.672092e+04
1.611047e+04 6.106792e+02 1.672114e+04
1.609126e+04 6.299576e+02 1.672122e+04
1.604146e+04 6.796945e+02 1.672116e+04
1.596088e+04 7.601230e+02 1.672100e+04
1.584853e+04 8.722649e+02 1.672080e+04
1.570348e+04 1.017155e+03 1.672063e+04
1.552620e+04 1.194438e+03 1.672064e+04
1.532059e+04 1.400432e+03 1.672102e+04
1.509634e+04 1.625591e+03 1.672194e+04
1.487107e+04 1.852362e+03 1.672344e+04
1.467036e+04 2.054950e+03 1.672531e+04
1.452396e+04 2.203051e+03 1.672701e+04
1.445784e+04 2.270031e+03 1.672788e+04
1.448499e+04 2.242544e+03 1.672753e+04
1.460022e+04 2.125931e+03 1.672615e+04
1.478268e+04 1.941665e+03 1.672435e+04
1.500402e+04 1.718709e+03 1.672273e+04
1.523730e+04 1.484341e+03 1.672164e+04
1.546242e+04 1.258694e+03 1.672112e+04
1.566739e+04 1.053638e+03 1.672103e+04
1.584690e+04 8.743043e+02 1.672120e+04
1.600013e+04 7.213742e+02 1.672151e+04
1.612877e+04 5.930834e+02 1.672185e+04
1.623561e+04 4.865674e+02 1.672218e+04
1.632377e+04 3.987026e+02 1.672247e+04
1.639622e+04 3.265003e+02 1.672272e+04
1.645564e+04 2.672995e+02 1.672294e+04
1.650431e+04 2.187976e+02 1.672311e+04
1.654418e+04 1.790742e+02 1.672325e+04
1.657683e+04 1.465320e+02 1.672336e+04
1.660360e+04 1.198578e+02 1.672346e+04
1.662556e+04 9.797678e+01 1.672353e+04
1.664358e+04 8.000684e+01 1.672359e+04
1.665839e+04 6.525040e+01 1.672364e+04
1.667057e+04 5.311031e+01 1.672368e+04
1.668060e+04 4.312487e+01 1.672372e+04
1.668885e+04 3.490389e+01 1.672375e+04
1.669565e+04 2.813936e+01 1.672379e+04
1.670124e+04 2.255971e+01 1.672380e+04
1.670585e+04 1.795653e+01 1.672381e+04
1.670964e+04 1.418146e+01 1.672382e+04
1.671274e+04 1.108456e+01 1.672383e+04
1.671528e+04 8.546475e+00 1.672383e+04
1.671735e+04 6.484968e+00 1.672384e+04
1.671902e+04 4.818221e+00 1.672384e+04
1.672036e+04 3.483711e+00 1.672385e+04
1.672142e+04 2.430261e+00 1.672385e+04
1.672224e+04 1.610439e+00 1.672385e+04
1.672285e+04 1.001145e+00 1.672385e+04
1.672328e+04 5.691072e-01 1.672385e+04
1.672356e+04 2.917719e-01 1.672385e+04
1.672370e+04 1.509255e-01 1.672385e+04
1.672372e+04 1.319453e-01 1.672386e+04
1.672363e+04 2.231743e-01 1.672386e+04
1.672344e+04 4.153993e-01 1.672386e+04
1.672316e+04 7.014105e-01 1.672386e+04
1.672278e+04 1.075628e+00 1.672386e+04
1.672232e+04 1.533785e+00 1.672386e+04
1.672179e+04 2.078042e+00 1.672386e+04
1.672117e+04 2.695041e+00 1.672386e+04
1.672048e+04 3.399158e+00 1.672387e+04
1.671971e+04 4.161741e+00 1.672387e+04
1.671887e+04 5.003568e+00 1.672387e+04
1.671795e+04 5.918050e+00 1.672387e+04
1.671697e+04 6.904012e+00 1.672387e+04
1.671591e+04 7.960116e+00 1.672387e+04
1.671479e+04 9.084750e+00 1.672387e+04
1.671359e+04 1.027594e+01 1.672387e+04
1.671234e+04 1.153665e+01 1.672388e+04
1.671102e+04 1.285301e+01 1.672388e+04
1.670965e+04 1.422709e+01 1.672388e+04
1.670822e+04 1.564931e+01 1.672387e+04
1.670675e+04 1.712584e+01 1.672387e+04
1.670523e+04 1.864608e+01 1.672387e+04
1.670367e+04 2.020424e+01 1.672387e+04
1.670208e+04 2.179408e+01 1.672387e+04
1.670046e+04 2.340337e+01 1.672387e+04
1.669883e+04 2.503084e+01 1.672386e+04
1.669719e+04 2.667507e+01 1.672386e+04
1.669554e+04 2.832398e+01 1.672386e+04
1.669389e+04 2.997132e+01 1.672386e+04
1.669225e+04 3.161164e+01 1.672386e+04
1.669062e+04 3.324055e+01 1.672386e+04
1.668901e+04 3.485520e+01 1.672386e+04
1.668741e+04 3.645466e+01 1.672386e+04
1.668582e+04 3.802934e+01 1.672385e+04
1.668425e+04 3.960567e+01 1.672385e+04
1.668267e+04 4.118062e+01 1.672385e+04
1.668108e+04 4.276613e+01 1.672385e+04
1.667947e+04 4.437884e+01 1.672385e+04
1.667780e+04 4.604065e+01 1.672384e+04
1.667606e+04 4.777946e+01 1.672384e+04
1.667421e+04 4.962979e+01 1.672384e+04
1.667220e+04 5.163359e+01 1.672383e+04
1.666999e+04 5.384635e+01 1.672383e+04
1.666751e+04 5.631599e+01 1.672383e+04
1.666471e+04 5.911161e+01 1.672382e+04
1.666149e+04 6.233463e+01 1.672382e+04
1.665776e+04 6.604917e+01 1.672381e+04
1.665343e+04 7.037073e+01 1.672380e+04
1.664837e+04 7.541804e+01 1.672379e+04
1.664245e+04 8.133652e+01 1.672379e+04
1.663552e+04 8.825615e+01 1.672377e+04
1.662740e+04 9.635941e+01 1.672376e+04
1.661790e+04 1.058449e+02 1.672375e+04
1.660681e+04 1.169192e+02 1.672373e+04
1.659387e+04 1.298328e+02 1.672370e+04
1.657881e+04 1.448620e+02 1.672368e+04
1.656133e+04 1.623181e+02 1.672365e+04
1.654106e+04 1.825527e+02 1.672361e+04
1.651761e+04 2.059627e+02 1.672357e+04
1.649053e+04 2.329965e+02 1.672353e+04
1.645932e+04 2.641600e+02 1.672348e+04
1.642340e+04 3.000231e+02 1.672342e+04
1.638213e+04 3.412247e+02 1.672336e+04
1.633481e+04 3.884759e+02 1.672329e+04
1.628065e+04 4.425594e+02 1.672321e+04
1.621880e+04 5.043210e+02 1.672312e+04
1.614838e+04 5.746456e+02 1.672302e+04
1.606849e+04 6.544430e+02 1.672293e+04
1.597829e+04 7.445560e+02 1.672284e+04
1.587707e+04 8.456921e+02 1.672276e+04
1.576442e+04 9.582897e+02 1.672271e+04
1.564035e+04 1.082343e+03 1.672269e+04
1.550551e+04 1.217214e+03 1.672273e+04
1.536146e+04 1.361372e+03 1.672283e+04
1.521084e+04 1.512186e+03 1.672303e+04
1.505755e+04 1.665759e+03 1.672331e+04
1.490679e+04 1.816883e+03 1.672367e+04
1.476491e+04 1.959184e+03 1.672409e+04
1.463902e+04 2.085508e+03 1.672453e+04
1.453641e+04 2.188530e+03 1.672494e+04
1.446371e+04 2.261562e+03 1.672527e+04
1.442604e+04 2.299409e+03 1.672545e+04
1.442634e+04 2.299125e+03 1.672547e+04
1.446482e+04 2.260490e+03 1.672531e+04
1.453892e+04 2.186082e+03 1.672500e+04
1.464367e+04 2.080914e+03 1.672459e+04
1.477242e+04 1.951708e+03 1.672413e+04
1.491771e+04 1.805989e+03 1.672370e+04
1.507215e+04 1.651164e+03 1.672332e+04
1.522917e+04 1.493854e+03 1.672303e+04
1.538340e+04 1.339431e+03 1.672283e+04
1.553085e+04 1.191869e+03 1.672272e+04
1.566889e+04 1.053809e+03 1.672269e+04
1.579598e+04 9.267305e+02 1.672271e+04
1.591153e+04 8.112472e+02 1.672277e+04
1.601554e+04 7.073113e+02 1.672285e+04
1.610847e+04 6.144739e+02 1.672294e+04
1.619100e+04 5.320340e+02 1.672303e+04
1.626395e+04 4.591689e+02 1.672312e+04
1.632818e+04 3.950179e+02 1.672320e+04
1.638454e+04 3.387338e+02 1.672328e+04
1.643383e+04 2.895126e+02 1.672334e+04
1.647680e+04 2.466083e+02 1.672341e+04
1.651412e+04 2.093387e+02 1.672346e+04
1.654642e+04 1.770805e+02 1.672350e+04
1.657426e+04 1.492957e+02 1.672355e+04
1.659812e+04 1.254741e+02 1.672359e+04
1.661844e+04 1.051862e+02 1.672362e+04
1.663560e+04 8.805331e+01 1.672365e+04
1.664992e+04 7.374687e+01 1.672367e+04
1.666167e+04 6.201013e+01 1.672368e+04
1.667107e+04 5.262598e+01 1.672370e+04
1.667826e+04 4.544106e+01 1.672371e+04
1.668334e+04 4.036964e+01 1.672371e+04
1.668633e+04 3.737757e+01 1.672371e+04
1.668717e+04 3.652412e+01 1.672370e+04
1.668572e+04 3.795156e+01 1.672368e+04
1.668174e+04 4.190685e+01 1.672365e+04
1.667484e+04 4.876246e+01 1.672360e+04
1.666450e+04 5.904274e+01 1.672354e+04
1.665001e+04 7.345582e+01 1.672346e+04
1.663043e+04 9.293011e+01 1.672336e+04
1.660458e+04 1.186525e+02 1.672323e+04
1.657097e+04 1.521005e+02 1.672307e+04
1.652783e+04 1.950584e+02 1.672289e+04
1.647312e+04 2.495595e+02 1.672268e+04
1.640466e+04 3.177934e+02 1.672246e+04
1.632045e+04 4.018057e+02 1.672226e+04
1.621915e+04 5.029896e+02 1.672214e+04
1.610086e+04 6.213071e+02 1.672217e+04
1.596827e+04 7.541694e+02 1.672244e+04
1.582769e+04 8.953223e+02 1.672301e+04
1.568980e+04 1.034073e+03 1.672388e+04
1.556911e+04 1.155771e+03 1.672488e+04
1.548163e+04 1.244136e+03 1.672577e+04
1.544091e+04 1.285316e+03 1.672622e+04
1.545376e+04 1.272316e+03 1.672607e+04
1.551790e+04 1.207480e+03 1.672538e+04
1.562275e+04 1.101638e+03 1.672439e+04
1.575300e+04 9.704187e+02 1.672342e+04
1.589297e+04 8.297238e+02 1.672269e+04
1.602984e+04 6.924318e+02 1.672227e+04
1.615509e+04 5.670326e+02 1.672212e+04
1.626432e+04 4.578560e+02 1.672217e+04
1.635624e+04 3.660978e+02 1.672234e+04
1.643157e+04 2.909881e+02 1.672256e+04
1.649205e+04 2.307239e+02 1.672278e+04
1.653982e+04 1.831608e+02 1.672298e+04
1.657700e+04 1.461549e+02 1.672316e+04
1.660550e+04 1.178010e+02 1.672330e+04
1.662695e+04 9.645413e+01 1.672341e+04
1.664268e+04 8.082044e+01 1.672350e+04
1.665372e+04 6.984582e+01 1.672356e+04
1.666089e+04 6.272929e+01 1.672361e+04
1.666478e+04 5.887434e+01 1.672365e+04
1.666582e+04 5.785444e+01 1.672367e+04
1.666430e+04 5.938368e+01 1.672369e+04
1.666040e+04 6.329258e+01 1.672369e+04
1.665418e+04 6.950848e+01 1.672369e+04
1.664564e+04 7.803383e+01 1.672368e+04
1.663471e+04 8.895406e+01 1.672366e+04
1.662126e+04 1.023912e+02 1.672365e+04
1.660512e+04 1.185113e+02 1.672363e+04
1.658611e+04 1.375015e+02 1.672361e+04
1.656404e+04 1.595537e+02 1.672359e+04
1.653876e+04 1.848141e+02 1.672357e+04
1.651018e+04 2.133794e+02 1.672356e+04
1.647833e+04 2.452287e+02 1.672356e+04
1.644340e+04 2.801812e+02 1.672358e+04
1.640579e+04 3.178151e+02 1.672361e+04
1.636621e+04 3.574446e+02 1.672366e+04
1.632568e+04 3.980548e+02 1.672373e+04
1.628554e+04 4.382939e+02 1.672383e+04
1.624744e+04 4.765051e+02 1.672394e+04
1.621324e+04 5.108186e+02 1.672406e+04
1.618487e+04 5.393065e+02 1.672417e+04
1.616407e+04 5.601884e+02 1.672426e+04
1.615226e+04 5.720565e+02 1.672431e+04
1.615025e+04 5.740754e+02 1.672432e+04
1.615818e+04 5.661082e+02 1.672429e+04
1.617547e+04 5.487389e+02 1.672421e+04
1.620092e+04 5.231824e+02 1.672410e+04
1.623288e+04 4.911079e+02 1.672398e+04
1.626945e+04 4.544177e+02 1.672387e+04
1.630874e+04 4.150289e+02 1.672376e+04
1.634898e+04 3.746907e+02 1.672368e+04
1.638873e+04 3.348901e+02 1.672362e+04
1.642681e+04 2.967643e+02 1.672358e+04
1.646244e+04 2.611204e+02 1.672356e+04
1.649510e+04 2.284623e+02 1.672356e+04
1.652453e+04 1.990427e+02 1.672357e+04
1.655067e+04 1.729262e+02 1.672359e+04
1.657359e+04 1.500270e+02 1.672362e+04
1.659348e+04 1.301675e+02 1.672365e+04
1.661055e+04 1.131264e+02 1.672367e+04
1.662505e+04 9.864993e+01 1.672370e+04
1.663724e+04 8.647783e+01 1.672372e+04
1.664739e+04 7.635600e+01 1.672374e+04
1.665572e+04 6.803915e+01 1.672376e+04
1.666246e+04 6.131170e+01 1.672377e+04
1.666781e+04 5.597863e+01 1.672378e+04
1.667194e+04 5.185945e+01 1.672380e+04
1.667503e+04 4.877664e+01 1.672381e+04
1.667722e+04 4.660292e+01 1.672382e+04
1.667863e+04 4.519921e+01 1.672382e+04
1.667937e+04 4.446176e+01 1.672383e+04
1.667956e+04 4.427108e+01 1.672383e+04
1.667928e+04 4.455577e+01 1.672384e+04
1.667862e+04 4.522033e+01 1.672384e+04
1.667766e+04 4.618723e+01 1.672385e+04
1.667647e+04 4.739100e+01 1.672386e+04
1.667511e+04 4.875568e+01 1.672386e+04
1.667364e+04 5.022757e+01 1.672387e+04
1.667212e+04 5.175320e+01 1.672387e+04
1.667059e+04 5.328525e+01 1.672388e+04
1.666909e+04 5.479400e+01 1.672389e+04
1.666767e+04 5.622452e+01 1.672389e+04
1.666633e+04 5.756339e+01 1.672389e+04
1.666510e+04 5.879591e+01 1.672389e+04
1.666397e+04 5.991846e+01 1.672389e+04
1.666295e+04 6.093451e+01 1.672388e+04
1.666200e+04 6.187813e+01 1.672388e+04
1.666109e+04 6.278340e+01 1.672388e+04
1.666016e+04 6.370801e+01 1.672387e+04
1.665913e+04 6.473039e+01 1.672386e+04
1.665790e+04 6.594702e+01 1.672384e+04
1.665633e+04 6.749827e+01 1.672383e+04
1.665428e+04 6.953952e+01 1.672382e+04
1.665153e+04 7.226813e+01 1.672380e+04
1.664785e+04 7.592410e+01 1.672377e+04
1.664294e+04 8.080273e+01 1.672375e+04
1.663647e+04 8.724051e+01 1.672371e+04
1.662801e+04 9.565722e+01 1.672367e+04
1.661708e+04 1.065417e+02 1.672362e+04
1.660310e+04 1.204639e+02 1.672357e+04
1.658542e+04 1.380772e+02 1.672350e+04
1.656332e+04 1.601123e+02 1.672343e+04
1.653600e+04 1.873558e+02 1.672335e+04
1.650267e+04 2.206075e+02 1.672328e+04
1.646261e+04 2.606029e+02 1.672321e+04
1.641527e+04 3.078865e+02 1.672316e+04
1.636049e+04 3.626530e+02 1.672315e+04
1.629868e+04 4.245085e+02 1.672319e+04
1.623111e+04 4.921986e+02 1.672331e+04
1.616013e+04 5.633771e+02 1.672351e+04
1.608931e+04 6.344884e+02 1.672380e+04
1.602332e+04 7.008260e+02 1.672414e+04
1.596752e+04 7.569669e+02 1.672448e+04
1.592721e+04 7.975561e+02 1.672477e+04
1.590666e+04 8.182652e+02 1.672492e+04
1.590816e+04 8.167523e+02 1.672491e+04
1.593152e+04 7.932120e+02 1.672473e+04
1.597410e+04 7.503348e+02 1.672444e+04
1.603143e+04 6.926580e+02 1.672409e+04
1.609812e+04 6.256317e+02 1.672375e+04
1.616885e+04 5.546243e+02 1.672347e+04
1.623907e+04 4.842134e+02 1.672328e+04
1.630537e+04 4.177972e+02 1.672317e+04
1.636555e+04 3.575770e+02 1.672313e+04
1.641845e+04 3.046925e+02 1.672314e+04
1.646371e+04 2.594774e+02 1.672319e+04
1.650154e+04 2.217185e+02 1.672326e+04
1.653245e+04 1.908715e+02 1.672332e+04
1.655714e+04 1.662512e+02 1.672339e+04
1.657634e+04 1.471128e+02 1.672346e+04
1.659077e+04 1.327458e+02 1.672351e+04
1.660105e+04 1.225082e+02 1.672356e+04
1.660776e+04 1.158445e+02 1.672360e+04
1.661134e+04 1.122907e+02 1.672363e+04
1.661219e+04 1.114703e+02 1.672366e+04
