0.000006, 0.000000
-0.447609, 0.803738
0.483882, 0.588032
0.875003, 0.500000
1.470188, 0.405021
5.198384, 0.219201
9.580632, 0.161526
19.219661, 0.114049
30.069861, 0.091181

0.000023, 0.000002
-1.138490, 1.349412
-0.029141, 0.843179
0.536295, 0.877873
1.312748, 0.781489
5.184546, 0.438013
9.576530, 0.323006
19.218643, 0.228095
30.069446, 0.182361

0.000050, 0.000005
-1.777644, 1.833785
-0.530012, 0.747311
0.074443, 1.054144
1.063284, 1.103163
5.161509, 0.656048
9.569694, 0.484394
19.216946, 0.342132
30.068753, 0.273539

0.000086, 0.000012
-2.390116, 2.290639
-0.858571, 0.408526
-0.403160, 1.007103
0.739928, 1.348154
5.129314, 0.872918
9.560126, 0.645646
19.214571, 0.456158
30.067783, 0.364715

0.000130, 0.000021
-2.986115, 2.731710
-0.937443, -0.049045
-0.801789, 0.762850
0.365725, 1.500467
5.088019, 1.088239
9.547830, 0.806714
19.211518, 0.570167
30.066536, 0.455887

0.000184, 0.000032
-3.570848, 3.162478
-0.733073, -0.491791
-1.052543, 0.377936
-0.033282, 1.550936
5.037697, 1.301627
9.532809, 0.967555
19.207786, 0.684157
30.065012, 0.547055

0.000245, 0.000045
-4.147352, 3.585960
-0.262363, -0.755894
-1.115209, -0.074495
-0.430038, 1.497540
4.978437, 1.512706
9.515066, 1.128121
19.203376, 0.798122
30.063210, 0.638219

0.000314, 0.000060
-4.717562, 4.004003
0.336458, -0.651235
-0.978279, -0.513587
-0.798345, 1.345168
4.910344, 1.721099
9.494609, 1.288367
19.198288, 0.912060
30.061132, 0.729376

0.000393, 0.000077
-5.282792, 4.417821
0.721842, -0.133009
-0.660119, -0.857556
-1.114489, 1.104954
4.833539, 1.926436
9.471441, 1.448248
19.192522, 1.025965
30.058777, 0.820527

0.000481, 0.000096
-5.843975, 4.828257
0.650432, 0.469488
-0.211776, -1.032494
-1.358550, 0.793313
4.748159, 2.128354
9.445571, 1.607719
19.186078, 1.139834
30.056144, 0.911670

0.000579, 0.000119
-6.401801, 5.235921
0.263722, 0.844272
0.281870, -0.987074
-1.515408, 0.430779
4.654354, 2.326494
9.417005, 1.766734
19.178958, 1.253664
30.053235, 1.002805

0.000686, 0.000146
-6.956797, 5.641271
-0.218137, 0.913789
0.710504, -0.713466
-1.575434, 0.040741
4.552292, 2.520504
9.385752, 1.925247
19.171160, 1.367449
30.050048, 1.093930

0.000802, 0.000178
-7.509370, 6.044659
-0.634013, 0.707854
0.965119, -0.264893
-1.534915, -0.351884
4.442153, 2.710040
9.351822, 2.083215
19.162685, 1.481186
30.046585, 1.185046

0.000926, 0.000215
-8.059846, 6.446359
-0.865175, 0.296016
0.978725, 0.249939
-1.396227, -0.722003
4.324133, 2.894765
9.315223, 2.240592
19.153533, 1.594872
30.042845, 1.276151

0.001058, 0.000257
-8.608488, 6.846593
-0.813886, -0.212282
0.754507, 0.704036
-1.167754, -1.045709
4.198442, 3.074351
9.275966, 2.397333
19.143706, 1.708501
30.038828, 1.367244

0.001198, 0.000305
-9.155511, 7.245540
-0.421542, -0.631631
0.358430, 0.997602
-0.863551, -1.301645
4.065302, 3.248480
9.234063, 2.553393
19.133202, 1.822070
30.034534, 1.458324

0.001346, 0.000359
-9.701094, 7.643350
0.211279, -0.691505
-0.112758, 1.081450
-0.502722, -1.472328
3.924949, 3.416842
9.189525, 2.708729
19.122023, 1.935575
30.029963, 1.549391

0.001501, 0.000417
-10.245389, 8.040145
0.705243, -0.293733
-0.561732, 0.954926
-0.108474, -1.545384
3.777634, 3.579138
9.142366, 2.863295
19.110169, 2.049012
30.025116, 1.640444

0.001663, 0.000483
-10.788523, 8.436029
0.802738, 0.269766
-0.907263, 0.653117
0.293166, -1.514600
3.623616, 3.735080
9.092598, 3.017048
19.097641, 2.162378
30.019991, 1.731482

0.001833, 0.000555
-11.330606, 8.831093
0.568459, 0.721745
-1.090598, 0.234858
0.674967, -1.380679
3.463171, 3.884391
9.040237, 3.169944
19.084438, 2.275667
30.014591, 1.822504

0.002010, 0.000635
-11.871733, 9.225412
0.150577, 0.940036
-1.078108, -0.225396
1.010383, -1.151563
3.296582, 4.026806
8.985297, 3.321938
19.070562, 2.388876
30.008913, 1.913509

0.002193, 0.000723
-12.411985, 9.619052
-0.310469, 0.885346
-0.864668, -0.643594
1.275572, -0.842192
3.124145, 4.162071
8.927793, 3.472989
19.056012, 2.502001
30.002959, 2.004497

0.002380, 0.000818
-12.951435, 10.012071
-0.676871, 0.562906
-0.479230, -0.933949
1.451372, -0.473640
2.946167, 4.289947
8.867742, 3.623052
19.040789, 2.615039
29.996729, 2.095466

0.002573, 0.000921
-13.490146, 10.404519
-0.795485, 0.035432
0.009764, -1.023312
1.524973, -0.071612
2.762963, 4.410207
8.805162, 3.772086
19.024895, 2.727984
29.990222, 2.186417

0.002770, 0.001030
-14.028174, 10.796441
-0.522664, -0.508964
0.497088, -0.874376
1.491078, 0.335548
2.574860, 4.522636
8.740069, 3.920046
19.008329, 2.840833
29.983438, 2.277347

0.002972, 0.001147
-14.565569, 11.187876
0.084740, -0.728607
0.862790, -0.510043
1.352367, 0.719160
2.382190, 4.627034
8.672483, 4.066891
18.991091, 2.953583
29.976379, 2.368256

0.003180, 0.001270
-15.102375, 11.578859
0.640523, -0.487499
1.013735, -0.018020
1.119198, 1.052524
2.185296, 4.723216
8.602422, 4.212579
18.973184, 3.066229
29.969043, 2.459143

0.003393, 0.001401
-15.638633, 11.969423
0.888792, -0.010549
0.920010, 0.478682
0.808618, 1.312979
1.984528, 4.811011
8.529907, 4.357068
18.954607, 3.178767
29.961431, 2.550008

0.003612, 0.001540
-16.174378, 12.359594
0.818245, 0.470716
0.618663, 0.867284
0.442823, 1.483502
1.780243, 4.890263
8.454957, 4.500316
18.935360, 3.291193
29.953543, 2.640850

0.003836, 0.001689
-16.709643, 12.749399
0.502565, 0.810815
0.188941, 1.075187
0.047301, 1.553711
1.572804, 4.960830
8.377595, 4.642284
18.915445, 3.403503
29.945379, 2.731667

0.004063, 0.001849
-17.244458, 13.138861
0.041683, 0.915356
-0.276572, 1.075490
-0.351114, 1.520268
1.362579, 5.022586
8.297843, 4.782929
18.894863, 3.515693
29.936938, 2.822459

0.004294, 0.002018
-17.778849, 13.528000
-0.431506, 0.721092
-0.690736, 0.879391
-0.726105, 1.386730
1.149941, 5.075423
8.215722, 4.922213
18.873613, 3.627760
29.928222, 2.913225

0.004526, 0.002198
-18.312841, 13.916836
-0.721420, 0.224434
-0.980981, 0.526887
-1.053498, 1.162979
0.935270, 5.119245
8.131256, 5.060094
18.851697, 3.739699
29.919231, 3.003965

0.004759, 0.002388
-18.846456, 14.305386
-0.596596, -0.399176
-1.094189, 0.080136
-1.312616, 0.864338
0.718946, 5.153973
8.044469, 5.196533
18.829116, 3.851507
29.909963, 3.094677

0.004992, 0.002586
-19.379714, 14.693665
-0.074152, -0.757263
-1.001930, -0.381143
-1.487320, 0.510477
0.501354, 5.179547
7.955386, 5.331492
18.805870, 3.963179
29.900420, 3.185360

0.005226, 0.002792
-19.912636, 15.081689
0.492668, -0.689295
-0.708477, -0.765743
-1.566778, 0.124210
0.282881, 5.195920
7.864031, 5.464931
18.781960, 4.074712
29.890601, 3.276014

0.005462, 0.003006
-20.445237, 15.469471
0.858597, -0.336087
-0.260369, -0.983802
-1.545966, -0.269794
0.063916, 5.203063
7.770432, 5.596812
18.757387, 4.186101
29.880507, 3.366639

0.005698, 0.003228
-20.977535, 15.857024
0.948877, 0.126689
0.250001, -0.970734
-1.425921, -0.646342
-0.155152, 5.200962
7.674613, 5.727098
18.732152, 4.297343
29.870137, 3.457232

0.005936, 0.003459
-21.509543, 16.244358
0.765199, 0.553614
0.700046, -0.717164
-1.213759, -0.981088
-0.373932, 5.189621
7.576604, 5.855750
18.706256, 4.408433
29.859493, 3.547794

0.006175, 0.003700
-22.041277, 16.631485
0.351249, 0.813697
0.976846, -0.283724
-0.922420, -1.251916
-0.592036, 5.169059
7.476430, 5.982732
18.679699, 4.519368
29.848573, 3.638323

0.006414, 0.003950
-22.572749, 17.018414
-0.189106, 0.777087
1.019737, 0.218986
-0.570129, -1.440322
-0.809075, 5.139312
7.374121, 6.108007
18.652483, 4.630145
29.837378, 3.728818

0.006653, 0.004210
-23.103970, 17.405155
-0.633083, 0.359385
0.834722, 0.673342
-0.179510, -1.532711
-1.024663, 5.100434
7.269705, 6.231540
18.624609, 4.740758
29.825908, 3.819279

0.006890, 0.004480
-23.634952, 17.791716
-0.668825, -0.284953
0.478146, 0.989078
0.223651, -1.521544
-1.238415, 5.052492
7.163213, 6.353294
18.596076, 4.851204
29.814163, 3.909706

0.007126, 0.004760
-24.165706, 18.178105
-0.279288, -0.747120
0.030982, 1.115570
0.612012, -1.406186
-1.449952, 4.995571
7.054674, 6.473235
18.566888, 4.961479
29.802143, 4.000096

0.007359, 0.005048
-24.696241, 18.564329
0.247722, -0.848391
-0.420534, 1.039606
0.958573, -1.193323
-1.658896, 4.929772
6.944120, 6.591328
18.537043, 5.071580
29.789849, 4.090450

0.007590, 0.005345
-25.226566, 18.950396
0.688519, -0.643550
-0.795821, 0.779341
1.238735, -0.896805
-1.864874, 4.855213
6.831581, 6.707539
18.506544, 5.181502
29.777280, 4.180766

0.007818, 0.005651
-25.756690, 19.336312
0.924751, -0.243764
-1.026445, 0.379720
1.432330, -0.536850
-2.067520, 4.772024
6.717089, 6.821834
18.475392, 5.291242
29.764437, 4.271043

0.008043, 0.005965
-26.286621, 19.722083
0.893825, 0.228698
-1.062717, -0.090182
1.525372, -0.138596
-2.266472, 4.680354
6.600678, 6.934182
18.443588, 5.400795
29.751319, 4.361282

0.008266, 0.006288
-26.816366, 20.107716
0.572259, 0.628085
-0.883552, -0.540729
1.511283, 0.269871
-2.461375, 4.580366
6.482379, 7.044548
18.411132, 5.510157
29.737927, 4.451480

0.008484, 0.006620
-27.345934, 20.493214
0.012354, 0.764719
-0.509695, -0.871848
1.391441, 0.659799
-2.651882, 4.472236
6.362228, 7.152902
18.378026, 5.619326
29.724261, 4.541638

0.008699, 0.006960
-27.875329, 20.878584
-0.549778, 0.466381
-0.013735, -0.995954
1.174955, 1.004090
-2.837652, 4.356158
6.240257, 7.259211
18.344271, 5.728297
29.710322, 4.631753

0.008908, 0.007308
-28.404559, 21.263831
-0.742736, -0.135646
0.487778, -0.871691
0.877757, 1.279385
-3.018355, 4.232337
6.116502, 7.363446
18.309868, 5.837066
29.696108, 4.721827

0.009112, 0.007663
-28.933630, 21.648958
-0.516163, -0.657872
0.869921, -0.528316
0.521134, 1.467693
-3.193666, 4.100994
5.990997, 7.465576
18.274819, 5.945629
29.681621, 4.811857

0.009311, 0.008025
-29.462548, 22.033971
-0.074132, -0.907098
1.045670, -0.056428
0.129941, 1.557459
-3.363274, 3.962363
5.863779, 7.565571
18.239124, 6.053983
29.666860, 4.901842

0.009506, 0.008394
-29.991317, 22.418873
0.394780, -0.861476
0.989993, 0.429859
-0.269296, 1.544038
-3.526876, 3.816690
5.734884, 7.663403
18.202786, 6.162123
29.651826, 4.991783

0.009696, 0.008769
-30.519943, 22.803668
0.751833, -0.563302
0.732657, 0.829469
-0.650211, 1.429647
-3.684178, 3.664234
5.604348, 7.759043
18.165804, 6.270046
29.636518, 5.081677

0.009881, 0.009151
-31.048431, 23.188360
0.883376, -0.091292
0.337168, 1.072262
-0.988233, 1.222884
-3.834899, 3.505267
5.472208, 7.852464
18.128181, 6.377749
29.620937, 5.171526

0.010061, 0.009540
-31.576785, 23.572952
0.693649, 0.417665
-0.117777, 1.121956
-1.261964, 0.937937
-3.978771, 3.340073
5.338502, 7.943638
18.089917, 6.485226
29.605083, 5.261326

0.010236, 0.009937
-32.105010, 23.957448
0.165269, 0.724444
-0.549968, 0.973568
-1.454280, 0.593574
-4.115536, 3.168945
5.203269, 8.032539
18.051015, 6.592475
29.588957, 5.351078

0.010403, 0.010342
-32.633110, 24.341850
-0.462290, 0.574186
-0.881037, 0.651226
-1.553168, 0.211986
-4.244948, 2.992188
5.066546, 8.119141
18.011475, 6.699491
29.572557, 5.440781

0.010563, 0.010753
-33.161089, 24.726162
-0.793180, 0.070044
-1.043716, 0.207826
-1.552305, -0.182455
-4.366777, 2.810118
4.928373, 8.203418
17.971298, 6.806272
29.555885, 5.530434

0.010714, 0.011170
-33.688951, 25.110387
-0.740229, -0.462403
-0.992773, -0.275502
-1.451400, -0.564515
-4.480804, 2.623059
4.788789, 8.285347
17.930487, 6.912812
29.538941, 5.620037

0.010857, 0.011591
-34.216698, 25.494527
-0.419002, -0.825645
-0.721129, -0.695776
-1.256290, -0.909471
-4.586824, 2.431346
4.647834, 8.364904
17.889042, 7.019108
29.521724, 5.709587

0.010991, 0.012017
-34.744336, 25.878585
0.031126, -0.937791
-0.275989, -0.948382
-0.978781, -1.194520
-4.684649, 2.235319
4.505548, 8.442065
17.846966, 7.125158
29.504236, 5.799085

0.011118, 0.012445
-35.271866, 26.262564
0.475370, -0.772998
0.240390, -0.962575
-0.636170, -1.400196
-4.774102, 2.035329
4.361971, 8.516807
17.804258, 7.230955
29.486475, 5.888530

0.011237, 0.012876
-35.799293, 26.646465
0.766791, -0.349673
0.699728, -0.734180
-0.250433, -1.511737
-4.855023, 1.831732
4.217146, 8.589110
17.760922, 7.336498
29.468442, 5.977921

0.011350, 0.013310
-36.326619, 27.030291
0.737268, 0.227650
0.994908, -0.327661
0.152972, -1.520304
-4.927266, 1.624893
4.071113, 8.658951
17.716959, 7.441783
29.450138, 6.067257

0.011456, 0.013747
-36.853846, 27.414044
0.289226, 0.681400
1.072106, 0.154427
0.546680, -1.423917
-4.990702, 1.415181
3.923913, 8.726311
17.672369, 7.546804
29.431563, 6.156537

0.011556, 0.014189
-37.380979, 27.797726
-0.342468, 0.693741
0.932809, 0.607804
0.903319, -1.227971
-5.045218, 1.202969
3.775590, 8.791169
17.627154, 7.651560
29.412716, 6.245760

0.011647, 0.014635
-37.908018, 28.181340
-0.777438, 0.328451
0.618537, 0.948440
1.197598, -0.945166
-5.090713, 0.988638
3.626184, 8.853507
17.581317, 7.756046
29.393597, 6.334926

0.011729, 0.015084
-38.434968, 28.564887
-0.890284, -0.164947
0.194420, 1.120072
1.408386, -0.594792
-5.127108, 0.772569
3.475740, 8.913306
17.534859, 7.860258
29.374208, 6.424034

0.011802, 0.015535
-38.961830, 28.948368
-0.713363, -0.600506
-0.262216, 1.095071
1.520525, -0.201342
-5.154335, 0.555150
3.324300, 8.970549
17.487781, 7.964193
29.354548, 6.513083

0.011866, 0.015988
-39.488607, 29.331787
-0.326009, -0.857285
-0.669278, 0.874731
1.526147, 0.207421
-5.172347, 0.336769
3.171908, 9.025218
17.440084, 8.067847
29.334618, 6.602072

0.011922, 0.016442
-40.015301, 29.715143
0.164226, -0.848133
-0.947035, 0.491357
1.425301, 0.602726
-5.181109, 0.117815
3.018606, 9.077299
17.391772, 8.171216
29.314417, 6.691000

0.011968, 0.016897
-40.541914, 30.098440
0.598176, -0.519511
-1.029169, 0.011095
1.225823, 0.957120
-5.180605, -0.101319
2.864440, 9.126775
17.342844, 8.274297
29.293946, 6.779867

0.012005, 0.017352
-41.068447, 30.481678
0.739997, 0.076416
-0.880692, -0.467881
0.942502, 1.246575
-5.170836, -0.320241
2.709453, 9.173631
17.293304, 8.377086
29.273205, 6.868671

0.012035, 0.017807
-41.594904, 30.864859
0.414709, 0.634446
-0.519463, -0.831207
0.595691, 1.452165
-5.151819, -0.538561
2.553690, 9.217854
17.243152, 8.479580
29.252193, 6.957413

0.012056, 0.018261
-42.121286, 31.247984
-0.162601, 0.806551
-0.026028, -0.983328
0.209581, 1.561189
-5.123587, -0.755888
2.397195, 9.259431
17.192391, 8.581775
29.230913, 7.046090

0.012068, 0.018716
-42.647595, 31.631055
-0.656962, 0.604242
0.476853, -0.886780
-0.189655, 1.567726
-5.086190, -0.971833
2.240013, 9.298349
17.141022, 8.683666
29.209362, 7.134703

0.012072, 0.019169
-43.173833, 32.014074
-0.913331, 0.193634
0.869525, -0.575537
-0.575667, 1.472664
-5.039694, -1.186009
2.082190, 9.334597
17.089047, 8.785251
29.187543, 7.223250

0.012067, 0.019621
-43.700001, 32.397041
-0.892683, -0.269205
1.073536, -0.133448
-0.923560, 1.283309
-4.984182, -1.398035
1.923770, 9.368163
17.036468, 8.886527
29.165454, 7.311730

0.012054, 0.020071
-44.226101, 32.779957
-0.608011, -0.647757
1.062402, 0.339665
-1.211290, 1.012680
-4.919754, -1.607530
1.764799, 9.399038
16.983286, 8.987488
29.143096, 7.400144

0.012033, 0.020519
-44.752134, 33.162824
-0.118523, -0.805707
0.852839, 0.752401
-1.420806, 0.678577
-4.846523, -1.814120
1.605324, 9.427213
16.929504, 9.088133
29.120470, 7.488489

0.012004, 0.020964
-45.278103, 33.545643
0.426722, -0.610738
0.491518, 1.033043
-1.538950, 0.302497
-4.764620, -2.017435
1.445389, 9.452678
16.875123, 9.188456
29.097575, 7.576766

0.011968, 0.021406
-45.804008, 33.928416
0.731691, -0.049792
0.044848, 1.133552
-1.558108, -0.091561
-4.674192, -2.217111
1.285040, 9.475426
16.820145, 9.288456
29.074412, 7.664973

0.011925, 0.021845
-46.329851, 34.311142
0.561028, 0.558203
-0.407796, 1.032199
-1.476647, -0.478387
-4.575400, -2.412792
1.124325, 9.495451
16.764573, 9.388127
29.050981, 7.753109

0.011875, 0.022283
-46.855634, 34.693824
0.086825, 0.869708
-0.780319, 0.737964
-1.299107, -0.832930
-4.468419, -2.604127
0.963288, 9.512745
16.708407, 9.487468
29.027282, 7.841175

0.011817, 0.022717
-47.381358, 35.076462
-0.417817, 0.837127
-0.990090, 0.296684
-1.036120, -1.131730
-4.353442, -2.790774
0.801977, 9.527304
16.651651, 9.586473
29.003315, 7.929168

0.011750, 0.023149
-47.907023, 35.459057
-0.784884, 0.543742
-0.976352, -0.205722
-0.704026, -1.354388
-4.230674, -2.972399
0.640438, 9.539122
16.594306, 9.685140
28.979081, 8.017088

0.011675, 0.023577
-48.432632, 35.841610
-0.920877, 0.099341
-0.725872, -0.653297
-0.324116, -1.485000
-4.100334, -3.148677
0.478717, 9.548196
16.536373, 9.783465
28.954579, 8.104935

0.011592, 0.023999
-48.958186, 36.224122
-0.772229, -0.368196
-0.291605, -0.932200
0.078521, -1.513451
-3.962654, -3.319293
0.316861, 9.554524
16.477856, 9.881444
28.929811, 8.192707

0.011501, 0.024416
-49.483685, 36.606594
-0.332550, -0.690115
0.217745, -0.974281
0.476556, -1.436440
-3.817882, -3.483942
0.154917, 9.558102
16.418756, 9.979075
28.904776, 8.280404

0.011404, 0.024826
-50.009131, 36.989026
0.279571, -0.653896
0.678466, -0.780933
0.842314, -1.258076
-3.666275, -3.642329
-0.007069, 9.558929
16.359074, 10.076353
28.879474, 8.368024

0.011301, 0.025228
-50.534525, 37.371421
0.719196, -0.181108
0.993479, -0.411599
1.149889, -0.989897
-3.508105, -3.794171
-0.169050, 9.557004
16.298815, 10.173275
28.853906, 8.455568

0.011194, 0.025625
-51.059868, 37.753777
0.717367, 0.420346
1.110795, 0.045656
1.377262, -0.650219
-3.343655, -3.939198
-0.330980, 9.552328
16.237978, 10.269839
28.828072, 8.543034

0.011083, 0.026015
-51.585161, 38.136097
0.382109, 0.835421
1.021446, 0.499145
1.508164, -0.262818
-3.173218, -4.077148
-0.492810, 9.544902
16.176567, 10.366039
28.801972, 8.630421

0.010967, 0.026401
-52.110405, 38.518380
-0.084553, 0.963835
0.750193, 0.867451
1.533465, 0.144953
-2.997098, -4.207777
-0.654496, 9.534726
16.114583, 10.461874
28.775606, 8.717730

0.010846, 0.026781
-52.635602, 38.900628
-0.522676, 0.812134
0.347303, 1.085990
1.451883, 0.544398
-2.815612, -4.330851
-0.815989, 9.521805
16.052029, 10.557339
28.748975, 8.804958

0.010721, 0.027156
-53.160751, 39.282842
-0.804954, 0.431017
-0.116869, 1.111613
1.269943, 0.907794
-2.629082, -4.446150
-0.977244, 9.506141
15.988907, 10.652431
28.722079, 8.892105

0.010590, 0.027525
-53.685854, 39.665021
-0.816792, -0.084009
-0.556544, 0.928993
1.001232, 1.210505
-2.437843, -4.553468
-1.138213, 9.487737
15.925220, 10.747146
28.694918, 8.979170

0.010453, 0.027888
-54.210912, 40.047167
-0.473169, -0.551125
-0.878855, 0.559812
0.665100, 1.432707
-2.242236, -4.652613
-1.298851, 9.466600
15.860968, 10.841483
28.667492, 9.066153

0.010312, 0.028243
-54.735925, 40.429280
0.152035, -0.681125
-1.001367, 0.071116
0.285005, 1.560568
-2.042611, -4.743409
-1.459111, 9.442734
15.796155, 10.935436
28.639802, 9.153052

0.010166, 0.028589
-55.260895, 40.811361
0.683634, -0.342645
-0.880276, -0.427913
-0.113295, 1.586886
-1.839324, -4.825694
-1.618945, 9.416147
15.730783, 11.029003
28.611848, 9.239867

0.010018, 0.028927
-55.785823, 41.193411
0.845006, 0.199905
-0.537003, -0.813046
-0.503515, 1.511208
-1.632739, -4.899321
-1.778309, 9.386845
15.664854, 11.122180
28.583630, 9.326597

0.009867, 0.029258
-56.310708, 41.575429
0.669225, 0.673413
-0.058634, -0.990245
-0.860480, 1.339534
-1.423224, -4.964159
-1.937156, 9.354837
15.598371, 11.214964
28.555148, 9.413242

0.009714, 0.029580
-56.835552, 41.957418
0.282981, 0.941307
0.435783, -0.928550
-1.161542, 1.083692
-1.211154, -5.020092
-2.095440, 9.320131
15.531335, 11.307352
28.526403, 9.499800

0.009559, 0.029894
-57.360356, 42.339376
-0.182496, 0.944851
0.837810, -0.659114
-1.387763, 0.760490
-0.996907, -5.067022
-2.253115, 9.282737
15.463749, 11.399341
28.497395, 9.586270

0.009402, 0.030201
-57.885120, 42.721306
-0.589215, 0.668459
1.074256, -0.251945
-1.524877, 0.390693
-0.780865, -5.104865
-2.410135, 9.242665
15.395616, 11.490926
28.468124, 9.672653

0.009244, 0.030501
-58.409846, 43.103206
-0.772582, 0.153918
1.111557, 0.207981
-1.564012, -0.002132
-0.563415, -5.133553
-2.566455, 9.199927
15.326938, 11.582106
28.438590, 9.758946

0.009085, 0.030792
-58.934533, 43.485079
-0.561778, -0.422853
0.950859, 0.636021
-1.502205, -0.392870
-0.344944, -5.153037
-2.722030, 9.154535
15.257717, 11.672876
28.408794, 9.845150

0.008924, 0.031076
-59.459182, 43.866923
0.017154, -0.707095
0.622342, 0.956209
-1.342679, -0.756225
-0.125842, -5.163282
-2.876814, 9.106501
15.187955, 11.763234
28.378736, 9.931263

0.008763, 0.031350
-59.983795, 44.248741
0.590972, -0.532631
0.181700, 1.107290
-1.094858, -1.068160
0.093500, -5.164270
-3.030762, 9.055839
15.117656, 11.853175
28.348416, 10.017285

0.008603, 0.031617
-60.508371, 44.630532
0.891493, -0.093439
-0.292350, 1.050517
-0.774056, -1.307402
0.312691, -5.156000
-3.183830, 9.002563
15.046821, 11.942698
28.317835, 10.103215

0.008443, 0.031875
-61.032912, 45.012296
0.880709, 0.389839
-0.703658, 0.781323
-0.400806, -1.456933
0.531340, -5.138487
-3.335973, 8.946688
14.975454, 12.031799
28.286992, 10.189051

0.008285, 0.032127
-61.557418, 45.394035
0.609759, 0.766343
-0.953841, 0.342549
0.000243, -1.505365
0.749057, -5.111764
-3.487148, 8.888230
14.903556, 12.120474
28.255889, 10.274795

0.008127, 0.032371
-62.081889, 45.775748
0.162943, 0.928162
-0.971232, -0.171339
0.401848, -1.448060
0.965455, -5.075879
-3.637309, 8.827206
14.831130, 12.208721
28.224525, 10.360443

0.007970, 0.032608
-62.606326, 46.157436
-0.335391, 0.791880
-0.744015, -0.634355
0.776075, -1.287817
1.180149, -5.030896
-3.786414, 8.763633
14.758178, 12.296536
28.192900, 10.445996

0.007814, 0.032837
-63.130730, 46.539100
-0.685375, 0.327549
-0.331671, -0.933188
1.096433, -1.034985
1.392754, -4.976897
-3.934419, 8.697529
14.684704, 12.383917
28.161016, 10.531454

0.007658, 0.033059
-63.655101, 46.920739
-0.629851, -0.309190
0.159734, -1.007072
1.340040, -0.706881
1.602894, -4.913977
-4.081281, 8.628912
14.610709, 12.470859
28.128871, 10.616814

0.007504, 0.033271
-64.179440, 47.302355
-0.153610, -0.720077
0.618411, -0.857102
1.489553, -0.326535
1.810194, -4.842251
-4.226957, 8.557803
14.536197, 12.557361
28.096468, 10.702077

0.007354, 0.033474
-64.703747, 47.683948
0.410733, -0.719051
0.955786, -0.530347
1.534615, 0.079157
2.014285, -4.761846
-4.371406, 8.484222
14.461170, 12.643418
28.063804, 10.787241

0.007207, 0.033669
-65.228023, 48.065517
0.813067, -0.415789
1.116645, -0.098668
1.472641, 0.481638
2.214805, -4.672907
-4.514584, 8.408189
14.385630, 12.729028
28.030882, 10.872306

0.007064, 0.033856
-65.752268, 48.447064
0.958971, 0.030490
1.078651, 0.356719
1.308851, 0.852985
2.411396, -4.575592
-4.656450, 8.329727
14.309580, 12.814188
27.997702, 10.957271

0.006927, 0.034036
-66.276483, 48.828589
0.828984, 0.477741
0.849550, 0.754512
1.055615, 1.168039
2.603709, -4.470076
-4.796963, 8.248858
14.233024, 12.898895
27.964263, 11.042135

0.006795, 0.034210
-66.800669, 49.210092
0.446897, 0.788922
0.465855, 1.020108
0.731231, 1.406147
2.791402, -4.356546
-4.936082, 8.165604
14.155962, 12.983145
27.930566, 11.126897

0.006668, 0.034379
-67.324825, 49.591573
-0.100181, 0.817169
-0.007061, 1.094065
0.358348, 1.552401
2.974142, -4.235207
-5.073766, 8.079991
14.078399, 13.066936
27.896611, 11.211558

0.006546, 0.034542
-67.848952, 49.973033
-0.593084, 0.448571
-0.477094, 0.945437
-0.037772, 1.598342
3.151604, -4.106274
-5.209975, 7.992042
14.000338, 13.150265
27.862399, 11.296115

0.006427, 0.034701
-68.373050, 50.354472
-0.698537, -0.187549
-0.836900, 0.589206
-0.430998, 1.542171
3.323474, -3.969977
-5.344670, 7.901782
13.921779, 13.233128
27.827930, 11.380568

0.006311, 0.034853
-68.897121, 50.735890
-0.367591, -0.686093
-0.991643, 0.098140
-0.795944, 1.388546
3.489446, -3.826560
-5.477811, 7.809239
13.842728, 13.315523
27.793204, 11.464916

0.006200, 0.034999
-69.421164, 51.117288
0.137868, -0.848166
-0.896862, -0.408755
-1.109413, 1.148060
3.649225, -3.676278
-5.609359, 7.714437
13.763185, 13.397447
27.758221, 11.549159

0.006095, 0.035139
-69.945181, 51.498667
0.597099, -0.700122
-0.580457, -0.806752
-1.351616, 0.836472
3.802529, -3.519399
-5.739276, 7.617405
13.683154, 13.478897
27.722983, 11.633295

0.005995, 0.035271
-70.469170, 51.880025
0.880335, -0.333121
-0.128302, -1.009921
-1.507194, 0.473756
3.949086, -3.356202
-5.867523, 7.518170
13.602639, 13.559870
27.687488, 11.717325

0.005902, 0.035398
-70.993133, 52.261364
0.907649, 0.141704
0.352553, -0.989799
-1.566024, 0.083004
4.088635, -3.186979
-5.994064, 7.416762
13.521641, 13.640362
27.651738, 11.801246

0.005816, 0.035519
-71.517070, 52.642684
0.633822, 0.581019
0.765045, -0.767472
-1.523812, -0.310810
4.220930, -3.012029
-6.118862, 7.313208
13.440163, 13.720372
27.615733, 11.885060

0.005738, 0.035636
-72.040981, 53.023986
0.087241, 0.783403
1.036905, -0.396401
-1.382466, -0.682182
4.345737, -2.831666
-6.241880, 7.207540
13.358209, 13.799896
27.579473, 11.968763

0.005667, 0.035750
-72.564868, 53.405268
-0.507211, 0.546529
1.124307, 0.051950
-1.150191, -1.006540
4.462834, -2.646208
-6.363081, 7.099787
13.275781, 13.878932
27.542958, 12.052357

0.005604, 0.035860
-73.088729, 53.786533
-0.763567, -0.027054
1.011998, 0.497402
-0.841264, -1.261785
4.572014, -2.455987
-6.482431, 6.989981
13.192882, 13.957476
27.506190, 12.135839

0.005547, 0.035967
-73.612566, 54.167779
-0.601558, -0.566420
0.714321, 0.857832
-0.475426, -1.429836
4.673085, -2.261341
-6.599895, 6.878153
13.109515, 14.035525
27.469167, 12.219210

0.005497, 0.036071
-74.136379, 54.549008
-0.196919, -0.865050
0.278029, 1.057517
-0.076828, -1.498076
4.765867, -2.062615
-6.715439, 6.764336
13.025684, 14.113078
27.431891, 12.302468

0.005455, 0.036171
-74.660168, 54.930219
0.271962, -0.877722
-0.215921, 1.041071
0.327454, -1.460554
4.850198, -1.860162
-6.829027, 6.648563
12.941390, 14.190131
27.394361, 12.385613

0.005421, 0.036269
-75.183933, 55.311413
0.663623, -0.625558
-0.659070, 0.794041
0.709314, -1.318754
4.925927, -1.654343
-6.940628, 6.530866
12.856637, 14.266681
27.356579, 12.468644

0.005394, 0.036365
-75.707675, 55.692590
0.852952, -0.169939
-0.939943, 0.361959
1.041758, -1.081802
4.992921, -1.445522
-7.050209, 6.411281
12.771427, 14.342726
27.318544, 12.551561

0.005375, 0.036458
-76.231395, 56.073750
0.723061, 0.363381
-0.984362, -0.151562
1.301102, -0.765964
5.051063, -1.234071
-7.157737, 6.289842
12.685765, 14.418262
27.280257, 12.634361

0.005365, 0.036551
-76.755092, 56.454893
0.227384, 0.730068
-0.786780, -0.619112
1.468958, -0.393461
5.100250, -1.020365
-7.263181, 6.166584
12.599652, 14.493288
27.241718, 12.717046

0.005362, 0.036642
-77.278766, 56.836021
-0.412032, 0.647733
-0.407056, -0.935907
1.533754, 0.009324
5.140396, -0.804784
-7.366510, 6.041542
12.513093, 14.567800
27.202928, 12.799613

0.005367, 0.036733
-77.802419, 57.217132
-0.793970, 0.188440
0.060136, -1.046454
1.491596, 0.414017
5.171429, -0.587709
-7.467694, 5.914753
12.426089, 14.641796
27.163886, 12.882063

0.005379, 0.036823
-78.326050, 57.598227
-0.804854, -0.341274
0.516604, -0.944738
1.346395, 0.792545
5.193297, -0.369525
-7.566703, 5.786254
12.338644, 14.715273
27.124594, 12.964393

0.005399, 0.036912
-78.849660, 57.979306
-0.532349, -0.738746
0.878796, -0.661989
1.109287, 1.119268
5.205960, -0.150621
-7.663508, 5.656082
12.250761, 14.788229
27.085051, 13.046605

0.005427, 0.037001
-79.373249, 58.360370
-0.099943, -0.905582
1.085002, -0.254408
0.797503, 1.372756
5.209397, 0.068616
-7.758082, 5.524275
12.162443, 14.860660
27.045258, 13.128696

0.005464, 0.037089
-79.896817, 58.741419
0.363347, -0.796224
1.098195, 0.205278
0.432856, 1.537074
5.203603, 0.287797
-7.850395, 5.390871
12.073694, 14.932565
27.005216, 13.210666

0.005510, 0.037177
-80.420364, 59.122453
0.706700, -0.407575
0.909257, 0.633851
0.040055, 1.602554
5.188589, 0.506534
-7.940421, 5.255908
11.984515, 15.003940
26.964924, 13.292515

0.005565, 0.037267
-80.943891, 59.503471
0.743867, 0.175292
0.542436, 0.944974
-0.354987, 1.566082
5.164381, 0.724438
-8.028134, 5.119427
11.894911, 15.074782
26.924383, 13.374241

0.005630, 0.037359
-81.467398, 59.884476
0.345440, 0.676726
0.061192, 1.062617
-0.726763, 1.430989
5.131024, 0.941124
-8.113508, 4.981466
11.804885, 15.145091
26.883593, 13.455845

0.005704, 0.037454
-81.990886, 60.265465
-0.276776, 0.757080
-0.432875, 0.943468
-1.051610, 1.206610
5.088577, 1.156207
-8.196517, 4.842066
11.714440, 15.214862
26.842555, 13.537324

0.005784, 0.037554
-82.514354, 60.646440
-0.746148, 0.448068
-0.819421, 0.602224
-1.308967, 0.907608
5.037116, 1.369307
-8.277138, 4.701267
11.623578, 15.284094
26.801269, 13.618678

0.005872, 0.037657
-83.037802, 61.027402
-0.916545, -0.024145
-0.999594, 0.119757
-1.482438, 0.553099
4.976733, 1.580045
-8.355347, 4.559111
11.532304, 15.352783
26.759736, 13.699907

0.005965, 0.037764
-83.561232, 61.408349
-0.795096, -0.476778
-0.934914, -0.382720
-1.560676, 0.165610
4.907535, 1.788048
-8.431121, 4.415637
11.440620, 15.420928
26.717955, 13.781010

0.006065, 0.037872
-84.084643, 61.789282
-0.441610, -0.780340
-0.655305, -0.789162
-1.538057, -0.230109
4.829645, 1.992948
-8.504437, 4.270890
11.348529, 15.488525
26.675928, 13.861986

0.006172, 0.037984
-84.608035, 62.170202
0.049811, -0.831776
-0.236443, -1.021491
-1.415147, -0.608421
4.743202, 2.194381
-8.575274, 4.124910
11.256035, 15.555573
26.633654, 13.942834

0.006285, 0.038098
-85.131409, 62.551108
0.524714, -0.553977
0.229666, -1.047529
-1.198888, -0.944278
4.648359, 2.391991
-8.643612, 3.977739
11.163141, 15.622069
26.591135, 14.023554

0.006407, 0.038215
-85.654765, 62.932001
0.733700, 0.027525
0.654767, -0.874235
-0.902469, -1.214795
4.545284, 2.585427
-8.709430, 3.829422
11.069851, 15.688011
26.548369, 14.104145

0.006537, 0.038336
-86.178103, 63.312881
0.470217, 0.615977
0.964300, -0.538282
-0.544783, -1.400849
4.434162, 2.774347
-8.772709, 3.680001
10.976167, 15.753395
26.505359, 14.184606

0.006675, 0.038463
-86.701423, 63.693748
-0.078486, 0.849102
1.102468, -0.099148
-0.149441, -1.488611
4.315188, 2.958415
-8.833430, 3.529519
10.882093, 15.818221
26.462103, 14.264936

0.006821, 0.038596
-87.224726, 64.074602
-0.587866, 0.708006
1.037273, 0.365534
0.256695, -1.470820
4.188575, 3.137306
-8.891576, 3.378021
10.787632, 15.882485
26.418603, 14.345134

0.006972, 0.038735
-87.748012, 64.455444
-0.890149, 0.333802
0.768194, 0.765535
0.645392, -1.347656
4.054546, 3.310703
-8.947130, 3.225550
10.692787, 15.946185
26.374859, 14.425201

0.007130, 0.038880
-88.271281, 64.836273
-0.926155, -0.127975
0.335888, 1.009689
0.989206, -1.127011
3.913339, 3.478298
-9.000074, 3.072151
10.597562, 16.009319
26.330872, 14.505134

0.007293, 0.039032
-88.794533, 65.217090
-0.688370, -0.540800
-0.172737, 1.028453
1.263715, -0.824077
3.765205, 3.639793
-9.050394, 2.917869
10.501961, 16.071884
26.286641, 14.584934

0.007461, 0.039191
-89.317768, 65.597894
-0.216428, -0.758455
-0.637103, 0.804026
1.449543, -0.460212
3.610407, 3.794904
-9.098076, 2.762749
10.405986, 16.133878
26.242167, 14.664600

0.007634, 0.039356
-89.840987, 65.978686
0.353950, -0.625419
-0.940428, 0.388520
1.533943, -0.061211
3.449219, 3.943354
-9.143104, 2.606836
10.309640, 16.195300
26.197451, 14.744130

0.007812, 0.039527
-90.364189, 66.359467
0.718757, -0.097763
-1.013917, -0.111626
1.511728, 0.344826
3.281927, 4.084880
-9.185465, 2.450175
10.212928, 16.256146
26.152492, 14.823525

0.007995, 0.039705
-90.887376, 66.740236
0.615385, 0.520313
-0.855575, -0.577470
1.385482, 0.729756
3.108827, 4.219231
-9.225148, 2.292813
10.115853, 16.316415
26.107292, 14.902783

0.008183, 0.039891
-91.410547, 67.120993
0.185218, 0.879812
-0.516699, -0.914288
1.165072, 1.067526
2.930228, 4.346169
-9.262141, 2.134795
10.018418, 16.376104
26.061851, 14.981903

0.008375, 0.040084
-91.933701, 67.501738
-0.314922, 0.907314
-0.076220, -1.066402
0.866610, 1.335972
2.746444, 4.465469
-9.296432, 1.976166
9.920626, 16.435211
26.016169, 15.060886

0.008571, 0.040285
-92.456841, 67.882472
-0.713109, 0.661359
0.379736, -1.016090
0.511016, 1.518157
2.557803, 4.576918
-9.328012, 1.816975
9.822481, 16.493734
25.970246, 15.139730

0.008769, 0.040494
-92.979965, 68.263195
-0.902268, 0.235527
0.769592, -0.777636
0.122405, 1.603214
2.364639, 4.680318
-9.356872, 1.657266
9.723986, 16.551671
25.924084, 15.218434

0.008971, 0.040711
-93.503074, 68.643907
-0.809795, -0.250588
1.023052, -0.392505
-0.273582, 1.586719
2.167294, 4.775486
-9.383003, 1.497087
9.625146, 16.609020
25.877681, 15.296999

0.009176, 0.040935
-94.026168, 69.024608
-0.405447, -0.625740
1.087456, 0.073401
-0.651365, 1.470670
1.966119, 4.862253
-9.406397, 1.336485
9.525962, 16.665779
25.831040, 15.375422

0.009383, 0.041167
-94.549247, 69.405298
0.213111, -0.656460
0.937134, 0.532851
-0.986869, 1.263135
1.761471, 4.940464
-9.427047, 1.175505
9.426440, 16.721945
25.784160, 15.453703

0.009593, 0.041406
-95.072311, 69.785977
0.698990, -0.232835
0.586451, 0.886125
-1.258815, 0.977658
1.553713, 5.009979
-9.444949, 1.014196
9.326582, 16.777516
25.737042, 15.531842

0.009807, 0.041655
-95.595361, 70.166645
0.762879, 0.358667
0.101024, 1.042098
-1.449828, 0.632455
1.343214, 5.070676
-9.460095, 0.852604
9.226392, 16.832492
25.689685, 15.609838

0.010023, 0.041913
-96.118396, 70.547303
0.481635, 0.804892
-0.406893, 0.951387
-1.547379, 0.249430
1.130348, 5.122445
-9.472483, 0.690777
9.125873, 16.886869
25.642092, 15.687690

0.010240, 0.042181
-96.641418, 70.927951
0.037014, 0.986818
-0.810726, 0.633646
-1.544541, -0.146963
0.915492, 5.165194
-9.482108, 0.528762
9.025029, 16.940645
25.594261, 15.765398

0.010457, 0.042459
-97.164425, 71.308588
-0.415537, 0.888930
-1.016435, 0.173178
-1.440536, -0.531042
0.699028, 5.198846
-9.488968, 0.366605
8.923863, 16.993819
25.546194, 15.842960

0.010674, 0.042746
-97.687418, 71.689215
-0.742934, 0.542370
-0.990711, -0.316741
-1.241018, -0.877364
0.481341, 5.223342
-9.493060, 0.204356
8.822380, 17.046389
25.497890, 15.920376

0.010889, 0.043042
-98.210398, 72.069832
-0.815462, 0.026847
-0.757128, -0.732034
-0.958033, -1.162323
0.262818, 5.238637
-9.494384, 0.042060
8.720582, 17.098353
25.449351, 15.997645

0.011103, 0.043347
-98.733364, 72.450438
-0.522090, -0.481498
-0.375747, -0.998164
-0.609557, -1.365803
0.043847, 5.244703
-9.492939, -0.120235
8.618474, 17.149708
25.400577, 16.074767

0.011315, 0.043659
-99.256316, 72.831036
0.089573, -0.676530
0.076151, -1.074431
-0.218577, -1.472775
-0.175183, 5.241528
-9.488726, -0.282482
8.516059, 17.200454
25.351567, 16.151741

0.011526, 0.043978
-99.779255, 73.211623
0.649774, -0.397974
0.516509, -0.951713
0.188333, -1.474665
-0.393883, 5.229118
-9.481746, -0.444632
8.413340, 17.250588
25.302324, 16.228566

0.011737, 0.044305
-100.302181, 73.592200
0.868939, 0.116735
0.866141, -0.650102
0.582876, -1.370315
-0.611862, 5.207494
-9.472001, -0.606639
8.310321, 17.300108
25.252846, 16.305241

0.011947, 0.044640
-100.825094, 73.972768
0.751481, 0.603007
1.055728, -0.218410
0.937202, -1.166352
-0.828733, 5.176692
-9.459494, -0.768455
8.207006, 17.349013
25.203135, 16.381766

0.012156, 0.044985
-101.347994, 74.353327
0.401667, 0.913856
1.036089, 0.266016
1.226177, -0.876853
-1.044110, 5.136768
-9.444230, -0.930033
8.103398, 17.397300
25.153191, 16.458140

0.012364, 0.045338
-101.870881, 74.733876
-0.060948, 0.973104
0.793742, 0.702377
1.429462, -0.522283
-1.257611, 5.087792
-9.426211, -1.091327
7.999502, 17.444969
25.103014, 16.534362

0.012569, 0.045701
-102.393756, 75.114416
-0.500828, 0.744618
0.367802, 0.984374
1.533156, -0.127816
-1.468853, 5.029849
-9.405445, -1.252288
7.895320, 17.492016
25.052606, 16.610432

0.012771, 0.046074
-102.916618, 75.494947
-0.743916, 0.248236
-0.145989, 1.034259
1.530801, 0.278757
-1.677462, 4.963042
-9.381936, -1.412870
7.790857, 17.538441
25.001965, 16.686348

0.012968, 0.046456
-103.439468, 75.875469
-0.593282, -0.353325
-0.620198, 0.837743
1.423668, 0.669276
-1.883064, 4.887489
-9.355693, -1.573026
7.686117, 17.584242
24.951094, 16.762111

0.013160, 0.046847
-103.962305, 76.255981
-0.046897, -0.693905
-0.942329, 0.451176
1.220353, 1.017342
-2.085294, 4.803324
-9.326722, -1.732710
7.581102, 17.629418
24.899991, 16.837719

0.013347, 0.047244
-104.485130, 76.636485
0.536063, -0.583321
-1.050578, -0.025888
0.935819, 1.300124
-2.283792, 4.710695
-9.295033, -1.891874
7.475817, 17.673965
24.848659, 16.913172

0.013529, 0.047648
-105.007943, 77.016980
0.881185, -0.185828
-0.939526, -0.487868
0.590043, 1.499749
-2.478201, 4.609767
-9.260635, -2.050472
7.370265, 17.717884
24.797096, 16.988469

0.013706, 0.048060
-105.530745, 77.397466
0.927280, 0.292134
-0.646106, -0.847367
0.206465, 1.604190
-2.668177, 4.500719
-9.223538, -2.208459
7.264450, 17.761171
24.745305, 17.063609

0.013878, 0.048479
-106.053534, 77.777944
0.703260, 0.697939
-0.232814, -1.044177
-0.189624, 1.607733
-2.853379, 4.383745
-9.183753, -2.365787
7.158376, 17.803827
24.693284, 17.138592

0.014045, 0.048905
-106.576312, 78.158413
0.276382, 0.912646
0.224354, -1.046630
-0.572639, 1.511033
-3.033477, 4.259051
-9.141292, -2.522412
7.052047, 17.845848
24.641035, 17.213417

0.014207, 0.049338
-107.099078, 78.538873
-0.239663, 0.833804
0.643643, -0.851784
-0.918158, 1.320864
-3.208148, 4.126859
-9.096167, -2.678286
6.945467, 17.887234
24.588558, 17.288083

0.014362, 0.049778
-107.621833, 78.919325
-0.642493, 0.405101
0.944439, -0.487301
-1.204224, 1.049615
-3.377082, 3.987405
-9.048393, -2.833366
6.838639, 17.927983
24.535854, 17.362589

0.014510, 0.050224
-108.144577, 79.299769
-0.651060, -0.236872
1.057544, -0.014433
-1.412514, 0.714556
-3.539974, 3.840937
-8.997982, -2.987605
6.731566, 17.968093
24.482923, 17.436936

0.014652, 0.050677
-108.667309, 79.680205
-0.222726, -0.690376
0.942163, 0.472603
-1.529342, 0.336926
-3.696535, 3.687714
-8.944951, -3.140959
6.624254, 18.007564
24.429765, 17.511121

0.014786, 0.051135
-109.190030, 80.060632
0.331553, -0.750677
0.607609, 0.859943
-1.546493, -0.059174
-3.846483, 3.528009
-8.889314, -3.293383
6.516705, 18.046393
24.376381, 17.585145

0.014914, 0.051598
-109.712740, 80.441052
0.762236, -0.498138
0.126079, 1.046776
-1.461854, -0.448070
-3.989550, 3.362108
-8.831088, -3.444833
6.408924, 18.084579
24.322772, 17.659007

0.015035, 0.052067
-110.235439, 80.821463
0.958939, -0.073481
-0.383138, 0.985836
-1.279790, -0.803990
-4.125481, 3.190305
-8.770290, -3.595264
6.300914, 18.122120
24.268937, 17.732706

0.015148, 0.052542
-110.758127, 81.201867
0.882322, 0.387533
-0.797205, 0.701735
-1.011178, -1.102679
-4.254030, 3.012907
-8.706939, -3.744633
6.192679, 18.159016
24.214879, 17.806241

0.015254, 0.053022
-111.280805, 81.582262
0.535851, 0.744308
-1.030682, 0.273313
-0.673037, -1.323092
-4.374968, 2.830229
-8.641053, -3.892896
6.084224, 18.195265
24.160596, 17.879612

0.015351, 0.053507
-111.803472, 81.962650
-0.011449, 0.834421
-1.050051, -0.200198
-0.287664, -1.449055
-4.488078, 2.642598
-8.572651, -4.040010
5.975551, 18.230865
24.106089, 17.952818

0.015440, 0.053998
-112.326129, 82.343030
-0.544715, 0.515308
-0.866671, -0.625418
0.118738, -1.470707
-4.593157, 2.450349
-8.501753, -4.185932
5.866665, 18.265815
24.051360, 18.025858

0.015518, 0.054492
-112.848775, 82.723403
-0.711512, -0.105612
-0.523536, -0.927580
0.517898, -1.385552
-4.690015, 2.253824
-8.428381, -4.330620
5.757569, 18.300115
23.996408, 18.098732

0.015587, 0.054989
-113.371411, 83.103768
-0.437781, -0.629514
-0.084561, -1.055116
0.881650, -1.198916
-4.778480, 2.053374
-8.352557, -4.474032
5.648268, 18.333762
23.941233, 18.171439

0.015646, 0.055488
-113.894036, 83.484125
0.040738, -0.844212
0.372485, -0.982232
1.184217, -0.923702
-4.858391, 1.849357
-8.274301, -4.616125
5.538766, 18.366755
23.885838, 18.243978

0.015696, 0.055988
-114.416652, 83.864475
0.510651, -0.750420
0.762011, -0.713018
1.404336, -0.579406
-4.929605, 1.642138
-8.193639, -4.756859
5.429066, 18.399093
23.830221, 18.316349

0.015738, 0.056489
-114.939257, 84.244818
0.834495, -0.418633
0.999905, -0.287578
1.526966, -0.190504
-4.991993, 1.432087
-8.110592, -4.896193
5.319172, 18.430775
23.774384, 18.388551

0.015772, 0.056992
-115.461852, 84.625153
0.917045, 0.053192
1.020669, 0.213759
1.544364, 0.215595
-5.045443, 1.219580
-8.025186, -5.034086
5.209088, 18.461800
23.718326, 18.460583

0.015798, 0.057496
-115.984438, 85.005481
0.691838, 0.526333
0.802619, 0.677829
1.456464, 0.610770
-5.089859, 1.004995
-7.937447, -5.170497
5.098818, 18.492166
23.662050, 18.532444

0.015817, 0.058003
-116.507014, 85.385803
0.163117, 0.788999
0.388992, 0.987704
1.270563, 0.968311
-5.125160, 0.788718
-7.847398, -5.305388
4.988366, 18.521873
23.605554, 18.604135

0.015826, 0.058512
-117.029580, 85.766116
-0.454419, 0.610932
-0.117441, 1.066400
1.000446, 1.264761
-5.151282, 0.571134
-7.755068, -5.438720
4.877736, 18.550919
23.548839, 18.675654

0.015826, 0.059023
-117.552136, 86.146423
-0.764059, 0.071155
-0.592179, 0.905306
0.665118, 1.481328
-5.168177, 0.352634
-7.660483, -5.570452
4.766932, 18.579302
23.491907, 18.747000

0.015814, 0.059535
-118.074683, 86.526723
-0.662826, -0.475012
-0.932595, 0.557232
0.287312, 1.604860
-5.175815, 0.133607
-7.563671, -5.700548
4.655957, 18.607023
23.434757, 18.818174

0.015792, 0.060047
-118.597221, 86.907016
-0.298448, -0.813896
-1.080057, 0.107890
-0.108074, 1.628368
-5.174181, -0.085553
-7.464661, -5.828969
4.544817, 18.634080
23.377390, 18.889173

0.015759, 0.060557
-119.119749, 87.287303
0.163991, -0.880026
-1.019946, -0.350516
-0.495516, 1.551174
-5.163277, -0.304455
-7.363481, -5.955678
4.433514, 18.660472
23.319807, 18.959999

0.015717, 0.061065
-119.642268, 87.667582
0.583497, -0.673782
-0.772709, -0.734646
-0.850306, 1.378752
-5.143123, -0.522707
-7.260161, -6.080638
4.322053, 18.686198
23.262008, 19.030649

0.015665, 0.061571
-120.164778, 88.047855
0.825748, -0.238139
-0.385251, -0.977246
-1.149880, 1.122296
-5.113752, -0.739917
-7.154731, -6.203813
4.210437, 18.711256
23.203993, 19.101123

0.015604, 0.062074
-120.687279, 88.428121
0.753717, 0.313776
0.074795, -1.031735
-1.375020, 0.798084
-5.075219, -0.955698
-7.047222, -6.325167
4.098671, 18.735647
23.145764, 19.171421

0.015535, 0.062575
-121.209770, 88.808380
0.292606, 0.733012
0.523573, -0.878183
-1.510917, 0.426624
-5.027590, -1.169662
-6.937667, -6.444666
3.986759, 18.759369
23.087320, 19.241542

0.015458, 0.063073
-121.732253, 89.188633
-0.349954, 0.713206
0.868424, -0.532199
-1.548078, 0.031605
-4.970951, -1.381427
-6.826096, -6.562273
3.874704, 18.782420
23.028662, 19.311486

0.015371, 0.063569
-122.254727, 89.568879
-0.772291, 0.301564
1.023775, -0.053973
-1.483054, -0.361363
-4.905404, -1.590613
-6.712542, -6.677956
3.762511, 18.804801
22.969791, 19.381251

0.015276, 0.064062
-122.777192, 89.949119
-0.841176, -0.216883
0.938195, 0.452334
-1.318899, -0.726222
-4.831064, -1.796845
-6.597038, -6.791680
3.650184, 18.826510
22.910708, 19.450837

0.015171, 0.064551
-123.299648, 90.329353
-0.617688, -0.639423
0.622753, 0.861938
-1.065308, -1.038099
-4.748065, -1.999754
-6.479619, -6.903413
3.537726, 18.847547
22.851412, 19.520243

0.015058, 0.065037
-123.822096, 90.709580
-0.207695, -0.854492
0.156538, 1.073672
-0.738315, -1.275056
-4.656555, -2.198977
-6.360319, -7.013121
3.425142, 18.867910
22.791904, 19.589469

0.014937, 0.065518
-124.344535, 91.089801
0.268040, -0.798133
-0.343160, 1.046742
-0.359499, -1.419809
-4.556698, -2.394157
-6.239171, -7.120774
3.312435, 18.887600
22.732186, 19.658514

0.014807, 0.065994
-124.866966, 91.470016
0.656960, -0.445576
-0.764308, 0.804552
0.045348, -1.461251
-4.448673, -2.584944
-6.116212, -7.226341
3.199610, 18.906614
22.672257, 19.727378

0.014669, 0.066464
-125.389388, 91.850224
0.755785, 0.138075
-1.028034, 0.413121
0.448042, -1.395578
-4.332673, -2.770997
-5.991477, -7.329789
3.086671, 18.924953
22.612118, 19.796059

0.014524, 0.066930
-125.911802, 92.230427
0.405742, 0.678350
-1.095285, -0.043642
0.820173, -1.226831
-4.208906, -2.951983
-5.865002, -7.431091
2.973622, 18.942615
22.551769, 19.864558

0.014371, 0.067391
-126.434207, 92.610623
-0.200038, 0.818948
-0.962556, -0.480489
1.135404, -0.966729
-4.077593, -3.127578
-5.736825, -7.530215
2.860466, 18.959600
22.491211, 19.932873

0.014210, 0.067846
-126.956604, 92.990813
-0.693539, 0.565950
-0.656032, -0.819871
1.371630, -0.633758
-3.938971, -3.297466
-5.606982, -7.627135
2.747209, 18.975907
22.430445, 20.001004

0.014040, 0.068295
-127.478993, 93.370998
-0.914097, 0.120845
-0.227768, -0.998005
1.512730, -0.251625
-3.793287, -3.461346
-5.475511, -7.721821
2.633853, 18.991536
22.369472, 20.068950

0.013863, 0.068737
-128.001374, 93.751176
-0.845839, -0.340622
0.246734, -0.972203
1.549714, 0.152727
-3.640802, -3.618923
-5.342451, -7.814246
2.520403, 19.006486
22.308290, 20.136710

0.013679, 0.069171
-128.523747, 94.131349
-0.528635, -0.683557
0.673257, -0.731982
1.481183, 0.551305
-3.481790, -3.769915
-5.207839, -7.904383
2.406863, 19.020757
22.246903, 20.204285

0.013489, 0.069597
-129.046112, 94.511515
-0.041652, -0.790836
0.952219, -0.312541
1.313104, 0.917175
-3.316536, -3.914053
-5.071714, -7.992208
2.293237, 19.034347
22.185309, 20.271673

0.013293, 0.070014
-129.568469, 94.891676
0.466831, -0.562513
1.005765, 0.198653
1.058038, 1.226312
-3.145335, -4.051080
-4.934117, -8.077694
2.179530, 19.047256
22.123509, 20.338873

0.013093, 0.070423
-130.090819, 95.271831
0.734830, 0.001185
0.811762, 0.677756
0.733955, 1.459060
-2.968495, -4.180750
-4.795087, -8.160816
2.065744, 19.059484
22.061505, 20.405886

0.012889, 0.070825
-130.613160, 95.651981
0.529440, 0.610291
0.420085, 1.006538
0.362815, 1.601161
-2.786332, -4.302832
-4.654664, -8.241552
1.951885, 19.071030
21.999296, 20.472710

0.012681, 0.071219
-131.135494, 96.032125
0.014105, 0.895706
-0.067388, 1.115183
-0.030941, 1.644362
-2.599173, -4.417108
-4.512889, -8.319878
1.837956, 19.081893
21.936883, 20.539345

0.012468, 0.071608
-131.657820, 96.412263
-0.501874, 0.813361
-0.537421, 0.996434
-0.421900, 1.586650
-2.407353, -4.523375
-4.369803, -8.395772
1.723962, 19.092074
21.874266, 20.605790

0.012250, 0.071988
-132.180139, 96.792396
-0.843013, 0.478876
-0.897088, 0.692043
-0.785125, 1.432183
-2.211215, -4.621444
-4.225446, -8.469212
1.609906, 19.101572
21.811447, 20.672044

0.012026, 0.072361
-132.702450, 97.172523
-0.932490, 0.024668
-1.086242, 0.271364
-1.097493, 1.190951
-2.011111, -4.711139
-4.079862, -8.540177
1.495793, 19.110386
21.748426, 20.738108

0.011798, 0.072725
-133.224753, 97.552645
-0.742809, -0.415448
-1.077935, -0.185110
-1.338937, 0.878206
-1.807398, -4.792301
-3.933092, -8.608648
1.381626, 19.118516
21.685203, 20.803980

0.011565, 0.073080
-133.747050, 97.932761
-0.293268, -0.687459
-0.875620, -0.595695
-1.493566, 0.513681
-1.600441, -4.864787
-3.785178, -8.674604
1.267410, 19.125961
21.621780, 20.869659

0.011327, 0.073424
-134.269338, 98.312872
0.294810, -0.613825
-0.511576, -0.884378
-1.550644, 0.120590
-1.390611, -4.928468
-3.636163, -8.738028
1.153149, 19.132722
21.558155, 20.935146

0.011088, 0.073758
-134.791620, 98.692978
0.710393, -0.122035
-0.046934, -0.988807
-1.505392, -0.275602
-1.178282, -4.983231
-3.486091, -8.798901
1.038847, 19.138798
21.494331, 21.000439

0.010847, 0.074081
-135.313894, 99.073078
0.669470, 0.497558
0.429741, -0.872810
-1.359543, -0.648630
-0.963834, -5.028980
-3.335004, -8.857207
0.924508, 19.144189
21.430308, 21.065538

0.010605, 0.074395
-135.836161, 99.453173
0.285570, 0.896620
0.812070, -0.543568
-1.121566, -0.973085
-0.747651, -5.065634
-3.182948, -8.912929
0.810136, 19.148894
21.366086, 21.130442

0.010363, 0.074699
-136.358421, 99.833263
-0.203815, 0.980248
1.001094, -0.065295
-0.806451, -1.226191
-0.530117, -5.093128
-3.029965, -8.966052
0.695736, 19.152913
21.301665, 21.195151

0.010120, 0.074995
-136.880674, 100.213347
-0.626746, 0.782900
0.942858, 0.447909
-0.434994, -1.389580
-0.311622, -5.111416
-2.876099, -9.016561
0.581311, 19.156246
21.237047, 21.259664

0.009876, 0.075282
-137.402920, 100.593427
-0.865271, 0.380570
0.654570, 0.869129
-0.032510, -1.450901
-0.092556, -5.120466
-2.721397, -9.064442
0.466865, 19.158893
21.172233, 21.323981

0.009632, 0.075560
-137.925159, 100.973501
-0.829027, -0.117619
0.215584, 1.104781
0.372950, -1.405034
0.126691, -5.120263
-2.565902, -9.109681
0.352403, 19.160854
21.107222, 21.388100

0.009387, 0.075829
-138.447391, 101.353571
-0.463860, -0.540054
-0.267927, 1.117917
0.752774, -1.254718
0.345728, -5.110810
-2.409659, -9.152267
0.237928, 19.162128
21.042015, 21.452021

0.009142, 0.076088
-138.969616, 101.733635
0.153806, -0.633901
-0.696151, 0.923288
1.080105, -1.010467
0.564164, -5.092123
-2.252715, -9.192187
0.123446, 19.162715
20.976613, 21.515744

0.008897, 0.076337
-139.491834, 102.113694
0.676401, -0.261168
-0.992746, 0.570541
1.332034, -0.689735
0.781611, -5.064239
-2.095113, -9.229431
0.008959, 19.162616
20.911016, 21.579268

0.008654, 0.076576
-140.014045, 102.493749
0.800223, 0.313184
-1.109627, 0.129118
1.491405, -0.315427
0.997681, -5.027209
-1.936901, -9.263988
-0.105528, 19.161830
20.845226, 21.642593

0.008413, 0.076807
-140.536250, 102.873798
0.573119, 0.782631
-1.027253, -0.321675
1.548022, 0.086035
1.211989, -4.981099
-1.778123, -9.295849
-0.220010, 19.160357
20.779242, 21.705717

0.008174, 0.077028
-141.058448, 103.253843
0.154870, 1.013158
-0.755394, -0.699572
1.499176, 0.486856
1.424155, -4.925994
-1.618827, -9.325006
-0.334484, 19.158198
20.713065, 21.768641

0.007936, 0.077240
-141.580640, 103.633883
-0.306484, 0.968595
-0.335761, -0.927188
1.349511, 0.859956
1.633801, -4.861993
-1.459057, -9.351450
-0.448946, 19.155351
20.646697, 21.831364

0.007701, 0.077443
-142.102825, 104.013918
-0.674747, 0.660125
0.155694, -0.944937
1.110338, 1.180827
1.840555, -4.789213
-1.298861, -9.375174
-0.563392, 19.151818
20.580136, 21.893884

0.007468, 0.077637
-142.625003, 104.393948
-0.806900, 0.150056
0.613593, -0.730849
0.798540, 1.429016
2.044050, -4.707782
-1.138284, -9.396173
-0.677816, 19.147598
20.513385, 21.956202

0.007239, 0.077822
-143.147175, 104.773973
-0.566513, -0.393148
0.924624, -0.320867
0.435235, 1.589208
2.243924, -4.617849
-0.977374, -9.414439
-0.792216, 19.142692
20.446444, 22.018317

0.007013, 0.077997
-143.669341, 105.153994
0.024577, -0.648488
1.006500, 0.188693
0.044326, 1.651909
2.439822, -4.519574
-0.816176, -9.429970
-0.906588, 19.137099
20.379312, 22.080228

0.006791, 0.078162
-144.191500, 105.534010
0.604231, -0.430570
0.842658, 0.671029
-0.348971, 1.613768
2.631398, -4.413134
-0.654738, -9.442759
-1.020926, 19.130819
20.311992, 22.141935

0.006576, 0.078319
-144.713653, 105.914022
0.874764, 0.050565
0.484644, 1.015631
-0.719557, 1.477601
2.818312, -4.298719
-0.493106, -9.452806
-1.135227, 19.123854
20.244483, 22.203437

0.006366, 0.078468
-145.235799, 106.294029
0.814133, 0.542276
0.024032, 1.159064
-1.043805, 1.252141
3.000231, -4.176534
-0.331327, -9.460106
-1.249487, 19.116202
20.176787, 22.264734

0.006162, 0.078611
-145.757940, 106.674031
0.503619, 0.890498
-0.440075, 1.088479
-1.300841, 0.951564
3.176836, -4.046796
-0.169448, -9.464658
-1.363701, 19.107865
20.108903, 22.325824

0.005964, 0.078747
-146.280074, 107.054029
0.049045, 1.003591
-0.821284, 0.830294
-1.473715, 0.594773
3.347811, -3.909738
-0.007515, -9.466462
-1.477867, 19.098842
20.040832, 22.386708

0.005770, 0.078876
-146.802202, 107.434022
-0.419098, 0.825343
-1.054357, 0.437527
-1.550458, 0.204456
3.512856, -3.765604
0.154425, -9.465517
-1.591978, 19.089134
19.972576, 22.447385

0.005582, 0.078999
-147.324323, 107.814011
-0.719608, 0.352574
-1.098351, -0.019209
-1.524967, -0.194113
3.671678, -3.614651
0.316325, -9.461824
-1.706032, 19.078740
19.904134, 22.507854

0.005398, 0.079115
-147.846439, 108.193995
-0.630749, -0.267089
-0.939608, -0.457914
-1.397648, -0.574516
3.823997, -3.457148
0.478138, -9.455384
-1.820025, 19.067662
19.835507, 22.568115

0.005219, 0.079224
-148.368549, 108.573975
-0.123259, -0.658934
-0.596880, -0.792071
-1.175729, -0.910856
3.969543, -3.293375
0.639818, -9.446200
-1.933951, 19.055900
19.766697, 22.628168

0.005046, 0.079325
-148.890653, 108.953951
0.460599, -0.612054
-0.127433, -0.942873
-0.873133, -1.179569
4.108060, -3.123623
0.801318, -9.434274
-2.047807, 19.043453
19.697702, 22.688010

0.004881, 0.079418
-149.412751, 109.333922
0.843816, -0.260664
0.372268, -0.860325
-0.509818, -1.361257
4.239302, -2.948195
0.962591, -9.419611
-2.161589, 19.030323
19.628525, 22.747643

0.004724, 0.079504
-149.934843, 109.713889
0.944314, 0.205327
0.782571, -0.549081
-0.110555, -1.442358
4.363038, -2.767401
1.123592, -9.402214
-2.275294, 19.016510
19.559166, 22.807065

0.004576, 0.079584
-150.456929, 110.093852
0.769090, 0.634385
0.998472, -0.080737
0.296825, -1.416444
4.479051, -2.581564
1.284272, -9.382090
-2.388915, 19.002014
19.489626, 22.866276

0.004436, 0.079659
-150.979009, 110.473810
0.367112, 0.898875
0.970868, 0.426880
0.683589, -1.284934
4.587135, -2.391012
1.444587, -9.359245
-2.502451, 18.986836
19.419904, 22.925276

0.004306, 0.079731
-151.501083, 110.853764
-0.160946, 0.878552
0.720169, 0.854333
1.022423, -1.057097
4.687099, -2.196085
1.604490, -9.333685
-2.615895, 18.970976
19.350002, 22.984063

0.004183, 0.079799
-152.023152, 111.233714
-0.612887, 0.490313
0.316952, 1.116740
1.289658, -0.749301
4.778769, -1.997127
1.763935, -9.305418
-2.729246, 18.954434
19.279920, 23.042637

0.004069, 0.079863
-152.545215, 111.613660
-0.685888, -0.150019
-0.147801, 1.175106
1.467120, -0.383601
4.861981, -1.794493
1.922876, -9.274452
-2.842497, 18.937212
19.209659, 23.100998

0.003961, 0.079925
-153.067273, 111.993602
-0.310427, -0.640936
-0.584463, 1.030926
1.543412, 0.014147
4.936591, -1.588539
2.081268, -9.240798
-2.955646, 18.919310
19.139220, 23.159145

0.003862, 0.079982
-153.589324, 112.373539
0.226634, -0.761342
-0.915940, 0.716755
1.514518, 0.416381
5.002466, -1.379633
2.239064, -9.204464
-3.068687, 18.900728
19.068604, 23.217078

0.003770, 0.080036
-154.111371, 112.753473
0.679223, -0.562692
-1.083171, 0.288878
1.383759, 0.795920
5.059491, -1.168143
2.396220, -9.165461
-3.181618, 18.881466
18.997810, 23.274796

0.003688, 0.080086
-154.633411, 113.133402
0.923492, -0.165807
-1.049989, -0.177506
1.161192, 1.127820
5.107566, -0.954445
2.552691, -9.123802
-3.294434, 18.861527
18.926839, 23.332298

0.003614, 0.080134
-155.155446, 113.513328
0.901346, 0.302300
-0.810400, -0.593433
0.862598, 1.390886
5.146605, -0.738916
2.708430, -9.079498
-3.407130, 18.840910
18.855693, 23.389585

0.003550, 0.080180
-155.677476, 113.893249
0.595469, 0.700184
-0.398263, -0.866590
0.508218, 1.568806
5.176541, -0.521938
2.863395, -9.032562
-3.519704, 18.819615
18.784372, 23.446654

0.003494, 0.080223
-156.199500, 114.273167
0.054655, 0.851969
0.106212, -0.922194
0.121358, 1.650891
5.197321, -0.303895
3.017540, -8.983009
-3.632150, 18.797645
18.712877, 23.503507

0.003448, 0.080266
-156.721519, 114.653080
-0.513795, 0.586752
0.585599, -0.732870
-0.273035, 1.632484
5.208909, -0.085174
3.170820, -8.930852
-3.744464, 18.774999
18.641207, 23.560141

0.003411, 0.080308
-157.243533, 115.032990
-0.741395, -0.012219
0.919479, -0.340289
-0.649784, 1.515062
5.211284, 0.133840
3.323193, -8.876107
-3.856643, 18.751678
18.569365, 23.616558

0.003382, 0.080349
-157.765541, 115.412896
-0.528559, -0.556477
1.029770, 0.154956
-0.984846, 1.306083
5.204443, 0.352758
3.474613, -8.818790
-3.968683, 18.727682
18.497349, 23.672756

0.003362, 0.080389
-158.287544, 115.792797
-0.082937, -0.822059
0.904634, 0.633086
-1.256604, 1.018594
5.188397, 0.571193
3.625039, -8.758918
-4.080579, 18.703014
18.425162, 23.728734

0.003352, 0.080429
-158.809541, 116.172695
0.391649, -0.784833
0.588845, 0.994292
-1.447102, 0.670599
5.163176, 0.788759
3.774426, -8.696508
-4.192327, 18.677673
18.352804, 23.784493

0.003352, 0.080469
-159.331534, 116.552589
0.752447, -0.494021
0.158577, 1.176793
-1.543159, 0.284180
5.128824, 1.005071
3.922732, -8.631578
-4.303924, 18.651661
18.280276, 23.840031

0.003361, 0.080511
-159.853521, 116.932480
0.890654, -0.032491
-0.300267, 1.157395
-1.537344, -0.115657
5.085402, 1.219746
4.069915, -8.564147
-4.415365, 18.624978
18.207577, 23.895349

0.003380, 0.080554
-160.375503, 117.312366
0.718899, 0.468519
-0.704910, 0.945790
-1.428716, -0.502404
5.032987, 1.432404
4.215932, -8.494235
-4.526646, 18.597625
18.134709, 23.950445

0.003408, 0.080599
-160.897480, 117.692249
0.215417, 0.789657
-0.982889, 0.579463
-1.223229, -0.849724
4.971670, 1.642669
4.360741, -8.421863
-4.637763, 18.569603
18.061673, 24.005319

0.003444, 0.080648
-161.419452, 118.072129
-0.418813, 0.673481
-1.078250, 0.120773
-0.933694, -1.133302
4.901561, 1.850169
4.504302, -8.347051
-4.748713, 18.540914
17.988469, 24.059970

0.003488, 0.080701
-161.941418, 118.452004
-0.779252, 0.172923
-0.960379, -0.345825
-0.579199, -1.332735
4.822782, 2.054536
4.646572, -8.269820
-4.859490, 18.511557
17.915098, 24.114399

0.003538, 0.080755
-162.463380, 118.831876
-0.739993, -0.374728
-0.636719, -0.721357
-0.183933, -1.433279
4.735474, 2.255410
4.787511, -8.190194
-4.970092, 18.481535
17.841560, 24.168604

0.003596, 0.080812
-162.985337, 119.211744
-0.420339, -0.750618
-0.164988, -0.911385
0.224538, -1.427218
4.639789, 2.452433
4.927080, -8.108195
-5.080514, 18.450847
17.767856, 24.222586

0.003662, 0.080871
-163.507289, 119.591608
0.029710, -0.870803
0.348089, -0.858072
0.617412, -1.314668
4.535897, 2.645257
5.065237, -8.023847
-5.190752, 18.419496
17.693988, 24.276342

0.003736, 0.080932
-164.029235, 119.971469
0.472225, -0.715260
0.775091, -0.570105
0.966986, -1.103649
4.423982, 2.833541
5.201944, -7.937175
-5.300801, 18.387482
17.619955, 24.329874

0.003819, 0.080996
-164.551177, 120.351327
0.766192, -0.307230
1.014581, -0.123869
1.248904, -0.809412
4.304239, 3.016950
5.337161, -7.848203
-5.410659, 18.354807
17.545757, 24.383180

0.003911, 0.081064
-165.073115, 120.731180
0.755802, 0.255806
1.023710, 0.369061
1.444038, -0.453100
4.176882, 3.195160
5.470850, -7.756958
-5.520321, 18.321470
17.471397, 24.436260

0.004012, 0.081136
-165.595047, 121.111031
0.336772, 0.723879
0.818592, 0.801491
1.539829, -0.059929
4.042135, 3.367854
5.602973, -7.663465
-5.629783, 18.287475
17.396875, 24.489114

0.004121, 0.081216
-166.116974, 121.490877
-0.301660, 0.768149
0.455102, 1.093869
1.530966, 0.342866
3.900235, 3.534726
5.733492, -7.567752
-5.739041, 18.252821
17.322190, 24.541740

0.004238, 0.081302
-166.638897, 121.870721
-0.760261, 0.408459
0.008858, 1.200409
1.419430, 0.728077
3.751434, 3.695480
5.862370, -7.469847
-5.848091, 18.217510
17.247345, 24.594139

0.004360, 0.081394
-167.160815, 122.250560
-0.886473, -0.093466
-0.438200, 1.107343
1.213988, 1.070378
3.595993, 3.849830
5.989569, -7.369777
-5.956929, 18.181543
17.172339, 24.646310

0.004488, 0.081493
-167.682728, 122.630397
-0.715020, -0.536959
-0.805933, 0.830408
0.929277, 1.347874
3.434188, 3.997502
6.115054, -7.267571
-6.065551, 18.144921
17.097174, 24.698253

0.004622, 0.081598
-168.204637, 123.010230
-0.332950, -0.799415
-1.022872, 0.414134
0.584620, 1.543275
3.266305, 4.138233
6.238789, -7.163259
-6.173954, 18.107647
17.021849, 24.749966

0.004760, 0.081709
-168.726541, 123.390059
0.149614, -0.799605
-1.035869, -0.068137
0.202688, 1.644718
3.092640, 4.271772
6.360738, -7.056871
-6.282132, 18.069720
16.946366, 24.801450

0.004904, 0.081825
-169.248440, 123.769885
0.581353, -0.490535
-0.825000, -0.518168
-0.191886, 1.646252
2.913501, 4.397883
6.480867, -6.948437
-6.390083, 18.031142
16.870726, 24.852704

0.005054, 0.081947
-169.770335, 124.149708
0.744255, 0.085475
-0.420944, -0.828530
-0.573898, 1.548023
2.729205, 4.516340
6.599142, -6.837990
-6.497803, 17.991915
16.794928, 24.903727

0.005209, 0.082076
-170.292225, 124.529528
0.449653, 0.659310
0.087970, -0.914787
-0.918943, 1.356214
2.540077, 4.626931
6.715529, -6.725559
-6.605287, 17.952040
16.718975, 24.954519

0.005370, 0.082212
-170.814110, 124.909344
-0.132318, 0.859919
0.576215, -0.752040
-1.204732, 1.082726
2.346452, 4.729460
6.829994, -6.611179
-6.712531, 17.911518
16.642866, 25.005080

0.005536, 0.082356
-171.335991, 125.289156
-0.644414, 0.665896
0.926302, -0.387376
-1.412363, 0.744629
2.148674, 4.823743
6.942505, -6.494881
-6.819532, 17.870351
16.566602, 25.055409

0.005705, 0.082507
-171.857868, 125.668966
-0.912682, 0.252972
1.067965, 0.083626
-1.527497, 0.363337
1.947092, 4.909611
7.053031, -6.376700
-6.926285, 17.828540
16.490184, 25.105506

0.005879, 0.082666
-172.379740, 126.048772
-0.899222, -0.212238
0.988078, 0.554403
-1.541410, -0.036488
1.742065, 4.986910
7.161539, -6.256669
-7.032787, 17.786086
16.413612, 25.155369

0.006056, 0.082834
-172.901608, 126.428575
-0.623446, -0.591974
0.718380, 0.934027
-1.451817, -0.428338
1.533955, 5.055502
7.267999, -6.134822
-7.139035, 17.742992
16.336888, 25.205000

0.006236, 0.083009
-173.423471, 126.808375
-0.147425, -0.757050
0.318447, 1.158036
-1.263371, -0.785525
1.323133, 5.115263
7.372380, -6.011195
-7.245023, 17.699258
16.260011, 25.254396

0.006419, 0.083192
-173.945330, 127.188172
0.390276, -0.584926
-0.137120, 1.190478
-0.987722, -1.083053
1.109971, 5.166084
7.474653, -5.885823
-7.350748, 17.654886
16.182984, 25.303558

0.006605, 0.083382
-174.467184, 127.567965
0.718217, -0.047696
-0.566903, 1.024066
-0.643011, -1.299561
0.894849, 5.207875
7.574789, -5.758742
-7.456207, 17.609878
16.105805, 25.352486

0.006794, 0.083582
-174.989035, 127.947755
0.576569, 0.576041
-0.889466, 0.681805
-0.252768, -1.419138
0.678149, 5.240559
7.672759, -5.629989
-7.561395, 17.564235
16.028477, 25.401178

0.006984, 0.083790
-175.510880, 128.327542
0.101431, 0.911550
-1.032947, 0.220026
0.155774, -1.432777
0.460255, 5.264076
7.768536, -5.499600
-7.666308, 17.517959
15.951000, 25.449634

0.007176, 0.084008
-176.032722, 128.707326
-0.414537, 0.889217
-0.951081, -0.271267
0.553804, -1.339264
0.241556, 5.278383
7.862091, -5.367612
-7.770944, 17.471051
15.873374, 25.497854

0.007368, 0.084235
-176.554559, 129.087107
-0.790116, 0.598844
-0.644786, -0.679345
0.913276, -1.145346
0.022440, 5.283452
7.953400, -5.234065
-7.875297, 17.423513
15.795600, 25.545838

0.007559, 0.084470
-177.076393, 129.466885
-0.932499, 0.158002
-0.177475, -0.898891
1.209173, -0.865135
-0.196702, 5.279272
8.042435, -5.098995
-7.979365, 17.375346
15.717680, 25.593585

0.007750, 0.084712
-177.598221, 129.846660
-0.794557, -0.304758
0.336010, -0.873045
1.421447, -0.518834
-0.415481, 5.265850
8.129171, -4.962442
-8.083142, 17.326553
15.639613, 25.641094

0.007940, 0.084963
-178.120046, 130.226432
-0.373855, -0.630250
0.770420, -0.616479
1.536411, -0.130984
-0.633506, 5.243206
8.213584, -4.824445
-8.186626, 17.277135
15.561400, 25.688365

0.008130, 0.085220
-178.641867, 130.606200
0.225962, -0.620203
1.033422, -0.202222
1.547488, 0.271548
-0.850389, 5.211381
8.295650, -4.685042
-8.289813, 17.227094
15.483043, 25.735397

0.008320, 0.085484
-179.163683, 130.985966
0.690453, -0.171912
1.084118, 0.271561
1.455336, 0.661592
-1.065744, 5.170428
8.375345, -4.544275
-8.392699, 17.176432
15.404541, 25.782191

0.008511, 0.085756
-179.685496, 131.365728
0.714912, 0.442429
0.928143, 0.709604
1.267427, 1.013518
-1.279185, 5.120418
8.452647, -4.402183
-8.495281, 17.125149
15.325896, 25.828745

0.008702, 0.086038
-180.207304, 131.745488
0.383001, 0.876846
0.604626, 1.034001
0.997218, 1.304805
-1.490332, 5.061440
8.527535, -4.258808
-8.597553, 17.073249
15.247109, 25.875060

0.008891, 0.086328
-180.729108, 132.125245
-0.088626, 1.016080
0.174976, 1.189590
0.663050, 1.517252
-1.698808, 4.993597
8.599986, -4.114189
-8.699514, 17.020732
15.168179, 25.921134

0.009078, 0.086628
-181.250908, 132.504998
-0.530412, 0.870834
-0.284582, 1.146584
0.286882, 1.637860
-1.904240, 4.917007
8.669980, -3.968368
-8.801158, 16.967602
15.089108, 25.966968

0.009263, 0.086938
-181.772705, 132.884749
-0.815806, 0.498273
-0.688972, 0.904434
-0.107039, 1.659391
-2.106261, 4.831807
8.737497, -3.821388
-8.902483, 16.913859
15.009896, 26.012561

0.009443, 0.087255
-182.294497, 133.264497
-0.837963, -0.005510
-0.952893, 0.497825
-0.493553, 1.580651
-2.304510, 4.738147
8.802519, -3.673290
-9.003484, 16.859505
14.930545, 26.057912

0.009618, 0.087581
-182.816285, 133.644242
-0.518145, -0.471845
-1.006752, 0.001603
-0.847941, 1.406518
-2.498632, 4.636191
8.865026, -3.524116
-9.104158, 16.804543
14.851055, 26.103021

0.009789, 0.087914
-183.338069, 134.023984
0.091708, -0.630732
-0.821177, -0.474355
-1.147276, 1.147716
-2.688279, 4.526122
8.925001, -3.373909
-9.204501, 16.748974
14.771426, 26.147888

0.009955, 0.088252
-183.859850, 134.403724
0.647436, -0.314825
-0.429917, -0.811129
-1.371736, 0.820343
-2.873112, 4.408134
8.982428, -3.222712
-9.304510, 16.692800
14.691660, 26.192512

0.010118, 0.088596
-184.381626, 134.783460
0.831705, 0.235957
0.070918, -0.923849
-1.505852, 0.445112
-3.052800, 4.282436
9.037289, -3.070568
-9.404181, 16.636024
14.611757, 26.236893

0.010276, 0.088946
-184.903399, 135.163193
0.662782, 0.723395
0.557184, -0.793986
-1.539629, 0.046295
-3.227020, 4.149252
9.089570, -2.917521
-9.503510, 16.578647
14.531718, 26.281030

0.010431, 0.089303
-185.425167, 135.542924
0.277456, 1.000431
0.921403, -0.467088
-1.469457, -0.349650
-3.395460, 4.008820
9.139255, -2.763613
-9.602494, 16.520672
14.451543, 26.324923

0.010582, 0.089667
-185.946932, 135.922652
-0.185874, 1.011337
1.098374, -0.025824
-1.298699, -0.715749
-3.557819, 3.861389
9.186330, -2.608890
-9.701129, 16.462100
14.371234, 26.368571

0.010728, 0.090038
-186.468693, 136.302377
-0.590526, 0.746926
1.067589, 0.437502
-1.037828, -1.026404
-3.713804, 3.707221
9.230782, -2.453396
-9.799411, 16.402933
14.290791, 26.411974

0.010868, 0.090415
-186.990451, 136.682100
-0.782333, 0.249975
0.844913, 0.837745
-0.704004, -1.259372
-3.863135, 3.546591
9.272599, -2.297174
-9.897337, 16.343174
14.210215, 26.455133

0.011002, 0.090799
-187.512204, 137.061819
-0.599750, -0.322282
0.473770, 1.104966
-0.320029, -1.397636
-4.005545, 3.379787
9.311768, -2.140269
-9.994903, 16.282824
14.129506, 26.498045

0.011129, 0.091188
-188.033954, 137.441536
-0.036264, -0.636904
0.019104, 1.189167
0.087286, -1.430932
-4.140777, 3.207106
9.348279, -1.982727
-10.092106, 16.221887
14.048666, 26.540711

0.011249, 0.091582
-188.555700, 137.821250
0.557720, -0.482909
-0.437077, 1.066017
0.489219, -1.356721
-4.268589, 3.028855
9.382121, -1.824592
-10.188942, 16.160363
13.967695, 26.583131

0.011364, 0.091980
-189.077442, 138.200962
0.877623, -0.040780
-0.802447, 0.745470
0.857466, -1.180441
-4.388750, 2.845355
9.413285, -1.665908
-10.285407, 16.098256
13.886593, 26.625303

0.011472, 0.092384
-189.599181, 138.580671
0.875769, 0.450662
-0.988882, 0.281237
1.166423, -0.915001
-4.501045, 2.656932
9.441761, -1.506722
-10.381499, 16.035567
13.805362, 26.667229

0.011573, 0.092792
-190.120916, 138.960377
0.610087, 0.832745
-0.938289, -0.227738
1.395163, -0.579591
-4.605272, 2.463924
9.467542, -1.347079
-10.477213, 15.972299
13.724003, 26.708906

0.011667, 0.093204
-190.642647, 139.340080
0.170816, 1.000227
-0.652001, -0.657168
1.528879, -0.198003
-4.701242, 2.266676
9.490621, -1.187024
-10.572546, 15.908454
13.642516, 26.750335

0.011753, 0.093620
-191.164375, 139.719781
-0.319412, 0.877344
-0.200673, -0.899984
1.559724, 0.203331
-4.788784, 2.065541
9.510991, -1.026603
-10.667495, 15.844034
13.560901, 26.791516

0.011831, 0.094039
-191.686099, 140.099479
-0.675228, 0.436342
0.301276, -0.905987
1.487014, 0.597328
-4.867740, 1.860879
9.528645, -0.865862
-10.762056, 15.779042
13.479160, 26.832447

0.011901, 0.094462
-192.207820, 140.479175
-0.651288, -0.193861
0.739090, -0.690418
1.316909, 0.958098
-4.937967, 1.653057
9.543580, -0.704847
-10.856225, 15.713479
13.397294, 26.873129

0.011962, 0.094885
-192.729536, 140.858868
-0.188939, -0.633457
1.028486, -0.314659
1.061666, 1.262530
-4.999339, 1.442446
9.555791, -0.543603
-10.949999, 15.647349
13.315302, 26.913562

0.012016, 0.095310
-193.251250, 141.238558
0.389856, -0.650866
1.124806, 0.138887
0.738620, 1.491546
-5.051746, 1.229425
9.565275, -0.382176
-11.043376, 15.580653
13.233187, 26.953744

0.012064, 0.095737
-193.772960, 141.618246
0.807199, -0.349442
1.019695, 0.584546
0.368985, 1.631047
-5.095093, 1.014375
9.572028, -0.220613
-11.136350, 15.513395
13.150948, 26.993675

0.012104, 0.096164
-194.294666, 141.997931
0.961854, 0.099055
0.735244, 0.943208
-0.023442, 1.672538
-5.129301, 0.797681
9.576049, -0.058959
-11.228919, 15.445575
13.068586, 27.033356

0.012138, 0.096594
-194.816369, 142.377614
0.839354, 0.546710
0.319925, 1.148586
-0.413609, 1.613499
-5.154310, 0.579732
9.577337, 0.102739
-11.321080, 15.377198
12.986103, 27.072785

0.012164, 0.097025
-195.338068, 142.757294
0.469245, 0.859637
-0.153831, 1.154248
-0.776569, 1.457488
-5.170074, 0.360918
9.575891, 0.264436
-11.412829, 15.308265
12.903499, 27.111963

0.012182, 0.097458
-195.859764, 143.136971
-0.063456, 0.901302
-0.593737, 0.944262
-1.088833, 1.214016
-5.176564, 0.141632
9.571712, 0.426084
-11.504162, 15.238778
12.820774, 27.150888

0.012192, 0.097892
-196.381457, 143.516646
-0.560241, 0.561150
-0.899472, 0.546753
-1.329722, 0.898146
-5.173770, -0.077732
9.564802, 0.587639
-11.595077, 15.168741
12.737930, 27.189561

0.012192, 0.098328
-196.903146, 143.896319
-0.698682, -0.069018
-0.988008, 0.042300
-1.482663, 0.529816
-5.161695, -0.296783
9.555161, 0.749054
-11.685570, 15.098156
12.654966, 27.227981

0.012183, 0.098763
-197.424832, 144.275989
-0.380874, -0.591774
-0.827823, -0.448223
-1.536397, 0.132840
-5.140362, -0.515126
9.542793, 0.910283
-11.775637, 15.027025
12.571885, 27.266148

0.012164, 0.099195
-197.946514, 144.655657
0.132807, -0.770387
-0.459150, -0.802979
-1.485973, -0.266431
-5.109809, -0.732371
9.527701, 1.071280
-11.865276, 14.955351
12.488687, 27.304061

0.012136, 0.099625
-198.468193, 145.035322
0.601904, -0.627708
0.021245, -0.943863
-1.333438, -0.640781
-5.070091, -0.948127
9.509889, 1.231999
-11.954483, 14.883136
12.405372, 27.341720

0.012102, 0.100052
-198.989868, 145.414985
0.891418, -0.263570
0.499630, -0.855175
-1.088060, -0.964036
-5.021280, -1.162009
9.489364, 1.392395
-12.043255, 14.810384
12.321941, 27.379125

0.012060, 0.100476
-199.511541, 145.794645
0.925768, 0.206080
0.879195, -0.572880
-0.765989, -1.213099
-4.963462, -1.373633
9.466129, 1.552421
-12.131588, 14.737096
12.238396, 27.416275

0.012012, 0.100897
-200.033210, 146.174303
0.666562, 0.641800
1.094934, -0.163373
-0.389269, -1.369879
-4.896743, -1.582620
9.440193, 1.712032
-12.219479, 14.663275
12.154736, 27.453170

0.011957, 0.101316
-200.554875, 146.553958
0.140070, 0.856643
1.115206, 0.293832
0.015752, -1.422888
-4.821243, -1.788595
9.411561, 1.871183
-12.306926, 14.588924
12.070963, 27.489810

0.011896, 0.101733
-201.076538, 146.933611
-0.457655, 0.651536
0.939113, 0.716771
0.420496, -1.368288
-4.737096, -1.991189
9.380244, 2.029827
-12.393924, 14.514046
11.987077, 27.526194

0.011827, 0.102147
-201.598197, 147.313262
-0.744811, 0.082766
0.594733, 1.028084
0.796472, -1.210219
-4.644456, -2.190039
9.346248, 2.187921
-12.480470, 14.438644
11.903080, 27.562322

0.011750, 0.102559
-202.119853, 147.692910
-0.595726, -0.474834
0.139092, 1.162664
1.117569, -0.960373
-4.543488, -2.384791
9.309584, 2.345418
-12.566562, 14.362719
11.818971, 27.598193

0.011666, 0.102966
-202.641505, 148.072556
-0.188673, -0.787236
-0.342707, 1.079515
1.362049, -0.636889
-4.434374, -2.575094
9.270263, 2.502275
-12.652197, 14.286275
11.734752, 27.633807

0.011574, 0.103370
-203.163155, 148.452200
0.284296, -0.806704
-0.745492, 0.778608
1.514049, -0.262742
-4.317310, -2.760608
9.228295, 2.658445
-12.737370, 14.209315
11.650424, 27.669164

0.011476, 0.103768
-203.684801, 148.831841
0.677749, -0.560857
-0.966987, 0.315993
1.564478, 0.136153
-4.192507, -2.941003
9.183693, 2.813885
-12.822079, 14.131841
11.565987, 27.704264

0.011370, 0.104161
-204.206444, 149.211480
0.871347, -0.115660
-0.944762, -0.199493
1.511314, 0.532884
-4.060188, -3.115954
9.136468, 2.968550
-12.906321, 14.053856
11.481442, 27.739106

0.011259, 0.104548
-204.728084, 149.591117
0.757516, 0.408116
-0.685787, -0.639797
1.359374, 0.901381
-3.920593, -3.285151
9.086635, 3.122395
-12.990093, 13.975363
11.396789, 27.773689

0.011142, 0.104930
-205.249720, 149.970751
0.286894, 0.786752
-0.262498, -0.904636
1.119671, 1.218003
-3.773972, -3.448290
9.034207, 3.275378
-13.073391, 13.896365
11.312031, 27.808014

0.011020, 0.105306
-205.771354, 150.350383
-0.357016, 0.736921
0.220558, -0.948941
0.808478, 1.462840
-3.620587, -3.605080
8.979199, 3.427455
-13.156213, 13.816864
11.227167, 27.842081

0.010891, 0.105677
-206.292985, 150.730013
-0.765400, 0.282874
0.661422, -0.781017
0.446198, 1.620713
-3.460715, -3.755242
8.921627, 3.578581
-13.238555, 13.736864
11.142198, 27.875887

0.010757, 0.106041
-206.814612, 151.109640
-0.789373, -0.258929
0.980003, -0.446431
0.056132, 1.681884
-3.294641, -3.898508
8.861508, 3.728715
-13.320414, 13.656367
11.057124, 27.909435

0.010618, 0.106398
-207.336236, 151.489266
-0.519258, -0.666595
1.124078, -0.012384
-0.336830, 1.642502
-3.122665, -4.034623
8.798858, 3.877812
-13.401788, 13.575376
10.971948, 27.942722

0.010474, 0.106748
-207.857858, 151.868889
-0.088212, -0.839490
1.069896, 0.442808
-0.707559, 1.504805
-2.945095, -4.163344
8.733694, 4.025831
-13.482673, 13.493895
10.886669, 27.975749

0.010327, 0.107091
-208.379476, 152.248510
0.371478, -0.737674
0.822805, 0.836804
-1.032050, 1.277072
-2.762249, -4.284443
8.666037, 4.172728
-13.563067, 13.411926
10.801289, 28.008516

0.010176, 0.107426
-208.901091, 152.628128
0.714730, -0.363522
0.419753, 1.090724
-1.288813, 0.973312
-2.574454, -4.397704
8.595903, 4.318463
-13.642966, 13.329471
10.715808, 28.041022

0.010022, 0.107754
-209.422703, 153.007745
0.768578, 0.204069
-0.068023, 1.141241
-1.460221, 0.612648
-2.382047, -4.502926
8.523315, 4.462993
-13.722367, 13.246535
10.630226, 28.073267

0.009866, 0.108075
-209.944312, 153.387359
0.398246, 0.717796
-0.538275, 0.959679
-1.533786, 0.218376
-2.185373, -4.599924
8.448291, 4.606278
-13.801268, 13.163120
10.544546, 28.105250

0.009707, 0.108390
-210.465918, 153.766971
-0.229096, 0.828040
-0.876608, 0.573157
-1.503233, -0.183346
-1.984784, -4.688524
8.370854, 4.748275
-13.879665, 13.079229
10.458767, 28.136971

0.009545, 0.108699
-210.987521, 154.146581
-0.719489, 0.525564
-0.993881, 0.070708
-1.369282, -0.565141
-1.780637, -4.768571
8.291026, 4.888945
-13.957556, 12.994864
10.372890, 28.168431

0.009378, 0.109001
-211.509122, 154.526188
-0.902164, 0.047123
-0.863391, -0.422368
-1.139962, -0.900340
-1.573299, -4.839922
8.208828, 5.028248
-14.034938, 12.910030
10.286916, 28.199627

0.009208, 0.109293
-212.030719, 154.905794
-0.786031, -0.411048
-0.528380, -0.790933
-0.830358, -1.165045
-1.363141, -4.902453
8.124285, 5.166143
-14.111808, 12.824730
10.200847, 28.230562

0.009036, 0.109577
-212.552313, 155.285397
-0.438270, -0.717674
-0.076787, -0.964277
-0.461694, -1.340119
-1.150536, -4.956053
8.037420, 5.302590
-14.188163, 12.738965
10.114681, 28.261233

0.008861, 0.109852
-213.073905, 155.664999
0.043940, -0.775668
0.391962, -0.922898
-0.059796, -1.412857
-0.935866, -5.000629
7.948259, 5.437552
-14.264000, 12.652740
10.028422, 28.291640

0.008686, 0.110117
-213.595493, 156.044598
0.513552, -0.515605
0.789043, -0.688349
0.346946, -1.378115
-0.719512, -5.036103
7.856825, 5.570989
-14.339316, 12.566057
9.942069, 28.321785

0.008511, 0.110372
-214.117079, 156.424195
0.740314, 0.045433
1.045934, -0.310372
0.729896, -1.238725
-0.501862, -5.062413
7.763146, 5.702863
-14.414109, 12.478920
9.855622, 28.351665

0.008338, 0.110619
-214.638661, 156.803790
0.505713, 0.647401
1.117968, 0.142568
1.062474, -1.005152
-0.283303, -5.079515
7.667248, 5.833136
-14.488376, 12.391331
9.769084, 28.381281

0.008167, 0.110858
-215.160241, 157.183382
-0.046182, 0.906927
0.987210, 0.589663
1.322181, -0.694462
-0.064225, -5.087379
7.569158, 5.961771
-14.562114, 12.303295
9.682455, 28.410632

0.007996, 0.111090
-215.681818, 157.562973
-0.571331, 0.774697
0.667374, 0.944284
1.492144, -0.328782
0.154982, -5.085993
7.468904, 6.088731
-14.635320, 12.214814
9.595735, 28.439719

0.007826, 0.111315
-216.203392, 157.942562
-0.884604, 0.399764
0.210122, 1.125258
1.562072, 0.066538
0.373928, -5.075362
7.366515, 6.213980
-14.707993, 12.125891
9.508925, 28.468540

0.007657, 0.111533
-216.724964, 158.322149
-0.927441, -0.062585
-0.292887, 1.076884
1.528637, 0.464828
0.592223, -5.055507
7.262019, 6.337481
-14.780128, 12.036529
9.422026, 28.497096

0.007488, 0.111743
-217.246532, 158.701733
-0.698617, -0.474358
-0.723195, 0.794994
1.395325, 0.839912
0.809479, -5.026465
7.155447, 6.459200
-14.851723, 11.946733
9.335040, 28.525387

0.007321, 0.111945
-217.768098, 159.081316
-0.241353, -0.696527
-0.971031, 0.342473
1.171887, 1.167703
1.025309, -4.988288
7.046828, 6.579101
-14.922776, 11.856504
9.247966, 28.553412

0.007154, 0.112138
-218.289661, 159.460896
0.318642, -0.584725
-0.978012, -0.166806
0.873488, 1.427531
1.239331, -4.941047
6.936195, 6.697150
-14.993284, 11.765847
9.160805, 28.581170

0.006990, 0.112322
-218.811221, 159.840475
0.703543, -0.081206
-0.755542, -0.611127
0.519661, 1.603192
1.451163, -4.884828
6.823577, 6.813312
-15.063244, 11.674764
9.073559, 28.608662

0.006830, 0.112497
-219.332779, 160.220051
0.627562, 0.550353
-0.368912, -0.899715
0.133128, 1.683733
1.660431, -4.819732
6.709007, 6.927556
-15.132655, 11.583259
8.986228, 28.635887

0.006674, 0.112665
-219.854333, 160.599626
0.197545, 0.932172
0.092355, -0.987265
-0.261465, 1.663978
1.866762, -4.745876
6.592518, 7.039847
-15.201512, 11.491336
8.898813, 28.662845

0.006521, 0.112825
-220.375885, 160.979198
-0.312566, 0.970093
0.537678, -0.870056
-0.638875, 1.544823
2.069790, -4.663393
6.474143, 7.150153
-15.269814, 11.398996
8.811315, 28.689536

0.006373, 0.112978
-220.897435, 161.358769
-0.718447, 0.727993
0.887782, -0.576652
-0.974645, 1.333280
2.269156, -4.572432
6.353916, 7.258444
-15.337558, 11.306245
8.723735, 28.715959

0.006229, 0.113123
-221.418981, 161.738337
-0.913365, 0.306886
1.080686, -0.160259
-1.246517, 1.042253
2.464506, -4.473154
6.231870, 7.364686
-15.404742, 11.213085
8.636073, 28.742114

0.006089, 0.113262
-221.940525, 162.117904
-0.831297, -0.172586
1.076490, 0.306273
-1.435842, 0.690001
2.655495, -4.365739
6.108041, 7.468851
-15.471363, 11.119520
8.548330, 28.768002

0.005954, 0.113393
-222.462066, 162.497468
-0.447030, -0.548908
0.864325, 0.735297
-1.528918, 0.299249
2.841784, -4.250377
5.982465, 7.570908
-15.537419, 11.025553
8.460507, 28.793621

0.005825, 0.113518
-222.983605, 162.877031
0.156453, -0.604735
0.471979, 1.033766
-1.518162, -0.104079
3.023043, -4.127276
5.855176, 7.670827
-15.602907, 10.931187
8.372605, 28.818971

0.005702, 0.113635
-223.505141, 163.256592
0.664670, -0.206265
-0.026523, 1.122657
-1.402968, -0.492501
3.198951, -3.996653
5.726211, 7.768580
-15.667824, 10.836426
8.284625, 28.844053

0.005585, 0.113746
-224.026674, 163.636150
0.753753, 0.395671
-0.517191, 0.966367
-1.190121, -0.838909
3.369199, -3.858743
5.595607, 7.864138
-15.732169, 10.741273
8.196567, 28.868865

0.005475, 0.113853
-224.548205, 164.015707
0.476870, 0.859694
-0.877211, 0.597000
-0.893610, -1.118668
3.533484, -3.713790
5.463401, 7.957474
-15.795939, 10.645732
8.108433, 28.893408

0.005371, 0.113954
-225.069733, 164.395262
0.028421, 1.052251
-1.020649, 0.109084
-0.533788, -1.311654
3.691516, -3.562053
5.329631, 8.048562
-15.859132, 10.549806
8.020223, 28.917682

0.005273, 0.114050
-225.591258, 164.774815
-0.426993, 0.961100
-0.926608, -0.377708
-0.135888, -1.403984
3.843017, -3.403802
5.194335, 8.137374
-15.921745, 10.453499
7.931937, 28.941685

0.005181, 0.114142
-226.112781, 165.154367
-0.756745, 0.623712
-0.633410, -0.759411
0.271981, -1.389224
3.987718, -3.239317
5.057552, 8.223885
-15.983776, 10.356815
7.843578, 28.965419

0.005095, 0.114228
-226.634301, 165.533916
-0.839157, 0.120904
-0.214199, -0.968750
0.661124, -1.268882
4.125364, -3.068891
4.919321, 8.308070
-16.045222, 10.259756
7.755145, 28.988882

0.005016, 0.114309
-227.155819, 165.913463
-0.570847, -0.384680
0.245660, -0.977404
1.004561, -1.052155
4.255712, -2.892827
4.779681, 8.389904
-16.106082, 10.162326
7.666640, 29.012075

0.004944, 0.114385
-227.677334, 166.293009
0.022884, -0.608295
0.662468, -0.790711
1.279074, -0.754988
4.378532, -2.711436
4.638672, 8.469365
-16.166353, 10.064529
7.578062, 29.034997

0.004879, 0.114454
-228.198846, 166.672553
0.604754, -0.353674
0.961883, -0.442414
1.466805, -0.398606
4.493607, -2.525041
4.496335, 8.546428
-16.226033, 9.966369
7.489414, 29.057648

0.004824, 0.114519
-228.720356, 167.052094
0.846239, 0.166581
1.085052, 0.008439
1.556275, -0.007745
4.600735, -2.333972
4.352710, 8.621072
-16.285119, 9.867848
7.400696, 29.080028

0.004779, 0.114581
-229.241864, 167.431634
0.736643, 0.665102
0.997043, 0.480027
1.542850, 0.391217
4.699726, -2.138567
4.207838, 8.693275
-16.343610, 9.768971
7.311909, 29.102136

0.004743, 0.114640
-229.763369, 167.811173
0.388851, 0.984427
0.699232, 0.874342
1.428683, 0.772050
4.790406, -1.939173
4.061761, 8.763016
-16.401503, 9.669741
7.223053, 29.123973

0.004716, 0.114697
-230.284871, 168.190709
-0.070637, 1.050786
0.242211, 1.094491
1.222249, 1.110275
4.872615, -1.736143
3.914521, 8.830275
-16.458797, 9.570162
7.134129, 29.145537

0.004698, 0.114754
-230.806371, 168.570243
-0.507366, 0.834591
-0.272751, 1.075592
0.937582, 1.384515
4.946208, -1.529837
3.766159, 8.895031
-16.515488, 9.470237
7.045139, 29.166830

0.004688, 0.114810
-231.327869, 168.949776
-0.758384, 0.357352
-0.718367, 0.816545
0.593299, 1.577597
5.011056, -1.320619
3.616719, 8.957267
-16.571575, 9.369971
6.956083, 29.187850

0.004686, 0.114865
-231.849364, 169.329307
-0.637766, -0.238007
-0.987269, 0.385995
0.211486, 1.677389
5.067043, -1.108860
3.466243, 9.016964
-16.627057, 9.269366
6.866961, 29.208598

0.004690, 0.114918
-232.370856, 169.708836
-0.109292, -0.609351
-1.028119, -0.106887
-0.183524, 1.677414
5.114072, -0.894935
3.314773, 9.074105
-16.681929, 9.168426
6.777776, 29.229073

0.004702, 0.114969
-232.892346, 170.088364
0.491491, -0.521281
-0.849920, -0.552729
-0.566456, 1.577225
5.152059, -0.679223
3.162355, 9.128673
-16.736192, 9.067155
6.688527, 29.249275

0.004724, 0.115019
-233.413834, 170.467889
0.855582, -0.123831
-0.504223, -0.867713
-0.912473, 1.382543
5.180937, -0.462104
3.009031, 9.180652
-16.789842, 8.965557
6.599215, 29.269204

0.004755, 0.115067
-233.935319, 170.847413
0.911498, 0.360131
-0.064649, -1.001443
-1.198613, 1.105120
5.200655, -0.243963
2.854845, 9.230027
-16.842878, 8.863636
6.509842, 29.288860

0.004795, 0.115116
-234.456802, 171.226935
0.693873, 0.770159
0.387328, -0.935782
-1.405243, 0.762287
5.211180, -0.025186
2.699842, 9.276783
-16.895298, 8.761395
6.420407, 29.308242

0.004845, 0.115165
-234.978283, 171.606455
0.275801, 0.989630
0.770943, -0.682290
-1.517473, 0.376128
5.212491, 0.193840
2.544066, 9.320907
-16.947100, 8.658837
6.330913, 29.327350

0.004905, 0.115215
-235.499761, 171.985974
-0.230546, 0.924173
1.012936, -0.281363
-1.526407, -0.027736
5.204586, 0.412727
2.387561, 9.362386
-16.998282, 8.555968
6.241359, 29.346184

0.004974, 0.115267
-236.021237, 172.365491
-0.638463, 0.520561
1.056677, 0.197569
-1.430100, -0.421775
5.187480, 0.631089
2.230374, 9.401207
-17.048841, 8.452789
6.151747, 29.364744

0.005052, 0.115321
-236.542710, 172.745006
-0.680571, -0.113465
0.876469, 0.658976
-1.234061, -0.778492
5.161201, 0.848539
2.072548, 9.437360
-17.098777, 8.349306
6.062077, 29.383030

0.005138, 0.115377
-237.064181, 173.124519
-0.268738, -0.596015
0.495211, 0.994946
-0.951156, -1.072552
5.125798, 1.064692
1.914129, 9.470832
-17.148087, 8.245522
5.972350, 29.401041

0.005232, 0.115435
-237.585650, 173.504031
0.297675, -0.677060
-0.006059, 1.115504
-0.600838, -1.282874
5.081330, 1.279165
1.755163, 9.501616
-17.196769, 8.141440
5.882568, 29.418778

0.005336, 0.115496
-238.107116, 173.883541
0.742806, -0.429416
-0.504497, 0.986146
-0.207708, -1.394432
5.027878, 1.491580
1.595696, 9.529700
-17.244822, 8.037065
5.792730, 29.436239

0.005449, 0.115560
-238.628580, 174.263049
0.948808, -0.005067
-0.878828, 0.644862
0.200450, -1.399526
4.965534, 1.701559
1.435773, 9.555077
-17.292244, 7.932400
5.702838, 29.453426

0.005570, 0.115628
-239.150042, 174.642556
0.880650, 0.454345
-1.051187, 0.182689
0.594937, -1.298357
4.894409, 1.908732
1.275441, 9.577740
-17.339033, 7.827450
5.612893, 29.470337

0.005699, 0.115700
-239.671501, 175.022061
0.547718, 0.811272
-1.001017, -0.293602
0.948445, -1.098849
4.814627, 2.112731
1.114745, 9.597681
-17.385187, 7.722217
5.522895, 29.486973

0.005836, 0.115777
-240.192958, 175.401564
0.017183, 0.914606
-0.754746, -0.690162
1.237113, -0.815791
4.726329, 2.313194
0.953731, 9.614895
-17.430705, 7.616707
5.432845, 29.503333

0.005982, 0.115858
-240.714413, 175.781065
-0.518905, 0.626291
-0.368743, -0.938661
1.442156, -0.469450
4.629672, 2.509767
0.792447, 9.629376
-17.475584, 7.510922
5.342745, 29.519418

0.006134, 0.115945
-241.235865, 176.160565
-0.720637, 0.012838
0.084103, -0.999066
1.550953, -0.083871
4.524824, 2.702101
0.630939, 9.641119
-17.519824, 7.404866
5.252594, 29.535226

0.006292, 0.116036
-241.757315, 176.540063
-0.462991, -0.535441
0.522995, -0.859845
1.557577, 0.314935
4.411971, 2.889855
0.469253, 9.650122
-17.563423, 7.298545
5.162394, 29.550758

0.006458, 0.116131
-242.278763, 176.919560
0.021329, -0.769046
0.865953, -0.539419
1.462838, 0.700754
4.291312, 3.072695
0.307436, 9.656380
-17.606379, 7.191960
5.072146, 29.566015

0.006632, 0.116231
-242.800209, 177.299055
0.500298, -0.683715
1.038797, -0.089232
1.273908, 1.048770
4.163060, 3.250297
0.145534, 9.659892
-17.648690, 7.085117
4.981851, 29.580994

0.006813, 0.116336
-243.321653, 177.678548
0.830688, -0.357607
0.990274, 0.405030
1.003656, 1.336945
4.027441, 3.422346
-0.016405, 9.660657
-17.690355, 6.978019
4.891508, 29.595697

0.007003, 0.116448
-243.843094, 178.058040
0.921208, 0.106503
0.713422, 0.832272
0.669746, 1.547166
3.884694, 3.588536
-0.178336, 9.658674
-17.731372, 6.870670
4.801120, 29.610124

0.007201, 0.116567
-244.364533, 178.437530
0.712663, 0.573876
0.262962, 1.083594
0.293584, 1.666152
3.735071, 3.748572
-0.340210, 9.653943
-17.771740, 6.763074
4.710687, 29.624273

0.007406, 0.116694
-244.885970, 178.817018
0.207327, 0.848865
-0.251375, 1.093367
-0.100861, 1.686145
3.578838, 3.902168
-0.501983, 9.646465
-17.811457, 6.655235
4.620210, 29.638146

0.007616, 0.116830
-245.407404, 179.196505
-0.412321, 0.705195
-0.702979, 0.866423
-0.488344, 1.605369
3.416269, 4.049052
-0.663606, 9.636243
-17.850522, 6.547157
4.529689, 29.651741

0.007832, 0.116975
-245.928837, 179.575990
-0.754017, 0.172103
-0.993352, 0.469416
-0.843715, 1.428251
3.247652, 4.188961
-0.825032, 9.623278
-17.888934, 6.438844
4.439126, 29.665059

0.008051, 0.117128
-246.450267, 179.955474
-0.668344, -0.391903
-1.074398, -0.001274
-1.143381, 1.165369
3.073287, 4.321647
-0.986217, 9.607574
-17.926690, 6.330300
4.348522, 29.678099

0.008274, 0.117288
-246.971695, 180.334956
-0.303925, -0.746129
-0.945844, -0.449033
-1.366793, 0.833080
2.893480, 4.446872
-1.147111, 9.589135
-17.963790, 6.221529
4.257876, 29.690862

0.008500, 0.117456
-247.493121, 180.714437
0.161343, -0.821446
-0.642653, -0.793134
-1.497924, 0.452762
2.708551, 4.564413
-1.307670, 9.567966
-18.000232, 6.112534
4.167191, 29.703347

0.008731, 0.117630
-248.014545, 181.093915
0.582222, -0.624071
-0.223419, -0.974956
-1.526591, 0.049644
2.518827, 4.674060
-1.467847, 9.544073
-18.036014, 6.003321
4.076467, 29.715554

0.008967, 0.117813
-248.535966, 181.473393
0.829133, -0.201691
0.237464, -0.960770
-1.449508, -0.348786
2.324644, 4.775617
-1.627595, 9.517463
-18.071137, 5.893892
3.985704, 29.727483

0.009206, 0.118002
-249.057386, 181.852869
0.775372, 0.337827
0.655725, -0.745373
-1.270876, -0.714724
2.126347, 4.868902
-1.786868, 9.488142
-18.105597, 5.784252
3.894904, 29.739134

0.009451, 0.118201
-249.578803, 182.232343
0.343379, 0.768835
0.945185, -0.357962
-1.002379, -1.022199
1.924286, 4.953747
-1.945619, 9.456118
-18.139394, 5.674405
3.804068, 29.750507

0.009700, 0.118409
-250.100219, 182.611816
-0.302046, 0.783990
1.032518, 0.132314
-0.662494, -1.249214
1.718822, 5.030001
-2.103804, 9.421401
-18.172527, 5.564354
3.713196, 29.761601

0.009952, 0.118627
-250.621632, 182.991287
-0.751161, 0.380045
0.880949, 0.619352
-0.275121, -1.379606
1.510318, 5.097526
-2.261375, 9.384001
-18.204994, 5.454105
3.622289, 29.772417

0.010205, 0.118855
-251.143043, 183.370756
-0.835186, -0.149287
0.514654, 0.982960
0.132344, -1.404406
1.299146, 5.156200
-2.418287, 9.343926
-18.236794, 5.343661
3.531348, 29.782954

0.010461, 0.119093
-251.664452, 183.750224
-0.616253, -0.582520
0.022465, 1.130925
0.531254, -1.322486
1.085679, 5.205918
-2.574495, 9.301190
-18.267926, 5.233025
3.440374, 29.793213

0.010717, 0.119341
-252.185858, 184.129691
-0.209140, -0.805077
-0.472618, 1.034767
0.894007, -1.140479
0.870298, 5.246589
-2.729953, 9.255802
-18.298389, 5.122203
3.349368, 29.803192

0.010974, 0.119598
-252.707263, 184.509156
0.262041, -0.758250
-0.858772, 0.732320
1.196135, -0.871997
0.653386, 5.278139
-2.884617, 9.207777
-18.328181, 5.011198
3.258330, 29.812893

0.011232, 0.119864
-253.228666, 184.888620
0.650761, -0.423091
-1.064360, 0.302680
1.417964, -0.536326
0.435329, 5.300511
-3.038440, 9.157127
-18.357303, 4.900014
3.167262, 29.822314

0.011490, 0.120139
-253.750067, 185.268082
0.768692, 0.141972
-1.062888, -0.162143
1.545761, -0.156785
0.216516, 5.313663
-3.191379, 9.103867
-18.385751, 4.788656
3.076164, 29.831457

0.011749, 0.120424
-254.271465, 185.647542
0.451136, 0.694488
-0.865466, -0.575476
1.572337, 0.241032
-0.002665, 5.317570
-3.343389, 9.048011
-18.413526, 4.677127
2.985038, 29.840320

0.012008, 0.120718
-254.792862, 186.027001
-0.157173, 0.867147
-0.511833, -0.864878
1.497172, 0.630996
-0.221822, 5.312223
-3.494425, 8.989575
-18.440626, 4.565431
2.893883, 29.848903

0.012266, 0.121023
-255.314256, 186.406459
-0.671143, 0.623592
-0.064018, -0.977073
1.326129, 0.988029
-0.440564, 5.297631
-3.644444, 8.928576
-18.467051, 4.453574
2.802701, 29.857207

0.012522, 0.121338
-255.835649, 186.785915
-0.905238, 0.174233
0.398095, -0.883425
1.070873, 1.289504
-0.658501, 5.273817
-3.793403, 8.865031
-18.492799, 4.341557
2.711493, 29.865232

0.012775, 0.121661
-256.357039, 187.165370
-0.843992, -0.292138
0.782874, -0.588249
0.748057, 1.516428
-0.875245, 5.240824
-3.941258, 8.798956
-18.517869, 4.229387
2.620259, 29.872977

0.013027, 0.121993
-256.878428, 187.544823
-0.534074, -0.638397
1.000093, -0.138605
0.378339, 1.654407
-1.090408, 5.198709
-4.087965, 8.730372
-18.542261, 4.117067
2.529001, 29.880442

0.013277, 0.122334
-257.399814, 187.924274
-0.057766, -0.753391
0.985382, 0.372279
-0.014747, 1.694412
-1.303606, 5.147544
-4.233483, 8.659297
-18.565973, 4.004600
2.437719, 29.887627

0.013525, 0.122683
-257.921199, 188.303725
0.444728, -0.545578
0.730334, 0.821376
-0.406036, 1.633326
-1.514458, 5.087422
-4.377769, 8.585751
-18.589005, 3.891992
2.346415, 29.894533

0.013771, 0.123041
-258.442581, 188.683173
0.732919, -0.005645
0.296611, 1.096330
-0.770114, 1.474262
-1.722586, 5.018446
-4.520780, 8.509755
-18.611356, 3.779247
2.255088, 29.901158

0.014015, 0.123409
-258.963962, 189.062621
0.560032, 0.616802
-0.205029, 1.137603
-1.082788, 1.226601
-1.927620, 4.940741
-4.662477, 8.431330
-18.633025, 3.666367
2.163740, 29.907503

0.014256, 0.123787
-259.485340, 189.442067
0.044637, 0.929766
-0.657650, 0.951904
-1.322630, 0.905697
-2.129191, 4.854443
-4.802816, 8.350499
-18.654010, 3.553359
2.072372, 29.913569

0.014493, 0.124176
-260.006717, 189.821511
-0.485241, 0.858710
-0.971769, 0.595510
-1.472505, 0.532188
-2.326939, 4.759705
-4.941758, 8.267285
-18.674312, 3.440225
1.980984, 29.919354

0.014724, 0.124574
-260.528091, 190.200954
-0.836957, 0.525780
-1.097112, 0.148912
-1.520982, 0.130872
-2.520511, 4.656697
-5.079263, 8.181710
-18.693930, 3.326970
1.889578, 29.924858

0.014949, 0.124980
-261.049464, 190.580396
-0.933513, 0.072656
-1.020366, -0.302096
-1.463454, -0.270867
-2.709559, 4.545601
-5.215290, 8.093800
-18.712862, 3.213598
1.798154, 29.930083

0.015167, 0.125395
-261.570835, 190.959836
-0.753430, -0.365201
-0.759365, -0.677083
-1.302827, -0.644991
-2.893744, 4.426615
-5.349799, 8.003579
-18.731109, 3.100114
1.706713, 29.935027

0.015379, 0.125817
-262.092204, 191.339275
-0.319895, -0.641276
-0.358791, -0.907442
-1.049590, -0.964974
-3.072738, 4.299952
-5.482753, 7.911073
-18.748668, 2.986521
1.615257, 29.939690

0.015585, 0.126245
-262.613571, 191.718712
0.256495, -0.590495
0.112269, -0.943138
-0.721203, -1.207977
-3.246218, 4.165837
-5.614112, 7.816308
-18.765541, 2.872824
1.523785, 29.944073

0.015785, 0.126679
-263.134936, 192.098149
0.693569, -0.125249
0.563801, -0.762865
-0.340795, -1.356764
-3.413874, 4.024510
-5.743839, 7.719312
-18.781725, 2.759026
1.432299, 29.948175

0.015980, 0.127119
-263.656299, 192.477583
0.682455, 0.506588
0.895204, -0.387599
0.064712, -1.401119
-3.575406, 3.876224
-5.871895, 7.620113
-18.797221, 2.645133
1.340799, 29.951997

0.016170, 0.127567
-264.177660, 192.857016
0.301971, 0.928126
1.018746, 0.109357
0.466808, -1.338588
-3.730524, 3.721242
-5.998244, 7.518738
-18.812028, 2.531147
1.249287, 29.955538

0.016355, 0.128022
-264.699019, 193.236448
-0.194847, 1.023829
0.893688, 0.610832
0.837680, -1.174480
-3.878949, 3.559843
-6.122849, 7.415217
-18.826145, 2.417074
1.157763, 29.958799

0.016532, 0.128484
-265.220377, 193.615879
-0.623949, 0.832281
0.550214, 0.992119
1.152310, -0.921181
-4.020416, 3.392315
-6.245673, 7.309580
-18.839572, 2.302918
1.066228, 29.961778

0.016702, 0.128954
-265.741732, 193.995308
-0.867248, 0.436559
0.079223, 1.167071
1.390173, -0.596936
-4.154671, 3.218958
-6.366683, 7.201857
-18.852308, 2.188682
0.974684, 29.964477

0.016864, 0.129430
-266.263086, 194.374736
-0.841018, -0.052950
-0.405673, 1.111305
1.536444, -0.224283
-4.281473, 3.040082
-6.485841, 7.092080
-18.864352, 2.074371
0.883130, 29.966895

0.017017, 0.129913
-266.784438, 194.754162
-0.496898, -0.474868
-0.804095, 0.854569
1.582682, 0.171656
-4.400595, 2.856007
-6.603114, 6.980279
-18.875705, 1.959990
0.791568, 29.969032

0.017160, 0.130400
-267.305788, 195.133587
0.104228, -0.594322
-1.046242, 0.459912
1.527037, 0.564883
-4.511823, 2.667062
-6.718468, 6.866489
-18.886366, 1.845541
0.699999, 29.970888

0.017295, 0.130891
-267.827136, 195.513011
0.649378, -0.247903
-1.095729, 0.005561
1.374059, 0.930104
-4.614958, 2.473587
-6.831868, 6.750740
-18.896334, 1.731031
0.608423, 29.972463

0.017422, 0.131387
-268.348482, 195.892433
0.799612, 0.335180
-0.947202, -0.426484
1.134201, 1.244154
-4.709815, 2.275927
-6.943283, 6.633068
-18.905610, 1.616462
0.516841, 29.973757

0.017541, 0.131886
-268.869826, 196.271854
0.579559, 0.821793
-0.624397, -0.757726
0.823082, 1.487208
-4.796225, 2.074437
-7.052679, 6.513506
-18.914192, 1.501839
0.425255, 29.974770

0.017651, 0.132390
-269.391169, 196.651274
0.160092, 1.063627
-0.180048, -0.920512
0.460571, 1.643809
-4.874032, 1.869478
-7.160026, 6.392088
-18.922080, 1.387166
0.333665, 29.975502

0.017752, 0.132897
-269.912510, 197.030692
-0.301976, 1.027010
0.304493, -0.869204
0.069708, 1.703692
-4.943097, 1.661416
-7.265291, 6.268851
-18.929274, 1.272447
0.242071, 29.975953

0.017843, 0.133407
-270.433849, 197.410109
-0.670698, 0.729319
0.725722, -0.596659
-0.324513, 1.662420
-5.003298, 1.450625
-7.368444, 6.143830
-18.935774, 1.157687
0.150476, 29.976123

0.017926, 0.133920
-270.955186, 197.789525
-0.811462, 0.234329
0.978654, -0.150545
-0.696496, 1.521779
-5.054525, 1.237482
-7.469454, 6.017060
-18.941579, 1.042890
0.058879, 29.976011

0.017999, 0.134435
-271.476521, 198.168940
-0.596651, -0.303707
0.992802, 0.366271
-1.021531, 1.289910
-5.096689, 1.022369
-7.568293, 5.888580
-18.946690, 0.928059
-0.032718, 29.975619

0.018063, 0.134951
-271.997855, 198.548353
-0.024556, -0.587048
0.764692, 0.825474
-1.277367, 0.981105
-5.129713, 0.805671
-7.664931, 5.758426
-18.951106, 0.813200
-0.124315, 29.974946

0.018117, 0.135469
-272.519187, 198.927765
0.575693, -0.393295
0.359120, 1.120557
-1.445795, 0.615196
-5.153540, 0.587777
-7.759341, 5.626637
-18.954826, 0.698316
-0.215911, 29.973991

0.018163, 0.135988
-273.040517, 199.307175
0.868725, 0.091794
-0.121718, 1.198238
-1.514134, 0.216482
-5.168127, 0.369077
-7.851494, 5.493250
-18.957851, 0.583412
-0.307505, 29.972755

0.018200, 0.136509
-273.561845, 199.686584
0.817580, 0.594766
-0.574133, 1.060000
-1.476454, -0.187800
-5.173448, 0.149962
-7.941363, 5.358305
-18.960181, 0.468492
-0.399095, 29.971238

0.018228, 0.137030
-274.083171, 200.065992
0.510967, 0.951291
-0.914427, 0.746938
-1.334347, -0.569418
-5.169495, -0.069175
-8.028923, 5.221840
-18.961816, 0.353560
-0.490682, 29.969440

0.018246, 0.137553
-274.604496, 200.445399
0.061457, 1.071688
-1.086246, 0.323692
-1.097091, -0.901327
-5.156275, -0.287942
-8.114147, 5.083896
-18.962754, 0.238620
-0.582264, 29.967361

0.018254, 0.138076
-275.125819, 200.824804
-0.401273, 0.906504
-1.061577, -0.132672
-0.781108, -1.159890
-5.133814, -0.505947
-8.197011, 4.944512
-18.962998, 0.123676
-0.673841, 29.965001

0.018252, 0.138599
-275.647140, 201.204208
-0.707718, 0.455038
-0.841258, -0.539977
-0.408721, -1.326842
-5.102151, -0.722801
-8.277490, 4.803729
-18.962545, 0.008733
-0.765411, 29.962359

0.018238, 0.139121
-276.168460, 201.583611
-0.648761, -0.155710
-0.457332, -0.818103
-0.006329, -1.390770
-5.061345, -0.938114
-8.355560, 4.661588
-18.961397, -0.106204
-0.856973, 29.959436

0.018214, 0.139641
-276.689778, 201.963013
-0.159858, -0.576407
0.023947, -0.900254
0.397767, -1.347925
-5.011470, -1.151502
-8.431199, 4.518131
-18.959554, -0.221133
-0.948528, 29.956233

0.018181, 0.140156
-277.211094, 202.342413
0.439857, -0.551492
0.503940, -0.751225
0.775628, -1.202299
-4.952615, -1.362584
-8.504384, 4.373399
-18.957015, -0.336049
-1.040073, 29.952748

0.018139, 0.140668
-277.732408, 202.721812
0.841245, -0.201295
0.867835, -0.389165
1.101773, -0.965027
-4.884887, -1.570982
-8.575094, 4.227435
-18.953780, -0.450947
-1.131609, 29.948982

0.018089, 0.141177
-278.253721, 203.101210
0.952023, 0.269613
1.020156, 0.104832
1.354902, -0.653260
-4.808408, -1.776323
-8.643308, 4.080280
-18.949851, -0.565823
-1.223134, 29.944935

0.018032, 0.141683
-278.775032, 203.480607
0.784127, 0.702173
0.923984, 0.607858
1.519150, -0.288676
-4.723316, -1.978241
-8.709006, 3.931978
-18.945226, -0.680673
-1.314647, 29.940607

0.017967, 0.142186
-279.296341, 203.860002
0.392323, 0.970889
0.613645, 1.000702
1.584843, 0.104161
-4.629764, -2.176374
-8.772168, 3.782572
-18.939906, -0.795493
-1.406148, 29.935997

0.017894, 0.142687
-279.817648, 204.239396
-0.123940, 0.964076
0.172763, 1.205425
1.548790, 0.499466
-4.527920, -2.370370
-8.832776, 3.632105
-18.933891, -0.910278
-1.497635, 29.931107

0.017813, 0.143186
-280.338954, 204.618789
-0.578979, 0.602690
-0.299385, 1.195655
1.414196, 0.871805
-4.417967, -2.559881
-8.890812, 3.480622
-18.927182, -1.025025
-1.589108, 29.925936

0.017722, 0.143681
-280.860258, 204.998181
-0.684855, -0.027548
-0.711835, 0.987780
1.190252, 1.197522
-4.300103, -2.744570
-8.946258, 3.328167
-18.919779, -1.139729
-1.680566, 29.920484

0.017622, 0.144172
-281.381561, 205.377571
-0.326264, -0.544590
-0.992960, 0.627945
0.891491, 1.455998
-4.174540, -2.924107
-8.999099, 3.174783
-18.911682, -1.254386
-1.772008, 29.914751

0.017513, 0.144658
-281.902862, 205.756960
0.220749, -0.684231
-1.094460, 0.182112
0.536941, 1.630728
-4.041502, -3.098172
-9.049319, 3.020516
-18.902891, -1.368992
-1.863433, 29.908737

0.017395, 0.145137
-282.424161, 206.136348
0.686014, -0.490513
-0.994127, -0.270529
0.149099, 1.710223
-3.901229, -3.266455
-9.096902, 2.865410
-18.893407, -1.483542
-1.954841, 29.902443

0.017271, 0.145610
-282.945458, 206.515735
0.938386, -0.094412
-0.700455, -0.643726
-0.247245, 1.688727
-3.753972, -3.428655
-9.141835, 2.709511
-18.883230, -1.598033
-2.046230, 29.895867

0.017139, 0.146077
-283.466754, 206.895121
0.923749, 0.371260
-0.259025, -0.854421
-0.626361, 1.566700
-3.599994, -3.584485
-9.184105, 2.552865
-18.872360, -1.712460
-2.137599, 29.889011

0.017001, 0.146537
-283.988048, 207.274505
0.631071, 0.767870
0.244142, -0.841419
-0.963071, 1.351040
-3.439572, -3.733667
-9.223698, 2.395517
-18.860798, -1.826818
-2.228949, 29.881874

0.016856, 0.146991
-284.509341, 207.653888
0.108108, 0.931472
0.692791, -0.591335
-1.234352, 1.054954
-3.272993, -3.875935
-9.260604, 2.237512
-18.848544, -1.941105
-2.320277, 29.874456

0.016706, 0.147438
-285.030632, 208.033270
-0.461170, 0.696943
0.972957, -0.157230
-1.420973, 0.697424
-3.100554, -4.011037
-9.294811, 2.078898
-18.835599, -2.055314
-2.411583, 29.866758

0.016550, 0.147879
-285.551921, 208.412651
-0.721105, 0.106692
1.016627, 0.352217
-1.509051, 0.302186
-2.922564, -4.138732
-9.326309, 1.919720
-18.821963, -2.169444
-2.502866, 29.858780

0.016388, 0.148313
-286.073209, 208.792031
-0.523742, -0.458035
0.825203, 0.813625
-1.491347, -0.103763
-2.739341, -4.258793
-9.355089, 1.760024
-18.807637, -2.283488
-2.594126, 29.850520

0.016220, 0.148739
-286.594495, 209.171409
-0.074202, -0.739671
0.457746, 1.130231
-1.368127, -0.492082
-2.551213, -4.371008
-9.381141, 1.599858
-18.792621, -2.397443
-2.685361, 29.841981

0.016047, 0.149158
-287.115779, 209.550787
0.407074, -0.709429
0.001736, 1.249992
-1.147420, -0.835284
-2.358516, -4.475177
-9.404459, 1.439269
-18.776916, -2.511305
-2.776570, 29.833161

0.015869, 0.149569
-287.637062, 209.930163
0.771928, -0.423582
-0.451595, 1.163501
-0.844555, -1.108981
-2.161593, -4.571116
-9.425035, 1.278302
-18.760522, -2.625069
-2.867753, 29.824061

0.015687, 0.149972
-288.158343, 210.309538
0.915446, 0.030044
-0.820963, 0.894879
-0.480992, -1.293900
-1.960797, -4.658654
-9.442864, 1.117005
-18.743440, -2.738732
-2.958909, 29.814680

0.015501, 0.150367
-288.679623, 210.688912
0.758202, 0.523750
-1.041539, 0.493772
-0.082557, -1.377438
-1.756485, -4.737637
-9.457939, 0.955425
-18.725671, -2.852289
-3.050037, 29.805019

0.015312, 0.150755
-289.200901, 211.068284
0.277719, 0.854948
-1.069632, 0.030123
0.322701, -1.354545
-1.549022, -4.807925
-9.470256, 0.793609
-18.707216, -2.965736
-3.141136, 29.795079

0.015119, 0.151135
-289.722178, 211.447656
-0.357342, 0.771326
-0.889221, -0.410352
0.706760, -1.227893
-1.338777, -4.869394
-9.479812, 0.631605
-18.688074, -3.079069
-3.232206, 29.784858

0.014921, 0.151507
-290.243453, 211.827026
-0.746473, 0.278191
-0.521368, -0.734459
1.043722, -1.007361
-1.126126, -4.921935
-9.486604, 0.469459
-18.668247, -3.192284
-3.323244, 29.774357

0.014720, 0.151871
-290.764726, 212.206395
-0.721670, -0.283826
-0.032815, -0.859173
1.311561, -0.708987
-0.911446, -4.965457
-9.490629, 0.307220
-18.647735, -3.305376
-3.414251, 29.763577

0.014515, 0.152224
-291.285998, 212.585763
-0.402973, -0.671967
0.467194, -0.740140
1.493428, -0.353556
-0.695121, -4.999881
-9.491886, 0.144935
-18.626539, -3.418342
-3.505226, 29.752517

0.014308, 0.152568
-291.807268, 212.965130
0.048069, -0.798846
0.854238, -0.398440
1.578462, 0.034981
-0.477536, -5.025149
-9.490376, -0.017350
-18.604661, -3.531177
-3.596168, 29.741177

0.014101, 0.152901
-292.328537, 213.344496
0.489328, -0.650074
1.034126, 0.079145
1.562168, 0.431127
-0.259077, -5.041216
-9.486097, -0.179587
-18.582100, -3.643876
-3.687075, 29.729557

0.013893, 0.153225
-292.849804, 213.723861
0.784331, -0.254193
0.975603, 0.573960
1.446409, 0.809389
-0.040133, -5.048054
-9.479051, -0.341727
-18.558858, -3.756437
-3.777948, 29.717659

0.013686, 0.153540
-293.371070, 214.103224
0.788374, 0.295542
0.709219, 0.977832
1.239094, 1.145708
0.178906, -5.045653
-9.469241, -0.503725
-18.534935, -3.868855
-3.868785, 29.705480

0.013479, 0.153847
-293.892334, 214.482587
0.395992, 0.772605
0.304234, 1.217438
0.953618, 1.418740
0.397651, -5.034016
-9.456669, -0.665532
-18.510333, -3.981125
-3.959585, 29.693023

0.013273, 0.154147
-294.413596, 214.861948
-0.244809, 0.847820
-0.154975, 1.258680
0.608098, 1.610983
0.615713, -5.013167
-9.441338, -0.827102
-18.485052, -4.093244
-4.050347, 29.680286

0.013067, 0.154439
-294.934857, 215.241308
-0.726470, 0.495297
-0.584026, 1.101925
0.224411, 1.709749
0.832705, -4.983142
-9.423253, -0.988387
-18.459093, -4.205207
-4.141071, 29.667270

0.012860, 0.154724
-295.456117, 215.620667
-0.865730, -0.015046
-0.906808, 0.776532
-0.172940, 1.707957
1.048241, -4.943995
-9.402420, -1.149339
-18.432457, -4.317011
-4.231756, 29.653975

0.012653, 0.155000
-295.977375, 216.000025
-0.698447, -0.466162
-1.061544, 0.337512
-0.558157, 1.604720
1.261938, -4.895797
-9.378844, -1.309913
-18.405146, -4.428651
-4.322401, 29.640401

0.012447, 0.155267
-296.498631, 216.379382
-0.319967, -0.732804
-1.008675, -0.136788
-0.905643, 1.405650
1.473418, -4.838635
-9.352533, -1.470061
-18.377159, -4.540123
-4.413005, 29.626549

0.012240, 0.155525
-297.019886, 216.758738
0.155983, -0.739065
-0.742713, -0.550149
-1.191640, 1.122833
1.682304, -4.772609
-9.323493, -1.629737
-18.348499, -4.651423
-4.503567, 29.612418

0.012036, 0.155773
-297.541140, 217.138093
0.583625, -0.444670
-0.305726, -0.803663
-1.395924, 0.774354
1.888226, -4.697838
-9.291733, -1.788893
-18.319166, -4.762547
-4.594086, 29.598008

0.011834, 0.156011
-298.062392, 217.517447
0.760452, 0.113190
0.208212, -0.824858
-1.503425, 0.383351
2.090819, -4.614456
-9.257264, -1.947484
-18.289162, -4.873491
-4.684562, 29.583320

0.011636, 0.156241
-298.583643, 217.896799
0.493375, 0.696432
0.673111, -0.601092
-1.505615, -0.023458
2.289723, -4.522610
-9.220094, -2.105462
-18.258487, -4.984251
-4.774994, 29.568354

0.011443, 0.156462
-299.104892, 218.276151
-0.091318, 0.923509
0.975362, -0.191116
-1.401448, -0.417677
2.484585, -4.422463
-9.180234, -2.262782
-18.227142, -5.094822
-4.865380, 29.553109

0.011253, 0.156677
-299.626139, 218.655501
-0.620583, 0.736859
1.053626, 0.299618
-1.197698, -0.771437
2.675059, -4.314195
-9.137697, -2.419399
-18.195129, -5.205202
-4.955720, 29.537587

0.011067, 0.156884
-300.147385, 219.034850
-0.899591, 0.320407
0.908146, 0.759659
-0.908577, -1.059666
2.860809, -4.197997
-9.092494, -2.575265
-18.162450, -5.315385
-5.046013, 29.521787

0.010885, 0.157084
-300.668630, 219.414198
-0.891150, -0.147665
0.585021, 1.100327
-0.554628, -1.262153
3.041504, -4.074076
-9.044640, -2.730337
-18.129104, -5.425367
-5.136258, 29.505708

0.010707, 0.157277
-301.189873, 219.793546
-0.621439, -0.527476
0.155296, 1.265850
-0.161022, -1.365145
3.216825, -3.942651
-8.994147, -2.884567
-18.095094, -5.535145
-5.226455, 29.489353

0.010533, 0.157463
-301.711115, 220.172892
-0.156465, -0.695786
-0.300296, 1.233022
0.244530, -1.362308
3.386459, -3.803956
-8.941031, -3.037913
-18.060420, -5.644715
-5.316602, 29.472719

0.010364, 0.157641
-302.232355, 220.552237
0.372041, -0.539540
-0.700511, 1.008579
0.634004, -1.254978
3.550108, -3.658238
-8.885308, -3.190328
-18.025085, -5.754072
-5.406699, 29.455809

0.010200, 0.157813
-302.753594, 220.931581
0.713929, -0.023558
-0.970355, 0.628076
0.981144, -1.051741
3.707480, -3.505753
-8.826993, -3.341768
-17.989088, -5.863213
-5.496744, 29.438621

0.010042, 0.157977
-303.274831, 221.310924
0.597435, 0.610555
-1.049589, 0.156156
1.263245, -0.767479
3.858296, -3.346773
-8.766104, -3.492190
-17.952432, -5.972134
-5.586738, 29.421156

0.009891, 0.158137
-303.796067, 221.690266
0.120787, 0.967163
-0.906165, -0.315386
1.462495, -0.422036
4.002289, -3.181580
-8.702658, -3.641549
-17.915118, -6.080830
-5.676678, 29.403415

0.009744, 0.158291
-304.317302, 222.069607
-0.406771, 0.952326
-0.553888, -0.678975
1.566864, -0.038707
4.139205, -3.010467
-8.636675, -3.789802
-17.877148, -6.189297
-5.766565, 29.385396

0.009603, 0.158439
-304.838535, 222.448946
-0.789880, 0.662115
-0.064557, -0.838987
1.570561, 0.357349
4.268799, -2.833735
-8.568173, -3.936905
-17.838522, -6.297533
-5.856397, 29.367101

0.009468, 0.158581
-305.359766, 222.828285
-0.936080, 0.222650
0.443312, -0.749781
1.474112, 0.740631
4.390843, -2.651700
-8.497173, -4.082816
-17.799242, -6.405532
-5.946173, 29.348530

0.009340, 0.158718
-305.880997, 223.207623
-0.804566, -0.235636
0.844866, -0.437961
1.284140, 1.086735
4.505119, -2.464683
-8.423695, -4.227493
-17.759310, -6.513290
-6.035893, 29.329682

0.009218, 0.158849
-306.402226, 223.586960
-0.397993, -0.560656
1.053430, 0.011682
1.012882, 1.373652
4.611426, -2.273016
-8.347761, -4.370892
-17.718727, -6.620805
-6.125556, 29.310558

0.009104, 0.158975
-306.923453, 223.966295
0.188741, -0.567363
1.039392, 0.492691
0.677504, 1.582946
4.709574, -2.077038
-8.269394, -4.512973
-17.677495, -6.728071
-6.215161, 29.291158

0.008997, 0.159096
-307.444679, 224.345630
0.668273, -0.140577
0.822581, 0.908011
0.299201, 1.700774
4.799389, -1.877096
-8.188616, -4.653693
-17.635614, -6.835085
-6.304706, 29.271483

0.008900, 0.159213
-307.965904, 224.724964
0.713852, 0.483463
0.455354, 1.184858
-0.097888, 1.718765
4.880711, -1.673544
-8.105450, -4.793013
-17.593088, -6.941843
-6.394192, 29.251531

0.008811, 0.159328
-308.487127, 225.104296
0.382212, 0.933990
0.008392, 1.278505
-0.487983, 1.634682
4.953397, -1.466744
-8.019923, -4.930891
-17.549916, -7.048341
-6.483618, 29.231305

0.008730, 0.159441
-309.008349, 225.483628
-0.096207, 1.079992
-0.438488, 1.172554
-0.845151, 1.452830
5.017317, -1.257061
-7.932057, -5.067288
-17.506102, -7.154576
-6.572982, 29.210803

0.008657, 0.159552
-309.529569, 225.862959
-0.541641, 0.936635
-0.803038, 0.880113
-1.144967, 1.184114
5.072357, -1.044867
-7.841880, -5.202163
-17.461646, -7.260542
-6.662283, 29.190026

0.008591, 0.159661
-310.050788, 226.242288
-0.827729, 0.568253
-1.008871, 0.446787
-1.366254, 0.845656
5.118419, -0.830538
-7.749418, -5.335478
-17.416550, -7.366238
-6.751522, 29.168974

0.008531, 0.159770
-310.572006, 226.621617
-0.854556, 0.073192
-0.999417, -0.047283
-1.492778, 0.459914
5.155421, -0.614454
-7.654697, -5.467194
-17.370816, -7.471657
-6.840696, 29.147648

0.008478, 0.159876
-311.093222, 227.000945
-0.550790, -0.388721
-0.758663, -0.493833
-1.514709, 0.053260
5.183297, -0.396996
-7.557746, -5.597272
-17.324446, -7.576798
-6.929806, 29.126047

0.008432, 0.159979
-311.614437, 227.380271
0.043764, -0.565395
-0.330577, -0.780759
-1.429669, -0.345909
5.201996, -0.178552
-7.458592, -5.725675
-17.277440, -7.681655
-7.018850, 29.104171

0.008393, 0.160080
-312.135651, 227.759597
0.615261, -0.268624
0.182282, -0.832468
-1.243148, -0.709382
5.211485, 0.040493
-7.357266, -5.852365
-17.229802, -7.786226
-7.107827, 29.082022

0.008364, 0.160178
-312.656863, 228.138922
0.816909, 0.289423
0.652662, -0.641658
-0.968211, -1.011435
5.211747, 0.259750
-7.253796, -5.977307
-17.181533, -7.890505
-7.196737, 29.059599

0.008344, 0.160276
-313.178074, 228.518245
0.650358, 0.788610
0.975053, -0.266659
-0.624463, -1.230941
5.202780, 0.478830
-7.148213, -6.100462
-17.132634, -7.994490
-7.285578, 29.036901

0.008334, 0.160374
-313.699284, 228.897568
0.262415, 1.071109
1.092683, 0.198778
-0.236398, -1.353025
5.184598, 0.697345
-7.040549, -6.221797
-17.083107, -8.098177
-7.374350, 29.013931

0.008332, 0.160473
-314.220492, 229.276890
-0.200666, 1.084250
0.998107, 0.656701
0.168654, -1.370101
5.157235, 0.914907
-6.930833, -6.341275
-17.032955, -8.201562
-7.463053, 28.990687

0.008339, 0.160573
-314.741699, 229.656210
-0.602240, 0.825565
0.721240, 1.023225
0.562716, -1.282190
5.120737, 1.131130
-6.819099, -6.458862
-16.982179, -8.304640
-7.551684, 28.967170

0.008354, 0.160676
-315.262904, 230.035530
-0.796349, 0.340936
0.317222, 1.235875
0.919249, -1.096587
5.075168, 1.345632
-6.705380, -6.574525
-16.930780, -8.407409
-7.640244, 28.943379

0.008377, 0.160781
-315.784109, 230.414849
-0.631719, -0.224052
-0.141942, 1.256523
1.214939, -0.826991
5.020608, 1.558030
-6.589708, -6.688229
-16.878762, -8.509865
-7.728732, 28.919317

0.008406, 0.160888
-316.305312, 230.794167
-0.082981, -0.558112
-0.573320, 1.074692
1.431081, -0.492258
4.957153, 1.767949
-6.472117, -6.799941
-16.826125, -8.612003
-7.817146, 28.894981

0.008443, 0.160996
-316.826513, 231.173484
0.525769, -0.420060
-0.890281, 0.713140
1.554522, -0.114953
4.884916, 1.975016
-6.352642, -6.909630
-16.772873, -8.713821
-7.905486, 28.870374

0.008487, 0.161106
-317.347713, 231.552799
0.859865, 0.026494
-1.015777, 0.233963
1.578193, 0.280168
4.804022, 2.178862
-6.231318, -7.017263
-16.719006, -8.815314
-7.993751, 28.845494

0.008539, 0.161219
-317.868912, 231.932114
0.861610, 0.525603
-0.904767, -0.262035
1.501286, 0.667667
4.714615, 2.379126
-6.108180, -7.122810
-16.664526, -8.916478
-8.081940, 28.820343

0.008599, 0.161335
-318.390110, 232.311428
0.596192, 0.910595
-0.569898, -0.654290
1.329113, 1.022848
4.616852, 2.575453
-5.983264, -7.226240
-16.609437, -9.017311
-8.170052, 28.794920

0.008665, 0.161455
-318.911306, 232.690741
0.160627, 1.078618
-0.090379, -0.842606
1.072731, 1.323088
4.510907, 2.767492
-5.856607, -7.327524
-16.553739, -9.117807
-8.258087, 28.769225

0.008739, 0.161578
-319.432501, 233.070054
-0.322210, 0.961276
0.413254, -0.786514
0.748316, 1.549047
4.396965, 2.954904
-5.728246, -7.426631
-16.497435, -9.217965
-8.346044, 28.743259

0.008820, 0.161706
-319.953695, 233.449365
-0.677412, 0.535544
0.824556, -0.513999
0.376345, 1.685768
4.275230, 3.137353
-5.598218, -7.523534
-16.440527, -9.317780
-8.433921, 28.717023

0.008908, 0.161838
-320.474888, 233.828675
-0.673105, -0.086032
1.064270, -0.099341
-0.019458, 1.723612
4.145916, 3.314517
-5.466561, -7.618204
-16.383018, -9.417247
-8.521718, 28.690516

0.009001, 0.161975
-320.996079, 234.207984
-0.222587, -0.545436
1.098681, 0.366134
-0.413390, 1.659014
4.009251, 3.486080
-5.333313, -7.710615
-16.324908, -9.516365
-8.609434, 28.663738

0.009101, 0.162115
-321.517269, 234.587293
0.368320, -0.576016
0.933174, 0.794162
-0.779255, 1.494977
3.865479, 3.651735
-5.198515, -7.800740
-16.266201, -9.615129
-8.697068, 28.636690

0.009208, 0.162260
-322.038457, 234.966600
0.796890, -0.273008
0.603045, 1.109593
-1.092037, 1.241212
3.714853, 3.811189
-5.062204, -7.888552
-16.206899, -9.713535
-8.784620, 28.609372

0.009322, 0.162411
-322.559645, 235.345906
0.955292, 0.179303
0.166708, 1.255585
-1.329682, 0.913840
3.557640, 3.964158
-4.924420, -7.974027
-16.147003, -9.811580
-8.872089, 28.581784

0.009442, 0.162568
-323.080831, 235.725212
0.834459, 0.626637
-0.298825, 1.198725
-1.474847, 0.534577
3.394120, 4.110368
-4.785205, -8.057140
-16.086517, -9.909261
-8.959473, 28.553927

0.009567, 0.162733
-323.602016, 236.104517
0.470452, 0.937193
-0.703349, 0.936830
-1.516440, 0.129359
3.224582, 4.249559
-4.644598, -8.137868
-16.025441, -10.006573
-9.046772, 28.525800

0.009698, 0.162904
-324.123199, 236.483820
-0.050959, 0.983248
-0.954941, 0.508893
-1.450749, -0.273508
3.049327, 4.381482
-4.502640, -8.216187
-15.963780, -10.103514
-9.133985, 28.497405

0.009833, 0.163083
-324.644382, 236.863123
-0.545118, 0.660845
-0.982463, 0.000594
-1.281957, -0.645564
2.868666, 4.505903
-4.359373, -8.292074
-15.901534, -10.200079
-9.221111, 28.468741

0.009970, 0.163270
-325.165563, 237.242425
-0.704392, 0.038077
-0.765963, -0.467741
-1.021925, -0.960503
2.682920, 4.622599
-4.214838, -8.365508
-15.838706, -10.296266
-9.308150, 28.439808

0.010110, 0.163463
-325.686742, 237.621726
-0.395501, -0.502643
-0.355548, -0.778376
-0.689247, -1.196324
2.492418, 4.731362
-4.069078, -8.436469
-15.775299, -10.392071
-9.395100, 28.410607

0.010253, 0.163661
-326.207921, 238.001026
0.127172, -0.692296
0.143507, -0.860687
-0.307661, -1.337055
2.297500, 4.831997
-3.922135, -8.504935
-15.711314, -10.487489
-9.481961, 28.381138

0.010400, 0.163865
-326.729098, 238.380325
0.604516, -0.550081
0.612338, -0.710638
0.095945, -1.373848
2.098512, 4.924325
-3.774052, -8.570888
-15.646755, -10.582519
-9.568732, 28.351401

0.010551, 0.164075
-327.250274, 238.759623
0.896497, -0.185136
0.955405, -0.377848
0.493698, -1.305397
1.895807, 5.008180
-3.624872, -8.634308
-15.581624, -10.677156
-9.655412, 28.321397

0.010705, 0.164292
-327.771449, 239.138921
0.932010, 0.280892
1.115683, 0.059801
0.858819, -1.137686
1.689746, 5.083412
-3.474638, -8.695178
-15.515922, -10.771397
-9.742001, 28.291126

0.010864, 0.164516
-328.292623, 239.518217
0.679935, 0.710525
1.073919, 0.516569
1.167424, -0.883209
1.480696, 5.149886
-3.323393, -8.753480
-15.449653, -10.865238
-9.828496, 28.260588

0.011026, 0.164749
-328.813795, 239.897513
0.168151, 0.928222
0.842902, 0.910676
1.399951, -0.559807
1.269028, 5.207484
-3.171183, -8.809197
-15.382819, -10.958676
-9.914899, 28.229783

0.011191, 0.164992
-329.334966, 240.276808
-0.426571, 0.742908
0.462793, 1.171106
1.542157, -0.189281
1.055120, 5.256100
-3.018051, -8.862315
-15.315423, -11.051708
-10.001207, 28.198712

0.011356, 0.165243
-329.856136, 240.656101
-0.734102, 0.178469
-0.001489, 1.244018
1.585728, 0.204077
0.839353, 5.295650
-2.864041, -8.912817
-15.247466, -11.144330
-10.087420, 28.167375

0.011522, 0.165503
-330.377305, 241.035394
-0.591966, -0.393941
-0.463212, 1.102166
1.528528, 0.594958
0.622111, 5.326059
-2.709199, -8.960690
-15.178952, -11.236539
-10.173537, 28.135772

0.011688, 0.165772
-330.898473, 241.414686
-0.179085, -0.715360
-0.822438, 0.758102
1.374554, 0.958453
0.403781, 5.347275
-2.553569, -9.005920
-15.109883, -11.328332
-10.259557, 28.103903

0.011853, 0.166048
-331.419639, 241.793977
0.298882, -0.736156
-0.986907, 0.275748
1.133639, 1.271394
0.184752, 5.359259
-2.397196, -9.048495
-15.040261, -11.419705
-10.345480, 28.071770

0.012018, 0.166331
-331.940804, 242.173268
0.692292, -0.491166
-0.905220, -0.233635
0.820922, 1.513600
-0.034585, 5.361987
-2.240126, -9.088402
-14.970090, -11.510655
-10.431305, 28.039371

0.012182, 0.166622
-332.461968, 242.552557
0.884869, -0.052061
-0.594668, -0.643214
0.456089, 1.669025
-0.253839, 5.355455
-2.082404, -9.125631
-14.899371, -11.601178
-10.517030, 28.006708

0.012346, 0.166920
-332.983131, 242.931846
0.777837, 0.462128
-0.137728, -0.857434
0.062390, 1.726778
-0.472619, 5.339674
-1.924077, -9.160170
-14.828108, -11.691272
-10.602655, 27.973780

0.012510, 0.167226
-333.504292, 243.311133
0.324274, 0.842688
0.353023, -0.840865
-0.334604, 1.681959
-0.690534, 5.314671
-1.765189, -9.192011
-14.756303, -11.780933
-10.688180, 27.940588

0.012673, 0.167540
-334.025452, 243.690420
-0.318592, 0.813122
0.773110, -0.615092
-0.708475, 1.536249
-0.907196, 5.280491
-1.605787, -9.221144
-14.683958, -11.870158
-10.773603, 27.907133

0.012834, 0.167863
-334.546612, 244.069706
-0.744688, 0.361114
1.046891, -0.238740
-1.033656, 1.298142
-1.122218, 5.237193
-1.445918, -9.247562
-14.611077, -11.958943
-10.858923, 27.873414

0.012993, 0.168194
-335.067770, 244.448991
-0.774438, -0.191997
1.132219, 0.211719
-1.287254, 0.982735
-1.335216, 5.184855
-1.285626, -9.271258
-14.537662, -12.047286
-10.944140, 27.839432

0.013149, 0.168532
-335.588926, 244.828275
-0.500976, -0.606403
1.018421, 0.654440
-1.450855, 0.610961
-1.545809, 5.123569
-1.124960, -9.292224
-14.463716, -12.135183
-11.029254, 27.805187

0.013303, 0.168877
-336.110082, 245.207559
-0.067708, -0.779926
0.724070, 1.009899
-1.512146, 0.208280
-1.753622, 5.053445
-0.963965, -9.310456
-14.389241, -12.222631
-11.114262, 27.770679

0.013453, 0.169230
-336.631236, 245.586841
0.389013, -0.678747
0.296625, 1.207888
-1.466109, -0.197165
-1.958283, 4.974607
-0.802687, -9.325948
-14.314241, -12.309626
-11.199164, 27.735910

0.013601, 0.169590
-337.152390, 245.966123
0.728028, -0.311799
-0.187564, 1.197778
-1.315624, -0.576736
-2.159426, 4.887196
-0.641174, -9.338696
-14.238718, -12.396166
-11.283960, 27.700878

0.013745, 0.169958
-337.673542, 246.345404
0.787678, 0.243390
-0.628026, 0.964155
-1.071335, -0.903631
-2.356692, 4.791368
-0.479472, -9.348698
-14.162675, -12.482248
-11.368649, 27.665585

0.013886, 0.170333
-338.194693, 246.724684
0.435515, 0.759513
-0.917788, 0.544043
-0.750774, -1.155055
-2.549728, 4.687293
-0.317628, -9.355950
-14.086114, -12.567868
-11.453230, 27.630031

0.014023, 0.170717
-338.715843, 247.103963
-0.193829, 0.888323
-0.977291, 0.031579
-0.376857, -1.313986
-2.738190, 4.575158
-0.155689, -9.360451
-14.009039, -12.653024
-11.537701, 27.594215

0.014153, 0.171108
-339.236991, 247.483241
-0.698569, 0.586925
-0.789733, -0.446198
0.024062, -1.370346
-2.921740, 4.455162
0.006300, -9.362200
-13.931453, -12.737712
-11.622063, 27.558139

0.014277, 0.171505
-339.758139, 247.862518
-0.886170, 0.100506
-0.409164, -0.775752
0.424300, -1.321493
-3.100051, 4.327521
0.168290, -9.361198
-13.853358, -12.821928
-11.706314, 27.521803

0.014395, 0.171908
-340.279285, 248.241795
-0.768293, -0.361817
0.066168, -0.893305
0.796917, -1.172070
-3.272803, 4.192462
0.330235, -9.357444
-13.774757, -12.905671
-11.790454, 27.485207

0.014507, 0.172316
-340.800430, 248.621071
-0.420274, -0.667195
0.530824, -0.791304
1.117519, -0.933316
-3.439688, 4.050226
0.492089, -9.350940
-13.695653, -12.988937
-11.874482, 27.448351

0.014613, 0.172729
-341.321575, 249.000346
0.056372, -0.724198
0.896684, -0.504920
1.365724, -0.621995
-3.600408, 3.901067
0.653805, -9.341689
-13.616049, -13.071723
-11.958397, 27.411236

0.014713, 0.173146
-341.842718, 249.379620
0.518592, -0.471445
1.102305, -0.095434
1.526221, -0.259086
-3.754674, 3.745254
0.815336, -9.329694
-13.535948, -13.154027
-12.042198, 27.373862

0.014808, 0.173568
-342.363859, 249.758893
0.750801, 0.075554
1.114526, 0.361813
1.589455, 0.131638
-3.902211, 3.583063
0.976636, -9.314959
-13.455353, -13.235844
-12.125884, 27.336229

0.014898, 0.173994
-342.885000, 250.138166
0.533494, 0.682421
0.928786, 0.785176
1.551961, 0.525047
-4.042756, 3.414785
1.137658, -9.297487
-13.374267, -13.317172
-12.209455, 27.298339

0.014983, 0.174427
-343.406140, 250.517437
-0.022277, 0.957468
0.571112, 1.093564
1.416413, 0.896066
-4.176057, 3.240722
1.298357, -9.277286
-13.292693, -13.398009
-12.292910, 27.260190

0.015060, 0.174865
-343.927278, 250.896708
-0.558720, 0.826172
0.101290, 1.216617
1.191408, 1.221027
-4.301876, 3.061184
1.458684, -9.254360
-13.210634, -13.478350
-12.376248, 27.221784

0.015131, 0.175309
-344.448415, 251.275978
-0.875829, 0.445902
-0.387416, 1.111659
0.891014, 1.478950
-4.419987, 2.876493
1.618596, -9.228718
-13.128093, -13.558194
-12.459468, 27.183120

0.015192, 0.175758
-344.969552, 251.655247
-0.917050, -0.018153
-0.781082, 0.785608
0.534090, 1.652748
-4.530181, 2.686980
1.778045, -9.200366
-13.045073, -13.637538
-12.542569, 27.144200

0.015245, 0.176210
-345.490687, 252.034516
-0.688326, -0.426049
-0.977461, 0.308454
0.143344, 1.730304
-4.632260, 2.492983
1.936986, -9.169314
-12.961577, -13.716378
-12.625551, 27.105023

0.015289, 0.176665
-346.011821, 252.413783
-0.238187, -0.644400
-0.926770, -0.201610
-0.255858, 1.705396
-4.726042, 2.294849
2.095373, -9.135570
-12.877608, -13.794712
-12.708413, 27.065590

0.015324, 0.177122
-346.532954, 252.793050
0.311815, -0.539242
-0.650973, -0.621276
-0.636959, 1.578372
-4.811359, 2.092934
2.253161, -9.099146
-12.793169, -13.872537
-12.791154, 27.025902

0.015351, 0.177581
-347.054086, 253.172316
0.702755, -0.049782
-0.227056, -0.863443
-0.973910, 1.356475
-4.888060, 1.887598
2.410304, -9.060051
-12.708264, -13.949850
-12.873774, 26.985957

0.015371, 0.178040
-347.575216, 253.551581
0.640913, 0.589438
0.246479, -0.892489
-1.243024, 1.053722
-4.956006, 1.679209
2.566757, -9.018298
-12.622896, -14.026648
-12.956270, 26.945758

0.015383, 0.178501
-348.096346, 253.930846
0.206436, 0.983594
0.676026, -0.717795
-1.424847, 0.690217
-5.015078, 1.468140
2.722476, -8.973899
-12.537067, -14.102929
-13.038644, 26.905305

0.015387, 0.178964
-348.617474, 254.310109
-0.312357, 1.022479
0.985925, -0.380782
-1.505848, 0.290886
-5.065171, 1.254769
2.877416, -8.926867
-12.450781, -14.178690
-13.120893, 26.864597

0.015384, 0.179428
-349.138602, 254.689372
-0.720599, 0.776814
1.123292, 0.055734
-1.479705, -0.116325
-5.106194, 1.039477
3.031531, -8.877217
-12.364041, -14.253927
-13.203017, 26.823635

0.015371, 0.179894
-349.659728, 255.068634
-0.912829, 0.355806
1.060732, 0.514571
-1.347993, -0.502645
-5.138075, 0.822649
3.184779, -8.824962
-12.276850, -14.328639
-13.285016, 26.782419

0.015351, 0.180360
-350.180854, 255.447895
-0.829860, -0.117360
0.800540, 0.910137
-1.120128, -0.840816
-5.160759, 0.604674
3.337115, -8.770118
-12.189212, -14.402823
-13.366888, 26.740951

0.015321, 0.180826
-350.701978, 255.827156
-0.453261, -0.487091
0.380982, 1.157588
-0.812567, -1.107300
-5.174204, 0.385941
3.488496, -8.712702
-12.101130, -14.476475
-13.448632, 26.699230

0.015282, 0.181292
-351.223101, 256.206415
0.139016, -0.549380
-0.119161, 1.189798
-0.447368, -1.284083
-5.178387, 0.166842
3.638878, -8.652730
-12.012606, -14.549594
-13.530249, 26.657256

0.015235, 0.181757
-351.744223, 256.585674
0.655280, -0.162842
-0.587399, 0.982613
-0.050302, -1.359906
-5.173302, -0.052232
3.788218, -8.590219
-11.923645, -14.622176
-13.611737, 26.615030

0.015180, 0.182220
-352.265344, 256.964932
0.754955, 0.447981
-0.906009, 0.576568
0.351216, -1.330824
-5.158959, -0.270888
3.936474, -8.525190
-11.834249, -14.694220
-13.693095, 26.572553

0.015117, 0.182683
-352.786464, 257.344190
0.473851, 0.922011
-0.995743, 0.072535
0.730164, -1.200146
-5.135383, -0.488736
4.083603, -8.457659
-11.744421, -14.765722
-13.774323, 26.529824

0.015045, 0.183144
-353.307583, 257.723446
0.018631, 1.115434
-0.845126, -0.405309
1.061723, -0.977838
-5.102618, -0.705387
4.229563, -8.387648
-11.654166, -14.836679
-13.855420, 26.486845

0.014964, 0.183603
-353.828701, 258.102702
-0.437703, 1.021226
-0.504555, -0.753196
1.324766, -0.679537
-5.060723, -0.920453
4.374312, -8.315176
-11.563487, -14.907090
-13.936384, 26.443616

0.014874, 0.184060
-354.349817, 258.481957
-0.762930, 0.684397
-0.058333, -0.910554
1.502965, -0.325332
-5.009774, -1.133550
4.517809, -8.240265
-11.472386, -14.976952
-14.017216, 26.400136

0.014775, 0.184513
-354.870933, 258.861211
-0.842345, 0.189432
0.401741, -0.860655
1.585551, 0.061600
-4.949862, -1.344298
4.660014, -8.162936
-11.380867, -15.046262
-14.097914, 26.356407

0.014667, 0.184963
-355.392048, 259.240465
-0.581491, -0.307491
0.791925, -0.622011
1.567731, 0.456386
-4.881096, -1.552319
4.800884, -8.083213
-11.288933, -15.115018
-14.178478, 26.312428

0.014552, 0.185408
-355.913161, 259.619718
0.001712, -0.538133
1.043947, -0.239932
1.450832, 0.833854
-4.803599, -1.757242
4.940381, -8.001118
-11.196588, -15.183217
-14.258907, 26.268201

0.014428, 0.185848
-356.434274, 259.998970
0.593377, -0.291459
1.109715, 0.219101
1.242176, 1.169896
-4.717510, -1.958702
5.078465, -7.916676
-11.103836, -15.250857
-14.339200, 26.223725

0.014299, 0.186282
-356.955385, 260.378221
0.842416, 0.237682
0.967370, 0.671812
0.954720, 1.442778
-4.622984, -2.156338
5.215095, -7.829911
-11.010679, -15.317935
-14.419357, 26.179002

0.014164, 0.186713
-357.476496, 260.757471
0.728997, 0.744326
0.630314, 1.025327
0.606444, 1.634399
-4.520190, -2.349799
5.350234, -7.740847
-10.917121, -15.384449
-14.499376, 26.134030

0.014023, 0.187139
-357.997605, 261.136721
0.375741, 1.063893
0.156566, 1.192789
0.219471, 1.731438
-4.409314, -2.538738
5.483842, -7.649512
-10.823165, -15.450397
-14.579256, 26.088812

0.013874, 0.187562
-358.518714, 261.515970
-0.083525, 1.126547
-0.351188, 1.120309
-0.181089, 1.726364
-4.290553, -2.722819
5.615882, -7.555931
-10.728816, -15.515776
-14.658998, 26.043347

0.013719, 0.187980
-359.039821, 261.895218
-0.513862, 0.910166
-0.768121, 0.815783
-0.568593, 1.618195
-4.164121, -2.901714
5.746316, -7.460132
-10.634076, -15.580584
-14.738600, 25.997636

0.013556, 0.188393
-359.560927, 262.274466
-0.759849, 0.441403
-0.991168, 0.355566
-0.916567, 1.412918
-4.030244, -3.075104
5.875106, -7.362142
-10.538948, -15.644818
-14.818062, 25.951679

0.013384, 0.188801
-360.082033, 262.653712
-0.647020, -0.144760
-0.976497, -0.144209
-1.200595, 1.123440
-3.889162, -3.242680
6.002217, -7.261991
-10.443437, -15.708477
-14.897382, 25.905476

0.013205, 0.189202
-360.603137, 263.032958
-0.126548, -0.525030
-0.744594, -0.570913
-1.400235, 0.768980
-3.741126, -3.404142
6.127612, -7.159706
-10.347546, -15.771557
-14.976561, 25.859028

0.013020, 0.189594
-361.124240, 263.412203
0.484551, -0.442088
-0.359486, -0.843946
-1.500778, 0.373860
-3.586403, -3.559205
6.251256, -7.055317
-10.251278, -15.834057
-15.055596, 25.812336

0.012829, 0.189978
-361.645343, 263.791448
0.854969, -0.036735
0.095844, -0.922127
-1.494612, -0.034261
-3.425268, -3.707590
6.373112, -6.948855
-10.154637, -15.895975
-15.134488, 25.765400

0.012633, 0.190354
-362.166444, 264.170692
0.907992, 0.454056
0.536201, -0.799854
-1.381988, -0.426557
-3.258011, -3.849036
6.493147, -6.840351
-10.057626, -15.957308
-15.213236, 25.718219

0.012433, 0.190722
-362.687544, 264.549935
0.685743, 0.863769
0.883412, -0.501436
-1.171058, -0.775380
-3.084928, -3.983289
6.611327, -6.729835
-9.960249, -16.018054
-15.291839, 25.670796

0.012230, 0.191083
-363.208644, 264.929177
0.268407, 1.078469
1.072481, -0.077355
-0.877160, -1.056483
-2.906331, -4.110111
6.727618, -6.617340
-9.862510, -16.078211
-15.370295, 25.623130

0.012023, 0.191436
-363.729742, 265.308418
-0.230213, 1.011605
1.058941, 0.398017
-0.521450, -1.250882
-2.722538, -4.229276
6.841986, -6.502898
-9.764411, -16.137777
-15.448606, 25.575221

0.011812, 0.191782
-364.250839, 265.687659
-0.632012, 0.616903
0.830005, 0.830880
-0.129076, -1.346147
-2.533877, -4.340573
6.954401, -6.386542
-9.665958, -16.196749
-15.526769, 25.527070

0.011597, 0.192121
-364.771935, 266.066899
-0.683324, -0.009237
0.418282, 1.120965
0.272850, -1.337043
-2.340684, -4.443804
7.064828, -6.268305
-9.567153, -16.255126
-15.604783, 25.478678

0.011378, 0.192451
-365.293031, 266.446139
-0.275918, -0.502470
-0.090969, 1.188301
0.657274, -1.225553
-2.143305, -4.538786
7.173238, -6.148223
-9.467999, -16.312906
-15.682649, 25.430045

0.011155, 0.192773
-365.814125, 266.825377
0.300402, -0.587131
-0.574718, 1.007484
0.999007, -1.020367
-1.942091, -4.625349
7.279600, -6.026329
-9.368501, -16.370086
-15.760366, 25.381171

0.010929, 0.193086
-366.335218, 267.204615
0.751075, -0.333033
-0.913526, 0.625102
1.276237, -0.735985
-1.737402, -4.703342
7.383883, -5.902658
-9.268662, -16.426664
-15.837932, 25.332057

0.010701, 0.193390
-366.856311, 267.583853
0.954641, 0.096704
-1.034818, 0.141062
1.471684, -0.391565
-1.529602, -4.772624
7.486058, -5.777246
-9.168486, -16.482639
-15.915347, 25.282704

0.010471, 0.193685
-367.377402, 267.963089
0.881986, 0.554726
-0.928262, -0.331584
1.573416, -0.009631
-1.319061, -4.833074
7.586095, -5.650130
-9.067977, -16.538008
-15.992610, 25.233111

0.010239, 0.193970
-367.898492, 268.342325
0.549786, 0.905220
-0.633163, -0.698743
1.575346, 0.385278
-1.106155, -4.884585
7.683968, -5.521345
-8.967137, -16.592770
-16.069720, 25.183279

0.010007, 0.194247
-368.419582, 268.721560
0.028004, 1.005796
-0.217351, -0.898426
1.477459, 0.767980
-0.891263, -4.927065
7.779647, -5.390928
-8.865972, -16.646922
-16.146678, 25.133209

0.009773, 0.194515
-368.940670, 269.100794
-0.502190, 0.727057
0.239345, -0.901629
1.285782, 1.114007
-0.674768, -4.960439
7.873106, -5.258918
-8.764484, -16.700463
-16.223481, 25.082901

0.009538, 0.194774
-369.461758, 269.480028
-0.714888, 0.118052
0.655180, -0.709755
1.012110, 1.400942
-0.457055, -4.984649
7.964318, -5.125352
-8.662677, -16.753390
-16.300129, 25.032356

0.009302, 0.195023
-369.982844, 269.859261
-0.459109, -0.441348
0.953409, -0.353133
0.673475, 1.609718
-0.238511, -4.999652
8.053258, -4.990268
-8.560556, -16.805703
-16.376622, 24.981574

0.009066, 0.195262
-370.503930, 270.238493
0.034026, -0.678296
1.070231, 0.108802
0.291342, 1.725836
-0.019526, -5.005422
8.139900, -4.853706
-8.458123, -16.857399
-16.452959, 24.930555

0.008832, 0.195490
-371.025014, 270.617725
0.517813, -0.588048
0.967233, 0.588639
-0.109509, 1.740454
0.199511, -5.001950
8.224220, -4.715703
-8.355382, -16.908475
-16.529138, 24.879300

0.008599, 0.195709
-371.546098, 270.996955
0.845600, -0.257661
0.648695, 0.980050
-0.502407, 1.651243
0.418210, -4.989241
8.306193, -4.576301
-8.252338, -16.958932
-16.605160, 24.827810

0.008369, 0.195920
-372.067180, 271.376186
0.930786, 0.204122
0.175932, 1.182473
-0.860502, 1.462903
0.636182, -4.967319
8.385798, -4.435539
-8.148994, -17.008766
-16.681023, 24.776085

0.008142, 0.196122
-372.588262, 271.755415
0.722183, 0.663284
-0.338635, 1.138756
-1.158689, 1.187200
0.853040, -4.936224
8.463011, -4.293456
-8.045353, -17.057976
-16.756727, 24.724125

0.007917, 0.196316
-373.109343, 272.134644
0.226252, 0.934452
-0.767639, 0.862454
-1.375572, 0.842439
1.068399, -4.896010
8.537811, -4.150095
-7.941421, -17.106560
-16.832271, 24.671932

0.007694, 0.196502
-373.630423, 272.513872
-0.389357, 0.801012
-1.015199, 0.430303
-1.495297, 0.452298
1.281874, -4.846751
8.610175, -4.005496
-7.837199, -17.154516
-16.907654, 24.619505

0.007473, 0.196681
-374.151501, 272.893099
-0.742583, 0.268089
-1.041392, -0.052451
-1.508985, 0.044106
1.493088, -4.788534
8.680085, -3.859700
-7.732693, -17.201844
-16.982876, 24.566844

0.007253, 0.196851
-374.672579, 273.272326
-0.657405, -0.306582
-0.858288, -0.485499
-1.415583, -0.353319
1.701665, -4.721462
8.747520, -3.712749
-7.627906, -17.248540
-17.057936, 24.513951

0.007036, 0.197011
-375.193656, 273.651552
-0.285573, -0.664147
-0.513555, -0.791137
-1.221973, -0.712008
1.907233, -4.645656
8.812461, -3.564685
-7.522842, -17.294605
-17.132833, 24.460827

0.006821, 0.197161
-375.714732, 274.030777
0.183485, -0.735575
-0.075395, -0.919474
-0.942341, -1.007086
2.109429, -4.561249
8.874889, -3.415551
-7.417504, -17.340035
-17.207566, 24.407470

0.006612, 0.197302
-376.235807, 274.410002
0.600920, -0.534458
0.377421, -0.848937
-0.596879, -1.218661
2.307892, -4.468393
8.934787, -3.265390
-7.311897, -17.384829
-17.282135, 24.353882

0.006407, 0.197433
-376.756881, 274.789226
0.841006, -0.114988
0.762464, -0.587163
-0.210033, -1.333171
2.502271, -4.367252
8.992139, -3.114243
-7.206025, -17.428987
-17.356539, 24.300064

0.006209, 0.197556
-377.277955, 275.168449
0.786278, 0.414829
1.001398, -0.173766
0.191472, -1.344102
2.692220, -4.258007
9.046927, -2.962155
-7.099891, -17.472505
-17.430778, 24.246016

0.006017, 0.197671
-377.799027, 275.547672
0.364272, 0.842337
1.032740, 0.317078
0.580618, -1.252096
2.877402, -4.140851
9.099137, -2.809168
-6.993499, -17.515383
-17.504850, 24.191738

0.005832, 0.197779
-378.320098, 275.926894
-0.280985, 0.868094
0.831662, 0.780882
0.931899, -1.064539
3.057489, -4.015992
9.148753, -2.655327
-6.886853, -17.557620
-17.578754, 24.137231

0.005654, 0.197881
-378.841169, 276.306115
-0.741232, 0.461473
0.430762, 1.103585
1.222859, -0.794757
3.232159, -3.883653
9.195761, -2.500676
-6.779957, -17.599213
-17.652491, 24.082496

0.005480, 0.197977
-379.362238, 276.685336
-0.825668, -0.077783
-0.076250, 1.200199
1.435293, -0.460943
3.401105, -3.744068
9.240149, -2.345258
-6.672815, -17.640162
-17.726059, 24.027532

0.005313, 0.198067
-379.883307, 277.064555
-0.600675, -0.514383
-0.563160, 1.050378
1.556129, -0.084926
3.564024, -3.597485
9.281903, -2.189119
-6.565431, -17.680464
-17.799458, 23.972341

0.005152, 0.198150
-380.404375, 277.443775
-0.190520, -0.733304
-0.917901, 0.702396
1.578009, 0.309136
3.720629, -3.444165
9.321011, -2.032302
-6.457809, -17.720119
-17.872687, 23.916923

0.004996, 0.198227
-380.925441, 277.822993
0.276380, -0.682155
-1.074319, 0.246072
1.499591, 0.696109
3.870641, -3.284380
9.357463, -1.874852
-6.349952, -17.759125
-17.945745, 23.861278

0.004848, 0.198296
-381.446507, 278.202211
0.656519, -0.349523
-1.016754, -0.219741
1.325605, 1.051235
4.013795, -3.118412
9.391248, -1.716815
-6.241865, -17.797481
-18.018631, 23.805408

0.004708, 0.198359
-381.967572, 278.581428
0.772636, 0.205057
-0.769283, -0.607852
1.066665, 1.351484
4.149835, -2.946558
9.422357, -1.558235
-6.133551, -17.835185
-18.091346, 23.749312

0.004575, 0.198417
-382.488636, 278.960645
0.464875, 0.755932
-0.383189, -0.851580
0.738814, 1.576894
4.278521, -2.769121
9.450779, -1.399157
-6.025015, -17.872237
-18.163887, 23.692991

0.004452, 0.198469
-383.009699, 279.339861
-0.147390, 0.937977
0.072044, -0.908123
0.362787, 1.711840
4.399624, -2.586417
9.476508, -1.239628
-5.916261, -17.908634
-18.236256, 23.636446

0.004336, 0.198517
-383.530762, 279.719076
-0.671421, 0.690328
0.514887, -0.761651
-0.037050, 1.746199
4.512930, -2.398771
9.499536, -1.079692
-5.807292, -17.944375
-18.308449, 23.579676

0.004228, 0.198561
-384.051823, 280.098291
-0.906074, 0.232074
0.858492, -0.428528
-0.434094, 1.676296
4.618236, -2.206513
9.519856, -0.919394
-5.698112, -17.979461
-18.380468, 23.522684

0.004129, 0.198600
-384.572883, 280.477505
-0.839636, -0.237269
1.022655, 0.036322
-0.801209, 1.505505
4.715356, -2.009987
9.537462, -0.758782
-5.588726, -18.013888
-18.452312, 23.465468

0.004039, 0.198634
-385.093943, 280.856718
-0.526923, -0.579397
0.954735, 0.538144
-1.112665, 1.244396
4.804119, -1.809541
9.552349, -0.597900
-5.479136, -18.047656
-18.523978, 23.408031

0.003957, 0.198665
-385.615002, 281.235931
-0.055370, -0.688789
0.655798, 0.957456
-1.346154, 0.910276
4.884365, -1.605530
9.564513, -0.436793
-5.369349, -18.080764
-18.595468, 23.350372

0.003886, 0.198693
-386.136059, 281.615143
0.437271, -0.482869
0.194072, 1.187252
-1.484687, 0.526108
4.955953, -1.398316
9.573949, -0.275509
-5.259367, -18.113210
-18.666781, 23.292491

0.003823, 0.198718
-386.657116, 281.994354
0.724291, 0.046439
-0.314252, 1.174798
-1.518108, 0.118820
5.018755, -1.188268
9.580656, -0.114093
-5.149194, -18.144994
-18.737914, 23.234390

0.003771, 0.198741
-387.178172, 282.373565
0.560256, 0.671081
-0.749072, 0.936800
-1.444037, -0.282827
5.072661, -0.975757
9.584630, 0.047410
-5.038834, -18.176115
-18.808869, 23.176069

0.003729, 0.198763
-387.699227, 282.752775
0.038489, 0.992070
-1.023272, 0.541342
-1.268062, -0.650580
5.117574, -0.761161
9.585871, 0.208954
-4.928292, -18.206570
-18.879644, 23.117528

0.003696, 0.198784
-388.220282, 283.131985
-0.500626, 0.916954
-1.095133, 0.078390
-1.003189, -0.958970
5.153414, -0.544861
9.584379, 0.370492
-4.817571, -18.236360
-18.950238, 23.058769

0.003671, 0.198805
-388.741335, 283.511193
-0.853173, 0.576166
-0.963606, -0.362279
-0.668623, -1.187229
5.180118, -0.327240
9.580152, 0.531979
-4.706676, -18.265484
-19.020652, 22.999790

0.003654, 0.198825
-389.262387, 283.890402
-0.944706, 0.120427
-0.659133, -0.702630
-0.288074, -1.320699
5.197638, -0.108684
9.573193, 0.693369
-4.595610, -18.293939
-19.090883, 22.940594

0.003646, 0.198844
-389.783439, 284.269609
-0.761089, -0.312567
-0.236360, -0.882092
0.112172, -1.351613
5.205944, 0.110417
9.563502, 0.854616
-4.484377, -18.321726
-19.160932, 22.881181

0.003646, 0.198862
-390.304490, 284.648816
-0.331927, -0.581361
0.230620, -0.862487
0.505198, -1.279286
5.205019, 0.329676
9.551084, 1.015675
-4.372982, -18.348843
-19.230798, 22.821551

0.003657, 0.198878
-390.825540, 285.028022
0.234176, -0.531785
0.653226, -0.635345
0.865263, -1.109786
5.194866, 0.548704
9.535940, 1.176500
-4.261429, -18.375290
-19.300480, 22.761705

0.003677, 0.198894
-391.346589, 285.407228
0.672153, -0.076052
0.938442, -0.231744
1.169338, -0.855224
5.175503, 0.767111
9.518075, 1.337045
-4.149722, -18.401065
-19.369977, 22.701643

0.003708, 0.198910
-391.867637, 285.786433
0.667610, 0.561696
1.009301, 0.270620
1.398352, -0.532766
5.146963, 0.984510
9.497495, 1.497265
-4.037864, -18.426168
-19.439289, 22.641366

0.003751, 0.198928
-392.388684, 286.165637
0.279802, 0.990001
0.834820, 0.755491
1.538126, -0.163475
5.109298, 1.200515
9.474204, 1.657115
-3.925859, -18.450598
-19.508416, 22.580875

0.003804, 0.198949
-392.909731, 286.544841
-0.225327, 1.082065
0.452720, 1.101315
1.580031, 0.228942
5.062573, 1.414742
9.448210, 1.816549
-3.813713, -18.474353
-19.577355, 22.520169

0.003867, 0.198973
-393.430776, 286.924044
-0.655017, 0.883417
-0.038992, 1.226788
1.521384, 0.619451
5.006872, 1.626812
9.419520, 1.975523
-3.701429, -18.497434
-19.646108, 22.459250

0.003938, 0.199001
-393.951821, 287.303247
-0.892605, 0.485226
-0.520852, 1.116225
1.365596, 0.983044
4.942294, 1.836347
9.388142, 2.133990
-3.589010, -18.519839
-19.714673, 22.398119

0.004018, 0.199033
-394.472865, 287.682449
-0.861298, 0.001195
-0.891526, 0.811346
1.122071, 1.296113
4.868953, 2.042976
9.354085, 2.291907
-3.476462, -18.541568
-19.783049, 22.336775

0.004105, 0.199069
-394.993908, 288.061650
-0.520672, -0.412115
-1.086844, 0.386576
0.805837, 1.537822
4.786978, 2.246331
9.317359, 2.449229
-3.363787, -18.562620
-19.851236, 22.275220

0.004200, 0.199107
-395.514950, 288.440851
0.070925, -0.533134
-1.081076, -0.072753
0.436869, 1.691454
4.696516, 2.446052
9.277974, 2.605910
-3.250991, -18.582994
-19.919233, 22.213454

0.004303, 0.199149
-396.035991, 288.820051
0.620565, -0.193632
-0.881564, -0.483549
0.039081, 1.745633
4.597727, 2.641784
9.235941, 2.761907
-3.138077, -18.602689
-19.987039, 22.151477

0.004416, 0.199193
-396.557032, 289.199250
0.775459, 0.397477
-0.523737, -0.772339
-0.361045, 1.695361
4.490785, 2.833179
9.191273, 2.917174
-3.025050, -18.621705
-20.054654, 22.089290

0.004537, 0.199242
-397.078071, 289.578449
0.548362, 0.890355
-0.068258, -0.881506
-0.736153, 1.542709
4.375881, 3.019898
9.143983, 3.071669
-2.911913, -18.640042
-20.122078, 22.026894

0.004666, 0.199296
-397.599110, 289.957647
0.121380, 1.129203
0.401547, -0.778079
-1.059965, 1.297036
4.253219, 3.201609
9.094083, 3.225347
-2.798670, -18.657698
-20.189309, 21.964290

0.004804, 0.199356
-398.120148, 290.336845
-0.341038, 1.085646
0.786831, -0.466489
-1.309340, 0.974622
4.123016, 3.377988
9.041588, 3.378165
-2.685326, -18.674674
-20.256347, 21.901477

0.004950, 0.199421
-398.641185, 290.716042
-0.703040, 0.784782
0.991682, -0.001258
-1.466216, 0.597646
3.985503, 3.548723
8.986514, 3.530078
-2.571885, -18.690967
-20.323191, 21.838457

0.005104, 0.199492
-399.162222, 291.095238
-0.836720, 0.295155
0.954917, 0.513123
-1.519199, 0.192554
3.840924, 3.713511
8.928875, 3.681045
-2.458351, -18.706579
-20.389840, 21.775230

0.005264, 0.199571
-399.683257, 291.474434
-0.624344, -0.233793
0.680889, 0.949165
-1.464583, -0.212046
3.689536, 3.872058
8.868689, 3.831021
-2.344728, -18.721509
-20.456295, 21.711796

0.005431, 0.199655
-400.204292, 291.853629
-0.059465, -0.520109
0.242512, 1.202864
-1.306634, -0.587706
3.531608, 4.024083
8.805973, 3.979964
-2.231020, -18.735755
-20.522554, 21.648157

0.005605, 0.199746
-400.725326, 292.232824
0.548405, -0.329674
-0.249962, 1.227614
-1.057129, -0.908422
3.367420, 4.169316
8.740744, 4.127831
-2.117231, -18.749318
-20.588616, 21.584313

0.005786, 0.199844
-401.246359, 292.612018
0.844984, 0.164390
-0.688654, 1.036104
-0.734218, -1.152595
3.197264, 4.307498
8.673021, 4.274581
-2.003365, -18.762197
-20.654481, 21.520265

0.005973, 0.199949
-401.767391, 292.991211
0.787532, 0.673420
-0.992169, 0.681826
-0.360812, -1.304485
3.021441, 4.438384
8.602824, 4.420171
-1.889427, -18.774392
-20.720149, 21.456012

0.006167, 0.200062
-402.288422, 293.370404
0.474013, 1.027332
-1.112414, 0.239079
0.037292, -1.355077
2.840264, 4.561742
8.530172, 4.564561
-1.775420, -18.785902
-20.785619, 21.391556

0.006365, 0.200184
-402.809453, 293.749596
0.024255, 1.140335
-1.033214, -0.210620
0.433332, -1.302354
2.654054, 4.677351
8.455087, 4.707707
-1.661349, -18.796727
-20.850889, 21.326898

0.006568, 0.200314
-403.330483, 294.128788
-0.430875, 0.970659
-0.767928, -0.586780
0.801366, -1.151065
2.463144, 4.785007
8.377588, 4.849571
-1.547218, -18.806867
-20.915960, 21.262037

0.006775, 0.200453
-403.851511, 294.507979
-0.728696, 0.523981
-0.358838, -0.816795
1.117839, -0.912096
2.267870, 4.884518
8.297700, 4.990110
-1.433030, -18.816321
-20.980831, 21.196975

0.006986, 0.200600
-404.372540, 294.887169
-0.672047, -0.078617
0.122622, -0.845457
1.362857, -0.601568
2.068582, 4.975706
8.215443, 5.129285
-1.318791, -18.825089
-21.045500, 21.131712

0.007199, 0.200754
-404.893567, 295.266359
-0.186459, -0.504831
0.579284, -0.649768
1.521180, -0.239740
1.865632, 5.058410
8.130842, 5.267056
-1.204504, -18.833171
-21.109969, 21.066249

0.007417, 0.200915
-405.414593, 295.645548
0.422732, -0.480712
0.903145, -0.256635
1.582952, 0.150188
1.659382, 5.132482
8.043921, 5.403384
-1.090173, -18.840567
-21.174235, 21.000586

0.007639, 0.201083
-405.935619, 296.024737
0.827752, -0.121486
1.006942, 0.248918
1.544167, 0.543363
1.450198, 5.197791
7.954704, 5.538229
-0.975802, -18.847276
-21.238299, 20.934725

0.007866, 0.201260
-406.456644, 296.403925
0.933213, 0.355579
0.861248, 0.742535
1.406909, 0.914613
1.238451, 5.254219
7.863217, 5.671553
-0.861396, -18.853298
-21.302159, 20.868665

0.008097, 0.201447
-406.977668, 296.783112
0.758478, 0.785931
0.508831, 1.105041
1.179340, 1.239827
1.024519, 5.301667
7.769485, 5.803317
-0.746958, -18.858633
-21.365815, 20.802407

0.008331, 0.201644
-407.498691, 297.162299
0.365736, 1.046490
0.042875, 1.262662
0.875416, 1.497363
0.808782, 5.340049
7.673536, 5.933484
-0.632493, -18.863282
-21.429267, 20.735952

0.008568, 0.201851
-408.019714, 297.541486
-0.142757, 1.033453
-0.430293, 1.198574
0.514290, 1.669438
0.591624, 5.369297
7.575396, 6.062016
-0.518005, -18.867243
-21.492513, 20.669301

0.008806, 0.202069
-408.540736, 297.920671
-0.588609, 0.676172
-0.818514, 0.941586
0.119361, 1.743437
0.373431, 5.389359
7.475093, 6.188876
-0.403499, -18.870516
-21.555554, 20.602454

0.009043, 0.202298
-409.061756, 298.299856
-0.697801, 0.051735
-1.055355, 0.549299
-0.283055, 1.713035
0.154590, 5.400198
7.372656, 6.314029
-0.288977, -18.873103
-21.618388, 20.535412

0.009280, 0.202535
-409.582777, 298.679041
-0.338842, -0.472972
-1.102551, 0.095195
-0.665424, 1.578979
-0.064508, 5.401795
7.268114, 6.437437
-0.174444, -18.875002
-21.681015, 20.468175

0.009516, 0.202781
-410.103796, 299.058225
0.218427, -0.612866
-0.950301, -0.339646
-1.000963, 1.349407
-0.283473, 5.394147
7.161496, 6.559066
-0.059905, -18.876214
-21.743435, 20.400744

0.009752, 0.203036
-410.624815, 299.437408
0.688196, -0.411132
-0.618986, -0.673283
-1.265735, 1.039552
-0.501916, 5.377267
7.052833, 6.678880
0.054637, -18.876739
-21.805646, 20.333120

0.009988, 0.203298
-411.145832, 299.816591
0.936662, -0.009055
-0.162383, -0.832293
-1.440653, 0.670781
-0.719448, 5.351185
6.942156, 6.796844
0.169177, -18.876576
-21.867648, 20.265303

0.010223, 0.203569
-411.666849, 300.195774
0.915511, 0.454814
0.331462, -0.767548
-1.513132, 0.269009
-0.935682, 5.315946
6.829496, 6.912926
0.283712, -18.875726
-21.929441, 20.197295

0.010458, 0.203849
-412.187865, 300.574955
0.621441, 0.842948
0.750264, -0.475939
-1.478176, -0.137368
-1.150231, 5.271613
6.714885, 7.027091
0.398236, -18.874190
-21.991024, 20.129095

0.010693, 0.204138
-412.708881, 300.954137
0.106380, 0.999935
0.986696, -0.016751
-1.338746, -0.519790
-1.362715, 5.218264
6.598355, 7.139306
0.512747, -18.871966
-22.052396, 20.060704

0.010927, 0.204436
-413.229896, 301.333317
-0.455139, 0.770581
0.979627, 0.497554
-1.105372, -0.851807
-1.572754, 5.155995
6.479940, 7.249540
0.627239, -18.869055
-22.113557, 19.992123

0.011159, 0.204745
-413.750909, 301.712497
-0.721178, 0.182308
0.738945, 0.941179
-0.795109, -1.111065
-1.779974, 5.084915
6.359673, 7.357760
0.741710, -18.865458
-22.174506, 19.923353

0.011387, 0.205063
-414.271923, 302.091677
-0.521731, -0.391695
0.334332, 1.218940
-0.429999, -1.280804
-1.984005, 5.005151
6.237589, 7.463934
0.856154, -18.861174
-22.235242, 19.854394

0.011613, 0.205390
-414.792935, 302.470856
-0.062179, -0.674532
-0.137299, 1.286326
-0.035259, -1.350792
-2.184485, 4.916844
6.113722, 7.568033
0.970568, -18.856204
-22.295766, 19.785247

0.011834, 0.205725
-415.313946, 302.850034
0.424166, -0.637852
-0.580281, 1.145709
0.362584, -1.317679
-2.381055, 4.820151
5.988108, 7.670026
1.084947, -18.850548
-22.356076, 19.715912

0.012052, 0.206068
-415.834957, 303.229212
0.785985, -0.346407
-0.915303, 0.833712
0.737472, -1.184868
-2.573364, 4.715245
5.860781, 7.769883
1.199287, -18.844207
-22.416171, 19.646391

0.012267, 0.206420
-416.355967, 303.608389
0.922768, 0.105684
-1.085217, 0.409977
1.065381, -0.961977
-2.761070, 4.602311
5.731779, 7.867576
1.313585, -18.837180
-22.476052, 19.576683

0.012477, 0.206779
-416.876977, 303.987566
0.763437, 0.590543
-1.057843, -0.050340
1.325639, -0.664026
-2.943837, 4.481551
5.601138, 7.963077
1.427836, -18.829468
-22.535717, 19.506790

0.012683, 0.207147
-417.397985, 304.366742
0.291093, 0.915451
-0.829856, -0.462453
1.501972, -0.310419
-3.121339, 4.353180
5.468895, 8.056356
1.542036, -18.821071
-22.595166, 19.436712

0.012884, 0.207523
-417.918993, 304.745917
-0.339155, 0.838662
-0.432893, -0.740264
1.583305, 0.076207
-3.293259, 4.217425
5.335089, 8.147389
1.656181, -18.811990
-22.654399, 19.366450

0.013078, 0.207907
-418.440000, 305.125092
-0.736230, 0.343833
0.061059, -0.811847
1.564318, 0.471225
-3.459291, 4.074530
5.199756, 8.236147
1.770267, -18.802225
-22.713415, 19.296005

0.013267, 0.208297
-418.961006, 305.504267
-0.709154, -0.227929
0.543733, -0.643812
1.445768, 0.849348
-3.619137, 3.924747
5.062936, 8.322606
1.884289, -18.791776
-22.772213, 19.225377

0.013449, 0.208694
-419.482012, 305.883441
-0.381584, -0.618231
0.895262, -0.265114
1.234565, 1.186015
-3.772512, 3.768345
4.924667, 8.406740
1.998245, -18.780644
-22.830792, 19.154566

0.013626, 0.209096
-420.003016, 306.262614
0.074293, -0.739931
1.027021, 0.231671
0.943567, 1.458828
-3.919142, 3.605602
4.784990, 8.488524
2.112129, -18.768830
-22.889153, 19.083574

0.013797, 0.209504
-420.524020, 306.641787
0.512529, -0.585741
0.915522, 0.723041
0.591059, 1.648992
-4.058764, 3.436807
4.643944, 8.567935
2.225937, -18.756334
-22.947294, 19.012402

0.013962, 0.209918
-421.045024, 307.020959
0.800020, -0.191182
0.602275, 1.099523
0.199858, 1.742692
-4.191129, 3.262263
4.501568, 8.644950
2.339666, -18.743155
-23.005216, 18.941049

0.014122, 0.210338
-421.566026, 307.400131
0.801560, 0.349290
0.167789, 1.292691
-0.203978, 1.732291
-4.316000, 3.082279
4.357904, 8.719546
2.453311, -18.729296
-23.062916, 18.869517

0.014276, 0.210764
-422.087028, 307.779302
0.418030, 0.821818
-0.296110, 1.278753
-0.592822, 1.617205
-4.433154, 2.897178
4.212994, 8.791701
2.566869, -18.714757
-23.120396, 18.797806

0.014423, 0.211197
-422.608029, 308.158473
-0.222440, 0.905501
-0.703615, 1.070739
-0.939456, 1.404310
-4.542380, 2.707289
4.066877, 8.861394
2.680335, -18.699537
-23.177654, 18.725916

0.014562, 0.211637
-423.129029, 308.537643
-0.712931, 0.549527
-0.983357, 0.709777
-1.219198, 1.107735
-4.643483, 2.512951
3.919596, 8.928604
2.793704, -18.683638
-23.234690, 18.653850

0.014691, 0.212082
-423.650029, 308.916813
-0.851043, 0.029890
-1.083296, 0.259063
-1.411958, 0.747977
-4.736283, 2.314511
3.771194, 8.993313
2.906975, -18.667061
-23.291503, 18.581607

0.014812, 0.212531
-424.171028, 309.295982
-0.676606, -0.423957
-0.976442, -0.200497
-1.503964, 0.350373
-4.820612, 2.112323
3.621711, 9.055501
3.020141, -18.649805
-23.348092, 18.509187

0.014923, 0.212983
-424.692026, 309.675150
-0.293919, -0.686079
-0.669479, -0.576670
-1.488929, -0.056939
-4.896319, 1.906749
3.471192, 9.115150
3.133199, -18.631873
-23.404458, 18.436593

0.015026, 0.213438
-425.213023, 310.054318
0.178632, -0.686559
-0.212571, -0.779830
-1.368498, -0.445325
-4.963270, 1.698155
3.319680, 9.172241
3.246145, -18.613263
-23.460599, 18.363824

0.015121, 0.213894
-425.734020, 310.433486
0.597735, -0.393082
0.298106, -0.748308
-1.151949, -0.787932
-5.021342, 1.486914
3.167217, 9.226759
3.358975, -18.593978
-23.516516, 18.290880

0.015207, 0.214352
-426.255015, 310.812653
0.772262, 0.155189
0.738656, -0.478348
-0.855225, -1.061700
-5.070433, 1.273403
3.013847, 9.278688
3.471685, -18.574018
-23.572206, 18.217764

0.015287, 0.214812
-426.776011, 311.191819
0.514548, 0.737239
0.999205, -0.036039
-0.499464, -1.248904
-5.110454, 1.058003
2.859615, 9.328011
3.584270, -18.553383
-23.627671, 18.144475

0.015360, 0.215275
-427.297005, 311.570985
-0.073941, 0.973174
1.024786, 0.466176
-0.109260, -1.338138
-5.141332, 0.841101
2.704564, 9.374714
3.696728, -18.532075
-23.682909, 18.071014

0.015426, 0.215741
-427.817999, 311.950150
-0.612206, 0.782790
0.826107, 0.912652
0.289169, -1.324760
-5.163013, 0.623082
2.548739, 9.418784
3.809053, -18.510095
-23.737920, 17.997382

0.015482, 0.216209
-428.338992, 312.329315
-0.891206, 0.358158
0.461545, 1.216532
0.669725, -1.210833
-5.175456, 0.404337
2.392184, 9.460207
3.921242, -18.487442
-23.792703, 17.923579

0.015529, 0.216679
-428.859984, 312.708479
-0.876961, -0.112386
0.012103, 1.330077
1.007998, -1.004691
-5.178640, 0.185257
2.234946, 9.498971
4.033291, -18.464119
-23.847258, 17.849607

0.015567, 0.217150
-429.380975, 313.087643
-0.603491, -0.487345
-0.436727, 1.241956
1.282610, -0.720210
-5.172557, -0.033766
2.077067, 9.535064
4.145196, -18.440126
-23.901585, 17.775466

0.015595, 0.217621
-429.901966, 313.466806
-0.142410, -0.648787
-0.805122, 0.971561
1.476308, -0.375872
-5.157218, -0.252342
1.918595, 9.568475
4.256952, -18.415463
-23.955682, 17.701156

0.015615, 0.218092
-430.422956, 313.845969
0.376489, -0.493138
-1.025292, 0.564989
1.576831, 0.006322
-5.132651, -0.470079
1.759575, 9.599195
4.368557, -18.390133
-24.009549, 17.626679

0.015625, 0.218561
-430.943946, 314.225131
0.717539, 0.013010
-1.048457, 0.092756
1.577546, 0.402054
-5.098898, -0.686587
1.600051, 9.627214
4.480005, -18.364135
-24.063186, 17.552035

0.015628, 0.219030
-431.464934, 314.604293
0.610072, 0.650501
-0.855389, -0.353913
1.477865, 0.785992
-5.056019, -0.901480
1.440071, 9.652523
4.591292, -18.337471
-24.116592, 17.477224

0.015622, 0.219498
-431.985922, 314.983454
0.127603, 1.015805
-0.470175, -0.674183
1.283409, 1.133184
-5.004092, -1.114374
1.279680, 9.675115
4.702416, -18.310142
-24.169766, 17.402249

0.015608, 0.219964
-432.506910, 315.362615
-0.408711, 0.998262
0.030425, -0.782167
1.005898, 1.420521
-4.943207, -1.324887
1.118924, 9.694983
4.813372, -18.282149
-24.222709, 17.327108

0.015585, 0.220429
-433.027896, 315.741775
-0.792744, 0.701382
0.527336, -0.641294
0.662700, 1.628231
-4.873475, -1.532644
0.957849, 9.712121
4.924155, -18.253493
-24.275419, 17.251803

0.015553, 0.220891
-433.548882, 316.120935
-0.933943, 0.260007
0.897152, -0.286423
0.276004, 1.741318
-4.795019, -1.737272
0.796502, 9.726523
5.034762, -18.224175
-24.327897, 17.176335

0.015514, 0.221350
-434.069867, 316.500094
-0.798555, -0.192768
1.057519, 0.188969
-0.128436, 1.750848
-4.707978, -1.938405
0.634930, 9.738185
5.145190, -18.194196
-24.380141, 17.100705

0.015466, 0.221806
-434.590852, 316.879252
-0.396066, -0.509667
0.987963, 0.671505
-0.522956, 1.654912
-4.612510, -2.135685
0.473178, 9.747102
5.255433, -18.163558
-24.432151, 17.024912

0.015411, 0.222258
-435.111835, 317.258410
0.180435, -0.517256
0.720738, 1.062636
-0.879966, 1.459117
-4.508783, -2.328757
0.311294, 9.753272
5.365489, -18.132261
-24.483926, 16.948958

0.015348, 0.222706
-435.632818, 317.637568
0.662087, -0.099847
0.319989, 1.294681
-1.174104, 1.176460
-4.396983, -2.517277
0.149325, 9.756693
5.475353, -18.100307
-24.535467, 16.872844

0.015279, 0.223151
-436.153801, 318.016725
0.715406, 0.531182
-0.135792, 1.333091
-1.384340, 0.826514
-4.277311, -2.700908
-0.012685, 9.757363
5.585021, -18.067696
-24.586772, 16.796570

0.015204, 0.223592
-436.674782, 318.395881
0.377595, 0.990127
-0.564708, 1.174080
-1.495754, 0.433957
-4.149979, -2.879321
-0.174686, 9.755281
5.694490, -18.034431
-24.637842, 16.720138

0.015122, 0.224030
-437.195763, 318.775038
-0.108854, 1.134681
-0.888599, 0.842917
-1.500779, 0.026578
-4.015215, -3.052198
-0.336633, 9.750448
5.803755, -18.000512
-24.688674, 16.643547

0.015032, 0.224464
-437.716744, 319.154193
-0.555383, 0.985957
-1.040567, 0.394008
-1.399732, -0.366995
-3.873260, -3.219228
-0.498479, 9.742864
5.912812, -17.965941
-24.739270, 16.566798

0.014935, 0.224893
-438.237723, 319.533348
-0.836348, 0.616194
-0.976594, -0.089592
-1.200601, -0.719569
-3.724367, -3.380115
-0.660177, 9.732532
6.021658, -17.930718
-24.789629, 16.489893

0.014829, 0.225318
-438.758702, 319.912503
-0.858544, 0.127474
-0.692393, -0.503349
-0.918169, -1.007420
-3.568804, -3.534569
-0.821681, 9.719454
6.130290, -17.894846
-24.839749, 16.412831

0.014716, 0.225736
-439.279680, 320.291657
-0.559074, -0.325220
-0.239340, -0.743131
-0.572626, -1.211877
-3.406846, -3.682315
-0.982943, 9.703632
6.238702, -17.858326
-24.889631, 16.335615

0.014597, 0.226147
-439.800658, 320.670810
0.025366, -0.504290
0.276909, -0.741877
-0.187888, -1.320381
-3.238785, -3.823088
-1.143917, 9.685073
6.346891, -17.821158
-24.939274, 16.258243

0.014472, 0.226549
-440.321635, 321.049963
0.602896, -0.214953
0.728141, -0.500739
0.210179, -1.326997
-3.064921, -3.956639
-1.304557, 9.663779
6.454853, -17.783345
-24.988678, 16.180718

0.014343, 0.226944
-440.842611, 321.429116
0.810907, 0.351623
1.010720, -0.087738
0.595492, -1.232454
-2.885563, -4.082727
-1.464816, 9.639757
6.562585, -17.744888
-25.037842, 16.103040

0.014210, 0.227333
-441.363586, 321.808268
0.638961, 0.858721
1.074942, 0.394221
0.943315, -1.043792
-2.701032, -4.201128
-1.624648, 9.613014
6.670082, -17.705787
-25.086765, 16.025209

0.014074, 0.227715
-441.884561, 322.187420
0.244137, 1.140571
0.924969, 0.842477
1.231619, -0.773718
-2.511659, -4.311629
-1.784006, 9.583557
6.777341, -17.666046
-25.135448, 15.947227

0.013934, 0.228092
-442.405535, 322.566571
-0.219627, 1.148876
0.603401, 1.174924
1.442227, -0.439750
-2.317782, -4.414035
-1.942844, 9.551393
6.884358, -17.625664
-25.183889, 15.869094

0.013791, 0.228462
-442.926509, 322.945721
-0.615277, 0.888639
0.175613, 1.336757
1.561733, -0.063193
-2.119746, -4.508163
-2.101116, 9.516532
6.991129, -17.584644
-25.232088, 15.790811

0.013643, 0.228826
-443.447482, 323.324871
-0.803534, 0.410746
-0.280969, 1.301394
1.582219, 0.332016
-1.917906, -4.593843
-2.258777, 9.478984
7.097651, -17.542987
-25.280045, 15.712379

0.013490, 0.229183
-443.968454, 323.704021
-0.643619, -0.144665
-0.684032, 1.071173
1.501748, 0.720579
-1.712621, -4.670925
-2.415781, 9.438758
7.203918, -17.500695
-25.327760, 15.633798

0.013334, 0.229533
-444.489425, 324.083170
-0.103526, -0.483790
-0.953688, 0.679906
1.324630, 1.077228
-1.504259, -4.739269
-2.572081, 9.395867
7.309929, -17.457769
-25.375231, 15.555069

0.013173, 0.229875
-445.010396, 324.462319
0.513919, -0.350738
-1.024193, 0.195881
1.061395, 1.378203
-1.293192, -4.798755
-2.727633, 9.350322
7.415679, -17.414211
-25.422459, 15.476193

0.013010, 0.230207
-445.531366, 324.841467
0.853612, 0.104351
-0.862759, -0.280553
0.728437, 1.602795
-1.079796, -4.849277
-2.882392, 9.302136
7.521163, -17.370022
-25.469442, 15.397170

0.012846, 0.230531
-446.052335, 325.220614
0.851073, 0.610672
-0.491220, -0.634461
0.347247, 1.734850
-0.864452, -4.890745
-3.036312, 9.251322
7.626379, -17.325204
-25.516181, 15.318003

0.012679, 0.230847
-446.573304, 325.599762
0.579764, 0.995100
0.005902, -0.772875
-0.056788, 1.764136
-0.647545, -4.923085
-3.189350, 9.197895
7.731323, -17.279759
-25.562675, 15.238690

0.012512, 0.231155
-447.094272, 325.978908
0.143966, 1.157843
0.504697, -0.663169
-0.456021, 1.687405
-0.429461, -4.946240
-3.341460, 9.141870
7.835991, -17.233688
-25.608923, 15.159233

0.012345, 0.231455
-447.615240, 326.358054
-0.331915, 1.038031
0.887817, -0.343293
-0.822533, 1.508974
-0.210590, -4.960170
-3.492598, 9.083262
7.940380, -17.186993
-25.654925, 15.079633

0.012176, 0.231747
-448.136207, 326.737200
-0.680190, 0.619244
1.080389, 0.101667
-1.130325, 1.240685
0.008679, -4.964849
-3.642720, 9.022089
8.044484, -17.139676
-25.700681, 14.999890

0.012008, 0.232031
-448.657173, 327.116345
-0.681922, 0.006500
1.058652, 0.572716
-1.357457, 0.901160
0.227953, -4.960270
-3.791783, 8.958368
8.148302, -17.091739
-25.746190, 14.920006

0.011838, 0.232307
-449.178138, 327.495490
-0.237077, -0.461113
0.840695, 0.979888
-1.487900, 0.514388
0.446843, -4.946442
-3.939744, 8.892117
8.251829, -17.043182
-25.791451, 14.839980

0.011670, 0.232574
-449.699103, 327.874635
0.363382, -0.495237
0.473731, 1.252659
-1.512838, 0.107767
0.664958, -4.923390
-4.086558, 8.823354
8.355061, -16.994009
-25.836465, 14.759814

0.011502, 0.232833
-450.220067, 328.253778
0.797367, -0.184880
0.024514, 1.343835
-1.431277, -0.290143
0.881910, -4.891155
-4.232185, 8.752100
8.457996, -16.944220
-25.881231, 14.679509

0.011337, 0.233084
-450.741031, 328.632922
0.952646, 0.273608
-0.427075, 1.232507
-1.249915, -0.651885
1.097311, -4.849796
-4.376580, 8.678375
8.560628, -16.893818
-25.925748, 14.599065

0.011173, 0.233328
-451.261993, 329.012065
0.826561, 0.719975
-0.794344, 0.928955
-0.982341, -0.953148
1.310779, -4.799387
-4.519702, 8.602199
8.662955, -16.842805
-25.970016, 14.518483

0.011011, 0.233565
-451.782956, 329.391207
0.462395, 1.024242
-0.994574, 0.481150
-0.647741, -1.174382
1.521933, -4.740018
-4.661510, 8.523594
8.764974, -16.791182
-26.014034, 14.437764

0.010851, 0.233794
-452.303917, 329.770349
-0.051297, 1.066580
-0.968460, -0.022389
-0.269285, -1.301911
1.730398, -4.671795
-4.801961, 8.442584
8.866679, -16.738951
-26.057802, 14.356908

0.010693, 0.234017
-452.824878, 330.149490
-0.538310, 0.751429
-0.706306, -0.464188
0.127588, -1.328528
1.935801, -4.594841
-4.941016, 8.359191
8.968068, -16.686114
-26.101320, 14.275917

0.010537, 0.234232
-453.345838, 330.528631
-0.705645, 0.134991
-0.265320, -0.731855
0.516872, -1.253619
2.137779, -4.509294
-5.078633, 8.273439
9.069138, -16.632673
-26.144588, 14.194791

0.010382, 0.234439
-453.866798, 330.907772
-0.399274, -0.415813
0.243673, -0.761382
0.873556, -1.082909
2.335972, -4.415306
-5.214773, 8.185352
9.169884, -16.578630
-26.187604, 14.113531

0.010230, 0.234637
-454.387757, 331.286912
0.132718, -0.608504
0.698159, -0.558233
1.175008, -0.827913
2.530027, -4.313045
-5.349395, 8.094957
9.270303, -16.523987
-26.230368, 14.032137

0.010083, 0.234826
-454.908715, 331.666051
0.615205, -0.460376
1.003962, -0.183726
1.402160, -0.505149
2.719599, -4.202693
-5.482461, 8.002278
9.370392, -16.468746
-26.272880, 13.950611

0.009941, 0.235008
-455.429673, 332.045191
0.904480, -0.090273
1.111653, 0.274199
1.540496, -0.135186
2.904351, -4.084449
-5.613931, 7.907343
9.470147, -16.412910
-26.315140, 13.868954

0.009805, 0.235183
-455.950630, 332.424329
0.934439, 0.374121
1.013767, 0.724799
1.580838, 0.258469
3.083956, -3.958522
-5.743767, 7.810179
9.569564, -16.356479
-26.357147, 13.787165

0.009674, 0.235352
-456.471587, 332.803467
0.681621, 0.796020
0.735784, 1.087555
1.519924, 0.650613
3.258094, -3.825138
-5.871932, 7.710814
9.668641, -16.299456
-26.398900, 13.705246

0.009550, 0.235515
-456.992542, 333.182605
0.178167, 1.008788
0.328454, 1.298487
1.360755, 1.015732
3.426456, -3.684534
-5.998387, 7.609277
9.767373, -16.241843
-26.440400, 13.623198

0.009432, 0.235674
-457.513498, 333.561742
-0.410311, 0.831604
-0.137205, 1.314983
1.112657, 1.329492
3.588744, -3.536960
-6.123096, 7.505596
9.865756, -16.183643
-26.481646, 13.541021

0.009318, 0.235829
-458.034452, 333.940879
-0.727831, 0.269732
-0.574494, 1.122671
0.791005, 1.570317
3.744668, -3.382681
-6.246022, 7.399802
9.963789, -16.124857
-26.522637, 13.458716

0.009209, 0.235979
-458.555406, 334.320015
-0.586727, -0.313236
-0.889842, 0.745124
0.416529, 1.720949
3.893954, -3.221969
-6.367130, 7.291925
10.061466, -16.065487
-26.563373, 13.376285

0.009104, 0.236123
-459.076359, 334.699151
-0.165709, -0.638244
-1.001405, 0.252170
0.014163, 1.769893
4.036335, -3.055112
-6.486383, 7.181997
10.158786, -16.005536
-26.603854, 13.293727

0.009005, 0.236262
-459.597312, 335.078287
0.316962, -0.654925
-0.868230, -0.244673
-0.388549, 1.712563
4.171560, -2.882407
-6.603748, 7.070048
10.255743, -15.945007
-26.644079, 13.211043

0.008912, 0.236394
-460.118264, 335.457422
0.707801, -0.405832
-0.516015, -0.621437
-0.763449, 1.551956
4.299389, -2.704160
-6.719189, 6.956113
10.352335, -15.883900
-26.684048, 13.128235

0.008826, 0.236522
-460.639215, 335.836556
0.894319, 0.031018
-0.034777, -0.787368
-1.083957, 1.298709
4.419596, -2.520690
-6.832674, 6.840222
10.448559, -15.822218
-26.723760, 13.045303

0.008747, 0.236644
-461.160166, 336.215690
0.786137, 0.536257
0.456598, -0.715480
-1.327271, 0.970430
4.531967, -2.332321
-6.944168, 6.722411
10.544411, -15.759964
-26.763216, 12.962248

0.008677, 0.236762
-461.681116, 336.594824
0.341882, 0.911960
0.851871, -0.439258
-1.476269, 0.590349
4.636305, -2.139390
-7.053639, 6.602713
10.639888, -15.697140
-26.802414, 12.879070

0.008615, 0.236877
-462.202066, 336.973957
-0.297518, 0.892210
1.080155, -0.029151
-1.520888, 0.185414
4.732423, -1.942238
-7.161055, 6.481162
10.734985, -15.633748
-26.841355, 12.795772

0.008560, 0.236990
-462.723015, 337.353090
-0.734668, 0.439517
1.109404, 0.430366
-1.458818, -0.215932
4.820154, -1.741217
-7.266385, 6.357795
10.829701, -15.569791
-26.880037, 12.712352

0.008512, 0.237101
-463.243963, 337.732222
-0.765336, -0.123941
0.941560, 0.855254
-1.295450, -0.586014
4.899340, -1.536683
-7.369597, 6.232646
10.924032, -15.505270
-26.918461, 12.628813

0.008472, 0.237209
-463.764911, 338.111354
-0.485304, -0.542445
0.607355, 1.169915
-1.043170, -0.899974
4.969844, -1.329000
-7.470662, 6.105752
11.017974, -15.440189
-26.956626, 12.545154

0.008439, 0.237314
-464.285858, 338.490485
-0.048207, -0.712962
0.163214, 1.313345
-0.720132, -1.137428
5.031539, -1.118536
-7.569549, 5.977150
11.111524, -15.374549
-26.994532, 12.461377

0.008415, 0.237418
-464.806804, 338.869616
0.405314, -0.608100
-0.311038, 1.247386
-0.348727, -1.283629
5.084318, -0.905665
-7.666231, 5.846877
11.204678, -15.308353
-27.032178, 12.377483

0.008398, 0.237520
-465.327750, 339.248747
0.737079, -0.243840
-0.718093, 0.968997
0.046097, -1.330129
5.128087, -0.690766
-7.760678, 5.714971
11.297434, -15.241603
-27.069565, 12.293472

0.008390, 0.237621
-465.848695, 339.627877
0.795354, 0.301093
-0.959390, 0.523715
0.438484, -1.274987
5.162770, -0.474219
-7.852862, 5.581471
11.389789, -15.174302
-27.106691, 12.209345

0.008390, 0.237721
-466.369640, 340.007006
0.453872, 0.813781
-0.965279, 0.008844
0.803233, -1.122603
5.188306, -0.256408
-7.942758, 5.446414
11.481738, -15.106452
-27.143556, 12.125103

0.008398, 0.237822
-466.890584, 340.386135
-0.175996, 0.953538
-0.727897, -0.448843
1.117182, -0.883258
5.204649, -0.037721
-8.030337, 5.309841
11.573279, -15.038056
-27.180161, 12.040747

0.008414, 0.237924
-467.411527, 340.765264
-0.691675, 0.650100
-0.310138, -0.738316
1.360435, -0.572416
5.211772, 0.181456
-8.115576, 5.171790
11.664409, -14.969116
-27.216504, 11.956277

0.008436, 0.238025
-467.932470, 341.144392
-0.880937, 0.154488
0.181170, -0.802407
1.517397, -0.209843
5.209663, 0.400732
-8.198448, 5.032303
11.755124, -14.899634
-27.252585, 11.871695

0.008466, 0.238126
-468.453412, 341.523520
-0.758269, -0.311826
0.635677, -0.644778
1.577640, 0.181444
5.198325, 0.619721
-8.278930, 4.891420
11.845421, -14.829614
-27.288404, 11.787001

0.008504, 0.238227
-468.974354, 341.902648
-0.407424, -0.614479
0.966753, -0.313383
1.536567, 0.576393
5.177781, 0.838032
-8.356997, 4.749181
11.935297, -14.759058
-27.323961, 11.702196

0.008551, 0.238329
-469.495295, 342.281774
0.065192, -0.667498
1.120610, 0.120037
1.395854, 0.949289
5.148066, 1.055279
-8.432627, 4.605628
12.024748, -14.687967
-27.359255, 11.617281

0.008606, 0.238432
-470.016235, 342.660901
0.518874, -0.417608
1.075708, 0.574604
1.163602, 1.275264
5.109233, 1.271077
-8.505798, 4.460803
12.113773, -14.616346
-27.394286, 11.532256

0.008670, 0.238536
-470.537175, 343.040027
0.750365, 0.117965
0.840324, 0.969161
0.854139, 1.531914
5.061353, 1.485044
-8.576487, 4.314749
12.202367, -14.544196
-27.429053, 11.447123

0.008744, 0.238643
-471.058114, 343.419153
0.544851, 0.724584
0.451690, 1.229076
0.487398, 1.700920
5.004511, 1.696799
-8.644676, 4.167506
12.290527, -14.471520
-27.463557, 11.361882

0.008826, 0.238755
-471.579053, 343.798278
-0.014451, 1.010519
-0.023636, 1.295119
0.087816, 1.769559
4.938807, 1.905969
-8.710342, 4.019120
12.378251, -14.398321
-27.497796, 11.276534

0.008916, 0.238871
-472.099991, 344.177403
-0.561103, 0.877306
-0.492079, 1.137440
-0.317240, 1.731935
4.864358, 2.112181
-8.773468, 3.869631
12.465534, -14.324601
-27.531771, 11.191080

0.009013, 0.238992
-472.620928, 344.556527
-0.880445, 0.489523
-0.845494, 0.773453
-0.699446, 1.589737
4.781298, 2.315071
-8.834034, 3.719086
12.552375, -14.250362
-27.565481, 11.105520

0.009115, 0.239117
-473.141865, 344.935651
-0.917972, 0.022376
-0.990252, 0.278957
-1.031732, 1.352374
4.689773, 2.514278
-8.892024, 3.567526
12.638771, -14.175609
-27.598926, 11.019857

0.009224, 0.239246
-473.662801, 345.314774
-0.686943, -0.381974
-0.885281, -0.225500
-1.290504, 1.036389
4.589947, 2.709451
-8.947418, 3.414996
12.724717, -14.100343
-27.632106, 10.934089

0.009338, 0.239379
-474.183737, 345.693897
-0.241652, -0.595114
-0.561974, -0.616528
-1.457599, 0.664182
4.481995, 2.900242
-9.000203, 3.261542
12.810211, -14.024567
-27.665019, 10.848219

0.009458, 0.239515
-474.704672, 346.073020
0.298460, -0.492981
-0.107592, -0.811198
-1.521731, 0.262162
4.366111, 3.086315
-9.050361, 3.107207
12.895250, -13.948284
-27.697667, 10.762247

0.009585, 0.239655
-475.225607, 346.452142
0.690604, -0.015802
0.371560, -0.783563
-1.479264, -0.141432
4.242499, 3.267338
-9.097879, 2.952036
12.979832, -13.871496
-27.730048, 10.676173

0.009720, 0.239799
-475.746541, 346.831264
0.640307, 0.627350
0.779939, -0.555848
-1.334251, -0.518776
4.111380, 3.442991
-9.142742, 2.796076
13.063952, -13.794207
-27.762162, 10.589999

0.009863, 0.239949
-476.267474, 347.210385
0.201233, 1.031566
1.046527, -0.181648
-1.097824, -0.844522
3.972985, 3.612962
-9.184938, 2.639370
13.147609, -13.716419
-27.794009, 10.503726

0.010012, 0.240105
-476.788407, 347.589506
-0.326398, 1.069427
1.128212, 0.267760
-0.787054, -1.097483
3.827560, 3.776951
-9.224453, 2.481966
13.230798, -13.638135
-27.825589, 10.417354

0.010167, 0.240268
-477.309339, 347.968627
-0.736693, 0.818053
1.010147, 0.712237
-0.423496, -1.261859
3.675363, 3.934666
-9.261276, 2.323909
13.313518, -13.559357
-27.856901, 10.330884

0.010328, 0.240438
-477.830270, 348.347747
-0.925215, 0.395121
0.707188, 1.069455
-0.031568, -1.327970
3.516664, 4.085828
-9.295397, 2.165244
13.395766, -13.480089
-27.887945, 10.244318

0.010493, 0.240616
-478.351201, 348.726866
-0.839420, -0.073161
0.267084, 1.263520
0.363074, -1.292555
3.351745, 4.230168
-9.326806, 2.006020
13.477538, -13.400333
-27.918721, 10.157655

0.010663, 0.240801
-478.872132, 349.105986
-0.467894, -0.435951
-0.227703, 1.239564
0.735080, -1.158690
3.180898, 4.367431
-9.355492, 1.846281
13.558831, -13.320093
-27.949228, 10.070896

0.010837, 0.240992
-479.393061, 349.485104
0.113737, -0.501621
-0.667439, 0.984979
1.060809, -0.935416
3.004426, 4.497372
-9.381449, 1.686075
13.639644, -13.239371
-27.979467, 9.984043

0.011015, 0.241191
-479.913991, 349.864223
0.634321, -0.126702
-0.940995, 0.548128
1.319588, -0.637120
2.822642, 4.619761
-9.404668, 1.525448
13.719972, -13.158169
-28.009436, 9.897097

0.011197, 0.241396
-480.434919, 350.243341
0.743926, 0.490798
-0.976734, 0.034609
1.494794, -0.282722
2.635869, 4.734382
-9.425142, 1.364447
13.799813, -13.076492
-28.039135, 9.810057

0.011383, 0.241610
-480.955847, 350.622458
0.458493, 0.973847
-0.772280, -0.428629
1.574789, 0.105322
2.444439, 4.841029
-9.442866, 1.203120
13.879165, -12.994342
-28.068565, 9.722926

0.011572, 0.241832
-481.476775, 351.001575
-0.003933, 1.167035
-0.389152, -0.739050
1.553659, 0.502191
2.248690, 4.939514
-9.457835, 1.041513
13.958024, -12.911721
-28.097725, 9.635703

0.011764, 0.242061
-481.997702, 351.380692
-0.461461, 1.068300
0.078191, -0.843329
1.431741, 0.882055
2.048970, 5.029662
-9.470043, 0.879673
14.036388, -12.828633
-28.126615, 9.548391

0.011958, 0.242299
-482.518628, 351.759808
-0.781935, 0.730292
0.532621, -0.736576
1.215873, 1.219588
1.845634, 5.111312
-9.479488, 0.717648
14.114254, -12.745081
-28.155233, 9.460988

0.012155, 0.242545
-483.039554, 352.138924
-0.857150, 0.241536
0.891549, -0.450266
0.919283, 1.491609
1.639043, 5.184318
-9.486167, 0.555486
14.191619, -12.661068
-28.183581, 9.373497

0.012353, 0.242799
-483.560479, 352.518040
-0.601540, -0.246829
1.093791, -0.040507
0.561048, 1.678761
1.429563, 5.248552
-9.490078, 0.393233
14.268481, -12.576596
-28.211658, 9.285918

0.012553, 0.243061
-484.081404, 352.897155
-0.028950, -0.482373
1.102526, 0.419954
0.165055, 1.767103
1.217566, 5.303898
-9.491219, 0.230936
14.344836, -12.491670
-28.239463, 9.198253

0.012754, 0.243330
-484.602328, 353.276270
0.570685, -0.245177
0.908877, 0.847580
-0.241545, 1.749425
1.003430, 5.350258
-9.489591, 0.068644
14.420683, -12.406291
-28.266997, 9.110501

0.012958, 0.243608
-485.123252, 353.655384
0.828292, 0.291497
0.537786, 1.155569
-0.630298, 1.626100
0.787533, 5.387548
-9.485195, -0.093596
14.496019, -12.320463
-28.294258, 9.022664

0.013163, 0.243895
-485.644175, 354.034498
0.711764, 0.806206
0.054062, 1.267854
-0.973687, 1.405299
0.570261, 5.415702
-9.478030, -0.255737
14.570840, -12.234189
-28.321247, 8.934742

0.013370, 0.244191
-486.165097, 354.413611
0.353081, 1.126015
-0.439161, 1.142285
-1.247378, 1.102490
0.351998, 5.434670
-9.468101, -0.417732
14.645144, -12.147471
-28.347964, 8.846737

0.013575, 0.244498
-486.686019, 354.792724
-0.106243, 1.184600
-0.821150, 0.795976
-1.432225, 0.739210
0.133134, 5.444417
-9.455409, -0.579533
14.718930, -12.060314
-28.374408, 8.758649

0.013780, 0.244815
-487.206941, 355.171837
-0.530375, 0.967081
-0.994735, 0.311992
-1.515771, 0.341279
-0.085944, 5.444925
-9.439959, -0.741094
14.792193, -11.972721
-28.400579, 8.670479

0.013982, 0.245141
-487.727861, 355.550949
-0.770552, 0.505404
-0.924149, -0.188246
-1.493087, -0.063344
-0.304844, 5.436192
-9.421755, -0.902366
14.864932, -11.884693
-28.426476, 8.582229

0.014182, 0.245476
-488.248782, 355.930061
-0.663433, -0.071477
-0.641045, -0.590299
-1.366901, -0.446774
-0.523179, 5.418234
-9.400802, -1.063303
14.937144, -11.796235
-28.452100, 8.493898

0.014378, 0.245818
-488.769701, 356.309172
-0.151663, -0.459079
-0.221181, -0.817898
-1.147067, -0.783258
-0.740559, 5.391081
-9.377108, -1.223858
15.008827, -11.707350
-28.477450, 8.405488

0.014572, 0.246168
-489.290620, 356.688283
0.469400, -0.382687
0.244221, -0.839850
-0.849524, -1.050885
-0.956598, 5.354782
-9.350678, -1.383984
15.079977, -11.618041
-28.502527, 8.316999

0.014765, 0.246524
-489.811539, 357.067394
0.847216, 0.030021
0.667646, -0.663289
-0.494918, -1.232850
-1.170910, 5.309399
-9.321522, -1.543634
15.150593, -11.528310
-28.527328, 8.228433

0.014955, 0.246888
-490.332457, 357.446504
0.898002, 0.527788
0.974838, -0.324751
-0.107052, -1.318267
-1.383114, 5.255014
-9.289646, -1.702762
15.220672, -11.438162
-28.551855, 8.139789

0.015144, 0.247260
-490.853374, 357.825614
0.671336, 0.937304
1.109935, 0.116281
0.288697, -1.302549
-1.592833, 5.191722
-9.255062, -1.861321
15.290211, -11.347599
-28.576108, 8.051071

0.015330, 0.247641
-491.374291, 358.204723
0.254670, 1.147032
1.040844, 0.581747
0.666897, -1.187423
-1.799692, 5.119635
-9.217779, -2.019265
15.359209, -11.256625
-28.600085, 7.962277

0.015513, 0.248031
-491.895208, 358.583832
-0.236224, 1.077856
0.767414, 0.980650
1.003487, -0.980650
-2.003323, 5.038880
-9.177808, -2.176548
15.427662, -11.165243
-28.623787, 7.873408

0.015693, 0.248430
-492.416123, 358.962941
-0.630612, 0.690554
0.331506, 1.221255
1.277050, -0.695494
-2.203362, 4.949601
-9.135162, -2.333125
15.495569, -11.073456
-28.647214, 7.784467

0.015867, 0.248838
-492.937039, 359.342049
-0.688499, 0.073065
-0.178199, 1.234571
1.469966, -0.349984
-2.399453, 4.851956
-9.089852, -2.488948
15.562927, -10.981267
-28.670365, 7.695453

0.016035, 0.249254
-493.457953, 359.721157
-0.286145, -0.429562
-0.640067, 1.004874
1.569401, 0.034025
-2.591246, 4.746118
-9.041893, -2.643974
15.629733, -10.888680
-28.693239, 7.606367

0.016197, 0.249676
-493.978868, 360.100264
0.300357, -0.518504
-0.938268, 0.586688
1.568138, 0.431991
-2.778399, 4.632275
-8.991298, -2.798157
15.695985, -10.795698
-28.715838, 7.517211

0.016353, 0.250106
-494.499781, 360.479371
0.757564, -0.257924
-1.006394, 0.087274
1.465183, 0.818015
-2.960577, 4.510629
-8.938082, -2.951451
15.761682, -10.702325
-28.738160, 7.427984

0.016504, 0.250542
-495.020694, 360.858478
0.959392, 0.177695
-0.844329, -0.375483
1.266106, 1.166368
-3.137454, 4.381397
-8.882262, -3.103813
15.826820, -10.608563
-28.760206, 7.338689

0.016648, 0.250984
-495.541607, 361.237584
0.882510, 0.634852
-0.503806, -0.708447
0.983011, 1.453154
-3.308716, 4.244807
-8.823853, -3.255197
15.891398, -10.514416
-28.781975, 7.249325

0.016786, 0.251432
-496.062519, 361.616690
0.550852, 0.979064
-0.063230, -0.856956
0.634072, 1.658042
-3.474055, 4.101104
-8.762874, -3.405560
15.955412, -10.419887
-28.803466, 7.159895

0.016919, 0.251887
-496.583430, 361.995795
0.037610, 1.075896
0.391918, -0.803544
0.242546, 1.765915
-3.633177, 3.950542
-8.699342, -3.554858
16.018862, -10.324980
-28.824681, 7.070397

0.017044, 0.252348
-497.104341, 362.374900
-0.484878, 0.804889
0.780345, -0.562354
-0.164717, 1.768265
-3.785795, 3.793389
-8.633275, -3.703048
16.081744, -10.229698
-28.845618, 6.980834

0.017162, 0.252815
-497.625252, 362.754005
-0.705709, 0.201799
1.031625, -0.174783
-0.559226, 1.664135
-3.931638, 3.629926
-8.564694, -3.850086
16.144057, -10.134045
-28.866277, 6.891207

0.017272, 0.253287
-498.146162, 363.133109
-0.451669, -0.367769
1.092820, 0.292909
-0.913077, 1.460426
-4.070444, 3.460444
-8.493618, -3.995930
16.205799, -10.038023
-28.886658, 6.801515

0.017374, 0.253764
-498.667071, 363.512213
0.051113, -0.607893
0.938336, 0.752660
-1.201240, 1.171475
-4.201965, 3.285245
-8.420069, -4.140537
16.266966, -9.941637
-28.906761, 6.711761

0.017469, 0.254245
-499.187980, 363.891316
0.540735, -0.512063
0.583475, 1.103870
-1.403605, 0.817910
-4.325964, 3.104640
-8.344069, -4.283865
16.327558, -9.844889
-28.926586, 6.621944

0.017557, 0.254730
-499.708888, 364.270420
0.866620, -0.176449
0.095616, 1.255454
-1.506553, 0.424916
-4.442219, 2.918953
-8.265639, -4.425873
16.387571, -9.747784
-28.946133, 6.532066

0.017637, 0.255220
-500.229796, 364.649522
0.946690, 0.283996
-0.411549, 1.159664
-1.503873, 0.020136
-4.550523, 2.728513
-8.184803, -4.566518
16.447005, -9.650324
-28.965400, 6.442128

0.017709, 0.255714
-500.750703, 365.028625
0.737530, 0.735486
-0.811786, 0.838517
-1.396967, -0.368530
-4.650680, 2.533662
-8.101585, -4.705761
16.505856, -9.552513
-28.984389, 6.352130

0.017773, 0.256213
-501.271610, 365.407727
0.250370, 1.001692
-1.012995, 0.377529
-1.194411, -0.714977
-4.742511, 2.334747
-8.016009, -4.843561
16.564123, -9.454355
-29.003099, 6.262073

0.017827, 0.256716
-501.792516, 365.786828
-0.358900, 0.876562
-0.983725, -0.110580
-0.910995, -0.996625
-4.825850, 2.132123
-7.928100, -4.979878
16.621804, -9.355852
-29.021529, 6.171959

0.017871, 0.257222
-502.313422, 366.165929
-0.721395, 0.345384
-0.748215, -0.523047
-0.566423, -1.195731
-4.900549, 1.926152
-7.837885, -5.114672
16.678896, -9.257009
-29.039681, 6.081787

0.017905, 0.257730
-502.834327, 366.545030
-0.636044, -0.239201
-0.366235, -0.786316
-0.183825, -1.300253
-4.966472, 1.717202
-7.745389, -5.247904
16.735399, -9.157829
-29.057552, 5.991560

0.017928, 0.258240
-503.355231, 366.924131
-0.255635, -0.599564
0.085489, -0.860000
0.211772, -1.304312
-5.023500, 1.505646
-7.650641, -5.379535
16.791309, -9.058316
-29.075144, 5.901277

0.017942, 0.258749
-503.876135, 367.303231
0.218469, -0.666116
0.525190, -0.734843
0.594946, -1.208290
-5.071532, 1.291863
-7.553668, -5.509528
16.846625, -8.958473
-29.092456, 5.810940

0.017948, 0.259259
-504.397039, 367.682330
0.633423, -0.459859
0.873539, -0.430770
0.941292, -1.018643
-5.110479, 1.076234
-7.454498, -5.637844
16.901345, -8.858303
-29.109487, 5.720550

0.017945, 0.259768
-504.917942, 368.061430
0.866942, -0.041606
1.060802, 0.003204
1.228725, -0.747467
-5.140273, 0.859146
-7.353161, -5.764447
16.955467, -8.757811
-29.126238, 5.630107

0.017933, 0.260278
-505.438845, 368.440528
0.810196, 0.479693
1.037565, 0.488956
1.438670, -0.411832
-5.160857, 0.640986
-7.249686, -5.889299
17.008989, -8.656999
-29.142709, 5.539612

0.017914, 0.260788
-505.959747, 368.819627
0.396956, 0.902261
0.790910, 0.924605
1.557125, -0.032917
-5.172196, 0.422145
-7.144105, -6.012365
17.061909, -8.555871
-29.158900, 5.449067

0.017887, 0.261299
-506.480648, 369.198725
-0.245373, 0.937132
0.361555, 1.203366
1.575562, 0.365082
-5.174268, 0.203014
-7.036446, -6.133608
17.114226, -8.454432
-29.174809, 5.358471

0.017850, 0.261812
-507.001549, 369.577823
-0.715216, 0.529177
-0.153010, 1.248573
1.491640, 0.756261
-5.167069, -0.016014
-6.926744, -6.252995
17.165937, -8.352684
-29.190438, 5.267827

0.017803, 0.262324
-507.522449, 369.956920
-0.799329, -0.019467
-0.625054, 1.048152
1.309631, 1.114534
-5.150611, -0.234547
-6.815029, -6.370489
17.217042, -8.250631
-29.205785, 5.177134

0.017745, 0.262836
-508.043349, 370.336017
-0.567114, -0.459021
-0.943541, 0.660006
1.040486, 1.415327
-5.124922, -0.452195
-6.701334, -6.486057
17.267537, -8.148277
-29.220851, 5.086393

0.017677, 0.263345
-508.564249, 370.715114
-0.152577, -0.673529
-1.048460, 0.183612
0.701445, 1.637360
-5.090048, -0.668568
-6.585692, -6.599666
17.317422, -8.045625
-29.235636, 4.995607

0.017598, 0.263851
-509.085148, 371.094210
0.311248, -0.616760
-0.935280, -0.276475
0.315111, 1.764369
-5.046052, -0.883277
-6.468139, -6.711282
17.366694, -7.942679
-29.250140, 4.904774

0.017511, 0.264354
-509.606046, 371.473306
0.683287, -0.284770
-0.640879, -0.633795
-0.092008, 1.786580
-4.993011, -1.095940
-6.348707, -6.820874
17.415353, -7.839442
-29.264361, 4.813897

0.017414, 0.264854
-510.126944, 371.852402
0.796370, 0.260796
-0.227308, -0.828534
-0.491430, 1.701728
-4.931020, -1.306175
-6.227431, -6.928409
17.463395, -7.735919
-29.278301, 4.722977

0.017310, 0.265349
-510.647841, 372.231497
0.497447, 0.808506
0.229748, -0.828939
-0.854943, 1.515448
-4.860189, -1.513605
-6.104348, -7.033857
17.510820, -7.632113
-29.291959, 4.632013

0.017197, 0.265841
-511.168738, 372.610592
-0.116535, 0.999808
0.648452, -0.631843
-1.156896, 1.240925
-4.780646, -1.717859
-5.979494, -7.137187
17.557626, -7.528028
-29.305335, 4.541007

0.017076, 0.266329
-511.689635, 372.989686
-0.650011, 0.749218
0.947740, -0.264943
-1.376291, 0.897821
-4.692531, -1.918572
-5.852903, -7.238370
17.603812, -7.423667
-29.318429, 4.449960

0.016946, 0.266814
-512.210531, 373.368780
-0.884890, 0.282468
1.057960, 0.209881
-1.498394, 0.510611
-4.596004, -2.115384
-5.724615, -7.337375
17.649375, -7.319034
-29.331240, 4.358872

0.016808, 0.267293
-512.731426, 373.747874
-0.812532, -0.189623
0.938515, 0.697262
-1.515729, 0.106533
-4.491236, -2.307943
-5.594665, -7.434174
17.694314, -7.214133
-29.343769, 4.267745

0.016662, 0.267768
-513.252321, 374.126967
-0.495961, -0.527167
0.600040, 1.082466
-1.428365, -0.286572
-4.378415, -2.495903
-5.463092, -7.528739
17.738628, -7.108967
-29.356016, 4.176580

0.016508, 0.268237
-513.773215, 374.506060
-0.027969, -0.629889
0.116600, 1.265227
-1.243573, -0.642309
-4.257743, -2.678929
-5.329934, -7.621044
17.782314, -7.003540
-29.367979, 4.085376

0.016346, 0.268701
-514.294109, 374.885153
0.455305, -0.423820
-0.391719, 1.200225
-0.974955, -0.937472
-4.129436, -2.856693
-5.195230, -7.711061
17.825373, -6.897857
-29.379660, 3.994136

0.016176, 0.269158
-514.815002, 375.264245
0.739481, 0.096336
-0.803053, 0.913809
-0.641232, -1.153409
-3.993723, -3.028876
-5.059019, -7.798764
17.867801, -6.791920
-29.391058, 3.902860

0.016000, 0.269609
-515.335895, 375.643337
0.583976, 0.721540
-1.033604, 0.485122
-0.264820, -1.276949
-3.850849, -3.195172
-4.921341, -7.884128
17.909598, -6.685733
-29.402173, 3.811549

0.015818, 0.270055
-515.856788, 376.022429
0.057140, 1.051281
-1.050863, 0.012629
0.129656, -1.300938
-3.701068, -3.355281
-4.782235, -7.967128
17.950762, -6.579301
-29.413005, 3.720204

0.015628, 0.270494
-516.377680, 376.401520
-0.491277, 0.973103
-0.866297, -0.411166
0.516838, -1.224430
-3.544649, -3.508918
-4.641742, -8.047740
17.991292, -6.472626
-29.423554, 3.628825

0.015431, 0.270927
-516.898571, 376.780610
-0.844829, 0.624813
-0.522536, -0.711919
0.872042, -1.052582
-3.381873, -3.655809
-4.499903, -8.125942
18.031186, -6.365713
-29.433819, 3.537415

0.015226, 0.271352
-517.419462, 377.159701
-0.931189, 0.166597
-0.083172, -0.837999
1.172583, -0.796297
-3.213030, -3.795690
-4.356758, -8.201711
18.070443, -6.258566
-29.443801, 3.445972

0.015015, 0.271768
-517.940352, 377.538791
-0.743496, -0.261296
0.373991, -0.763320
1.399003, -0.471649
-3.038423, -3.928312
-4.212349, -8.275024
18.109061, -6.151188
-29.453499, 3.354499

0.014798, 0.272176
-518.461242, 377.917881
-0.317833, -0.521956
0.762897, -0.491860
1.536181, -0.099073
-2.858366, -4.053439
-4.066718, -8.345862
18.147040, -6.043583
-29.462914, 3.262996

0.014576, 0.272574
-518.982131, 378.296970
0.238117, -0.471562
0.998828, -0.064181
1.574319, 0.297663
-2.673180, -4.170846
-3.919907, -8.414202
18.184378, -5.935755
-29.472045, 3.171465

0.014351, 0.272963
-519.503020, 378.676059
0.674921, -0.024579
1.016172, 0.438277
1.509729, 0.692741
-2.483196, -4.280324
-3.771958, -8.480028
18.221073, -5.827708
-29.480892, 3.079905

0.014122, 0.273343
-520.023909, 379.055148
0.677448, 0.618009
0.794257, 0.901248
1.345356, 1.059803
-2.288756, -4.381679
-3.622915, -8.543318
18.257125, -5.719445
-29.489455, 2.988318

0.013891, 0.273715
-520.544797, 379.434236
0.282978, 1.054317
0.378141, 1.207905
1.090942, 1.373670
-2.090208, -4.474730
-3.472819, -8.604056
18.292532, -5.610971
-29.497735, 2.896705

0.013656, 0.274080
-521.065684, 379.813324
-0.230991, 1.143954
-0.128319, 1.282867
0.762722, 1.612158
-1.887905, -4.559311
-3.321715, -8.662224
18.327293, -5.502289
-29.505730, 2.805067

0.013418, 0.274438
-521.586571, 380.192412
-0.662054, 0.938867
-0.601221, 1.119265
0.382567, 1.757875
-1.682212, -4.635272
-3.169646, -8.717805
18.361406, -5.393403
-29.513441, 2.713404

0.013176, 0.274787
-522.107458, 380.571499
-0.894580, 0.538505
-0.939384, 0.770429
-0.023425, 1.799770
-1.473495, -4.702478
-3.016655, -8.770785
18.394871, -5.284317
-29.520868, 2.621718

0.012930, 0.275128
-522.628344, 380.950586
-0.858439, 0.060094
-1.085204, 0.321494
-0.426841, 1.734251
-1.262127, -4.760810
-2.862788, -8.821148
18.427687, -5.175034
-29.528011, 2.530009

0.012680, 0.275460
-523.149229, 381.329672
-0.520987, -0.343965
-1.024261, -0.136185
-0.799194, 1.565660
-1.048487, -4.810165
-2.708088, -8.868880
18.459852, -5.065559
-29.534869, 2.438278

