0.000000, 0.000000
0.353616, 0.160748
0.713435, 0.117606
0.995000, 0.100000
1.521848, 0.081004
5.202817, 0.043840
9.581945, 0.032305
19.219986, 0.022810
30.069994, 0.018236
5.187031, 0.043840

0.000001, 0.000000
0.259897, 0.294068
0.684999, 0.232102
0.980051, 0.199000
1.515396, 0.161780
5.202263, 0.087677
9.581781, 0.064610
19.219946, 0.045620
30.069978, 0.036472
5.196102, 0.087677

0.000002, 0.000000
0.123184, 0.378739
0.638458, 0.340462
0.955303, 0.296010
1.504664, 0.242098
5.201325, 0.131508
9.581508, 0.096914
19.219878, 0.068430
30.069950, 0.054708
5.456369, 0.131509

0.000004, 0.000000
-0.033029, 0.403457
0.575063, 0.439835
0.921006, 0.390062
1.489682, 0.321732
5.200018, 0.175330
9.581125, 0.129217
19.219783, 0.091239
30.069911, 0.072945
5.716154, 0.175333

0.000006, 0.000000
-0.184261, 0.367354
0.496515, 0.527617
0.877504, 0.480215
1.470492, 0.400458
5.198342, 0.219139
9.580632, 0.161518
19.219661, 0.114049
30.069861, 0.091181
5.975598, 0.219148

0.000008, 0.000001
-0.308948, 0.278330
0.404912, 0.601525
0.825236, 0.565570
1.447149, 0.478052
5.196297, 0.262933
9.580031, 0.193818
19.219511, 0.136858
30.069800, 0.109417
6.234746, 0.262952

0.000011, 0.000001
-0.390667, 0.150598
0.302689, 0.659654
0.764726, 0.645277
1.419718, 0.554295
5.193883, 0.306708
9.579320, 0.226116
19.219335, 0.159667
30.069728, 0.127653
6.493630, 0.306746

0.000015, 0.000001
-0.419162, 0.002351
0.192549, 0.700530
0.696583, 0.718542
1.388278, 0.628973
5.191101, 0.350461
9.578499, 0.258411
19.219131, 0.182476
30.069645, 0.145889
6.752271, 0.350528

0.000019, 0.000002
-0.390747, -0.146216
0.077388, 0.723137
0.621491, 0.784638
1.352917, 0.701875
5.187950, 0.394189
9.577569, 0.290703
19.218901, 0.205285
30.069551, 0.164125
7.010691, 0.394299

0.000023, 0.000002
-0.308530, -0.274651
-0.039783, 0.726944
0.540202, 0.842910
1.313735, 0.772793
5.184431, 0.437889
9.576530, 0.322991
19.218643, 0.228094
30.069446, 0.182360
7.268906, 0.438059

0.000027, 0.000003
-0.182538, -0.364121
-0.155922, 0.711912
0.453530, 0.892781
1.270844, 0.841529
5.180544, 0.481558
9.575382, 0.355276
19.218358, 0.250902
30.069329, 0.200596
7.526930, 0.481807

0.000032, 0.000004
-0.029532, -0.399713
-0.268032, 0.678489
0.362342, 0.933761
1.224364, 0.907889
5.176289, 0.525193
9.574124, 0.387557
19.218046, 0.273710
30.069202, 0.218832
7.784779, 0.525544

0.000038, 0.000005
0.128065, -0.373226
-0.373237, 0.627590
0.267548, 0.965448
1.174427, 0.971684
5.171667, 0.568791
9.572757, 0.419834
19.217706, 0.296517
30.069063, 0.237068
8.042463, 0.569269

0.000043, 0.000006
0.264823, -0.285985
-0.468855, 0.560573
0.170094, 0.987532
1.121175, 1.032736
5.166678, 0.612348
9.571280, 0.452106
19.217340, 0.319324
30.068914, 0.255303
8.299993, 0.612984

0.000049, 0.000007
0.356856, -0.150436
-0.552459, 0.479194
0.070951, 0.999802
1.064758, 1.090872
5.161323, 0.655862
9.569694, 0.484373
19.216946, 0.342131
30.068753, 0.273539
8.557380, 0.656688

0.000056, 0.000008
0.387437, 0.011024
-0.621939, 0.385566
-0.028897, 1.002143
1.005335, 1.145928
5.155601, 0.699329
9.567999, 0.516634
19.216525, 0.364937
30.068581, 0.291774
8.814634, 0.700381

0.000063, 0.000009
0.351461, 0.170591
-0.675548, 0.282099
-0.128456, 0.994539
0.943075, 1.197748
5.149513, 0.742747
9.566195, 0.548889
19.216078, 0.387742
30.068398, 0.310009
9.071764, 0.744063

0.000070, 0.000011
0.256525, 0.301537
-0.711941, 0.171445
-0.226741, 0.977072
0.878153, 1.246188
5.143059, 0.786111
9.564282, 0.581138
19.215603, 0.410547
30.068204, 0.328244
9.328783, 0.787731

0.000077, 0.000012
0.120241, 0.383868
-0.730207, 0.056427
-0.322778, 0.949924
0.810754, 1.291110
5.136240, 0.829420
9.562259, 0.613381
19.215100, 0.433352
30.067999, 0.346479
9.585709, 0.831371

0.000085, 0.000014
-0.034509, 0.407211
-0.729889, -0.060028
-0.415617, 0.913369
0.741067, 1.332388
5.129057, 0.872671
9.560127, 0.645617
19.214571, 0.456155
30.067783, 0.364714
9.842521, 0.874942

0.000093, 0.000016
-0.184189, 0.370890
-0.710992, -0.174954
-0.504343, 0.867776
0.669289, 1.369906
5.121510, 0.915859
9.557886, 0.677845
19.214015, 0.478959
30.067556, 0.382949
10.099214, 0.918490

0.000102, 0.000017
-0.307924, 0.282355
-0.673988, -0.285424
-0.588080, 0.813602
0.595624, 1.403558
5.113599, 0.958982
9.555536, 0.710066
19.213431, 0.501761
30.067317, 0.401184
10.355802, 0.962026

0.000110, 0.000019
-0.389436, 0.155118
-0.619799, -0.388618
-0.666004, 0.751387
0.520278, 1.433250
5.105326, 1.002037
9.553077, 0.742278
19.212820, 0.524563
30.067068, 0.419418
10.612294, 1.005553

0.000120, 0.000021
-0.418101, 0.006840
-0.549783, -0.481889
-0.737347, 0.681750
0.443466, 1.458899
5.096690, 1.045020
9.550508, 0.774483
19.212183, 0.547364
30.066807, 0.437652
10.868695, 1.049071

0.000129, 0.000023
-0.389615, -0.142370
-0.465700, -0.562832
-0.801410, 0.605383
0.365403, 1.480432
5.087692, 1.087930
9.547831, 0.806678
19.211518, 0.570164
30.066536, 0.455887
11.125012, 1.092580

0.000139, 0.000025
-0.306576, -0.271649
-0.369672, -0.629344
-0.857564, 0.523043
0.286311, 1.497789
5.078333, 1.130762
9.545045, 0.838864
19.210826, 0.592964
30.066253, 0.474120
11.381247, 1.136081

0.000149, 0.000027
-0.178947, -0.361433
-0.264137, -0.679675
-0.905257, 0.435544
0.206412, 1.510922
5.068613, 1.173514
9.542149, 0.871041
19.210106, 0.615762
30.065959, 0.492354
11.637405, 1.179574

0.000159, 0.000029
-0.024035, -0.396153
-0.151787, -0.712482
-0.944023, 0.343751
0.125931, 1.519794
5.058534, 1.216183
9.539145, 0.903208
19.209360, 0.638560
30.065655, 0.510588
11.893489, 1.223060

0.000170, 0.000032
0.134746, -0.367517
-0.035508, -0.726861
-0.973481, 0.248570
0.045097, 1.524380
5.048096, 1.258765
9.536032, 0.935365
19.208587, 0.661357
30.065339, 0.528821
12.149504, 1.266539

0.000181, 0.000034
0.271085, -0.277588
0.081698, -0.722383
-0.993343, 0.150939
-0.035864, 1.524668
5.037299, 1.301258
9.532810, 0.967511
19.207786, 0.684153
30.065012, 0.547055
12.405451, 1.310011

0.000192, 0.000036
0.361008, -0.140091
0.196782, -0.699104
-1.003415, 0.051821
-0.116723, 1.520658
5.026145, 1.343658
9.529479, 0.999646
19.206958, 0.706948
30.064674, 0.565288
12.661333, 1.353476

0.000204, 0.000039
0.388714, 0.021568
0.306734, -0.657573
-1.003598, -0.047807
-0.197252, 1.512361
5.014633, 1.385963
9.526039, 1.031770
19.206103, 0.729742
30.064324, 0.583521
12.917154, 1.396934

0.000216, 0.000041
0.350473, 0.179573
0.408661, -0.598824
-0.993890, -0.146963
-0.277224, 1.499802
5.002766, 1.428170
9.522491, 1.063882
19.205221, 0.752535
30.063964, 0.601753
13.172916, 1.440386

0.000229, 0.000043
0.254786, 0.308133
0.499866, -0.524353
-0.974385, -0.244671
-0.356413, 1.483015
4.990544, 1.470275
9.518834, 1.095982
19.204312, 0.775327
30.063593, 0.619986
13.428620, 1.483832

0.000241, 0.000046
0.119221, 0.388427
0.577922, -0.436082
-0.945276, -0.339967
-0.434598, 1.462049
4.977968, 1.512276
9.515068, 1.128070
19.203376, 0.798118
30.063210, 0.638218
13.684270, 1.527272

0.000255, 0.000048
-0.034097, 0.410772
0.640746, -0.336310
-0.906845, -0.431911
-0.511556, 1.436963
4.965038, 1.554169
9.511194, 1.160145
19.202413, 0.820907
30.062817, 0.656450
13.939867, 1.570706

0.000268, 0.000051
-0.182509, 0.374454
0.686654, -0.227654
-0.859470, -0.519596
-0.587072, 1.407828
4.951755, 1.595952
9.507211, 1.192206
19.201422, 0.843696
30.062412, 0.674681
14.195414, 1.614134

0.000282, 0.000054
-0.305647, 0.286367
0.714413, -0.112977
-0.803614, -0.602155
-0.660933, 1.374727
4.938121, 1.637622
9.503119, 1.224255
19.200404, 0.866483
30.061997, 0.692913
14.450911, 1.657557

0.000297, 0.000057
-0.387198, 0.159360
0.723279, 0.004691
-0.739825, -0.678771
-0.732931, 1.337753
4.924137, 1.679175
9.498919, 1.256289
19.199360, 0.889270
30.061570, 0.711144
14.706361, 1.700974

0.000312, 0.000060
-0.416057, 0.010691
0.713015, 0.122236
-0.668729, -0.748686
-0.802862, 1.297011
4.909803, 1.720609
9.494611, 1.288309
19.198288, 0.912054
30.061132, 0.729375
14.961766, 1.744386

0.000327, 0.000063
-0.387290, -0.139449
0.683902, 0.236550
-0.591025, -0.811204
-0.870531, 1.252615
4.895120, 1.761920
9.490194, 1.320314
19.197189, 0.934838
30.060683, 0.747606
15.217127, 1.787793

0.000342, 0.000066
-0.303080, -0.269635
0.636726, 0.344615
-0.507475, -0.865704
-0.935747, 1.204692
4.880090, 1.803107
9.485669, 1.352305
19.196063, 0.957620
30.060223, 0.765836
15.472446, 1.831195

0.000358, 0.000069
-0.173518, -0.359508
0.572759, 0.443589
-0.418903, -0.911642
-0.998327, 1.153376
4.864713, 1.844165
9.481035, 1.384280
19.194910, 0.980401
30.059752, 0.784066
15.727723, 1.874592

0.000375, 0.000073
-0.016667, -0.392948
0.493717, 0.530882
-0.326182, -0.948558
-1.058093, 1.098812
4.848991, 1.885093
9.476294, 1.416240
19.193729, 1.003181
30.059270, 0.802296
15.982961, 1.917984

0.000391, 0.000076
0.142984, -0.361831
0.401712, 0.604227
-0.230227, -0.976080
-1.114878, 1.041153
4.832925, 1.925886
9.471444, 1.448183
19.192522, 1.025959
30.058777, 0.820526
16.238160, 1.961372

0.000409, 0.000080
0.278408, -0.269225
0.299189, 0.661737
-0.131986, -0.993928
-1.168523, 0.980564
4.816515, 1.966543
9.466486, 1.480110
19.191288, 1.048736
30.058272, 0.838755
16.493322, 2.004755

0.000426, 0.000084
0.365888, -0.130174
0.188858, 0.701957
-0.032432, -1.001918
-1.218876, 0.917213
4.799764, 2.007060
9.461420, 1.512020
19.190026, 1.071511
30.057757, 0.856984
16.748448, 2.048133

0.000444, 0.000088
0.390793, 0.031180
0.073618, 0.723889
0.067449, -0.999965
-1.265795, 0.851280
4.782671, 2.047435
9.456246, 1.543913
19.188737, 1.094285
30.057231, 0.875212
17.003539, 2.091508

0.000462, 0.000092
0.350689, 0.187357
-0.043522, 0.727022
0.166664, -0.988079
-1.309149, 0.782951
4.765240, 2.087664
9.450964, 1.575789
19.187421, 1.117057
30.056693, 0.893441
17.258596, 2.134878

0.000481, 0.000096
0.254675, 0.313639
-0.159523, 0.711334
0.264228, -0.966371
-1.348816, 0.712418
4.747469, 2.127744
9.445574, 1.607647
19.186079, 1.139828
30.056144, 0.911669
17.513621, 2.178244

0.000500, 0.000101
0.120007, 0.392243
-0.271394, 0.677289
0.359169, -0.935051
-1.384683, 0.639879
4.729362, 2.167674
9.440076, 1.639486
19.184709, 1.162597
30.055585, 0.929896
17.768613, 2.221607

0.000519, 0.000106
-0.032006, 0.413927
-0.376267, 0.625818
0.450540, -0.894424
-1.416651, 0.565539
4.710919, 2.207450
9.434471, 1.671307
19.183312, 1.185364
30.055014, 0.948123
18.023575, 2.264965

0.000539, 0.000111
-0.179472, 0.377755
-0.471471, 0.558288
0.537430, -0.844887
-1.444629, 0.489608
4.692142, 2.247068
9.428758, 1.703109
19.181887, 1.208130
30.054432, 0.966350
18.278506, 2.308319

0.000559, 0.000116
-0.302352, 0.290005
-0.554590, 0.476469
0.618969, -0.786928
-1.468538, 0.412299
4.673031, 2.286527
9.422937, 1.734891
19.180436, 1.230894
30.053839, 0.984577
18.533409, 2.351669

0.000579, 0.000121
-0.384135, 0.162925
-0.623526, 0.382481
0.694342, -0.721121
-1.488312, 0.333829
4.653588, 2.325824
9.417009, 1.766654
19.178958, 1.253657
30.053235, 1.002803
18.788283, 2.395016

0.000600, 0.000126
-0.413145, 0.013512
-0.676545, 0.278740
0.762793, -0.648118
-1.503894, 0.254420
4.633815, 2.364955
9.410973, 1.798397
19.177452, 1.276417
30.052620, 1.021029
19.043129, 2.438359

0.000620, 0.000132
-0.383829, -0.137787
-0.712315, 0.167903
0.823636, -0.568642
-1.515241, 0.174296
4.613713, 2.403919
9.404830, 1.830120
19.175920, 1.299176
30.051994, 1.039255
19.297949, 2.481698

0.000642, 0.000137
-0.298091, -0.268845
-0.729939, 0.052796
0.876259, -0.483487
-1.522320, 0.093681
4.593284, 2.442711
9.398580, 1.861821
19.174360, 1.321933
30.051356, 1.057480
19.552742, 2.525033

0.000663, 0.000143
-0.166363, -0.358493
-0.728971, -0.063651
0.920134, -0.393499
-1.525111, 0.012803
4.572528, 2.481330
9.392222, 1.893502
19.172773, 1.344688
30.050708, 1.075704
19.807509, 2.568365

0.000685, 0.000149
-0.007662, -0.390225
-0.709433, -0.178475
0.954821, -0.299576
-1.523608, -0.068111
4.551447, 2.519773
9.385757, 1.925161
19.171160, 1.367441
30.050049, 1.093929
20.062252, 2.611693

0.000707, 0.000155
0.152442, -0.356381
-0.671808, -0.288748
0.979969, -0.202657
-1.517813, -0.148832
4.530044, 2.558037
9.379185, 1.956798
19.169519, 1.390193
30.049378, 1.112153
20.316970, 2.655018

0.000730, 0.000162
0.286464, -0.261252
-0.617031, -0.391654
0.995327, -0.103710
-1.507743, -0.229134
4.508318, 2.596119
9.372506, 1.988413
19.167851, 1.412942
30.048696, 1.130376
20.571664, 2.698340

0.000753, 0.000168
0.371294, -0.121116
-0.546475, -0.484551
1.000739, -0.003724
-1.493426, -0.308791
4.486273, 2.634016
9.365720, 2.020006
19.166156, 1.435689
30.048004, 1.148599
20.826335, 2.741659

0.000776, 0.000175
0.393602, 0.039484
-0.461911, -0.565041
0.996152, 0.096301
-1.474902, -0.387577
4.463909, 2.671727
9.358827, 2.051576
19.164434, 1.458435
30.047300, 1.166822
21.080984, 2.784975

0.000800, 0.000182
0.352069, 0.193696
-0.365474, -0.631028
0.981611, 0.195366
-1.452224, -0.465272
4.441227, 2.709247
9.351827, 2.083122
19.162685, 1.481178
30.046585, 1.185044
21.335610, 2.828288

0.000823, 0.000189
0.256079, 0.317907
-0.259614, -0.680774
0.957264, 0.292479
-1.425454, -0.541656
4.418231, 2.746575
9.344720, 2.114645
19.160909, 1.503919
30.045859, 1.203266
21.590215, 2.871597

0.000848, 0.000196
0.122383, 0.395185
-0.147033, -0.712948
0.923356, 0.386671
-1.394669, -0.616514
4.394920, 2.783708
9.337507, 2.146143
19.159106, 1.526658
30.045122, 1.221487
21.844799, 2.914905

0.000872, 0.000203
-0.028532, 0.416500
-0.030623, -0.726662
0.880229, 0.477000
-1.359954, -0.689636
4.371298, 2.820643
9.330187, 2.177618
19.157275, 1.549395
30.044374, 1.239708
22.099362, 2.958209

0.000897, 0.000210
-0.175401, 0.380542
0.086604, -0.721502
0.828317, 0.562566
-1.321406, -0.760815
4.347365, 2.857378
9.322761, 2.209067
19.155418, 1.572130
30.043615, 1.257929
22.353906, 3.001511

0.000923, 0.000218
-0.298339, 0.292957
0.201599, -0.697542
0.768141, 0.642516
-1.279136, -0.829851
4.323124, 2.893909
9.315229, 2.240492
19.153534, 1.594863
30.042845, 1.276149
22.608430, 3.044810

0.000948, 0.000226
-0.380487, 0.165471
0.311352, -0.655351
0.700308, 0.716054
-1.233260, -0.896550
4.298575, 2.930235
9.307590, 2.271891
19.151622, 1.617593
30.042064, 1.294368
22.862934, 3.088106

0.000974, 0.000234
-0.409532, 0.014980
0.412970, -0.595981
0.625497, 0.782451
-1.183908, -0.960723
4.273721, 2.966353
9.299845, 2.303264
19.149684, 1.640321
30.041271, 1.312587
23.117420, 3.131400

0.001001, 0.000242
-0.379350, -0.137638
0.503765, -0.520946
0.544459, 0.841048
-1.131218, -1.022189
4.248563, 3.002259
9.291993, 2.334611
19.147718, 1.663047
30.040468, 1.330806
23.371888, 3.174691

0.001027, 0.000250
-0.291729, -0.269434
0.581321, -0.432187
0.458006, 0.891266
-1.075340, -1.080775
4.223104, 3.037953
9.284036, 2.365932
19.145726, 1.685770
30.039653, 1.349024
23.626338, 3.217980

0.001054, 0.000259
-0.157686, -0.358466
0.643568, -0.332019
0.367002, 0.932611
-1.016429, -1.136316
4.197345, 3.073431
9.275973, 2.397226
19.143706, 1.708491
30.038828, 1.367242
23.880771, 3.261267

0.001082, 0.000268
0.002654, -0.388071
0.688839, -0.223072
0.272357, 0.964677
-0.954652, -1.188655
4.171288, 3.108690
9.267804, 2.428492
19.141659, 1.731210
30.037991, 1.385459
24.135186, 3.304551

0.001110, 0.000277
0.162727, -0.351368
0.715920, -0.108217
0.175014, 0.987152
-0.890182, -1.237645
4.144934, 3.143728
9.259529, 2.459731
19.139586, 1.753926
30.037143, 1.403675
24.389585, 3.347833

0.001138, 0.000286
0.294917, -0.253999
0.724089, 0.009509
0.075944, 0.999820
-0.823201, -1.283147
4.118286, 3.178543
9.251148, 2.490942
19.137485, 1.776640
30.036285, 1.421891
24.643967, 3.391113

0.001166, 0.000295
0.377024, -0.113278
0.713129, 0.126991
-0.023869, 1.002563
-0.753898, -1.325032
4.091346, 3.213132
9.242662, 2.522125
19.135357, 1.799351
30.035415, 1.440107
24.898333, 3.434390

0.001195, 0.000305
0.397039, 0.046206
0.683342, 0.241123
-0.123433, 0.995360
-0.682466, -1.363183
4.064115, 3.247492
9.234070, 2.553279
19.133203, 1.822060
30.034534, 1.458322
25.152684, 3.477666

0.001225, 0.000315
0.354502, 0.198436
0.635537, 0.348894
-0.221761, 0.978290
-0.609107, -1.397491
4.036595, 3.281622
9.225373, 2.584404
19.131021, 1.844766
30.033642, 1.476537
25.407019, 3.520939

0.001254, 0.000325
0.258800, 0.320852
0.571003, 0.447473
-0.317879, 0.951531
-0.534029, -1.427859
4.008789, 3.315519
9.216571, 2.615500
19.128812, 1.867470
30.032739, 1.494751
25.661339, 3.564210

0.001284, 0.000336
0.126050, 0.397159
0.491473, 0.534281
-0.410837, 0.915354
-0.457441, -1.454202
3.980698, 3.349180
9.207664, 2.646566
19.126576, 1.890171
30.031825, 1.512964
25.915644, 3.607479

0.001315, 0.000347
-0.024033, 0.418337
0.399071, 0.607069
-0.499716, 0.870123
-0.379560, -1.476445
3.952324, 3.382602
9.198651, 2.677602
19.124313, 1.912869
30.030899, 1.531177
26.169935, 3.650746

0.001345, 0.000358
-0.170663, 0.382593
0.296252, 0.663968
-0.583641, 0.816292
-0.300605, -1.494525
3.923669, 3.415785
9.189534, 2.708608
19.122024, 1.935564
30.029963, 1.549389
26.424212, 3.694011

0.001376, 0.000370
-0.293936, 0.294944
0.185733, 0.703538
-0.661786, 0.754399
-0.220799, -1.508390
3.894736, 3.448724
9.180311, 2.739582
19.119707, 1.958257
30.029016, 1.567601
26.678474, 3.737274

0.001407, 0.000382
-0.376516, 0.166705
0.070414, 0.724803
-0.733380, 0.685058
-0.140367, -1.518001
3.865526, 3.481419
9.170984, 2.770526
19.117363, 1.980947
30.028057, 1.585812
26.932723, 3.780535

0.001439, 0.000394
-0.405409, 0.014839
-0.046694, 0.727270
-0.797721, 0.608960
-0.059534, -1.523331
3.836041, 3.513866
9.161552, 2.801438
19.114992, 2.003635
30.027088, 1.604022
27.186959, 3.823795

0.001470, 0.000406
-0.374003, -0.139168
-0.162557, 0.710934
-0.854176, 0.526857
0.021471, -1.524363
3.806284, 3.546063
9.152016, 2.832319
19.112595, 2.026319
30.026107, 1.622232
27.441181, 3.867052

0.001502, 0.000419
-0.284181, -0.271460
-0.274190, 0.676274
-0.902193, 0.439563
0.102419, -1.521095
3.776257, 3.578008
9.142375, 2.863167
19.110170, 2.049001
30.025116, 1.640442
27.695391, 3.910307

0.001535, 0.000432
-0.147785, -0.359428
-0.378733, 0.624235
-0.941300, 0.347939
0.183083, -1.513536
3.745961, 3.609699
9.132630, 2.893983
19.107718, 2.071680
30.024113, 1.658651
27.949588, 3.953561

0.001567, 0.000446
0.013860, -0.386547
-0.473524, 0.556199
-0.971113, 0.252890
0.263236, -1.501706
3.715399, 3.641134
9.122781, 2.924766
19.105239, 2.094356
30.023099, 1.676859
28.203772, 3.996813

0.001600, 0.000459
0.173387, -0.346995
-0.556159, 0.473944
-0.991341, 0.155354
0.342650, -1.485638
3.684574, 3.672309
9.112828, 2.955515
19.102734, 2.117029
30.022074, 1.695066
28.457945, 4.040063

0.001632, 0.000473
0.303414, -0.247775
-0.624552, 0.379599
-1.001786, 0.056292
0.421102, -1.465378
3.653486, 3.703223
9.102770, 2.986231
19.100201, 2.139699
30.021038, 1.713273
28.712105, 4.083311

0.001665, 0.000487
0.382865, -0.106951
-0.676981, 0.275589
-1.002344, -0.043320
0.498371, -1.440982
3.622139, 3.733874
9.092609, 3.016913
19.097641, 2.162366
30.019991, 1.731480
28.966253, 4.126558

0.001699, 0.000502
0.400955, 0.051168
-0.712127, 0.164573
-0.993010, -0.142500
0.574238, -1.412518
3.590535, 3.764260
9.082344, 3.047561
19.095055, 2.185030
30.018933, 1.749685
29.220390, 4.169803

0.001732, 0.000517
0.357798, 0.201514
-0.729107, 0.049381
-0.973874, -0.240271
0.648490, -1.380067
3.558676, 3.794378
9.071975, 3.078174
19.092441, 2.207690
30.017864, 1.767890
29.474516, 4.213046

0.001766, 0.000532
0.262552, 0.322457
-0.727489, -0.067054
-0.945123, -0.335668
0.720917, -1.343719
3.526564, 3.824226
9.061503, 3.108752
19.089800, 2.230348
30.016784, 1.786095
29.728630, 4.256288

0.001800, 0.000547
0.130634, 0.398131
-0.707306, -0.181768
-0.907038, -0.427752
0.791315, -1.303578
3.494201, 3.853803
9.050927, 3.139295
19.087133, 2.253003
30.015693, 1.804298
29.982734, 4.299527

0.001834, 0.000563
-0.018932, 0.419343
-0.669057, -0.291838
-0.859992, -0.515611
0.859484, -1.259755
3.461590, 3.883105
9.040249, 3.169802
19.084438, 2.275654
30.014591, 1.822501
30.236827, 4.342766

0.001868, 0.000578
-0.165680, 0.383744
-0.613693, -0.394448
-0.804444, -0.598379
0.925233, -1.212375
3.428733, 3.912132
9.029467, 3.200273
19.081717, 2.298302
30.013477, 1.840704
30.490909, 4.386002

0.001903, 0.000594
-0.289519, 0.295756
-0.542596, -0.486961
-0.740939, -0.675235
0.988375, -1.161570
3.395633, 3.940880
9.018581, 3.230708
19.078969, 2.320947
30.012353, 1.858906
30.744980, 4.429237

0.001938, 0.000611
-0.372522, 0.166408
-0.457553, -0.566988
-0.670099, -0.745419
1.048733, -1.107485
3.362292, 3.969348
9.007593, 3.261106
19.076193, 2.343589
30.011217, 1.877107
30.999041, 4.472471

0.001972, 0.000627
-0.401002, 0.012919
-0.360712, -0.632440
-0.592620, -0.808233
1.106136, -1.050270
3.328711, 3.997534
8.996503, 3.291467
19.073391, 2.366228
30.010071, 1.895307
31.253092, 4.515703

0.002008, 0.000644
-0.367987, -0.142445
-0.254532, -0.681592
-0.509264, -0.863051
1.160421, -0.990088
3.294894, 4.025435
8.985309, 3.321790
19.070562, 2.388863
30.008913, 1.913507
31.507134, 4.558933

0.002043, 0.000661
-0.275705, -0.274889
-0.141727, -0.713125
-0.420851, -0.909327
1.211435, -0.927109
3.260843, 4.053051
8.974013, 3.352076
19.067706, 2.411495
30.007744, 1.931706
31.761165, 4.602162

0.002078, 0.000678
-0.137045, -0.361322
-0.025198, -0.726167
-0.328252, -0.946596
1.259035, -0.861509
3.226561, 4.080378
8.962615, 3.382324
19.064823, 2.434123
30.006565, 1.949904
32.015186, 4.645390

0.002114, 0.000695
0.025467, -0.385691
0.092040, -0.720320
-0.232381, -0.974483
1.303085, -0.793475
3.192049, 4.107415
8.951114, 3.412533
19.061913, 2.456748
30.005374, 1.968101
32.269199, 4.688616

0.002150, 0.000713
0.183954, -0.343444
0.206933, -0.695677
-0.134185, -0.992705
1.343462, -0.723197
3.157310, 4.134160
8.939511, 3.442703
19.058976, 2.479369
30.004172, 1.986298
32.523201, 4.731841

0.002187, 0.000731
0.311608, -0.242832
0.316473, -0.652827
-0.034638, -1.001073
1.380050, -0.650875
3.122347, 4.160611
8.927807, 3.472835
19.056012, 2.501987
30.002959, 2.004494
32.777195, 4.775064

0.002223, 0.000749
0.388590, -0.102332
0.417772, -0.592839
0.065276, -0.999496
1.412748, -0.576712
3.087162, 4.186766
8.916000, 3.502926
19.053022, 2.524602
30.001735, 2.022690
33.031180, 4.818286

0.002260, 0.000767
0.405148, 0.054289
0.508148, -0.517249
0.164564, -0.987984
1.441461, -0.500918
3.051758, 4.212623
8.904091, 3.532978
19.050004, 2.547213
30.000500, 2.040884
33.285155, 4.861507

0.002297, 0.000785
0.361695, 0.202938
0.585197, -0.428012
0.262238, -0.966642
1.466110, -0.423706
3.016137, 4.238181
8.892081, 3.562990
19.046960, 2.569820
29.999254, 2.059078
33.539122, 4.904727

0.002335, 0.000804
0.266982, 0.322755
0.646863, -0.327458
0.357327, -0.935676
1.486625, -0.345295
2.980302, 4.263437
8.879970, 3.592961
19.043888, 2.592424
29.997997, 2.077271
33.793080, 4.947945

0.002372, 0.000823
0.135710, 0.398096
0.691497, -0.218229
0.448881, -0.895388
1.502947, -0.265906
2.944255, 4.288391
8.867757, 3.622891
19.040790, 2.615024
29.996729, 2.095463
34.047030, 4.991162

0.002410, 0.000842
-0.013681, 0.419451
0.717905, -0.103206
0.535989, -0.846171
1.515031, -0.185763
2.907999, 4.313039
8.855443, 3.652780
19.037665, 2.637621
29.995449, 2.113655
34.300971, 5.034378

0.002449, 0.000862
-0.160884, 0.383866
0.725383, 0.014569
0.617777, -0.788510
1.522842, -0.105093
2.871536, 4.337380
8.843028, 3.682628
19.034513, 2.660213
29.994159, 2.131846
34.554904, 5.077592

0.002487, 0.000881
-0.285459, 0.295225
0.713738, 0.131983
0.693428, -0.722977
1.526358, -0.024123
2.834870, 4.361413
8.830512, 3.712434
19.031334, 2.682802
29.992858, 2.150036
34.808829, 5.120805

0.002526, 0.000901
-0.368791, 0.164423
0.683292, 0.245931
0.762185, -0.650219
1.525570, 0.056918
2.798002, 4.385136
8.817895, 3.742197
19.028128, 2.705387
29.991545, 2.168225
35.062746, 5.164017

0.002565, 0.000922
-0.396527, 0.009139
0.634871, 0.353410
0.823356, -0.570959
1.520480, 0.137802
2.760935, 4.408547
8.805178, 3.771918
19.024895, 2.727969
29.990222, 2.186413
35.316655, 5.207228

0.002605, 0.000943
-0.361518, -0.147437
0.569784, 0.451599
0.876330, -0.485987
1.511102, 0.218299
2.723672, 4.431645
8.792360, 3.801596
19.021636, 2.750546
29.988887, 2.204601
35.570556, 5.250438

0.002644, 0.000964
-0.266610, -0.279604
0.489778, 0.537933
0.920572, -0.396149
1.497464, 0.298183
2.686215, 4.454427
8.779441, 3.831230
19.018349, 2.773120
29.987542, 2.222788
35.824449, 5.293647

0.002684, 0.000985
-0.125911, -0.364057
0.396990, 0.610178
0.955640, -0.302341
1.479603, 0.377227
2.648568, 4.476892
8.766423, 3.860822
19.015036, 2.795690
29.986185, 2.240974
36.078335, 5.336854

0.002725, 0.001007
0.036969, -0.385543
0.293883, 0.666480
0.981179, -0.205500
1.457570, 0.455209
2.610733, 4.499039
8.753304, 3.890369
19.011696, 2.818256
29.984817, 2.259159
36.332214, 5.380061

0.002765, 0.001029
0.193990, -0.340884
0.183180, 0.705420
0.996935, -0.106594
1.431428, 0.531909
2.572712, 4.520866
8.740086, 3.919872
19.008329, 2.840818
29.983438, 2.277343
36.586085, 5.423266

0.002806, 0.001051
0.319205, -0.239355
0.067784, 0.726038
1.002749, -0.006611
1.401251, 0.607110
2.534508, 4.542372
8.726768, 3.949330
19.004935, 2.863376
29.982049, 2.295527
36.839948, 5.466470

0.002847, 0.001074
0.393996, -0.099513
-0.049297, 0.727857
0.998562, 0.093449
1.367124, 0.680600
2.496124, 4.563554
8.713350, 3.978743
19.001515, 2.885930
29.980648, 2.313709
37.093805, 5.509674

0.002888, 0.001097
0.409412, 0.055599
-0.165029, 0.710891
0.984418, 0.192586
1.329144, 0.752171
2.457563, 4.584411
8.699833, 4.008111
18.998067, 2.908479
29.979236, 2.331891
37.347655, 5.552876

0.002929, 0.001120
0.365914, 0.202812
-0.276434, 0.675633
0.960460, 0.289808
1.287419, 0.821621
2.418828, 4.604943
8.686216, 4.037434
18.994593, 2.931025
29.977813, 2.350072
37.601497, 5.596077

0.002971, 0.001144
0.271723, 0.321859
-0.380659, 0.623041
0.926930, 0.384145
1.242066, 0.888754
2.379920, 4.625147
8.672501, 4.066710
18.991092, 2.953567
29.976379, 2.368252
37.855333, 5.639277

0.003013, 0.001169
0.140849, 0.397130
-0.475051, 0.554510
0.884166, 0.474655
1.193214, 0.953382
2.340844, 4.645022
8.658686, 4.095940
18.987564, 2.976104
29.974934, 2.386432
38.109162, 5.682476

0.003055, 0.001193
-0.008727, 0.418675
-0.557217, 0.471828
0.832599, 0.560435
1.141001, 1.015321
2.301601, 4.664566
8.644773, 4.125124
18.984009, 2.998637
29.973478, 2.404610
38.362984, 5.725674

0.003097, 0.001218
-0.156685, 0.382913
-0.625081, 0.377133
0.772747, 0.640630
1.085575, 1.074397
2.262195, 4.683779
8.630761, 4.154261
18.980428, 3.021166
29.972010, 2.422787
38.616800, 5.768871

0.003140, 0.001244
-0.282091, 0.293278
-0.676934, 0.272857
0.705213, 0.714444
1.027093, 1.130443
2.222628, 4.702658
8.616650, 4.183350
18.976820, 3.043691
29.970532, 2.440964
38.870609, 5.812067

0.003182, 0.001270
-0.365567, 0.160713
-0.711469, 0.161665
0.630676, 0.781142
0.965720, 1.183302
2.182903, 4.721203
8.602441, 4.212392
18.973185, 3.066212
29.969043, 2.459140
39.124412, 5.855262

0.003225, 0.001296
-0.392173, 0.003559
-0.727815, 0.046391
0.549881, 0.840065
0.901630, 1.232824
2.143023, 4.739412
8.588134, 4.241385
18.969523, 3.088728
29.967543, 2.477314
39.378209, 5.898457

0.003268, 0.001322
-0.354819, -0.153962
-0.725555, -0.070031
0.463640, 0.890631
0.835004, 1.278871
2.102991, 4.757284
8.573729, 4.270331
18.965834, 3.111240
29.966031, 2.495488
39.631999, 5.941650

0.003311, 0.001349
-0.257241, -0.285366
-0.704737, -0.184635
0.372815, 0.932341
0.766030, 1.321311
2.062809, 4.774817
8.559226, 4.299228
18.962119, 3.133747
29.964509, 2.513661
39.885783, 5.984842

0.003354, 0.001377
-0.114855, -0.367462
-0.665872, -0.294499
0.278313, 0.964787
0.694904, 1.360027
2.022481, 4.792010
8.544625, 4.328076
18.958376, 3.156250
29.962975, 2.531833
40.139561, 6.028034

0.003397, 0.001404
0.047876, -0.386078
-0.609923, -0.396810
0.181077, 0.987654
0.621826, 1.394909
1.982010, 4.808863
8.529927, 4.356874
18.954607, 3.178749
29.961431, 2.550004
40.393333, 6.071224

0.003440, 0.001432
0.203110, -0.339385
-0.538290, -0.488937
0.082075, 1.000722
0.547004, 1.425859
1.941397, 4.825373
8.515132, 4.385623
18.950812, 3.201243
29.959875, 2.568175
40.647099, 6.114414

0.003484, 0.001460
0.325946, -0.237392
-0.452772, -0.568494
-0.017706, 1.003868
0.470647, 1.452790
1.900647, 4.841540
8.500239, 4.414322
18.946989, 3.223733
29.958309, 2.586344
40.900859, 6.157603

0.003527, 0.001489
0.398881, -0.098435
-0.355529, -0.633406
-0.117278, 0.997070
0.392973, 1.475627
1.859762, 4.857363
8.485249, 4.442971
18.943140, 3.246218
29.956731, 2.604512
41.154613, 6.200791

0.003571, 0.001518
0.413513, 0.055258
-0.249032, -0.681955
-0.215651, 0.980402
0.314201, 1.494306
1.818745, 4.872840
8.470162, 4.471570
18.939264, 3.268698
29.955142, 2.622679
41.408362, 6.243978

0.003615, 0.001547
0.370141, 0.201347
-0.136007, -0.712838
-0.311852, 0.954036
0.234552, 1.508774
1.777598, 4.887970
8.454979, 4.500117
18.935361, 3.291174
29.953543, 2.640846
41.662105, 6.287164

0.003659, 0.001577
0.276384, 0.319971
-0.019361, -0.725198
-0.404930, 0.918242
0.154253, 1.518992
1.736326, 4.902752
8.439699, 4.528613
18.931431, 3.313646
29.951932, 2.659011
41.915842, 6.330349

0.003703, 0.001607
0.145614, 0.395383
0.097884, -0.718653
-0.493966, 0.873380
0.073529, 1.524930
1.694930, 4.917186
8.424323, 4.557057
18.927475, 3.336112
29.950310, 2.677176
42.169574, 6.373534

0.003748, 0.001637
-0.004509, 0.417097
0.212672, -0.693317
-0.578081, 0.819900
-0.007392, 1.526574
1.653414, 4.931269
8.408851, 4.585450
18.923492, 3.358574
29.948677, 2.695339
42.423300, 6.416717

0.003792, 0.001668
-0.153480, 0.380912
0.321992, -0.649794
-0.656448, 0.758336
-0.088281, 1.523917
1.611780, 4.945002
8.393282, 4.613790
18.919483, 3.381032
29.947033, 2.713501
42.677021, 6.459900

0.003837, 0.001699
-0.279726, 0.289927
0.422964, -0.589177
-0.728295, 0.689301
-0.168910, 1.516970
1.570032, 4.958383
8.377618, 4.642078
18.915446, 3.403484
29.945379, 2.731663
42.930737, 6.503082

0.003881, 0.001730
-0.363073, 0.155338
0.512911, -0.513018
-0.792916, 0.613480
-0.249052, 1.505751
1.528173, 4.971410
8.361859, 4.670313
18.911383, 3.425932
29.943713, 2.749823
43.184448, 6.546263

0.003926, 0.001761
-0.388131, -0.003651
0.589442, -0.423291
-0.849677, 0.531624
-0.328480, 1.490294
1.486205, 4.984084
8.346003, 4.698495
18.907293, 3.448375
29.942036, 2.767983
43.438153, 6.589444

0.003971, 0.001793
-0.348149, -0.161742
0.650514, -0.322342
-0.898020, 0.444544
-0.406971, 1.470641
1.444131, 4.996403
8.330053, 4.726623
18.903177, 3.470813
29.940348, 2.786141
43.691853, 6.632624

0.004016, 0.001826
-0.247997, -0.291887
0.694496, -0.212825
-0.937472, 0.353100
-0.484304, 1.446849
1.401955, 5.008367
8.314007, 4.754697
18.899034, 3.493246
29.938649, 2.804299
43.945548, 6.675803

0.004062, 0.001859
-0.104369, -0.371362
0.720214, -0.097629
-0.967646, 0.258195
-0.560261, 1.418986
1.359680, 5.019974
8.297867, 4.782718
18.894864, 3.515674
29.936938, 2.822455
44.199238, 6.718981

0.004107, 0.001892
0.057730, -0.387263
0.726985, 0.020199
-0.988245, 0.160764
-0.634627, 1.387131
1.317308, 5.031224
8.281631, 4.810683
18.890667, 3.538097
29.935217, 2.840610
44.452923, 6.762158

0.004153, 0.001925
0.210983, -0.338968
0.714637, 0.137543
-0.999067, 0.061768
-0.707193, 1.351373
1.274843, 5.042116
8.265302, 4.838594
18.886444, 3.560516
29.933485, 2.858764
44.706603, 6.805335

0.004198, 0.001959
0.331609, -0.236897
0.683515, 0.251304
-1.000006, -0.037817
-0.777755, 1.311814
1.232288, 5.052649
8.248878, 4.866450
18.882194, 3.582929
29.931742, 2.876918
44.960279, 6.848511

0.004244, 0.001993
0.403050, -0.098945
0.634466, 0.358485
-0.991052, -0.137009
-0.846114, 1.268566
1.189645, 5.062822
8.232359, 4.894250
18.877917, 3.605337
29.929988, 2.895070
45.213949, 6.891686

0.004290, 0.002027
0.417208, 0.053507
0.568814, 0.456275
-0.972292, -0.234832
-0.912078, 1.221751
1.146917, 5.072635
8.215747, 4.921995
18.873614, 3.627740
29.928222, 2.913221
45.467615, 6.934860

0.004336, 0.002062
0.374057, 0.198814
0.488324, 0.542126
-0.943907, -0.330321
-0.975461, 1.171501
1.104109, 5.082086
8.199041, 4.949683
18.869284, 3.650138
29.926446, 2.931371
45.721276, 6.978034

0.004382, 0.002097
0.280578, 0.317339
0.395143, 0.613816
-0.906175, -0.422532
-1.036084, 1.117959
1.061222, 5.091176
8.182241, 4.977315
18.864928, 3.672531
29.924659, 2.949520
45.974932, 7.021207

0.004428, 0.002133
0.149584, 0.393046
0.291746, 0.669513
-0.859465, -0.510557
-1.093777, 1.061275
1.018259, 5.099904
8.165348, 5.004891
18.860545, 3.694919
29.922860, 2.967668
46.228584, 7.064380

0.004475, 0.002169
-0.001429, 0.414841
0.180858, 0.707812
-0.804233, -0.593524
-1.148378, 1.001609
0.975225, 5.108268
8.148362, 5.032409
18.856135, 3.717302
29.921051, 2.985815
46.482232, 7.107551

0.004521, 0.002206
-0.151602, 0.377933
0.065387, 0.727774
-0.741021, -0.670612
-1.199733, 0.939129
0.932122, 5.116269
8.131282, 5.059870
18.851698, 3.739679
29.919231, 3.003960
46.735875, 7.150722

0.004568, 0.002243
-0.278596, 0.285244
-0.051661, 0.728940
-0.670447, -0.741057
-1.247697, 0.874013
0.888952, 5.123906
8.114110, 5.087273
18.847235, 3.762051
29.917399, 3.022105
46.989513, 7.193893

0.004614, 0.002280
-0.361458, 0.148449
-0.167256, 0.711339
-0.593204, -0.804158
-1.292136, 0.806443
0.845720, 5.131177
8.096845, 5.114618
18.842746, 3.784418
29.915557, 3.040249
47.243147, 7.237062

0.004661, 0.002317
-0.384548, -0.012212
-0.278426, 0.675481
-0.510052, -0.859288
-1.332925, 0.736609
0.802428, 5.138084
8.079488, 5.141905
18.838229, 3.806779
29.913703, 3.058391
47.496777, 7.280231

0.004708, 0.002356
-0.341761, -0.170414
-0.382327, 0.622338
-0.421808, -0.905894
-1.369949, 0.664710
0.759079, 5.144624
8.062038, 5.169134
18.833687, 3.829135
29.911839, 3.076532
47.750402, 7.323399

0.004754, 0.002394
-0.239270, -0.298843
-0.476314, 0.553316
-0.329342, -0.943510
-1.403103, 0.590946
0.715676, 5.150799
8.044496, 5.196303
18.829117, 3.851486
29.909963, 3.094672
48.004024, 7.366567

0.004801, 0.002433
-0.094897, -0.375570
-0.558005, 0.470212
-0.233567, -0.971756
-1.432294, 0.515526
0.672223, 5.156606
8.026863, 5.223414
18.824521, 3.873831
29.908076, 3.112811
48.257641, 7.409734

0.004848, 0.002472
0.066164, -0.389027
-0.625337, 0.375175
-0.135429, -0.990345
-1.457441, 0.438662
0.628722, 5.162047
8.009138, 5.250464
18.819899, 3.896171
29.906179, 3.130949
48.511253, 7.452901

0.004894, 0.002511
0.217371, -0.339569
-0.676611, 0.270641
-0.035900, -0.999085
-1.478472, 0.360571
0.585177, 5.167120
7.991321, 5.277455
18.815249, 3.918505
29.904270, 3.149086
48.764862, 7.496066

0.004941, 0.002551
0.336041, -0.237727
-0.710536, 0.159281
0.064035, -0.997881
-1.495329, 0.281473
0.541591, 5.171825
7.973413, 5.304386
18.810574, 3.940834
29.902351, 3.167221
49.018467, 7.539231

0.004988, 0.002591
0.406353, -0.100791
-0.726251, 0.043933
0.163382, -0.986737
-1.507963, 0.201590
0.497966, 5.176161
7.955414, 5.331256
18.805871, 3.963157
29.900420, 3.185356
49.272067, 7.582396

0.005035, 0.002632
0.420291, 0.050666
-0.723354, -0.072467
0.261155, -0.965757
-1.516340, 0.121148
0.454307, 5.180129
7.937324, 5.358065
18.801142, 3.985475
29.898478, 3.203489
49.525664, 7.625560

0.005082, 0.002673
0.377381, 0.195547
-0.701905, -0.186954
0.356379, -0.935142
-1.520434, 0.040372
0.410615, 5.183729
7.919144, 5.384814
18.796387, 4.007787
29.896525, 3.221621
49.779257, 7.668723

0.005129, 0.002714
0.283966, 0.314264
-0.662429, -0.296605
0.448106, -0.895188
-1.520236, -0.040509
0.366895, 5.186959
7.900873, 5.411501
18.791605, 4.030093
29.894562, 3.239752
50.032846, 7.711886

0.005176, 0.002756
0.152402, 0.390357
-0.605905, -0.398612
0.535419, -0.846289
-1.515744, -0.121269
0.323149, 5.189820
7.882512, 5.438126
18.786797, 4.052394
29.892587, 3.257881
50.286430, 7.755048

0.005223, 0.002797
0.000183, 0.412071
-0.533743, -0.490348
0.617446, -0.788925
-1.506973, -0.201679
0.279380, 5.192311
7.864061, 5.464689
18.781962, 4.074689
29.890601, 3.276010
50.540012, 7.798209

0.005270, 0.002840
-0.151301, 0.374099
-0.447757, -0.569435
0.693366, -0.723662
-1.493945, -0.281514
0.235592, 5.194432
7.845520, 5.491190
18.777100, 4.096979
29.888604, 3.294137
50.793589, 7.841370

0.005317, 0.002882
-0.278850, 0.279372
-0.350120, -0.633804
0.762418, -0.651149
-1.476698, -0.360548
0.191787, 5.196184
7.826889, 5.517628
18.772212, 4.119262
29.886597, 3.312263
51.047162, 7.884531

0.005364, 0.002925
-0.360805, 0.140283
-0.243315, -0.681750
0.823910, -0.572104
-1.455279, -0.438559
0.147969, 5.197565
7.808170, 5.544004
18.767297, 4.141540
29.884578, 3.330388
51.300732, 7.927690

0.005411, 0.002968
-0.381543, -0.021769
-0.130077, -0.711983
0.877225, -0.487314
-1.429749, -0.515327
0.104141, 5.198576
7.789360, 5.570316
18.762356, 4.163812
29.882548, 3.348512
51.554299, 7.970850

0.005458, 0.003011
-0.335903, -0.179578
-0.013322, -0.723660
0.921827, -0.397624
-1.400180, -0.590635
0.060306, 5.199217
7.770462, 5.596564
18.757389, 4.186078
29.880507, 3.366634
51.807861, 8.014008

0.005505, 0.003055
-0.231425, -0.305914
0.103922, -0.716418
0.957269, -0.303930
-1.366654, -0.664273
0.016468, 5.199488
7.751476, 5.622749
18.752395, 4.208338
29.878455, 3.384755
52.061420, 8.057166

0.005552, 0.003099
-0.086806, -0.379905
0.218596, -0.690387
0.983194, -0.207165
-1.329265, -0.736032
-0.027372, 5.199388
7.732400, 5.648870
18.747374, 4.230592
29.876392, 3.402875
52.314975, 8.100324

0.005599, 0.003144
0.072915, -0.391268
0.327690, -0.646194
0.999343, -0.108297
-1.288118, -0.805709
-0.071209, 5.198919
7.713236, 5.674926
18.742327, 4.252840
29.874318, 3.420994
52.568527, 8.143481

0.005647, 0.003188
0.222127, -0.341056
0.428327, -0.584949
1.005554, -0.008315
-1.243329, -0.873109
-0.115040, 5.198078
7.693985, 5.700918
18.737254, 4.275083
29.872233, 3.439111
52.822076, 8.186637

0.005694, 0.003233
0.339148, -0.239654
0.517838, -0.508223
1.001764, 0.091783
-1.195022, -0.938042
-0.158863, 5.196868
7.674645, 5.726844
18.732154, 4.297319
29.870137, 3.457227
53.075620, 8.229793

0.005742, 0.003279
0.408674, -0.103656
0.593842, -0.418008
0.988014, 0.190995
-1.143335, -1.000324
-0.202675, 5.195287
7.655218, 5.752705
18.727027, 4.319549
29.868031, 3.475342
53.329162, 8.272949

0.005789, 0.003324
0.422584, 0.047103
0.654313, -0.316666
0.964442, 0.288331
-1.088412, -1.059779
-0.246471, 5.193336
7.635703, 5.778501
18.721875, 4.341773
29.865913, 3.493456
53.582700, 8.316104

0.005837, 0.003371
0.379870, 0.191913
0.697636, -0.206862
0.931288, 0.382819
-1.030408, -1.116240
-0.290249, 5.191016
7.616101, 5.804230
18.716695, 4.363991
29.863784, 3.511568
53.836235, 8.359258

0.005885, 0.003417
0.286259, 0.311069
0.722658, -0.091496
0.888884, 0.473514
-0.969484, -1.169547
-0.334006, 5.188325
7.596412, 5.829894
18.711490, 4.386203
29.861644, 3.529679
54.089766, 8.402412

0.005933, 0.003464
0.153772, 0.387565
0.728716, 0.026381
0.837660, 0.559514
-0.905814, -1.219551
-0.377739, 5.185265
7.576636, 5.855490
18.706258, 4.408409
29.859493, 3.547789
54.343294, 8.445565

0.005981, 0.003511
0.000079, 0.408967
0.715661, 0.143653
0.778130, 0.639962
-0.839574, -1.266108
-0.421444, 5.181836
7.556774, 5.881020
18.700999, 4.430608
29.857331, 3.565897
54.596819, 8.488718

0.006029, 0.003559
-0.152729, 0.369559
0.683858, 0.257223
0.710894, 0.714058
-0.770953, -1.309089
-0.465119, 5.178037
7.536825, 5.906483
18.695714, 4.452802
29.855158, 3.584004
54.850340, 8.531870

0.006077, 0.003607
-0.280535, 0.272512
0.634175, 0.364103
0.636626, 0.781066
-0.700142, -1.348371
-0.508760, 5.173870
7.516790, 5.931879
18.690403, 4.474989
29.852974, 3.602110
55.103859, 8.575022

0.006125, 0.003655
-0.361124, 0.131165
0.567954, 0.461491
0.556072, 0.840324
-0.627342, -1.383842
-0.552365, 5.169334
7.496669, 5.957207
18.685065, 4.497169
29.850779, 3.620214
55.357374, 8.618173

0.006173, 0.003704
-0.379207, -0.031883
0.486976, 0.546854
0.470038, 0.891247
-0.552756, -1.415404
-0.595930, 5.164429
7.476463, 5.982467
18.679701, 4.519344
29.848573, 3.638317
55.610886, 8.661324

0.006221, 0.003753
-0.330809, -0.188792
0.393400, 0.617987
0.379386, 0.933332
-0.476594, -1.442965
-0.639451, 5.159157
7.456171, 6.007658
18.674310, 4.541512
29.846356, 3.656419
55.864395, 8.704474

0.006269, 0.003803
-0.224780, -0.312776
0.289710, 0.673074
0.285021, 0.966170
-0.399072, -1.466449
-0.682927, 5.153517
7.435794, 6.032781
18.668894, 4.563673
29.844128, 3.674520
56.117900, 8.747624

0.006317, 0.003853
-0.080372, -0.384174
0.178637, 0.710731
0.187884, 0.989438
-0.320407, -1.485787
-0.726353, 5.147510
7.415333, 6.057836
18.663450, 4.585828
29.841889, 3.692619
56.371403, 8.790773

0.006366, 0.003904
0.077829, -0.393834
0.063090, 0.730036
0.088944, 1.002916
-0.240821, -1.500925
-0.769727, 5.141137
7.394786, 6.082821
18.657981, 4.607977
29.839639, 3.710716
56.624903, 8.833922

0.006414, 0.003955
0.225200, -0.343223
-0.053925, 0.730548
-0.010817, 1.006475
-0.160538, -1.511820
-0.813046, 5.134397
7.374155, 6.107736
18.652485, 4.630119
29.837378, 3.728813
56.878399, 8.877071

0.006462, 0.004007
0.340912, -0.242373
-0.169383, 0.712314
-0.110407, 1.000089
-0.079784, -1.518441
-0.856306, 5.127291
7.353440, 6.132582
18.646962, 4.652255
29.835106, 3.746908
57.131893, 8.920219

0.006510, 0.004058
0.409966, -0.107151
-0.280317, 0.675858
-0.208838, 0.983830
0.001213, -1.520767
-0.899505, 5.119819
7.332640, 6.157358
18.641414, 4.674384
29.832823, 3.765001
57.385384, 8.963366

0.006558, 0.004111
0.423977, 0.043243
-0.383892, 0.622168
-0.305136, 0.957865
0.082225, -1.518792
-0.942639, 5.111983
7.311757, 6.182064
18.635839, 4.696507
29.830529, 3.783094
57.638871, 9.006513

0.006606, 0.004164
0.381344, 0.188327
-0.477474, 0.552659
-0.398349, 0.922459
0.163024, -1.512522
-0.985705, 5.103783
7.290790, 6.206699
18.630238, 4.718622
29.828224, 3.801185
57.892356, 9.049660

0.006654, 0.004217
0.287234, 0.308114
-0.558692, 0.469142
-0.487556, 0.877970
0.243381, -1.501972
-1.028701, 5.095219
7.269740, 6.231263
18.624610, 4.740732
29.825908, 3.819274
58.145838, 9.092806

0.006702, 0.004271
0.153472, 0.384954
-0.625494, 0.373769
-0.571878, 0.824844
0.323071, -1.487172
-1.071623, 5.086292
7.248607, 6.255756
18.618956, 4.762834
29.823581, 3.837362
58.399317, 9.135952

0.006749, 0.004325
-0.001902, 0.405742
-0.676194, 0.268987
-0.650483, 0.763611
0.401867, -1.468164
-1.114467, 5.077003
7.227391, 6.280178
18.613276, 4.784930
29.821243, 3.855449
58.652794, 9.179097

0.006797, 0.004379
-0.155938, 0.364514
-0.709513, 0.157470
-0.722599, 0.694881
0.479549, -1.445000
-1.157232, 5.067352
7.206093, 6.304528
18.607570, 4.807019
29.818894, 3.873534
58.906267, 9.222242

0.006844, 0.004434
-0.283609, 0.264939
-0.724606, 0.042057
-0.787516, 0.619336
0.555896, -1.417746
-1.199914, 5.057339
7.184712, 6.328806
18.601837, 4.829102
29.816534, 3.891618
59.159738, 9.265386

0.006892, 0.004489
-0.362377, 0.121502
-0.721082, -0.074312
-0.844597, 0.537727
0.630694, -1.386477
-1.242509, 5.046967
7.163249, 6.353012
18.596078, 4.851177
29.814163, 3.909700
59.413206, 9.308530

0.006939, 0.004545
-0.377613, -0.042066
-0.699014, -0.188674
-0.893281, 0.450859
0.703731, -1.351282
-1.285015, 5.036234
7.141704, 6.377145
18.590293, 4.873246
29.811781, 3.927781
59.666671, 9.351673

0.006986, 0.004601
-0.326691, -0.197614
-0.658942, -0.298107
-0.933092, 0.359592
0.774800, -1.312259
-1.327430, 5.025143
7.120077, 6.401206
18.584481, 4.895308
29.809388, 3.945861
59.920133, 9.394817

0.007033, 0.004657
-0.219591, -0.319117
-0.601857, -0.399807
-0.963637, 0.264827
0.843702, -1.269518
-1.369748, 5.013694
7.098369, 6.425193
18.578644, 4.917363
29.806984, 3.963939
60.173593, 9.437959

0.007079, 0.004714
-0.075777, -0.388166
-0.529183, -0.491151
-0.984618, 0.167498
0.910242, -1.223180
-1.411969, 5.001887
7.076580, 6.449107
18.572780, 4.939411
29.804569, 3.982015
60.427050, 9.481101

0.007126, 0.004771
0.080837, -0.396523
-0.442746, -0.569768
-0.995828, 0.068567
0.974231, -1.173374
-1.454088, 4.989724
7.054710, 6.472947
18.566889, 4.961452
29.802143, 4.000090
60.680505, 9.524243

0.007172, 0.004829
0.226598, -0.345797
-0.344731, -0.633598
-0.997157, -0.030993
1.035490, -1.120240
-1.496104, 4.977205
7.032760, 6.496714
18.560973, 4.983486
29.799706, 4.018164
60.933956, 9.567385

0.007219, 0.004886
0.341352, -0.245523
-0.237632, -0.680948
-0.988591, -0.130200
1.093844, -1.063930
-1.538011, 4.964331
7.010729, 6.520406
18.555030, 5.005513
29.797258, 4.036236
61.187406, 9.610526

0.007265, 0.004944
0.410208, -0.110852
-0.124193, -0.710539
-0.970213, -0.228075
1.149129, -1.004601
-1.579809, 4.951104
6.988618, 6.544024
18.549061, 5.027533
29.794800, 4.054307
61.440852, 9.653666

0.007311, 0.005002
0.424384, 0.039533
-0.007339, -0.721545
-0.942201, -0.323653
1.201190, -0.942420
-1.621493, 4.937524
6.966427, 6.567567
18.543066, 5.049546
29.792330, 4.072376
61.694296, 9.696806

0.007357, 0.005061
0.381659, 0.185207
0.109896, -0.713617
-0.904829, -0.415991
1.249878, -0.877563
-1.663061, 4.923592
6.944156, 6.591035
18.537045, 5.071552
29.789849, 4.090444
61.947738, 9.739946

0.007403, 0.005120
0.286714, 0.305749
0.224451, -0.686905
-0.858463, -0.504177
1.295056, -0.810212
-1.704510, 4.909309
6.921806, 6.614427
18.530998, 5.093551
29.787357, 4.108510
62.201177, 9.783086

0.007449, 0.005179
0.151349, 0.382785
0.333316, -0.642053
-0.803554, -0.587338
1.336597, -0.740559
-1.745837, 4.894676
6.899377, 6.637745
18.524924, 5.115542
29.784854, 4.126575
62.454613, 9.826225

0.007495, 0.005239
-0.005825, 0.402597
0.433618, -0.580190
-0.740641, -0.664651
1.374383, -0.668798
-1.787038, 4.879694
6.876869, 6.660986
18.518824, 5.137527
29.782341, 4.144638
62.708048, 9.869363

0.007540, 0.005298
-0.160879, 0.359182
0.522695, -0.502907
-0.670341, -0.735349
1.408308, -0.595133
-1.828112, 4.864364
6.854283, 6.684151
18.512698, 5.159504
29.779816, 4.162700
62.961479, 9.912502

0.007586, 0.005358
-0.287956, 0.256981
0.598177, -0.412213
-0.593343, -0.798729
1.438275, -0.519772
-1.869054, 4.848688
6.831618, 6.707240
18.506546, 5.181474
29.777280, 4.180760
63.214908, 9.955639

0.007631, 0.005419
-0.364493, 0.111751
0.658052, -0.310483
-0.510405, -0.854160
1.464201, -0.442927
-1.909863, 4.832666
6.808875, 6.730252
18.500368, 5.203436
29.774733, 4.198818
63.468335, 9.998777

0.007677, 0.005480
-0.376837, -0.051822
0.700722, -0.200397
-0.422342, -0.901087
1.486011, -0.364815
-1.950534, 4.816300
6.786054, 6.753188
18.494164, 5.225391
29.772176, 4.216876
63.721759, 10.041914

0.007722, 0.005541
-0.323737, -0.205641
0.725053, -0.084862
-0.330022, -0.939039
1.503645, -0.285657
-1.991066, 4.799590
6.763155, 6.776046
18.487933, 5.247339
29.769607, 4.234931
63.975181, 10.085051

0.007767, 0.005602
-0.216037, -0.324673
0.730404, 0.033064
-0.234357, -0.967634
1.517052, -0.205675
-2.031455, 4.782538
6.740180, 6.798827
18.481677, 5.269280
29.767027, 4.252985
64.228601, 10.128187

0.007812, 0.005664
-0.073093, -0.391695
0.716646, 0.150265
-0.136291, -0.986581
1.526195, -0.125097
-2.071699, 4.765145
6.717127, 6.821530
18.475394, 5.291213
29.764437, 4.271037
64.482018, 10.171323

0.007857, 0.005726
0.081983, -0.399126
0.684166, 0.263647
-0.036796, -0.995683
1.531049, -0.044149
-2.111794, 4.747413
6.693997, 6.844155
18.469085, 5.313138
29.761835, 4.289088
64.735433, 10.214459

0.007902, 0.005788
0.226428, -0.348490
0.633852, 0.370228
0.063143, -0.994843
1.531599, 0.036940
-2.151737, 4.729342
6.670791, 6.866703
18.462751, 5.335056
29.759223, 4.307137
64.988846, 10.257594

0.007947, 0.005850
0.340573, -0.248733
0.567066, 0.467218
0.162532, -0.984061
1.527844, 0.117942
-2.191527, 4.710934
6.647508, 6.889171
18.456390, 5.356967
29.756599, 4.325185
65.242256, 10.300729

0.007992, 0.005913
0.409458, -0.114334
0.485600, 0.552097
0.260385, -0.963436
1.519795, 0.198627
-2.231160, 4.692190
6.624150, 6.911561
18.450003, 5.378870
29.753965, 4.343231
65.495664, 10.343863

0.008037, 0.005977
0.423801, 0.036402
0.391630, 0.622676
0.355726, -0.933165
1.507475, 0.278768
-2.270632, 4.673112
6.600716, 6.933872
18.443590, 5.400765
29.751319, 4.361276
65.749070, 10.386997

0.008081, 0.006040
0.380755, 0.182938
0.287647, 0.677157
0.447605, -0.893544
1.490920, 0.358138
-2.309942, 4.653701
6.577206, 6.956104
18.437151, 5.422653
29.748663, 4.379319
66.002474, 10.430131

0.008126, 0.006104
0.284624, 0.304277
0.176388, 0.714173
0.535105, -0.844958
1.470175, 0.436514
-2.349087, 4.633958
6.553621, 6.978256
18.430686, 5.444533
29.745995, 4.397360
66.255875, 10.473265

0.008170, 0.006169
0.147372, 0.381272
0.060764, 0.732822
0.617350, -0.787888
1.445300, 0.513675
-2.388063, 4.613884
6.529961, 7.000328
18.424194, 5.466406
29.743317, 4.415400
66.509274, 10.516398

0.008215, 0.006234
-0.011614, 0.399703
-0.056221, 0.732681
0.693519, -0.722896
1.416366, 0.589402
-2.426868, 4.593482
6.506227, 7.022321
18.417677, 5.488270
29.740628, 4.433438
66.762671, 10.559531

0.008259, 0.006299
-0.167357, 0.353786
-0.171544, 0.713812
0.762847, -0.650626
1.383455, 0.663483
-2.465499, 4.572752
6.482418, 7.044233
18.411134, 5.510127
29.737927, 4.451474
67.016066, 10.602663

0.008303, 0.006364
-0.293346, 0.248995
-0.282246, 0.676756
0.824641, -0.571797
1.346659, 0.735707
-2.503954, 4.551696
6.458535, 7.066064
18.404565, 5.531977
29.735216, 4.469509
67.269459, 10.645795

0.008347, 0.006430
-0.367339, 0.102381
-0.385499, 0.622514
0.878279, -0.487191
1.306083, 0.805873
-2.542229, 4.530316
6.434578, 7.087815
18.397970, 5.553818
29.732494, 4.487542
67.522850, 10.688927

0.008391, 0.006496
-0.376887, -0.060691
-0.478678, 0.552514
0.923223, -0.397652
1.261843, 0.873780
-2.580322, 4.508612
6.410547, 7.109485
18.391348, 5.575652
29.729761, 4.505573
67.776238, 10.732058

0.008434, 0.006563
-0.322028, -0.212532
-0.559424, 0.468575
0.959023, -0.304073
1.214062, 0.939239
-2.618231, 4.486588
6.386443, 7.131074
18.384701, 5.597478
29.727017, 4.523603
68.029624, 10.775190

0.008478, 0.006630
-0.214153, -0.329222
-0.625695, 0.372861
0.985318, -0.207388
1.162877, 1.002065
-2.655951, 4.464243
6.362266, 7.152581
18.378028, 5.619295
29.724262, 4.541631
68.283009, 10.818320

0.008521, 0.006697
-0.072247, -0.394575
-0.675820, 0.267822
1.001845, -0.108562
1.108433, 1.062080
-2.693482, 4.441580
6.338017, 7.174006
18.371329, 5.641105
29.721496, 4.559658
68.536391, 10.861451

0.008564, 0.006765
0.081435, -0.401415
-0.708531, 0.156139
1.008438, -0.008584
1.050883, 1.119116
-2.730819, 4.418601
6.313694, 7.195349
18.364604, 5.662908
29.718719, 4.577683
68.789771, 10.904581

0.008607, 0.006832
0.224895, -0.350994
-0.722995, 0.040656
1.005032, 0.091548
0.990390, 1.173013
-2.767961, 4.395306
6.289300, 7.216610
18.357853, 5.684702
29.715931, 4.595706
69.043149, 10.947711

0.008649, 0.006901
0.338765, -0.251620
-0.718836, -0.075688
0.991662, 0.190833
0.927126, 1.223617
-2.804905, 4.371699
6.264834, 7.237789
18.351076, 5.706488
29.713132, 4.613727
69.296525, 10.990840

0.008692, 0.006969
0.407853, -0.117175
-0.696142, -0.189928
0.968463, 0.288280
0.861268, 1.270787
-2.841647, 4.347779
6.240296, 7.258885
18.344273, 5.728266
29.710322, 4.631747
69.549899, 11.033969

0.008734, 0.007038
0.422295, 0.034266
-0.655464, -0.299143
0.935672, 0.382915
0.793005, 1.314391
-2.878186, 4.323550
6.215686, 7.279898
18.337445, 5.750036
29.707501, 4.649765
69.803271, 11.077098

0.008777, 0.007107
0.378646, 0.181882
-0.597808, -0.400532
0.893617, 0.473794
0.722527, 1.354306
-2.914519, 4.299012
6.191006, 7.300827
18.330590, 5.771797
29.704669, 4.667781
70.056641, 11.120227

0.008819, 0.007177
0.280970, 0.303969
-0.524613, -0.491477
0.842724, 0.560012
0.650035, 1.390419
-2.950643, 4.274168
6.166254, 7.321673
18.323709, 5.793551
29.701827, 4.685796
70.310010, 11.163355

0.008860, 0.007246
0.141615, 0.380603
-0.437718, -0.569614
0.783504, 0.640710
0.575734, 1.422629
-2.986556, 4.249019
6.141432, 7.342436
18.316803, 5.815297
29.698973, 4.703809
70.563376, 11.206483

0.008902, 0.007317
-0.019078, 0.397232
-0.339320, -0.632894
0.716553, 0.715087
0.499833, 1.450847
-3.022255, 4.223567
6.116540, 7.363114
18.309871, 5.837034
29.696108, 4.721820
70.816740, 11.249610

0.008943, 0.007387
-0.175086, 0.348590
-0.231926, -0.679633
0.642544, 0.782404
0.422547, 1.474992
-3.057737, 4.197814
6.091578, 7.383708
18.302913, 5.858763
29.693233, 4.739829
71.070102, 11.292738

0.008985, 0.007458
-0.299508, 0.241385
-0.118290, -0.708568
0.562218, 0.841996
0.344093, 1.494998
-3.093000, 4.171762
6.066546, 7.404218
18.295929, 5.880484
29.690346, 4.757837
71.323463, 11.335865

0.009026, 0.007529
-0.370770, 0.093869
-0.001345, -0.718886
0.476381, 0.893274
0.264694, 1.510808
-3.128042, 4.145412
6.041445, 7.424643
18.288919, 5.902196
29.687449, 4.775843
71.576821, 11.378991

0.009067, 0.007600
-0.377753, -0.068260
0.115870, -0.710259
0.385890, 0.935735
0.184574, 1.522378
-3.162859, 4.118767
6.016275, 7.444983
18.281883, 5.923901
29.684540, 4.793847
71.830178, 11.422118

0.009107, 0.007672
-0.321582, -0.218003
0.230291, -0.682853
0.291650, 0.968961
0.103958, 1.529677
-3.197450, 4.091828
5.991036, 7.465238
18.274822, 5.945597
29.681621, 4.811850
72.083533, 11.465244

0.009148, 0.007743
-0.213878, -0.332577
0.338910, -0.637334
0.194601, 0.992632
0.023074, 1.532685
-3.231812, 4.064598
5.965728, 7.485408
18.267734, 5.967284
29.678691, 4.829850
72.336885, 11.508370

0.009188, 0.007816
-0.073067, -0.396632
0.438857, -0.574849
0.095709, 1.006518
-0.057849, 1.531393
-3.265942, 4.037077
5.940352, 7.505492
18.260621, 5.988963
29.675749, 4.847849
72.590236, 11.551495

0.009228, 0.007888
0.079444, -0.403160
0.527479, -0.497008
-0.004042, 1.010491
-0.138584, 1.525805
-3.299838, 4.009269
5.914908, 7.525490
18.253482, 6.010634
29.672797, 4.865846
72.843586, 11.594620

0.009268, 0.007961
0.222271, -0.353001
0.602419, -0.405837
-0.103661, 1.004518
-0.218902, 1.515939
-3.333498, 3.981176
5.889396, 7.545403
18.246318, 6.032296
29.669834, 4.883842
73.096933, 11.637745

0.009308, 0.008034
0.336168, -0.253814
0.661679, -0.303727
-0.202162, 0.988667
-0.298578, 1.501823
-3.366919, 3.952798
5.863817, 7.565228
18.239127, 6.053950
29.666860, 4.901835
73.350279, 11.680870

0.009348, 0.008107
0.405569, -0.118982
0.703680, -0.193369
-0.298568, 0.963104
-0.377386, 1.483496
-3.400099, 3.924138
5.838171, 7.584968
18.231911, 6.075595
29.663875, 4.919827
73.603622, 11.723994

0.009387, 0.008181
0.419975, 0.033490
0.727307, -0.077680
-0.391927, 0.928087
-0.455105, 1.461012
-3.433036, 3.895199
5.812458, 7.604620
18.224669, 6.097231
29.660879, 4.937817
73.856964, 11.767118

0.009427, 0.008254
0.375399, 0.182327
0.731940, 0.040282
-0.481316, 0.883972
-0.531515, 1.434434
-3.465726, 3.865982
5.786679, 7.624186
18.217401, 6.118859
29.657872, 4.955805
74.110305, 11.810242

0.009466, 0.008329
0.275838, 0.305011
0.717474, 0.157397
-0.565855, 0.831200
-0.606401, 1.403837
-3.498168, 3.836490
5.760833, 7.643664
18.210108, 6.140479
29.654855, 4.973791
74.363643, 11.853366

0.009505, 0.008403
0.134252, 0.380889
0.684314, 0.270577
-0.644710, 0.770299
-0.679553, 1.369309
-3.530359, 3.806724
5.734922, 7.663055
18.202788, 6.162090
29.651826, 4.991776
74.616980, 11.896489

0.009544, 0.008478
-0.027914, 0.395316
0.633369, 0.376847
-0.717105, 0.701876
-0.750763, 1.330947
-3.562298, 3.776686
5.708944, 7.682358
18.195443, 6.183692
29.648786, 5.009758
74.870315, 11.939612

0.009582, 0.008553
-0.183699, 0.343847
0.566018, 0.473430
-0.782330, 0.626609
-0.819833, 1.288860
-3.593981, 3.746380
5.682902, 7.701573
18.188073, 6.205285
29.645736, 5.027739
75.123648, 11.982734

0.009621, 0.008629
-0.306141, 0.234535
0.484070, 0.557817
-0.839742, 0.545246
-0.886566, 1.243166
-3.625407, 3.715806
5.656794, 7.720700
18.180676, 6.226869
29.642674, 5.045718
75.376980, 12.025857

0.009659, 0.008705
-0.374630, 0.086624
0.389709, 0.627838
-0.888780, 0.458592
-0.950776, 1.193996
-3.656573, 3.684968
5.630622, 7.739739
18.173254, 6.248445
29.639602, 5.063695
75.630310, 12.068979

0.009696, 0.008781
-0.379375, -0.074212
0.285436, 0.681711
-0.928961, 0.367503
-1.012281, 1.141488
-3.687477, 3.653866
5.604385, 7.758689
18.165807, 6.270012
29.636518, 5.081670
75.883638, 12.112101

0.009734, 0.008858
-0.322325, -0.221866
0.173993, 0.718088
-0.959891, 0.272880
-1.070908, 1.085790
-3.718117, 3.622505
5.578084, 7.777551
18.158333, 6.291570
29.633424, 5.099644
76.136964, 12.155222

0.009771, 0.008935
-0.215046, -0.334619
0.058293, 0.736083
-0.981268, 0.175655
-1.126493, 1.027060
-3.748490, 3.590885
5.551719, 7.796323
18.150834, 6.313120
29.630319, 5.117615
76.390289, 12.198344

0.009809, 0.009012
-0.075286, -0.397733
-0.058662, 0.735292
-0.992880, 0.076788
-1.178878, 0.965464
-3.778595, 3.559009
5.525291, 7.815006
18.143310, 6.334660
29.627203, 5.135585
76.643613, 12.241465

0.009845, 0.009089
0.076333, -0.404165
-0.173853, 0.715792
-0.994615, -0.022746
-1.227917, 0.901175
-3.808429, 3.526880
5.498799, 7.833600
18.135760, 6.356191
29.624076, 5.153552
76.896934, 12.284586

0.009882, 0.009167
0.218886, -0.354244
-0.284326, 0.678141
-0.986453, -0.121966
-1.273472, 0.834375
-3.837990, 3.494499
5.472245, 7.852104
18.128184, 6.377714
29.620938, 5.171518
77.150254, 12.327706

0.009918, 0.009245
0.333071, -0.254999
-0.387262, 0.623350
-0.968473, -0.219894
-1.315414, 0.765252
-3.867277, 3.461869
5.445628, 7.870518
18.120582, 6.399227
29.617789, 5.189482
77.403572, 12.370826

0.009954, 0.009324
0.402830, -0.119426
-0.480044, 0.552861
-0.940852, -0.315563
-1.353625, 0.694001
-3.896286, 3.428993
5.418948, 7.888843
18.112955, 6.420732
29.614629, 5.207444
77.656889, 12.413946

0.009990, 0.009402
0.416994, 0.034366
-0.560324, 0.468504
-0.903857, -0.408029
-1.387998, 0.620823
-3.925016, 3.395872
5.392206, 7.907077
18.105302, 6.442227
29.611458, 5.225404
77.910204, 12.457066

0.010025, 0.009481
0.371129, 0.184477
-0.626073, 0.372448
-0.857852, -0.496378
-1.418436, 0.545925
-3.953464, 3.362509
5.365403, 7.925220
18.097624, 6.463713
29.608276, 5.243362
78.163518, 12.500186

0.010060, 0.009561
0.269376, 0.307504
-0.675628, 0.267153
-0.803285, -0.579737
-1.444853, 0.469517
-3.981630, 3.328906
5.338538, 7.943273
18.089920, 6.485191
29.605084, 5.261319
78.416830, 12.543305

0.010095, 0.009640
0.125542, 0.382182
-0.707736, 0.155303
-0.740690, -0.657279
-1.467176, 0.391815
-4.009510, 3.295066
5.311613, 7.961234
18.082191, 6.506659
29.601880, 5.279273
78.670140, 12.586424

0.010129, 0.009720
-0.037751, 0.394067
-0.721577, 0.039746
-0.670683, -0.728235
-1.485341, 0.313038
-4.037102, 3.260992
5.284626, 7.979105
18.074436, 6.528118
29.598666, 5.297225
78.923449, 12.629543

0.010163, 0.009800
-0.192804, 0.339805
-0.716787, -0.076574
-0.593949, -0.791900
-1.499298, 0.233407
-4.064406, 3.226685
5.257579, 7.996884
18.066655, 6.549567
29.595441, 5.315176
79.176756, 12.672661

0.010197, 0.009880
-0.312954, 0.228793
-0.693469, -0.190693
-0.511244, -0.847639
-1.509006, 0.153148
-4.091418, 3.192148
5.230471, 8.014572
18.058849, 6.571008
29.592204, 5.333124
79.430062, 12.715780

0.010230, 0.009961
-0.378762, 0.080968
-0.652188, -0.299691
-0.423380, -0.894895
-1.514439, 0.072486
-4.118137, 3.157383
5.203304, 8.032168
18.051018, 6.592439
29.588957, 5.351071
79.683366, 12.758898

0.010264, 0.010041
-0.381654, -0.078341
-0.593964, -0.400769
-0.331224, -0.933194
-1.515582, -0.008352
-4.144561, 3.122394
5.176077, 8.049672
18.043161, 6.613861
29.585699, 5.369015
79.936669, 12.802015

0.010296, 0.010122
-0.324110, -0.224022
-0.520249, -0.491315
-0.235686, -0.962148
-1.512431, -0.089137
-4.170688, 3.087182
5.148791, 8.067083
18.035278, 6.635273
29.582430, 5.386958
80.189970, 12.845133

0.010329, 0.010203
-0.217412, -0.335285
-0.432898, -0.568971
-0.137709, -0.981463
-1.504994, -0.169643
-4.196516, 3.051751
5.121446, 8.084403
18.027370, 6.656677
29.579150, 5.404898
80.443270, 12.888250

0.010361, 0.010284
-0.078573, -0.397788
-0.334121, -0.631697
-0.038264, -0.990940
-1.493294, -0.249642
-4.222043, 3.016102
5.094042, 8.101630
18.019437, 6.678070
29.575859, 5.422837
80.696568, 12.931367

0.010393, 0.010365
0.072474, -0.404277
-0.226436, -0.677823
0.061664, -0.990476
-1.477362, -0.328909
-4.247268, 2.980238
5.066580, 8.118764
18.011478, 6.699455
29.572558, 5.440774
80.949864, 12.974484

0.010424, 0.010447
0.215097, -0.354504
-0.112608, -0.706096
0.161082, -0.980068
-1.457243, -0.407221
-4.272188, 2.944161
5.039060, 8.135805
18.003493, 6.720830
29.569245, 5.458708
81.203160, 13.017601

0.010456, 0.010528
0.329781, -0.254914
0.004421, -0.715724
0.259002, -0.959811
-1.432993, -0.484357
-4.296802, 2.907875
5.011483, 8.152753
17.995483, 6.742195
29.565922, 5.476641
81.456453, 13.060717

0.010487, 0.010610
0.399866, -0.118250
0.121608, -0.706394
0.354448, -0.929899
-1.404682, -0.560100
-4.321108, 2.871382
4.983848, 8.169607
17.987448, 6.763551
29.562587, 5.494571
81.709746, 13.103833

0.010517, 0.010692
0.413516, 0.037089
0.235885, -0.678292
0.446469, -0.890621
-1.372387, -0.634236
-4.345105, 2.834685
4.956155, 8.186368
17.979388, 6.784898
29.559242, 5.512500
81.963037, 13.146949

0.010548, 0.010774
0.365986, 0.188422
0.344247, -0.632104
0.534146, -0.842362
-1.336201, -0.706556
-4.368790, 2.797785
4.928406, 8.203036
17.971301, 6.806234
29.555886, 5.530427
82.216326, 13.190065

0.010578, 0.010856
0.261805, 0.311440
0.443827, -0.568999
0.616602, -0.785598
-1.296224, -0.776857
-4.392162, 2.760687
4.900601, 8.219609
17.963190, 6.827562
29.552519, 5.548351
82.469614, 13.233180

0.010608, 0.010938
0.115835, 0.384461
0.531983, -0.490604
0.693012, -0.720887
-1.252568, -0.844940
-4.415219, 2.723391
4.872739, 8.236088
17.955053, 6.848879
29.549141, 5.566274
82.722901, 13.276296

0.010638, 0.011021
-0.048141, 0.393565
0.606370, -0.398964
0.762610, -0.648871
-1.205357, -0.910614
-4.437960, 2.685902
4.844822, 8.252473
17.946891, 6.870187
29.545752, 5.584194
82.976186, 13.319411

0.010668, 0.011104
-0.201979, 0.336685
0.665005, -0.296483
0.824699, -0.570265
-1.154723, -0.973693
-4.460383, 2.648222
4.816849, 8.268763
17.938703, 6.891486
29.542352, 5.602112
83.229470, 13.362525

0.010697, 0.011186
-0.319657, 0.224441
0.706328, -0.185864
0.878655, -0.485851
-1.100809, -1.033999
-4.482485, 2.610353
4.788821, 8.284959
17.930490, 6.912774
29.538941, 5.620029
83.482752, 13.405640

0.010726, 0.011269
-0.382995, 0.077118
0.729245, -0.070032
0.923936, -0.396469
-1.043765, -1.091361
-4.504267, 2.572298
4.760738, 8.301060
17.922252, 6.934053
29.535520, 5.637943
83.736033, 13.448754

0.010755, 0.011353
-0.384439, -0.080556
0.733158, 0.047950
0.960087, -0.303010
-0.983751, -1.145619
-4.525726, 2.534060
4.732601, 8.317065
17.913988, 6.955322
29.532087, 5.655855
83.989313, 13.491868

0.010784, 0.011436
-0.326718, -0.224470
0.717983, 0.164966
0.986746, -0.206408
-0.920938, -1.196618
-4.546860, 2.495642
4.704409, 8.332975
17.905699, 6.976581
29.528644, 5.673765
84.242591, 13.534982

0.010812, 0.011520
-0.220659, -0.334596
0.684148, 0.277930
1.003644, -0.107627
-0.855501, -1.244215
-4.567669, 2.457046
4.676164, 8.348790
17.897385, 6.997831
29.525190, 5.691673
84.495868, 13.578096

0.010840, 0.011603
-0.082536, -0.396777
0.632579, 0.383879
1.010612, -0.007654
-0.787624, -1.288275
-4.588150, 2.418275
4.647865, 8.364509
17.889046, 7.019070
29.521725, 5.709579
84.749143, 13.621209

0.010868, 0.011687
0.068288, -0.403409
0.564672, 0.480044
1.007581, 0.092512
-0.717499, -1.328674
-4.608302, 2.379332
4.619513, 8.380133
17.880681, 7.040300
29.518249, 5.727483
85.002417, 13.664322

0.010896, 0.011772
0.211309, -0.353631
0.482250, 0.563935
0.994582, 0.191870
-0.645322, -1.365296
-4.628124, 2.340220
4.591107, 8.395660
17.872291, 7.061520
29.514762, 5.745385
85.255690, 13.707435

0.010924, 0.011856
0.326641, -0.253372
0.387509, 0.633396
0.971747, 0.289427
-0.571296, -1.398039
-4.647615, 2.300942
4.562650, 8.411091
17.863876, 7.082729
29.511264, 5.763284
85.508962, 13.750548

0.010951, 0.011941
0.396941, -0.115280
0.282957, 0.686662
0.939307, 0.384209
-0.495630, -1.426808
-4.666772, 2.261499
4.534140, 8.426426
17.855435, 7.103929
29.507756, 5.781182
85.762232, 13.793661

0.010978, 0.012026
0.409740, 0.041763
0.171339, 0.722404
0.897589, 0.475271
-0.418537, -1.451524
-4.685594, 2.221896
4.505578, 8.441664
17.846969, 7.125119
29.504236, 5.799077
86.015501, 13.836773

0.011005, 0.012111
0.360171, 0.194156
0.055569, 0.739753
0.847013, 0.561706
-0.340234, -1.472115
-4.704081, 2.182135
4.476964, 8.456806
17.838478, 7.146298
29.500706, 5.816970
86.268769, 13.879885

0.011031, 0.012196
0.253416, 0.316733
-0.061352, 0.738321
0.788089, 0.642652
-0.260941, -1.488522
-4.722230, 2.142219
4.448299, 8.471850
17.829962, 7.167468
29.497164, 5.834861
86.522035, 13.922997

0.011057, 0.012282
0.105553, 0.387663
-0.176410, 0.718203
0.721410, 0.717307
-0.180882, -1.500700
-4.740041, 2.102150
4.419583, 8.486798
17.821421, 7.188628
29.493612, 5.852750
86.775300, 13.966109

0.011083, 0.012368
-0.058602, 0.393875
-0.286657, 0.679967
0.647644, 0.784929
-0.100281, -1.508612
-4.757512, 2.061932
4.390817, 8.501648
17.812854, 7.209777
29.490049, 5.870637
87.028564, 14.009221

0.011109, 0.012454
-0.210810, 0.334681
-0.389282, 0.624640
0.567532, 0.844849
-0.019367, -1.512235
-4.774642, 2.021568
4.362000, 8.516401
17.804262, 7.230916
29.486475, 5.888522
87.281826, 14.052332

0.011134, 0.012540
-0.325966, 0.221687
-0.481677, 0.553672
0.481876, 0.896476
0.061632, -1.511559
-4.791430, 1.981059
4.333133, 8.531056
17.795645, 7.252045
29.482891, 5.906404
87.535087, 14.095443

0.011159, 0.012627
-0.387130, 0.075194
-0.561504, 0.468903
0.391533, 0.939303
0.142489, -1.506585
-4.807875, 1.940410
4.304217, 8.545613
17.787003, 7.273164
29.479295, 5.924285
87.788347, 14.138554

0.011184, 0.012713
-0.387518, -0.080845
-0.626743, 0.372511
0.297405, 0.972910
0.222976, -1.497327
-4.823974, 1.899623
4.275251, 8.560073
17.778336, 7.294272
29.475688, 5.942163
88.041606, 14.181665

0.011208, 0.012800
-0.329860, -0.223263
-0.675745, 0.266960
0.200431, 0.996972
0.302865, -1.483809
-4.839728, 1.858702
4.246236, 8.574434
17.769644, 7.315371
29.472071, 5.960039
88.294864, 14.224775

0.011232, 0.012888
-0.224411, -0.332603
-0.707266, 0.154942
0.101577, 1.011256
0.381931, -1.466069
-4.855135, 1.817648
4.217173, 8.588697
17.760926, 7.336458
29.468443, 5.977912
88.548120, 14.267886

0.011256, 0.012975
-0.086745, -0.394706
-0.720499, 0.039309
0.001826, 1.015630
0.459951, -1.444156
-4.870194, 1.776465
4.188061, 8.602861
17.752183, 7.357536
29.464804, 5.995784
88.801375, 14.310996

0.011279, 0.013063
0.064216, -0.401504
-0.715094, -0.076995
-0.097831, 1.010058
0.536705, -1.418131
-4.884903, 1.735156
4.158901, 8.616927
17.743416, 7.378603
29.461154, 6.013653
89.054628, 14.354106

0.011302, 0.013150
0.207925, -0.351511
-0.691164, -0.191002
-0.196408, 0.994604
0.611975, -1.388068
-4.899263, 1.693724
4.129694, 8.630894
17.734623, 7.399660
29.457493, 6.031520
89.307881, 14.397215

0.011324, 0.013238
0.323982, -0.250236
-0.649291, -0.299794
-0.292928, 0.969428
0.685551, -1.354051
-4.913271, 1.652171
4.100439, 8.644763
17.725805, 7.420706
29.453821, 6.049385
89.561132, 14.440325

0.011346, 0.013326
0.394297, -0.110414
-0.590507, -0.400573
-0.386437, 0.934789
0.757223, -1.316174
-4.926927, 1.610502
4.071138, 8.658532
17.716962, 7.441742
29.450139, 6.067248
89.814383, 14.483434

0.011368, 0.013414
0.405860, 0.048392
-0.516281, -0.490731
-0.476011, 0.891035
0.826790, -1.274544
-4.940230, 1.568718
4.041789, 8.672202
17.708094, 7.462767
29.446445, 6.085109
90.067631, 14.526544

0.011389, 0.013502
0.353915, 0.201567
-0.428479, -0.567917
-0.560769, 0.838607
0.894054, -1.229277
-4.953178, 1.526823
4.012395, 8.685772
17.699202, 7.483782
29.442741, 6.102967
90.320879, 14.569653

0.011410, 0.013591
0.244563, 0.323223
-0.329327, -0.630100
-0.639875, 0.778027
0.958826, -1.180502
-4.965772, 1.484819
3.982954, 8.699243
17.690284, 7.504787
29.439026, 6.120823
90.574126, 14.612761

0.011431, 0.013679
0.095170, 0.391704
-0.221355, -0.675621
-0.712551, 0.709900
1.020923, -1.128356
-4.978009, 1.442711
3.953468, 8.712614
17.681341, 7.525780
29.435300, 6.138676
90.827371, 14.655870

0.011451, 0.013768
-0.068650, 0.395060
-0.107338, -0.703242
-0.778082, 0.634903
1.080169, -1.072984
-4.989889, 1.400500
3.923936, 8.725885
17.672373, 7.546763
29.431563, 6.156528
91.080615, 14.698978

0.011471, 0.013857
-0.218927, 0.333948
0.009772, -0.712187
-0.835827, 0.553779
1.136397, -1.014543
-5.001412, 1.358190
3.894360, 8.739056
17.663380, 7.567736
29.427815, 6.174377
91.333859, 14.742087

0.011491, 0.013945
-0.331645, 0.220655
0.126927, -0.702161
-0.885217, 0.467331
1.189447, -0.953197
-5.012576, 1.315784
3.864739, 8.752127
17.654362, 7.588697
29.424057, 6.192224
91.587100, 14.785195

0.011510, 0.014034
-0.390985, 0.075206
0.241056, -0.673370
-0.925769, 0.376414
1.239170, -0.889120
-5.023381, 1.273285
3.835073, 8.765097
17.645319, 7.609648
29.420287, 6.210069
91.840341, 14.828302

0.011529, 0.014123
-0.390676, -0.079309
0.349155, -0.626520
-0.957085, 0.281926
1.285425, -0.822492
-5.033825, 1.230696
3.805364, 8.777967
17.636251, 7.630589
29.416507, 6.227911
92.093581, 14.871410

0.011547, 0.014212
-0.333236, -0.220552
0.448362, -0.562800
-0.978857, 0.184800
1.328081, -0.753500
-5.043909, 1.188020
3.775611, 8.790737
17.627159, 7.651518
29.412716, 6.245751
92.346819, 14.914518

0.011565, 0.014301
-0.228290, -0.329446
0.536046, -0.483857
-0.990873, 0.085993
1.367018, -0.682339
-5.053631, 1.145260
3.745815, 8.803405
17.618041, 7.672437
29.408914, 6.263589
92.600057, 14.957625

0.011583, 0.014391
-0.090774, -0.391663
0.609871, -0.391752
-0.993014, -0.013520
1.402125, -0.609209
-5.062990, 1.102418
3.715975, 8.815973
17.608898, 7.693345
29.405101, 6.281425
92.853293, 15.000732

0.011601, 0.014480
0.060680, -0.398584
0.667874, -0.288906
-0.985258, -0.112757
1.433303, -0.534318
-5.071987, 1.059500
3.686094, 8.828439
17.599731, 7.714242
29.401278, 6.299258
93.106528, 15.043839

0.011618, 0.014569
0.205316, -0.348114
0.708513, -0.178033
-0.967681, -0.210741
1.460464, -0.457876
-5.080620, 1.016506
3.656170, 8.840804
17.590539, 7.735128
29.397443, 6.317089
93.359762, 15.086946

0.011635, 0.014659
0.322085, -0.245468
0.730712, -0.062064
-0.940453, -0.306504
1.483531, -0.380099
-5.088888, 0.973441
3.626204, 8.853068
17.581321, 7.756004
29.393598, 6.334917
93.612995, 15.130052

0.011651, 0.014748
0.392130, -0.103671
0.733898, 0.055934
-0.903840, -0.399102
1.502438, -0.301207
-5.096792, 0.930307
3.596196, 8.865230
17.572079, 7.776868
29.389742, 6.352743
93.866227, 15.173159

0.011668, 0.014838
0.402042, 0.056841
0.718006, 0.172845
-0.858201, -0.487618
1.517133, -0.221422
-5.104330, 0.887107
3.566147, 8.877290
17.562813, 7.797721
29.385875, 6.370567
94.119458, 15.216265

0.011683, 0.014927
0.347457, 0.210414
0.683486, 0.285588
-0.803981, -0.571177
1.527573, -0.140969
-5.111502, 0.843846
3.536058, 8.889249
17.553521, 7.818564
29.381997, 6.388389
94.372687, 15.259371

0.011699, 0.015017
0.235624, 0.330657
0.631284, 0.391207
-0.741711, -0.648952
1.533730, -0.060075
-5.118308, 0.800525
3.505928, 8.901105
17.544204, 7.839395
29.378108, 6.406208
94.625916, 15.302477

0.011714, 0.015107
0.085158, 0.396444
0.562812, 0.486949
-0.672003, -0.720171
1.535585, 0.021031
-5.124746, 0.757148
3.475757, 8.912860
17.534863, 7.860215
29.374209, 6.424025
94.879143, 15.345582

0.011729, 0.015197
-0.077848, 0.397120
0.479908, 0.570334
-0.595541, -0.784125
1.533134, 0.102120
-5.130817, 0.713717
3.445547, 8.924512
17.525497, 7.881024
29.370299, 6.441839
95.132370, 15.388688

0.011744, 0.015287
-0.226016, 0.334532
0.384779, 0.639224
-0.513075, -0.840178
1.526383, 0.182964
-5.136521, 0.670237
3.415297, 8.936062
17.516106, 7.901822
29.366377, 6.459652
95.385595, 15.431793

0.011759, 0.015377
-0.336488, 0.221326
0.279940, 0.691872
-0.425418, -0.887767
1.515352, 0.263334
-5.141855, 0.626710
3.385009, 8.947509
17.506691, 7.922609
29.362445, 6.477461
95.638819, 15.474899

0.011773, 0.015467
-0.394375, 0.077023
0.168141, 0.726966
-0.333434, -0.926417
1.500072, 0.343003
-5.146822, 0.583139
3.354681, 8.958854
17.497250, 7.943385
29.358503, 6.495269
95.892042, 15.518004

0.011786, 0.015558
-0.393672, -0.076160
0.052297, 0.743655
-0.238030, -0.955736
1.480587, 0.421747
-5.151419, 0.539528
3.324315, 8.970096
17.487785, 7.964150
29.354549, 6.513074
96.145265, 15.561108

0.011800, 0.015648
-0.336527, -0.216576
-0.064593, 0.741568
-0.140151, -0.975426
1.456951, 0.499343
-5.155646, 0.495879
3.293911, 8.981235
17.478295, 7.984903
29.350585, 6.530876
96.398486, 15.604213

0.011813, 0.015738
-0.231908, -0.325340
-0.179518, 0.720816
-0.040764, -0.985283
1.429232, 0.575572
-5.159504, 0.452196
3.263469, 8.992270
17.468781, 8.005645
29.346609, 6.548676
96.651706, 15.647318

0.011825, 0.015829
-0.094206, -0.387806
-0.289537, 0.681982
0.059144, -0.985202
1.397508, 0.650220
-5.162992, 0.408481
3.232990, 9.003203
17.459241, 8.026376
29.342623, 6.566474
96.904925, 15.690422

0.011837, 0.015919
0.058084, -0.394739
-0.391846, 0.626104
0.158582, -0.975175
1.361868, 0.723076
-5.166110, 0.364739
3.202473, 9.014032
17.449677, 8.047095
29.338626, 6.584270
97.158143, 15.733526

0.011849, 0.016010
0.203821, -0.343484
-0.483847, 0.554645
0.256561, -0.955293
1.322415, 0.793934
-5.168857, 0.320971
3.171920, 9.024758
17.440089, 8.067803
29.334619, 6.602062
97.411360, 15.776630

0.011861, 0.016101
0.321196, -0.239119
-0.563212, 0.469455
0.352104, -0.925746
1.279259, 0.862594
-5.171234, 0.277182
3.141331, 9.035381
17.430476, 8.088500
29.330600, 6.619853
97.664576, 15.819734

0.011872, 0.016192
0.390609, -0.095182
-0.627932, 0.372719
0.444259, -0.886821
1.232524, 0.928863
-5.173239, 0.233374
3.110705, 9.045899
17.420838, 8.109185
29.326571, 6.637641
97.917791, 15.862838

0.011883, 0.016282
0.398462, 0.066857
-0.676369, 0.266910
0.532105, -0.838897
1.182340, 0.992555
-5.174874, 0.189551
3.080044, 9.056314
17.411175, 8.129859
29.322530, 6.655427
98.171005, 15.905941

0.011893, 0.016373
0.341081, 0.220362
-0.707293, 0.154723
0.614764, -0.782447
1.128850, 1.053489
-5.176138, 0.145715
3.049348, 9.066625
17.401488, 8.150521
29.318479, 6.673210
98.424218, 15.949044

0.011903, 0.016464
0.227023, 0.338746
-0.719909, 0.039014
0.691409, -0.718027
1.072206, 1.111495
-5.177030, 0.101870
3.018616, 9.076831
17.391776, 8.171172
29.314418, 6.690991
98.677430, 15.992148

0.011913, 0.016555
0.075988, 0.401733
-0.713880, -0.077270
0.761270, -0.646276
1.012567, 1.166408
-5.177551, 0.058019
2.987850, 9.086934
17.382040, 8.191811
29.310345, 6.708769
98.930641, 16.035251

0.011922, 0.016646
-0.085810, 0.400021
-0.689334, -0.191160
0.823647, -0.567905
0.950103, 1.218074
-5.177701, 0.014164
2.957050, 9.096932
17.372279, 8.212439
29.306262, 6.726545
99.183851, 16.078354

0.011931, 0.016737
-0.231827, 0.336404
-0.646865, -0.299738
0.877914, -0.483693
0.884990, 1.266349
-5.177480, -0.029689
2.926216, 9.106826
17.362494, 8.233055
29.302167, 6.744318
99.437060, 16.121456

0.011940, 0.016828
-0.340323, 0.223580
-0.587522, -0.400210
0.923525, -0.394480
0.817411, 1.311096
-5.176887, -0.073540
2.895348, 9.116615
17.352684, 8.253660
29.298062, 6.762089
99.690268, 16.164559

0.011948, 0.016918
-0.397127, 0.080417
-0.512786, -0.489973
0.960023, -0.301155
0.747560, 1.352189
-5.175923, -0.117384
2.864447, 9.126299
17.342849, 8.274252
29.293946, 6.779857
99.943475, 16.207661

0.011956, 0.017009
-0.396270, -0.071697
-0.424538, -0.566684
0.987040, -0.204649
0.675631, 1.389514
-5.174588, -0.161219
2.833514, 9.135879
17.332990, 8.294834
29.289820, 6.797623
100.196681, 16.250764

0.011964, 0.017100
-0.339419, -0.211644
-0.325017, -0.628319
1.004304, -0.105926
0.601829, 1.422965
-5.172881, -0.205040
2.802547, 9.145354
17.323106, 8.315403
29.285682, 6.815387
100.449886, 16.293866

0.011971, 0.017191
-0.234894, -0.320556
-0.216766, -0.673232
1.011643, -0.005972
0.526363, 1.452450
-5.170804, -0.248846
2.771549, 9.154724
17.313198, 8.335961
29.281534, 6.833147
100.703090, 16.336968

0.011978, 0.017282
-0.096654, -0.383339
-0.102570, -0.700201
1.008983, 0.094213
0.449445, 1.477884
-5.168356, -0.292633
2.740519, 9.163989
17.303266, 8.356507
29.277375, 6.850906
100.956294, 16.380069

0.011984, 0.017372
0.056776, -0.390106
0.014612, -0.708463
0.996352, 0.193628
0.371293, 1.499198
-5.165537, -0.336397
2.709458, 9.173148
17.293309, 8.377041
29.273205, 6.868662
101.209496, 16.423171

0.011991, 0.017463
0.203703, -0.337722
0.131725, -0.697745
0.973878, 0.291282
0.292126, 1.516331
-5.162348, -0.380137
2.678365, 9.182202
17.283327, 8.397563
29.269025, 6.886415
101.462697, 16.466272

0.011997, 0.017554
0.321473, -0.231320
0.245697, -0.668272
0.941788, 0.386198
0.212170, 1.529237
-5.158788, -0.423847
2.647242, 9.191151
17.273321, 8.418074
29.264833, 6.904166
101.715898, 16.509374

0.012002, 0.017644
0.389833, -0.085183
0.353525, -0.620767
0.900405, 0.477429
0.131648, 1.537879
-5.154859, -0.467527
2.616088, 9.199994
17.263291, 8.438573
29.260631, 6.921914
101.969097, 16.552475

0.012008, 0.017735
0.395261, 0.078080
0.452355, -0.556442
0.850147, 0.564068
0.050789, 1.542234
-5.150560, -0.511171
2.584905, 9.208732
17.253236, 8.459059
29.256418, 6.939660
102.222296, 16.595576

0.012013, 0.017825
0.335064, 0.231011
0.539561, -0.476962
0.791519, 0.645251
-0.030180, 1.542290
-5.145891, -0.554778
2.553691, 9.217363
17.243157, 8.479534
29.252194, 6.957403
102.475494, 16.638677

0.012018, 0.017916
0.219153, 0.347175
0.612824, -0.384404
0.725110, 0.720171
-0.111030, 1.538049
-5.140854, -0.598343
2.522449, 9.225889
17.233054, 8.499997
29.247959, 6.975143
102.728690, 16.681778

0.012022, 0.018007
0.068052, 0.407401
0.670194, -0.281204
0.651589, 0.788087
-0.191533, 1.529522
-5.135447, -0.641865
2.491178, 9.234309
17.222926, 8.520448
29.243714, 6.992882
102.981886, 16.724878

0.012026, 0.018097
-0.092252, 0.403673
0.710149, -0.170086
0.571691, 0.848326
-0.271463, 1.516734
-5.129673, -0.685339
2.459878, 9.242623
17.212773, 8.540887
29.239458, 7.010617
103.235081, 16.767979

0.012030, 0.018188
-0.236193, 0.339439
0.731634, -0.053991
0.486217, 0.900293
-0.350594, 1.499722
-5.123530, -0.728763
2.428549, 9.250831
17.202597, 8.561313
29.235191, 7.028350
103.488275, 16.811079

0.012034, 0.018278
-0.343037, 0.227195
0.734095, 0.064013
0.396022, 0.943478
-0.428704, 1.478535
-5.117020, -0.772133
2.397194, 9.258932
17.192396, 8.581728
29.230913, 7.046080
103.741468, 16.854179

0.012038, 0.018369
-0.399100, 0.085071
0.717490, 0.180810
0.302007, 0.977459
-0.505572, 1.453233
-5.110143, -0.815447
2.365810, 9.266927
17.182171, 8.602131
29.226625, 7.063808
103.994660, 16.897279

0.012041, 0.018459
-0.398264, -0.066284
0.682290, 0.293324
0.205109, 1.001905
-0.580982, 1.423889
-5.102900, -0.858702
2.334399, 9.274816
17.171921, 8.622521
29.222325, 7.081533
104.247852, 16.940379

0.012044, 0.018550
-0.341636, -0.206115
0.629459, 0.398609
0.106293, 1.016582
-0.654721, 1.390584
-5.095290, -0.901893
2.302962, 9.282598
17.161647, 8.642899
29.218015, 7.099256
104.501042, 16.983479

0.012046, 0.018641
-0.236930, -0.315406
0.560426, 0.493920
0.006541, 1.021352
-0.726582, 1.353414
-5.087315, -0.945019
2.271498, 9.290273
17.151349, 8.663265
29.213695, 7.116975
104.754232, 17.026578

0.012048, 0.018731
-0.097795, -0.378504
0.477044, 0.576795
-0.093157, 1.016177
-0.796363, 1.312485
-5.078976, -0.988075
2.240009, 9.297842
17.141027, 8.683619
29.209363, 7.134693
105.007421, 17.069678

0.012050, 0.018822
0.057029, -0.384860
0.381530, 0.645110
-0.191812, 1.001115
-0.863868, 1.267911
-5.070272, -1.031060
2.208493, 9.305304
17.130680, 8.703961
29.205021, 7.152407
105.260608, 17.112777

0.012052, 0.018913
0.205142, -0.330977
0.276405, 0.697136
-0.288449, 0.976325
-0.928906, 1.219819
-5.061204, -1.073969
2.176953, 9.312659
17.120310, 8.724290
29.200667, 7.170119
105.513795, 17.155876

0.012053, 0.019003
0.323000, -0.222272
0.164427, 0.731578
-0.382112, 0.942059
-0.991294, 1.168346
-5.051774, -1.116800
2.145387, 9.319907
17.109915, 8.744607
29.196303, 7.187829
105.766981, 17.198975

0.012054, 0.019094
0.389855, -0.073992
0.048510, 0.747603
-0.471876, 0.898664
-1.050857, 1.113635
-5.041981, -1.159550
2.113797, 9.327048
17.099495, 8.764912
29.191929, 7.205536
106.020167, 17.242074

0.012054, 0.019185
0.392576, 0.090090
-0.068347, 0.744856
-0.556858, 0.846576
-1.107428, 1.055843
-5.031826, -1.202216
2.082182, 9.334081
17.089052, 8.785204
29.187543, 7.223240
106.273351, 17.285172

0.012055, 0.019275
0.329682, 0.241945
-0.183139, 0.723464
-0.636221, 0.786315
-1.160847, 0.995131
-5.021311, -1.244794
2.050544, 9.341008
17.078584, 8.805484
29.183147, 7.240941
106.526534, 17.328271

0.012054, 0.019366
0.212368, 0.355651
-0.292928, 0.684025
-0.709184, 0.718481
-1.210965, 0.931673
-5.010435, -1.287282
2.018882, 9.347827
17.068093, 8.825751
29.178740, 7.258640
106.779717, 17.371370

0.012054, 0.019457
0.061653, 0.413282
-0.394920, 0.627591
-0.775031, 0.643749
-1.257639, 0.865645
-4.999200, -1.329676
1.987197, 9.354538
17.057577, 8.846006
29.174322, 7.276336
107.032899, 17.414468

0.012053, 0.019548
-0.096993, 0.407942
-0.486525, 0.555636
-0.833115, 0.562859
-1.300740, 0.797235
-4.987607, -1.371974
1.955489, 9.361142
17.047037, 8.866249
29.169894, 7.294029
107.286080, 17.457566

0.012052, 0.019639
-0.239031, 0.343443
-0.565425, 0.470018
-0.882866, 0.476612
-1.340146, 0.726636
-4.975656, -1.414172
1.923759, 9.367639
17.036473, 8.886479
29.165455, 7.311720
107.539260, 17.500664

0.012050, 0.019729
-0.344570, 0.231874
-0.629622, 0.372934
-0.923797, 0.385862
-1.375746, 0.654046
-4.963348, -1.456268
1.892007, 9.374028
17.025885, 8.906696
29.161005, 7.329408
107.792439, 17.543762

0.012048, 0.019820
-0.400197, 0.090612
-0.677492, 0.266861
-0.955507, 0.291503
-1.407440, 0.579671
-4.950684, -1.498258
1.860233, 9.380309
17.015272, 8.926901
29.156544, 7.347094
108.045618, 17.586860

0.012045, 0.019911
-0.399491, -0.060323
-0.707814, 0.154501
-0.977684, 0.194467
-1.435139, 0.503720
-4.937665, -1.540139
1.828438, 9.386482
17.004636, 8.947093
29.152072, 7.364776
108.298795, 17.629957

0.012043, 0.020002
-0.342955, -0.200373
-0.719809, 0.038715
-0.990111, 0.095712
-1.458765, 0.426406
-4.924292, -1.581909
1.796622, 9.392548
16.993976, 8.967273
29.147590, 7.382456
108.551972, 17.673055

0.012039, 0.020092
-0.237756, -0.310213
-0.713153, -0.077549
-0.992666, -0.003790
-1.478252, 0.347949
-4.910565, -1.623564
1.764785, 9.398505
16.983291, 8.987440
29.143097, 7.400134
108.805148, 17.716152

0.012035, 0.020183
-0.097385, -0.373547
-0.687989, -0.191320
-0.985322, -0.103056
-1.493545, 0.268568
-4.896487, -1.665101
1.732929, 9.404355
16.972583, 9.007594
29.138593, 7.417808
109.058323, 17.759249

0.012031, 0.020273
0.059019, -0.379185
-0.644924, -0.299684
-0.968152, -0.201109
-1.504601, 0.188488
-4.882057, -1.706518
1.701052, 9.410096
16.961850, 9.027736
29.134079, 7.435480
109.311498, 17.802346

0.012027, 0.020363
0.208201, -0.323431
-0.585023, -0.399846
-0.941323, -0.296980
-1.511389, 0.107934
-4.867277, -1.747811
1.669156, 9.415729
16.951094, 9.047865
29.129553, 7.453149
109.564671, 17.845443

0.012022, 0.020453
0.325750, -0.212243
-0.509782, -0.489212
-0.905095, -0.389722
-1.513890, 0.027133
-4.852149, -1.788978
1.637240, 9.421254
16.940314, 9.067981
29.125017, 7.470815
109.817844, 17.888540

0.012016, 0.020543
0.390658, -0.062010
-0.421095, -0.565445
-0.859824, -0.478420
-1.512097, -0.053686
-4.836672, -1.830015
1.605306, 9.426670
16.929509, 9.088084
29.120471, 7.488479
110.071016, 17.931637

0.012011, 0.020633
0.390508, 0.102407
-0.321214, -0.626531
-0.805952, -0.562196
-1.506015, -0.134298
-4.820848, -1.870920
1.573354, 9.431979
16.918681, 9.108174
29.115913, 7.506140
110.324187, 17.974734

0.012005, 0.020723
0.325171, 0.252741
-0.212694, -0.670839
-0.744007, -0.640219
-1.495660, -0.214473
-4.804678, -1.911690
1.541384, 9.437178
16.907829, 9.128252
29.111345, 7.523798
110.577358, 18.017830

0.011998, 0.020812
0.206939, 0.363886
-0.098330, -0.697160
-0.674597, -0.711716
-1.481063, -0.293987
-4.788164, -1.952321
1.509396, 9.442270
16.896952, 9.148316
29.106766, 7.541453
110.830527, 18.060926

0.011992, 0.020901
0.056978, 0.419191
0.018911, -0.704749
-0.598403, -0.775974
-1.462264, -0.372615
-4.771307, -1.992812
1.477390, 9.447252
16.886052, 9.168368
29.102176, 7.559106
111.083696, 18.104022

0.011984, 0.020991
-0.099970, 0.412644
0.135971, -0.693350
-0.516174, -0.832354
-1.439315, -0.450136
-4.754107, -2.033158
1.445368, 9.452126
16.875128, 9.188407
29.097576, 7.576755
111.336864, 18.147119

0.011977, 0.021080
-0.240354, 0.348151
0.249778, -0.663207
-0.428720, -0.880290
-1.412282, -0.526330
-4.736567, -2.073357
1.413329, 9.456892
16.864181, 9.208433
29.092965, 7.594402
111.590032, 18.190214

0.011969, 0.021168
-0.344943, 0.237260
0.357329, -0.615065
-0.336903, -0.919303
-1.381241, -0.600984
-4.718686, -2.113406
1.381274, 9.461548
16.853209, 9.228446
29.088343, 7.612047
111.843198, 18.233310

0.011961, 0.021257
-0.400393, 0.096617
0.455776, -0.550153
-0.241630, -0.948998
-1.346277, -0.673887
-4.700468, -2.153303
1.349204, 9.466096
16.842213, 9.248445
29.083710, 7.629688
112.096364, 18.276406

0.011953, 0.021346
-0.399860, -0.054257
0.542505, -0.470154
-0.143843, -0.969073
-1.307491, -0.744834
-4.681912, -2.193044
1.317117, 9.470535
16.831194, 9.268432
29.079067, 7.647327
112.349529, 18.319502

0.011944, 0.021434
-0.343222, -0.194831
0.615209, -0.377163
-0.044511, -0.979321
-1.264991, -0.813623
-4.663020, -2.232626
1.285016, 9.474865
16.820151, 9.288406
29.074413, 7.664962
112.602693, 18.362597

0.011935, 0.021522
-0.237188, -0.305328
0.671954, -0.273628
0.055381, -0.979631
-1.218895, -0.880061
-4.643794, -2.272048
1.252900, 9.479086
16.809084, 9.308366
29.069748, 7.682595
112.855856, 18.405692

0.011926, 0.021610
-0.095263, -0.368735
0.711235, -0.162283
0.154842, -0.969993
-1.169335, -0.943962
-4.624235, -2.311305
1.220770, 9.483198
16.797993, 9.328314
29.065072, 7.700225
113.109019, 18.448787

0.011917, 0.021698
0.062822, -0.373292
0.732019, -0.046074
0.252881, -0.950493
-1.116450, -1.005143
-4.604344, -2.350395
1.188626, 9.487201
16.786879, 9.348248
29.060386, 7.717853
113.362181, 18.491883

0.011907, 0.021785
0.212848, -0.315318
0.733771, 0.071925
0.348521, -0.921318
-1.060387, -1.063433
-4.584123, -2.389316
1.156468, 9.491095
16.775740, 9.368169
29.055689, 7.735477
113.615342, 18.534977

0.011897, 0.021873
0.329629, -0.201573
0.716471, 0.188602
0.440809, -0.882751
-1.001305, -1.118667
-4.563574, -2.428064
1.124297, 9.494879
16.764578, 9.388077
29.050981, 7.753099
113.868503, 18.578072

0.011887, 0.021960
0.392196, -0.049702
0.680607, 0.300885
0.528822, -0.835169
-0.939371, -1.170690
-4.542697, -2.466637
1.092113, 9.498555
16.753393, 9.407971
29.046263, 7.770717
114.121662, 18.621167

0.011876, 0.022047
0.389149, 0.114533
0.627163, 0.405835
0.611680, -0.779040
-0.874757, -1.219353
-4.521494, -2.505032
1.059917, 9.502121
16.742183, 9.427853
29.041534, 7.788333
114.374821, 18.664262

0.011865, 0.022134
0.321734, 0.262988
0.557583, 0.500722
0.688553, -0.714918
-0.807647, -1.264519
-4.499967, -2.543247
1.027709, 9.505578
16.730950, 9.447721
29.036794, 7.805946
114.627979, 18.707356

0.011855, 0.022221
0.203060, 0.371600
0.473734, 0.583093
0.758671, -0.643439
-0.738229, -1.306062
-4.478117, -2.581277
0.995489, 9.508925
16.719694, 9.467575
29.032044, 7.823557
114.881137, 18.750450

0.011843, 0.022307
0.054120, 0.424911
0.377842, 0.650842
0.821330, -0.565311
-0.666698, -1.343862
-4.455946, -2.619122
0.963257, 9.512163
16.708413, 9.487417
29.027282, 7.841164
115.134294, 18.793545

0.011832, 0.022394
-0.101192, 0.417534
0.272438, 0.702255
0.875900, -0.481313
-0.593256, -1.377814
-4.433456, -2.656777
0.931015, 9.515292
16.697109, 9.507244
29.022510, 7.858768
115.387450, 18.836639

0.011820, 0.022480
-0.240224, 0.353237
0.160282, 0.736054
0.921834, -0.392279
-0.518109, -1.407820
-4.410648, -2.694241
0.898762, 9.518311
16.685781, 9.527059
29.017728, 7.876370
115.640605, 18.879733

0.011808, 0.022567
-0.344206, 0.242944
0.044291, 0.751423
0.958669, -0.299099
-0.441470, -1.433796
-4.387523, -2.731511
0.866498, 9.521221
16.674430, 9.546860
29.012934, 7.893968
115.893760, 18.922827

0.011796, 0.022653
-0.399687, 0.102628
-0.072536, 0.748024
0.986036, -0.202703
-0.363554, -1.455668
-4.364084, -2.768583
0.834225, 9.524021
16.663055, 9.566647
29.008130, 7.911564
116.146913, 18.965920

0.011783, 0.022739
-0.399303, -0.048546
-0.187198, 0.725998
1.003659, -0.104053
-0.284581, -1.473374
-4.340331, -2.805456
0.801942, 9.526712
16.651657, 9.586421
29.003316, 7.929157
116.400067, 19.009014

0.011771, 0.022825
-0.342317, -0.189905
-0.296764, 0.685958
1.011361, -0.004135
-0.204773, -1.486863
-4.316268, -2.842127
0.769651, 9.529292
16.640235, 9.606182
28.998490, 7.946747
116.653219, 19.052107

0.011758, 0.022911
-0.235095, -0.301083
-0.398444, 0.628969
1.009066, 0.096053
-0.124354, -1.496097
-4.291895, -2.878593
0.737350, 9.531764
16.628789, 9.625929
28.993654, 7.964334
116.906371, 19.095201

0.011744, 0.022997
-0.091344, -0.364317
-0.489658, 0.556517
0.996797, 0.195509
-0.043553, -1.501048
-4.267214, -2.914851
0.705041, 9.534125
16.617320, 9.645662
28.988807, 7.981918
117.159522, 19.138294

0.011731, 0.023082
0.068418, -0.367394
-0.568097, 0.470471
0.974679, 0.293240
0.037404, -1.501703
-4.242227, -2.950899
0.672724, 9.536377
16.605828, 9.665382
28.983950, 7.999499
117.412672, 19.181387

0.011717, 0.023168
0.218951, -0.306905
-0.631775, 0.373035
0.942935, 0.388271
0.118288, -1.498058
-4.216936, -2.986734
0.640399, 9.538519
16.594312, 9.685088
28.979081, 8.017077
117.665822, 19.224480

0.011702, 0.023253
0.334477, -0.190659
-0.679078, 0.266695
0.901885, 0.479653
0.198871, -1.490124
-4.191342, -3.022355
0.608068, 9.540551
16.582772, 9.704780
28.974203, 8.034652
117.918971, 19.267573

0.011688, 0.023338
0.394411, -0.037571
-0.708799, 0.154159
0.851942, 0.566475
0.278926, -1.477922
-4.165448, -3.057757
0.575729, 9.542474
16.571209, 9.724459
28.969313, 8.052225
118.172119, 19.310666

0.011673, 0.023423
0.388589, 0.125982
-0.720172, 0.038292
0.793610, 0.647875
0.358227, -1.461487
-4.139255, -3.092939
0.543383, 9.544287
16.559623, 9.744124
28.964413, 8.069794
118.425266, 19.353759

0.011658, 0.023508
0.319527, 0.272328
-0.712885, -0.077956
0.727474, 0.723043
0.436549, -1.440862
-4.112766, -3.127898
0.511032, 9.545989
16.548013, 9.763775
28.959502, 8.087360
118.678413, 19.396852

0.011642, 0.023593
0.200831, 0.378558
-0.687097, -0.191612
0.654199, 0.791233
0.513673, -1.416107
-4.085981, -3.162632
0.478675, 9.547582
16.536379, 9.783412
28.954580, 8.104924
118.931559, 19.439944

0.011627, 0.023677
0.053064, 0.430245
-0.643431, -0.299763
0.574518, 0.851772
0.589380, -1.387291
-4.058903, -3.197138
0.446312, 9.549065
16.524723, 9.803036
28.949648, 8.122484
119.184705, 19.483036

0.011611, 0.023761
-0.100774, 0.422365
-0.582964, -0.399618
0.489230, 0.904062
0.663457, -1.354493
-4.031535, -3.231413
0.413945, 9.550439
16.513043, 9.822645
28.944705, 8.140041
119.437850, 19.526129

0.011594, 0.023845
-0.238791, 0.358370
-0.507209, -0.488586
0.399187, 0.947588
0.735694, -1.317807
-4.003877, -3.265456
0.381572, 9.551702
16.501339, 9.842241
28.939751, 8.157596
119.690994, 19.569221

0.011578, 0.023929
-0.342488, 0.248521
-0.418074, -0.564339
0.305289, 0.981926
0.805887, -1.277335
-3.975932, -3.299264
0.349196, 9.552855
16.489612, 9.861823
28.934787, 8.175147
119.944137, 19.612313

0.011561, 0.024013
-0.398152, 0.108203
-0.317824, -0.624875
0.208471, 1.006741
0.873839, -1.233190
-3.947702, -3.332834
0.316815, 9.553898
16.477862, 9.881391
28.929812, 8.192696
120.197280, 19.655405

0.011544, 0.024097
-0.397828, -0.043619
-0.209028, -0.668572
0.109697, 1.021795
0.939356, -1.185498
-3.919189, -3.366164
0.284431, 9.554832
16.466089, 9.900945
28.924826, 8.210241
120.450422, 19.698497

0.011526, 0.024180
-0.340201, -0.185963
-0.094490, -0.694238
0.009948, 1.026947
1.002254, -1.134391
-3.890395, -3.399251
0.252044, 9.555655
16.454292, 9.920485
28.919830, 8.227783
120.703564, 19.741588

0.011508, 0.024263
-0.231437, -0.297755
0.022816, -0.701145
-0.089784, 1.022154
1.062355, -1.080013
-3.861322, -3.432094
0.219654, 9.556368
16.442472, 9.940011
28.914823, 8.245323
120.956705, 19.784680

0.011490, 0.024346
-0.085660, -0.360487
0.139826, -0.689055
-0.188514, 1.007472
1.119489, -1.022519
-3.831972, -3.464690
0.187262, 9.556971
16.430629, 9.959523
28.909805, 8.262859
121.209845, 19.827772

0.011472, 0.024429
0.075654, -0.361673
0.253465, -0.658234
-0.285262, 0.983053
1.173495, -0.962068
-3.802347, -3.497036
0.154867, 9.557464
16.418762, 9.979021
28.904776, 8.280392
121.462984, 19.870863

0.011453, 0.024511
0.226263, -0.298466
0.360735, -0.609446
-0.379075, 0.949149
1.224219, -0.898833
-3.772449, -3.529130
0.122471, 9.557848
16.406872, 9.998505
28.899737, 8.297922
121.716123, 19.913954

0.011435, 0.024593
0.340066, -0.179918
0.458794, -0.543939
-0.469026, 0.906100
1.271518, -0.832990
-3.742281, -3.560971
0.090074, 9.558121
16.394959, 10.017975
28.894688, 8.315450
121.969261, 19.957045

0.011416, 0.024675
0.397199, -0.026104
0.545036, -0.463417
-0.554229, 0.854339
1.315259, -0.764725
-3.711845, -3.592555
0.057675, 9.558284
16.383023, 10.037430
28.889627, 8.332974
122.222399, 20.000137

0.011396, 0.024757
0.388851, 0.136328
0.617170, -0.369990
-0.633845, 0.794384
1.355317, -0.694232
-3.681143, -3.623880
0.025277, 9.558337
16.371064, 10.056872
28.884556, 8.350495
122.475536, 20.043228

0.011377, 0.024838
0.318600, 0.280462
0.673277, -0.266120
-0.707092, 0.726831
1.391579, -0.621708
-3.650176, -3.654945
-0.007123, 9.558279
16.359081, 10.076299
28.879475, 8.368013
122.728672, 20.086318

0.011357, 0.024919
0.200223, 0.384554
0.711872, -0.154552
-0.773250, 0.652352
1.423943, -0.547357
-3.618948, -3.685746
-0.039521, 9.558112
16.347075, 10.095712
28.874382, 8.385528
122.981808, 20.129409

0.011337, 0.025001
0.053670, 0.434991
0.731943, -0.038238
-0.831670, 0.571684
1.452317, -0.471391
-3.587460, -3.716282
-0.071920, 9.557835
16.335046, 10.115111
28.869279, 8.403039
123.234943, 20.172500

0.011317, 0.025081
-0.098930, 0.426875
0.732975, 0.079746
-0.881779, 0.485626
1.476619, -0.394022
-3.555715, -3.746551
-0.104317, 9.557448
16.322994, 10.134495
28.864166, 8.420548
123.488077, 20.215590

0.011297, 0.025162
-0.236287, 0.363206
0.714970, 0.196288
-0.923087, 0.395029
1.496783, -0.315469
-3.523715, -3.776550
-0.136713, 9.556950
16.310919, 10.153865
28.859042, 8.438054
123.741211, 20.258681

0.011276, 0.025243
-0.339990, 0.253587
0.678437, 0.308324
-0.955187, 0.300787
1.512749, -0.235955
-3.491462, -3.806278
-0.169107, 9.556343
16.298821, 10.173221
28.853907, 8.455556
123.994344, 20.301771

0.011256, 0.025323
-0.395928, 0.112916
0.624377, 0.412924
-0.977766, 0.203830
1.524474, -0.155702
-3.458959, -3.835731
-0.201499, 9.555625
16.286700, 10.192562
28.848761, 8.473056
124.247476, 20.344862

0.011235, 0.025403
-0.395509, -0.039878
0.554252, 0.507367
-0.990601, 0.105115
1.531924, -0.074939
-3.426208, -3.864909
-0.233889, 9.554797
16.274556, 10.211889
28.843605, 8.490552
124.500608, 20.387952

0.011213, 0.025483
-0.336908, -0.183334
0.469940, 0.589218
-0.993568, 0.005613
1.535077, 0.006109
-3.393211, -3.893808
-0.266276, 9.553860
16.262388, 10.231202
28.838438, 8.508045
124.753739, 20.431042

0.011192, 0.025562
-0.226268, -0.295576
0.373678, 0.656384
-0.986635, -0.093693
1.533924, 0.087210
-3.359971, -3.922427
-0.298660, 9.552812
16.250198, 10.250500
28.833261, 8.525535
125.006870, 20.474132

0.011170, 0.025642
-0.078358, -0.357412
0.268004, 0.707171
-0.969870, -0.191824
1.528469, 0.168138
-3.326490, -3.950765
-0.331040, 9.551654
16.237985, 10.269784
28.828073, 8.543022
125.260000, 20.517222

0.011148, 0.025721
0.084260, -0.356322
0.155682, 0.740316
-0.943437, -0.287813
1.518727, 0.248663
-3.292770, -3.978817
-0.363416, 9.550386
16.225748, 10.289053
28.822874, 8.560506
125.513129, 20.560311

0.011126, 0.025800
0.234454, -0.290318
0.039629, 0.755021
-0.907593, -0.380710
1.504726, 0.328557
-3.258815, -4.006584
-0.395788, 9.549008
16.213489, 10.308307
28.817664, 8.577987
125.766258, 20.603401

0.011103, 0.025879
0.346132, -0.169794
-0.077156, 0.750964
-0.862689, -0.469599
1.486504, 0.407597
-3.224625, -4.034063
-0.428155, 9.547520
16.201207, 10.327547
28.812444, 8.595464
126.019386, 20.646490

0.011081, 0.025958
0.400445, -0.015767
-0.191677, 0.728300
-0.809164, -0.553600
1.464114, 0.485557
-3.190204, -4.061251
-0.460518, 9.545922
16.188902, 10.346773
28.807214, 8.612938
126.272514, 20.689580

0.011058, 0.026036
0.389918, 0.145208
-0.301009, 0.687658
-0.747542, -0.631881
1.437619, 0.562219
-3.155555, -4.088147
-0.492874, 9.544215
16.176574, 10.365984
28.801973, 8.630410
126.525641, 20.732669

0.011035, 0.026114
0.318914, 0.287161
-0.402368, 0.630115
-0.678429, -0.703664
1.407093, 0.637366
-3.120679, -4.114749
-0.525225, 9.542397
16.164223, 10.385180
28.796721, 8.647878
126.778767, 20.775759

0.011011, 0.026192
0.201098, 0.389421
-0.493184, 0.557167
-0.602502, -0.768235
1.372623, 0.710787
-3.085580, -4.141056
-0.557570, 9.540469
16.151849, 10.404361
28.791458, 8.665342
127.031893, 20.818848

0.010987, 0.026270
0.055694, 0.438964
-0.571158, 0.470694
-0.520509, -0.824952
1.334306, 0.782273
-3.050259, -4.167064
-0.589908, 9.538431
16.139452, 10.423528
28.786185, 8.682804
127.285018, 20.861937

0.010963, 0.026347
-0.095961, 0.430812
-0.634314, 0.372907
-0.433258, -0.873246
1.292250, 0.851623
-3.014719, -4.192773
-0.622239, 9.536284
16.127032, 10.442680
28.780901, 8.700262
127.538143, 20.905026

0.010939, 0.026424
-0.233013, 0.367422
-0.681048, 0.266302
-0.341608, -0.912633
1.246575, 0.918642
-2.978963, -4.218180
-0.654563, 9.534026
16.114590, 10.461818
28.775607, 8.717718
127.791267, 20.948115

0.010915, 0.026501
-0.336967, 0.257767
-0.710168, 0.153589
-0.246465, -0.942715
1.197410, 0.983140
-2.942994, -4.243285
-0.686879, 9.531659
16.102125, 10.480940
28.770302, 8.735170
128.044390, 20.991203

0.010890, 0.026578
-0.393200, 0.116387
-0.720918, 0.037639
-0.148770, -0.963186
1.144893, 1.044936
-2.906814, -4.268084
-0.719188, 9.529181
16.089637, 10.500048
28.764986, 8.752618
128.297513, 21.034292

0.010865, 0.026654
-0.392465, -0.037655
-0.713002, -0.078594
-0.049491, -0.973836
1.089173, 1.103856
-2.870425, -4.292576
-0.751487, 9.526594
16.077126, 10.519141
28.759660, 8.770064
128.550635, 21.077381

0.010840, 0.026730
-0.332530, -0.182258
-0.686591, -0.192138
0.050387, -0.974551
1.030408, 1.159734
-2.833830, -4.316759
-0.783778, 9.523898
16.064593, 10.538219
28.754323, 8.787506
128.803757, 21.120469

0.010814, 0.026806
-0.219728, -0.294684
-0.642323, -0.300079
0.149871, -0.965314
0.968763, 1.212412
-2.797032, -4.340632
-0.816060, 9.521091
16.052036, 10.557282
28.748976, 8.804946
129.056878, 21.163558

0.010788, 0.026882
-0.069691, -0.355186
-0.581292, -0.399630
0.247972, -0.946211
0.904414, 1.261742
-2.760033, -4.364193
-0.848332, 9.518175
16.039457, 10.576330
28.743618, 8.822381
129.309998, 21.206646

0.010762, 0.026957
0.093866, -0.351502
-0.505022, -0.488204
0.343713, -0.917422
0.837540, 1.307584
-2.722836, -4.387441
-0.880595, 9.515149
16.026856, 10.595364
28.738249, 8.839814
129.563118, 21.249734

0.010736, 0.027031
0.243138, -0.282763
-0.415439, -0.563481
0.436137, -0.879229
0.768333, 1.349811
-2.685445, -4.410373
-0.912847, 9.512013
16.014231, 10.614382
28.732870, 8.857243
129.816237, 21.292822

0.010710, 0.027106
0.352399, -0.160690
-0.314821, -0.623468
0.524321, -0.832004
0.696986, 1.388304
-2.647860, -4.432988
-0.945088, 9.508767
16.001584, 10.633385
28.727480, 8.874670
130.069356, 21.335910

0.010683, 0.027180
0.404011, -0.006933
-0.205748, -0.666557
0.607383, -0.776213
0.623702, 1.422954
-2.610086, -4.455284
-0.977318, 9.505412
15.988914, 10.652374
28.722080, 8.892092
130.322474, 21.378998

0.010657, 0.027254
0.391707, 0.152367
-0.091036, -0.691570
0.684491, -0.712405
0.548688, 1.453664
-2.572124, -4.477260
-1.009537, 9.501948
15.976222, 10.671347
28.716669, 8.909512
130.575592, 21.422086

0.010630, 0.027327
0.320336, 0.292273
0.026334, -0.697797
0.754872, -0.641214
0.472155, 1.480348
-2.533978, -4.498915
-1.041744, 9.498374
15.963507, 10.690305
28.711247, 8.926928
130.828709, 21.465174

0.010603, 0.027400
0.203221, 0.393045
0.143293, -0.685020
0.817819, -0.563346
0.394319, 1.502931
-2.495650, -4.520246
-1.073939, 9.494690
15.950770, 10.709248
28.705815, 8.944341
131.081825, 21.508261

0.010576, 0.027473
0.058817, 0.442017
0.256764, -0.653522
0.872701, -0.479576
0.315401, 1.521351
-2.457143, -4.541252
-1.106122, 9.490897
15.938009, 10.728176
28.700372, 8.961751
131.334941, 21.551349

0.010548, 0.027545
-0.092223, 0.433959
0.363751, -0.604090
0.918967, -0.390739
0.235622, 1.535555
-2.418460, -4.561932
-1.138291, 9.486995
15.925227, 10.747089
28.694919, 8.979158
131.588057, 21.594436

0.010521, 0.027617
-0.229313, 0.370733
0.461419, -0.537993
0.956150, -0.297720
0.155209, 1.545505
-2.379603, -4.582284
-1.170448, 9.482983
15.912421, 10.765987
28.689455, 8.996561
131.841171, 21.637524

0.010494, 0.027689
-0.333712, 0.260738
0.547174, -0.456951
0.983878, -0.201449
0.074387, 1.551173
-2.340576, -4.602307
-1.202590, 9.478862
15.899594, 10.784869
28.683980, 9.013961
132.094286, 21.680611

0.010466, 0.027761
-0.390188, 0.118296
0.618734, -0.363092
1.001871, -0.102886
-0.006615, 1.552543
-2.301380, -4.621999
-1.234719, 9.474631
15.886743, 10.803736
28.678495, 9.031357
132.347399, 21.723698

0.010438, 0.027832
-0.388853, -0.037210
0.674201, -0.258893
1.009949, -0.003017
-0.087569, 1.549613
-2.262020, -4.641359
-1.266833, 9.470292
15.873871, 10.822588
28.673000, 9.048750
132.600513, 21.766785

0.010410, 0.027903
-0.327212, -0.182893
0.712109, -0.147108
1.008032, 0.097161
-0.168247, 1.542391
-2.222497, -4.660386
-1.298932, 9.465843
15.860975, 10.841425
28.667493, 9.066140
132.853625, 21.809872

0.010383, 0.027973
-0.212027, -0.295147
0.731464, -0.030697
0.996138, 0.196645
-0.248421, 1.530899
-2.182815, -4.679078
-1.331017, 9.461285
15.848058, 10.860246
28.661976, 9.083527
133.106737, 21.852959

0.010355, 0.028043
-0.059996, -0.353868
0.731777, 0.087264
0.974389, 0.294443
-0.327866, 1.515170
-2.142976, -4.697433
-1.363085, 9.456618
15.835117, 10.879052
28.656449, 9.100910
133.359849, 21.896046

0.010327, 0.028113
0.104049, -0.347375
0.713068, 0.203664
0.943005, 0.389577
-0.406357, 1.495247
-2.102984, -4.715451
-1.395138, 9.451841
15.822155, 10.897843
28.650911, 9.118290
133.612960, 21.939133

0.010298, 0.028183
0.251924, -0.276104
0.675868, 0.315444
0.902300, 0.481100
-0.483673, 1.471190
-2.062840, -4.733131
-1.427175, 9.446956
15.809170, 10.916618
28.645362, 9.135666
133.866070, 21.982219

0.010270, 0.028252
0.358610, -0.152961
0.621197, 0.419683
0.852686, 0.568099
-0.559598, 1.443065
-2.022549, -4.750470
-1.459195, 9.441962
15.796162, 10.935377
28.639803, 9.153039
134.119180, 22.025306

0.010242, 0.028321
0.407755, 0.000114
0.550531, 0.513674
0.794662, 0.649707
-0.633916, 1.410952
-1.982112, -4.767469
-1.491198, 9.436859
15.783133, 10.954122
28.634234, 9.170409
134.372289, 22.068392

0.010214, 0.028390
0.394092, 0.157647
0.465763, 0.594997
0.728809, 0.725115
-0.706420, 1.374944
-1.941533, -4.784124
-1.523184, 9.431647
15.770081, 10.972851
28.628653, 9.187776
134.625398, 22.111479

0.010185, 0.028459
0.322664, 0.295730
0.369140, 0.661575
0.655790, 0.793574
-0.776904, 1.335141
-1.900815, -4.800436
-1.555152, 9.426327
15.757006, 10.991564
28.623062, 9.205139
134.878506, 22.154565

0.010157, 0.028527
0.206291, 0.395369
0.263207, 0.711729
0.576336, 0.854407
-0.845171, 1.291657
-1.859961, -4.816404
-1.587102, 9.420897
15.743910, 11.010262
28.617461, 9.222498
135.131614, 22.197651

0.010128, 0.028596
0.062670, 0.444045
0.150729, 0.744217
0.491241, 0.907013
-0.911028, 1.244614
-1.818972, -4.832025
-1.619033, 9.415359
15.730791, 11.028944
28.611849, 9.239855
135.384722, 22.240737

0.010099, 0.028664
-0.088106, 0.436147
0.034628, 0.758257
0.401358, 0.950876
-0.974291, 1.194146
-1.777854, -4.847300
-1.650946, 9.409713
15.717649, 11.047611
28.606227, 9.257207
135.637828, 22.283823

0.010071, 0.028731
-0.225547, 0.372913
-0.082105, 0.753541
0.307583, 0.985565
-1.034781, 1.140396
-1.736607, -4.862226
-1.682839, 9.403958
15.704486, 11.066262
28.600593, 9.274557
135.890934, 22.326909

0.010042, 0.028799
-0.330517, 0.262249
-0.196474, 0.730244
0.210850, 1.010743
-1.092329, 1.083514
-1.695236, -4.876803
-1.714713, 9.398094
15.691300, 11.084897
28.594950, 9.291903
136.144040, 22.369995

0.010013, 0.028866
-0.387106, 0.118419
-0.305560, 0.689004
0.112122, 1.026168
-1.146773, 1.023662
-1.653743, -4.891030
-1.746566, 9.392122
15.678092, 11.103517
28.589296, 9.309245
136.397145, 22.413081

0.009983, 0.028933
-0.384831, -0.038685
-0.406591, 0.630912
0.012381, 1.031694
-1.197959, 0.961009
-1.612131, -4.904906
-1.778400, 9.386042
15.664862, 11.122121
28.583631, 9.326585
136.650250, 22.456167

0.009954, 0.029000
-0.321126, -0.185268
-0.497004, 0.557476
-0.087383, 1.027275
-1.245745, 0.895731
-1.570404, -4.918429
-1.810213, 9.379853
15.651609, 11.140709
28.577956, 9.343920
136.903354, 22.499252

0.009925, 0.029067
-0.203442, -0.296917
-0.574508, 0.470584
-0.186184, 1.012963
-1.289995, 0.828013
-1.528564, -4.931600
-1.842004, 9.373556
15.638335, 11.159282
28.572270, 9.361253
137.156458, 22.542338

0.009895, 0.029133
-0.049678, -0.353444
-0.637140, 0.372456
-0.283042, 0.988907
-1.330586, 0.758046
-1.486614, -4.944416
-1.873775, 9.367151
15.625038, 11.177838
28.566574, 9.378582
137.409561, 22.585423

0.009865, 0.029199
0.114349, -0.344061
-0.683308, 0.265591
-0.377002, 0.955353
-1.367403, 0.686026
-1.444557, -4.956877
-1.905523, 9.360638
15.611719, 11.196379
28.560867, 9.395907
137.662663, 22.628509

0.009835, 0.029265
0.260433, -0.270581
-0.711829, 0.152709
-0.467135, 0.912639
-1.400344, 0.612158
-1.402396, -4.968983
-1.937250, 9.354017
15.598378, 11.214904
28.555149, 9.413229
137.915765, 22.671594

0.009805, 0.029331
0.364524, -0.146856
-0.721963, 0.036680
-0.552555, 0.861194
-1.429315, 0.536648
-1.360135, -4.980731
-1.968953, 9.347288
15.585015, 11.233414
28.549421, 9.430548
138.168867, 22.714679

0.009775, 0.029396
0.411520, 0.005228
-0.713424, -0.079536
-0.632420, 0.801532
-1.454236, 0.459710
-1.317776, -4.992122
-2.000634, 9.340451
15.571630, 11.251907
28.543683, 9.447863
138.421968, 22.757764

0.009744, 0.029461
0.396894, 0.161018
-0.686398, -0.192968
-0.705945, 0.734247
-1.475036, 0.381561
-1.275322, -5.003155
-2.032292, 9.333507
15.558223, 11.270385
28.537934, 9.465174
138.675069, 22.800849

0.009714, 0.029526
0.325636, 0.297565
-0.641538, -0.300701
-0.772408, 0.660007
-1.491658, 0.302421
-1.232776, -5.013829
-2.063926, 9.326454
15.544794, 11.288846
28.532174, 9.482482
138.928169, 22.843934

0.009683, 0.029590
0.209955, 0.396421
-0.579949, -0.399953
-0.831157, 0.579548
-1.504055, 0.222513
-1.190142, -5.024142
-2.095536, 9.319294
15.531343, 11.307292
28.526404, 9.499787
139.181268, 22.887019

0.009652, 0.029654
0.066841, 0.445028
-0.503173, -0.488141
-0.881615, 0.493667
-1.512191, 0.142061
-1.147422, -5.034095
-2.127122, 9.312027
15.517869, 11.325722
28.520624, 9.517088
139.434367, 22.930104

0.009621, 0.029718
-0.084032, 0.437286
-0.413147, -0.562951
-0.923288, 0.403211
-1.516045, 0.061293
-1.104619, -5.043687
-2.158683, 9.304652
15.504374, 11.344135
28.514833, 9.534386
139.687466, 22.973189

0.009590, 0.029781
-0.222099, 0.373814
-0.312163, -0.622400
-0.955768, 0.309075
-1.515605, -0.019565
-1.061737, -5.052917
-2.190219, 9.297170
15.490857, 11.362533
28.509031, 9.551680
139.940564, 23.016273

0.009558, 0.029844
-0.327697, 0.262130
-0.202815, -0.664893
-0.978737, 0.212187
-1.510873, -0.100284
-1.018779, -5.061784
-2.221729, 9.289580
15.477318, 11.380914
28.503219, 9.568970
140.193662, 23.059358

0.009527, 0.029907
-0.384186, 0.116620
-0.087927, -0.689267
-0.991968, 0.113501
-1.501862, -0.180637
-0.975747, -5.070287
-2.253214, 9.281883
15.463757, 11.399280
28.497396, 9.586257
140.446759, 23.102442

0.009495, 0.029969
-0.380588, -0.042123
0.029510, -0.694827
-0.995332, 0.013992
-1.488598, -0.260398
-0.932645, -5.078427
-2.284672, 9.274080
15.450174, 11.417629
28.491563, 9.603541
140.699855, 23.145527

0.009464, 0.030031
-0.314500, -0.189318
0.146423, -0.681373
-0.988797, -0.085360
-1.471118, -0.339342
-0.889476, -5.086202
-2.316104, 9.266169
15.436569, 11.435963
28.485719, 9.620821
140.952951, 23.188611

0.009432, 0.030093
-0.194316, -0.299886
0.259732, -0.649210
-0.972424, -0.183575
-1.449470, -0.417247
-0.846242, -5.093613
-2.347509, 9.258151
15.422943, 11.454280
28.479865, 9.638097
141.206047, 23.231695

0.009400, 0.030154
-0.039199, -0.353879
0.366445, -0.599144
-0.946373, -0.279685
-1.423717, -0.493893
-0.802948, -5.100657
-2.378886, 9.250026
15.409294, 11.472580
28.474000, 9.655370
141.459142, 23.274779

0.009368, 0.030215
0.124297, -0.341665
0.463732, -0.532465
-0.910900, -0.372741
-1.393930, -0.569065
-0.759595, -5.107336
-2.410236, 9.241794
15.395624, 11.490865
28.468125, 9.672640
141.712237, 23.317863

0.009336, 0.030275
0.268303, -0.266389
0.549007, -0.450911
-0.866350, -0.461822
-1.360193, -0.642550
-0.716188, -5.113648
-2.441558, 9.233456
15.381932, 11.509134
28.462239, 9.689905
141.965331, 23.360947

0.009304, 0.030335
0.369902, -0.142533
0.620005, -0.356627
-0.813160, -0.546049
-1.322601, -0.714142
-0.672729, -5.119594
-2.472852, 9.225012
15.368218, 11.527386
28.456343, 9.707168
142.218425, 23.404031

0.009272, 0.030395
0.415112, 0.008355
0.674842, -0.252104
-0.751851, -0.624587
-1.281260, -0.783639
-0.629221, -5.125171
-2.504116, 9.216460
15.354482, 11.545622
28.450436, 9.724426
142.471518, 23.447115

0.009240, 0.030454
0.399876, 0.162525
0.712071, -0.140108
-0.683025, -0.696655
-1.236285, -0.850844
-0.585668, -5.130382
-2.535352, 9.207803
15.340725, 11.563841
28.444519, 9.741681
142.724611, 23.490199

0.009208, 0.030513
0.328928, 0.297859
0.730721, -0.023603
-0.607357, -0.761539
-1.187804, -0.915569
-0.542072, -5.135224
-2.566558, 9.199039
15.326946, 11.582044
28.438591, 9.758933
142.977703, 23.533282

0.009176, 0.030572
0.213814, 0.396262
0.730323, 0.094330
-0.525593, -0.818591
-1.135953, -0.977631
-0.498437, -5.139697
-2.597735, 9.190169
15.313145, 11.600231
28.432653, 9.776181
143.230795, 23.576366

0.009144, 0.030630
0.070892, 0.444970
0.710919, 0.210582
-0.438537, -0.867241
-1.080877, -1.036854
-0.454766, -5.143802
-2.628881, 9.181192
15.299322, 11.618401
28.426704, 9.793425
143.483886, 23.619450

0.009112, 0.030688
-0.080431, 0.437317
0.673059, 0.322102
-0.347048, -0.907000
-1.022731, -1.093072
-0.411062, -5.147538
-2.659997, 9.172110
15.285478, 11.636555
28.420745, 9.810666
143.736977, 23.662533

0.009079, 0.030746
-0.219348, 0.373331
0.617783, 0.425977
-0.252030, -0.937469
-0.961680, -1.146126
-0.367327, -5.150904
-2.691081, 9.162922
15.271612, 11.654693
28.414776, 9.827903
143.990068, 23.705616

0.009047, 0.030804
-0.325544, 0.260272
0.546584, 0.519513
-0.154423, -0.958337
-0.897894, -1.195866
-0.323566, -5.153901
-2.722135, 9.153628
15.257725, 11.672814
28.408795, 9.845137
144.243158, 23.748700

0.009015, 0.030861
-0.381640, 0.112852
0.461365, 0.600303
-0.055193, -0.969390
-0.831554, -1.242151
-0.279782, -5.156529
-2.753157, 9.144229
15.243816, 11.690919
28.402805, 9.862366
144.496247, 23.791783

0.008983, 0.030917
-0.376312, -0.047459
0.364386, 0.666288
0.044674, -0.970509
-0.762846, -1.284851
-0.235976, -5.158786
-2.784147, 9.134724
15.229885, 11.709007
28.396804, 9.879593
144.749336, 23.834866

0.008951, 0.030974
-0.307598, -0.194877
0.258196, 0.715806
0.144186, -0.961677
-0.691963, -1.323845
-0.192153, -5.160673
-2.815104, 9.125113
15.215933, 11.727078
28.390792, 9.896815
145.002425, 23.877949

0.008919, 0.031030
-0.185050, -0.303885
0.145566, 0.747631
0.242353, -0.942972
-0.619105, -1.359022
-0.148316, -5.162190
-2.846029, 9.115397
15.201959, 11.745133
28.384770, 9.914034
145.255513, 23.921032

0.008887, 0.031086
-0.029043, -0.355124
0.029417, 0.760997
0.338197, -0.914574
-0.544478, -1.390283
-0.104468, -5.163337
-2.876920, 9.105576
15.187964, 11.763171
28.378737, 9.931250
145.508601, 23.964115

0.008854, 0.031141
0.133454, -0.340278
-0.087260, 0.755616
0.430761, -0.876759
-0.468291, -1.417539
-0.060611, -5.164113
-2.907779, 9.095649
15.173947, 11.781193
28.372694, 9.948461
145.761688, 24.007198

0.008822, 0.031196
0.275228, -0.263660
-0.201474, 0.731675
0.519121, -0.829896
-0.390759, -1.440712
-0.016750, -5.164519
-2.938603, 9.085618
15.159908, 11.799198
28.366641, 9.965669
146.014775, 24.050281

0.008790, 0.031251
0.374548, -0.140054
-0.310312, 0.689827
0.602392, -0.774446
-0.312101, -1.459738
0.027114, -5.164555
-2.969394, 9.075482
15.145848, 11.817186
28.360577, 9.982874
146.267861, 24.093363

0.008758, 0.031306
0.418352, 0.009552
-0.411009, 0.631175
0.679740, -0.710959
-0.232539, -1.474561
0.070975, -5.164220
-3.000149, 9.065241
15.131767, 11.835158
28.354503, 10.000074
146.520947, 24.136446

0.008726, 0.031360
0.402801, 0.162311
-0.501010, 0.557239
0.750390, -0.640062
-0.152296, -1.485140
0.114833, -5.163515
-3.030870, 9.054895
15.117664, 11.853113
28.348418, 10.017271
146.774032, 24.179528

0.008693, 0.031414
0.332219, 0.296782
-0.578035, 0.469915
0.813633, -0.562460
-0.071599, -1.491444
0.158683, -5.162439
-3.061556, 9.044444
15.103540, 11.871051
28.342322, 10.034465
147.027117, 24.222611

0.008661, 0.031467
0.217478, 0.395032
-0.640131, 0.371434
0.868833, -0.478926
0.009325, -1.493454
0.202522, -5.160993
-3.092206, 9.033890
15.089395, 11.888972
28.336217, 10.051654
147.280202, 24.265693

0.008629, 0.031521
0.074403, 0.443951
-0.685717, 0.264301
0.915438, -0.390291
0.090247, -1.491165
0.246348, -5.159177
-3.122820, 9.023230
15.075228, 11.906877
28.330100, 10.068840
147.533286, 24.308776

0.008597, 0.031574
-0.077701, 0.436255
-0.713623, 0.151241
0.952977, -0.297439
0.170938, -1.484581
0.290156, -5.156991
-3.153398, 9.012467
15.061039, 11.924764
28.323974, 10.086022
147.786369, 24.351858

0.008565, 0.031626
-0.217623, 0.371436
-0.723122, 0.035130
0.981074, -0.201299
0.251172, -1.473722
0.333945, -5.154435
-3.183940, 9.001599
15.046830, 11.942635
28.317836, 10.103201
148.039453, 24.394940

0.008532, 0.031679
-0.324292, 0.256659
-0.713941, -0.081070
0.999446, -0.102829
0.330721, -1.458617
0.377710, -5.151510
-3.214444, 8.990628
15.032599, 11.960489
28.311689, 10.120376
148.292535, 24.438022

0.008500, 0.031731
-0.379627, 0.107181
-0.686282, -0.194387
1.007908, -0.003015
0.409361, -1.439309
0.421449, -5.148215
-3.244911, 8.979553
15.018347, 11.978326
28.305531, 10.137547
148.545618, 24.481104

0.008468, 0.031782
-0.372173, -0.054503
-0.640811, -0.301907
1.006377, 0.097146
0.486871, -1.415850
0.465158, -5.144550
-3.275340, 8.968374
15.004073, 11.996146
28.299362, 10.154714
148.798699, 24.524186

0.008436, 0.031834
-0.300697, -0.201675
-0.578649, -0.400850
0.994869, 0.196654
0.563030, -1.388308
0.508835, -5.140517
-3.305731, 8.957091
14.989778, 12.013949
28.293183, 10.171878
149.051781, 24.567268

0.008403, 0.031885
-0.176057, -0.308689
-0.501353, -0.488639
0.973499, 0.294513
0.637625, -1.356759
0.552476, -5.136116
-3.336084, 8.945705
14.975462, 12.031735
28.286994, 10.189038
149.304862, 24.610350

0.008371, 0.031935
-0.019670, -0.357088
-0.410875, -0.562968
0.942484, 0.389747
0.710443, -1.321291
0.596079, -5.131346
-3.366398, 8.934216
14.961125, 12.049504
28.280794, 10.206194
149.557943, 24.653432

0.008339, 0.031985
0.141442, -0.339924
-0.309521, -0.621866
0.902135, 0.481407
0.781281, -1.282005
0.639640, -5.126208
-3.396673, 8.922623
14.946767, 12.067256
28.274584, 10.223346
149.811023, 24.696513

0.008307, 0.032035
0.280959, -0.262418
-0.199895, -0.663748
0.852861, 0.568577
0.849936, -1.239011
0.683155, -5.120702
-3.426908, 8.910927
14.932387, 12.084991
28.268363, 10.240495
150.064102, 24.739595

0.008275, 0.032085
0.378287, -0.139351
-0.084835, -0.687468
0.795155, 0.650391
0.916216, -1.192429
0.726623, -5.114830
-3.457104, 8.899129
14.917986, 12.102709
28.262132, 10.257640
150.317182, 24.782676

0.008243, 0.032134
0.421055, 0.008996
0.032664, -0.692349
0.729598, 0.726035
0.979932, -1.142391
0.770039, -5.108590
-3.487259, 8.887227
14.903564, 12.120410
28.255891, 10.274781
150.570261, 24.825758

0.008211, 0.032183
0.405417, 0.160616
0.149521, -0.678211
0.656847, 0.794760
1.040905, -1.089038
0.813401, -5.101985
-3.517374, 8.875223
14.889121, 12.138094
28.249639, 10.291918
150.823339, 24.868839

0.008179, 0.032231
0.335179, 0.294581
0.262660, -0.645379
0.577632, 0.855883
1.098963, -1.032520
0.856706, -5.095013
-3.547448, 8.863116
14.874657, 12.155760
28.243376, 10.309051
151.076417, 24.911921

0.008147, 0.032280
0.220562, 0.392940
0.369088, -0.594678
0.492745, 0.908804
1.153941, -0.972996
0.899950, -5.087677
-3.577480, 8.850907
14.860172, 12.173410
28.237103, 10.326181
151.329495, 24.955002

0.008116, 0.032327
0.076978, 0.442117
0.465983, -0.527419
0.403034, 0.952999
1.205683, -0.910634
0.943131, -5.079975
-3.607472, 8.838596
14.845666, 12.191042
28.230820, 10.343307
151.582572, 24.998083

0.008084, 0.032375
-0.076203, 0.434180
0.550771, -0.445359
0.309396, 0.988037
1.254043, -0.845610
0.986245, -5.071909
-3.637421, 8.826183
14.831138, 12.208657
28.224526, 10.360429
151.835649, 25.041164

0.008052, 0.032422
-0.217204, 0.368178
0.621200, -0.350659
0.212763, 1.013577
1.298885, -0.778107
1.029289, -5.063480
-3.667328, 8.813667
14.816590, 12.226254
28.218222, 10.377547
152.088725, 25.084245

0.008021, 0.032469
-0.324123, 0.251376
0.675405, -0.245822
0.114097, 1.029372
1.340082, -0.708315
1.072261, -5.054688
-3.697192, 8.801050
14.802021, 12.243834
28.211908, 10.394662
152.341801, 25.127326

0.007990, 0.032516
-0.378277, 0.099798
0.711956, -0.133625
0.014378, 1.035272
1.377517, -0.636432
1.115157, -5.045533
-3.727013, 8.788331
14.787430, 12.261397
28.205583, 10.411773
152.594876, 25.170407

0.007959, 0.032562
-0.368347, -0.062943
0.729904, -0.017038
-0.085404, 1.031228
1.411083, -0.562660
1.157974, -5.036016
-3.756792, 8.775511
14.772819, 12.278943
28.199248, 10.428879
152.847951, 25.213488

0.007928, 0.032608
-0.294110, -0.209364
0.728801, 0.100858
-0.184261, 1.017287
1.440687, -0.487208
1.200709, -5.026139
-3.786526, 8.762589
14.758187, 12.296471
28.192902, 10.445982
153.101026, 25.256569

0.007897, 0.032654
-0.167766, -0.314041
0.708710, 0.216956
-0.281215, 0.993595
1.466244, -0.410288
1.243359, -5.015901
-3.816216, 8.749565
14.743534, 12.313982
28.186546, 10.463081
153.354100, 25.299649

0.007866, 0.032699
-0.011501, -0.359664
0.670202, 0.328210
-0.375307, 0.960393
1.487682, -0.332117
1.285921, -5.005304
-3.845862, 8.736441
14.728860, 12.331476
28.180179, 10.480177
153.607174, 25.342730

0.007835, 0.032744
0.147959, -0.340567
0.614333, 0.431718
-0.465610, 0.918016
1.504940, -0.252916
1.328392, -4.994347
-3.875464, 8.723216
14.714165, 12.348952
28.173802, 10.497268
153.860248, 25.385811

0.007804, 0.032789
0.285317, -0.262588
0.542612, 0.524797
-0.551234, 0.866890
1.517970, -0.172908
1.370769, -4.983033
-3.905020, 8.709890
14.699449, 12.366410
28.167415, 10.514356
154.113321, 25.428891

0.007774, 0.032834
0.380990, -0.140241
0.456954, 0.605056
-0.631336, 0.807524
1.526733, -0.092320
1.413049, -4.971362
-3.934531, 8.696463
14.684713, 12.383851
28.161017, 10.531439
154.366394, 25.471971

0.007743, 0.032878
0.423060, 0.006963
0.359629, 0.670450
-0.705128, 0.740511
1.531207, -0.011379
1.455229, -4.959334
-3.963996, 8.682936
14.669955, 12.401275
28.154609, 10.548519
154.619466, 25.515052

0.007713, 0.032923
0.407493, 0.157764
0.253193, 0.719335
-0.771886, 0.666514
1.531377, 0.069687
1.497306, -4.946950
-3.993415, 8.669308
14.655177, 12.418681
28.148191, 10.565595
154.872538, 25.558132

0.007683, 0.032966
0.337508, 0.291571
0.140419, 0.750502
-0.830954, 0.586269
1.527244, 0.150649
1.539277, -4.934213
-4.022788, 8.655581
14.640378, 12.436069
28.141762, 10.582667
155.125609, 25.601212

0.007653, 0.033010
0.222723, 0.390253
0.024230, 0.763201
-0.881754, 0.500567
1.518818, 0.231278
1.581138, -4.921121
-4.052113, 8.641753
14.625558, 12.453440
28.135323, 10.599735
155.378680, 25.644293

0.007622, 0.033054
0.078276, 0.439662
-0.092385, 0.757159
-0.923786, 0.410257
1.506124, 0.311346
1.622888, -4.907676
-4.081392, 8.627825
14.610718, 12.470793
28.128873, 10.616800
155.631751, 25.687373

0.007592, 0.033097
-0.076223, 0.431227
-0.206439, 0.732578
-0.956640, 0.316229
1.489198, 0.390629
1.664523, -4.893880
-4.110624, 8.613798
14.595857, 12.488129
28.122413, 10.633860
155.884821, 25.730453

0.007563, 0.033140
-0.218277, 0.363675
-0.315025, 0.690126
-0.979992, 0.219411
1.468086, 0.468901
1.706039, -4.879733
-4.139807, 8.599671
14.580975, 12.505447
28.115943, 10.650916
156.137891, 25.773533

0.007533, 0.033182
-0.325128, 0.244602
-0.415384, 0.630917
-0.993615, 0.120758
1.442850, 0.545942
1.747435, -4.865236
-4.168943, 8.585445
14.566073, 12.522747
28.109462, 10.667969
156.390960, 25.816613

0.007503, 0.033225
-0.377656, 0.091004
-0.504969, 0.556482
-0.997374, 0.021241
1.413560, 0.621535
1.788707, -4.850391
-4.198030, 8.571119
14.551150, 12.540030
28.102971, 10.685018
156.644029, 25.859692

0.007473, 0.033267
-0.364988, -0.072374
-0.581511, 0.468729
-0.991231, -0.078157
1.380299, 0.695465
1.829852, -4.835198
-4.227068, 8.556694
14.536206, 12.557294
28.096469, 10.702062
156.897098, 25.902772

0.007443, 0.033309
-0.288135, -0.217548
-0.643066, 0.369894
-0.975247, -0.176458
1.343161, 0.767526
1.870867, -4.819658
-4.256057, 8.542171
14.521242, 12.574541
28.089957, 10.719103
157.150166, 25.945852

0.007413, 0.033350
-0.160553, -0.319669
-0.688064, 0.262493
-0.949576, -0.272691
1.302251, 0.837512
1.911750, -4.803773
-4.284996, 8.527548
14.506257, 12.591771
28.083435, 10.736140
157.403234, 25.988932

0.007384, 0.033392
-0.004859, -0.362707
-0.715349, 0.149255
-0.914471, -0.365907
1.257684, 0.905228
1.952497, -4.787543
-4.313886, 8.512828
14.491251, 12.608982
28.076902, 10.753173
157.656302, 26.032011

0.007354, 0.033433
0.152801, -0.342100
-0.724205, 0.033063
-0.870273, -0.455185
1.209587, 0.970481
1.993106, -4.770970
-4.342726, 8.498008
14.476225, 12.626176
28.070359, 10.770201
157.909369, 26.075091

0.007324, 0.033473
0.288193, -0.263995
-0.714375, -0.083120
-0.817415, -0.539642
1.158095, 1.033089
2.033573, -4.754056
-4.371515, 8.483091
14.461179, 12.643351
28.063806, 10.787226
158.162436, 26.118170

0.007295, 0.033514
0.382567, -0.142448
-0.686073, -0.196320
-0.756415, -0.618442
1.103354, 1.092873
2.073896, -4.736800
-4.400253, 8.468075
14.446112, 12.660509
28.057242, 10.804247
158.415502, 26.161250

0.007265, 0.033554
0.424237, 0.003810
-0.639982, -0.303623
-0.687873, -0.690802
1.045519, 1.149667
2.114072, -4.719205
-4.428940, 8.452962
14.431024, 12.677649
28.050668, 10.821264
158.668568, 26.204329

0.007236, 0.033593
0.408828, 0.154140
-0.577239, -0.402253
-0.612460, -0.756004
0.984752, 1.203309
2.154098, -4.701272
-4.457576, 8.437750
14.415916, 12.694771
28.044084, 10.838277
158.921633, 26.247408

0.007207, 0.033633
0.338939, 0.288117
-0.499415, -0.489637
-0.530919, -0.813399
0.921226, 1.253649
2.193972, -4.683002
-4.486160, 8.422441
14.400788, 12.711875
28.037489, 10.855286
159.174699, 26.290487

0.007177, 0.033672
0.223663, 0.387274
-0.408479, -0.563478
-0.444053, -0.862411
0.855120, 1.300545
2.233689, -4.664396
-4.514691, 8.407035
14.385639, 12.728961
28.030884, 10.872291
159.427764, 26.333567

0.007148, 0.033710
0.078012, 0.436817
-0.306751, -0.621815
-0.352719, -0.902551
0.786620, 1.343864
2.273248, -4.645455
-4.543170, 8.391532
14.370470, 12.746029
28.024269, 10.889292
159.680828, 26.376646

0.007119, 0.033749
-0.077975, 0.427566
-0.196846, -0.663080
-0.257818, -0.933413
0.715921, 1.383486
2.312646, -4.626182
-4.571597, 8.375932
14.355280, 12.763079
28.017643, 10.906289
159.933892, 26.419725

0.007090, 0.033786
-0.220951, 0.358103
-0.081613, -0.686139
-0.160289, -0.954684
0.643221, 1.419298
2.351880, -4.606577
-4.599970, 8.360234
14.340070, 12.780111
28.011007, 10.923282
160.186956, 26.462804

0.007062, 0.033824
-0.327334, 0.236597
0.035945, -0.690337
-0.061099, -0.966145
0.568726, 1.451200
2.390947, -4.586642
-4.628290, 8.344440
14.324840, 12.797125
28.004360, 10.940271
160.440019, 26.505882

0.007033, 0.033861
-0.377806, 0.081187
0.152744, -0.675511
0.038768, -0.967675
0.492646, 1.479102
2.429845, -4.566378
-4.656555, 8.328550
14.309589, 12.814121
27.997704, 10.957256
160.693082, 26.548961

0.007004, 0.033898
-0.362261, -0.082341
0.265707, -0.642008
0.138320, -0.959251
0.415196, 1.502926
2.468570, -4.545787
-4.684767, 8.312563
14.294319, 12.831098
27.991036, 10.974237
160.946145, 26.592040

0.006976, 0.033935
-0.283068, -0.225835
0.371845, -0.590675
0.236566, -0.940949
0.336594, 1.522606
2.507119, -4.524870
-4.712924, 8.296481
14.279027, 12.848058
27.984359, 10.991214
161.199207, 26.635119

0.006948, 0.033971
-0.154741, -0.325322
0.468344, -0.522841
0.332528, -0.912944
0.257063, 1.538085
2.545491, -4.503629
-4.741027, 8.280302
14.263716, 12.864999
27.977671, 11.008187
161.452269, 26.678197

0.006920, 0.034007
0.000023, -0.366066
0.552641, -0.440283
0.425247, -0.875507
0.176826, 1.549321
2.583683, -4.482065
-4.769074, 8.264027
14.248385, 12.881922
27.970973, 11.025155
161.705330, 26.721276

0.006892, 0.034042
0.155864, -0.344361
0.622500, -0.345177
0.513797, -0.829006
0.096110, 1.556283
2.621691, -4.460179
-4.797066, 8.247657
14.233033, 12.898827
27.964265, 11.042120
161.958391, 26.764355

0.006865, 0.034077
0.289555, -0.266393
0.676073, -0.240039
0.597291, -0.773897
0.015142, 1.558951
2.659513, -4.437974
-4.825002, 8.231192
14.217661, 12.915713
27.957546, 11.059081
162.211452, 26.807433

0.006838, 0.034112
0.382986, -0.145632
0.711952, -0.127653
0.674895, -0.710727
-0.065849, 1.557319
2.697146, -4.415451
-4.852882, 8.214631
14.202269, 12.932582
27.950817, 11.076037
162.464512, 26.850511

0.006811, 0.034146
0.424501, -0.000064
0.729207, -0.010996
0.745829, -0.640120
-0.146635, 1.551391
2.734588, -4.392611
-4.880706, 8.197976
14.186856, 12.949432
27.944077, 11.092990
162.717572, 26.893590

0.006784, 0.034181
0.409270, 0.150153
0.727412, 0.106852
0.809381, -0.562780
-0.226988, 1.541185
2.771836, -4.369456
-4.908472, 8.181225
14.171424, 12.966263
27.937328, 11.109938
162.970632, 26.936668

0.006757, 0.034215
0.339270, 0.284587
0.706650, 0.222786
0.864914, -0.479474
-0.306682, 1.526729
2.808887, -4.345988
-4.936182, 8.164380
14.155972, 12.983077
27.930568, 11.126882
163.223691, 26.979746

0.006731, 0.034248
0.223160, 0.384302
0.667512, 0.333769
0.911870, -0.391035
-0.385493, 1.508066
2.845739, -4.322208
-4.963834, 8.147441
14.140499, 12.999872
27.923797, 11.143823
163.476750, 27.022825

0.006705, 0.034282
0.076003, 0.433800
0.611069, 0.436908
0.949777, -0.298344
-0.463197, 1.485248
2.882389, -4.298119
-4.991429, 8.130407
14.125007, 13.016648
27.917017, 11.160759
163.729809, 27.065903

0.006679, 0.034315
-0.081548, 0.423371
0.538845, 0.529533
0.978253, -0.202327
-0.539577, 1.458339
2.918835, -4.273721
-5.018965, 8.113279
14.109494, 13.033406
27.910226, 11.177691
163.982867, 27.108981

0.006654, 0.034348
-0.225203, 0.351664
0.452768, 0.609266
0.997013, -0.103945
-0.614417, 1.427418
2.955073, -4.249017
-5.046443, 8.096058
14.093961, 13.050146
27.903425, 11.194619
164.235925, 27.152059

0.006628, 0.034380
-0.330658, 0.227678
0.355114, 0.674080
1.005869, -0.004179
-0.687507, 1.392569
2.991101, -4.224008
-5.073863, 8.078742
14.078409, 13.066867
27.896613, 11.211543
164.488982, 27.195137

0.006603, 0.034413
-0.378704, 0.070791
0.248446, 0.722345
1.004731, 0.095972
-0.758640, 1.353894
3.026918, -4.198697
-5.101223, 8.061334
14.062836, 13.083570
27.889791, 11.228462
164.742039, 27.238214

0.006579, 0.034445
-0.360282, -0.092372
0.135541, 0.752868
0.993614, 0.195507
-0.827617, 1.311500
3.062519, -4.173084
-5.128524, 8.043832
14.047244, 13.100254
27.882959, 11.245378
164.995096, 27.281292

0.006554, 0.034477
-0.279132, -0.233851
0.019319, 0.764917
0.972629, 0.293431
-0.894244, 1.265508
3.097904, -4.147173
-5.155766, 8.026237
14.031631, 13.116920
27.876117, 11.262289
165.248152, 27.324370

0.006529, 0.034509
-0.150532, -0.330764
-0.097229, 0.758230
0.941989, 0.388767
-0.958333, 1.216047
3.133068, -4.120963
-5.182947, 8.008549
14.015999, 13.133567
27.869264, 11.279196
165.501208, 27.367448

0.006505, 0.034541
0.003055, -0.369567
-0.211123, 0.733026
0.902002, 0.480563
-1.019703, 1.163258
3.168010, -4.094459
-5.210068, 7.990769
14.000347, 13.150196
27.862401, 11.296099
165.754264, 27.410525

0.006481, 0.034572
0.157164, -0.347141
-0.319459, 0.689983
0.853072, 0.567905
-1.078182, 1.107289
3.202727, -4.067660
-5.237129, 7.972896
13.984675, 13.166806
27.855528, 11.312998
166.007319, 27.453603

0.006458, 0.034603
0.289472, -0.269484
-0.419484, 0.630230
0.795690, 0.649922
-1.133606, 1.048298
3.237218, -4.040571
-5.264128, 7.954931
13.968983, 13.183397
27.848644, 11.329893
166.260374, 27.496681

0.006434, 0.034634
0.382299, -0.149408
-0.508661, 0.555306
0.730435, 0.725799
-1.185819, 0.986452
3.271478, -4.013191
-5.291067, 7.936874
13.953271, 13.199969
27.841750, 11.346784
166.513429, 27.539758

0.006411, 0.034665
0.423849, -0.004224
-0.584726, 0.467129
0.657960, 0.794784
-1.234674, 0.921925
3.305506, -3.985523
-5.317944, 7.918725
13.937540, 13.216523
27.834846, 11.363670
166.766483, 27.582835

0.006387, 0.034696
0.408751, 0.146237
-0.645747, 0.367946
0.578992, 0.856194
-1.280034, 0.854900
3.339300, -3.957570
-5.344759, 7.900485
13.921789, 13.233059
27.827932, 11.380552
167.019537, 27.625913

0.006364, 0.034726
0.338378, 0.281375
-0.690165, 0.260278
0.494321, 0.909422
-1.321771, 0.785564
3.372856, -3.929333
-5.371512, 7.882153
13.906018, 13.249575
27.821007, 11.397430
167.272591, 27.668990

0.006342, 0.034757
0.221081, 0.381653
-0.716835, 0.146863
0.404794, 0.953944
-1.359768, 0.714115
3.406174, -3.900814
-5.398202, 7.863730
13.890227, 13.266073
27.814072, 11.414304
167.525644, 27.712067

0.006319, 0.034787
0.072162, 0.430848
-0.725052, 0.030587
0.311305, 0.989325
-1.393918, 0.640752
3.439249, -3.872015
-5.424829, 7.845216
13.874417, 13.282552
27.807127, 11.431174
167.778697, 27.755144

0.006297, 0.034817
-0.086930, 0.418848
-0.714576, -0.085581
0.214785, 1.015219
-1.424125, 0.565683
3.472081, -3.842938
-5.451394, 7.826611
13.858587, 13.299012
27.800171, 11.448039
168.031750, 27.798222

0.006274, 0.034846
-0.230917, 0.344623
-0.685633, -0.198666
0.116194, 1.031378
-1.450305, 0.489119
3.504666, -3.813586
-5.477895, 7.807916
13.842737, 13.315453
27.793206, 11.464901
168.284802, 27.841299

0.006252, 0.034876
-0.334965, 0.218237
-0.638922, -0.305754
0.016513, 1.037647
-1.472385, 0.411276
3.537002, -3.783960
-5.504332, 7.789130
13.826868, 13.331876
27.786230, 11.481758
168.537854, 27.884376

0.006230, 0.034905
-0.380308, 0.060305
-0.575598, -0.404071
-0.083270, 1.033973
-1.490301, 0.332374
3.569088, -3.754063
-5.530705, 7.770255
13.810979, 13.348279
27.779244, 11.498610
168.790906, 27.927453

0.006209, 0.034934
-0.359153, -0.101997
-0.497246, -0.491050
-0.182165, 1.020399
-1.504004, 0.252634
3.600920, -3.723897
-5.557014, 7.751289
13.795070, 13.364664
27.772247, 11.515459
169.043957, 27.970530

0.006187, 0.034963
-0.276490, -0.241247
-0.405850, -0.564403
-0.279196, 0.997068
-1.513456, 0.172280
3.632497, -3.693463
-5.583258, 7.732234
13.779142, 13.381030
27.765240, 11.532303
169.297008, 28.013606

0.006166, 0.034991
-0.148035, -0.335754
-0.303745, -0.622178
-0.373402, 0.964217
-1.518629, 0.091541
3.663816, -3.662764
-5.609437, 7.713089
13.763195, 13.397377
27.758223, 11.549143
169.550058, 28.056683

0.006145, 0.035019
0.004238, -0.372995
-0.193560, -0.662821
-0.463856, 0.922177
-1.519511, 0.010642
3.694875, -3.631802
-5.635551, 7.693855
13.747227, 13.413705
27.751196, 11.565979
169.803109, 28.099760

0.006124, 0.035047
0.156792, -0.350169
-0.078153, -0.685216
-0.549664, 0.871371
-1.516097, -0.070189
3.725672, -3.600580
-5.661600, 7.674532
13.731241, 13.430014
27.744159, 11.582811
170.056158, 28.142837

0.006103, 0.035075
0.288056, -0.272911
0.039464, -0.688724
-0.629983, 0.812305
-1.508398, -0.150723
3.756204, -3.569100
-5.687582, 7.655120
13.715235, 13.446303
27.737111, 11.599638
170.309208, 28.185913

0.006082, 0.035103
0.380592, -0.153349
0.156205, -0.673205
-0.704024, 0.745566
-1.496436, -0.230734
3.786470, -3.537363
-5.713499, 7.635620
13.699209, 13.462574
27.730053, 11.616461
170.562257, 28.228990

0.006062, 0.035130
0.422307, -0.008214
0.268990, -0.639026
-0.771058, 0.671818
-1.480245, -0.309998
3.816468, -3.505372
-5.739349, 7.616031
13.683164, 13.478826
27.722985, 11.633280
170.815306, 28.272066

0.006042, 0.035157
0.407232, 0.142834
0.374837, -0.587054
-0.830427, 0.591790
-1.459869, -0.388289
3.846194, -3.473130
-5.765132, 7.596354
13.667100, 13.495059
27.715906, 11.650094
171.068355, 28.315143

0.006022, 0.035184
0.336184, 0.278859
0.470938, -0.518640
-0.881550, 0.506274
-1.435367, -0.465389
3.875648, -3.440638
-5.790848, 7.576590
13.651016, 13.511272
27.708818, 11.666904
171.321403, 28.358219

0.006003, 0.035210
0.217352, 0.379617
0.554743, -0.435577
-0.923925, 0.416115
-1.406807, -0.541080
3.904826, -3.407900
-5.816496, 7.556737
13.634913, 13.527467
27.701719, 11.683710
171.574451, 28.401296

0.005983, 0.035237
0.066489, 0.428176
0.624030, -0.340059
-0.957136, 0.322203
-1.374269, -0.615149
3.933728, -3.374917
-5.842077, 7.536798
13.618790, 13.543642
27.694610, 11.700512
171.827498, 28.444372

0.005964, 0.035263
-0.094003, 0.414207
0.676968, -0.234613
-0.980857, 0.225463
-1.337846, -0.687387
3.962351, -3.341691
-5.867590, 7.516771
13.602649, 13.559798
27.687490, 11.717309
172.080546, 28.487448

0.005946, 0.035289
-0.237886, 0.337283
0.712170, -0.122034
-0.994857, 0.126849
-1.297640, -0.757590
3.990692, -3.308225
-5.893035, 7.496657
13.586487, 13.575935
27.680361, 11.734102
172.333593, 28.530524

0.005927, 0.035315
-0.340072, 0.208715
0.728727, -0.005302
-0.998996, 0.027333
-1.253763, -0.825561
4.018750, -3.274522
-5.918411, 7.476456
13.570307, 13.592053
27.673221, 11.750891
172.586639, 28.573600

0.005909, 0.035340
-0.382570, 0.050234
0.726233, 0.112500
-0.993233, -0.072105
-1.206339, -0.891109
4.046523, -3.240584
-5.943718, 7.456169
13.554107, 13.608152
27.666071, 11.767675
172.839686, 28.616677

0.005891, 0.035366
-0.358952, -0.110783
0.704795, 0.228272
-0.977625, -0.170484
-1.155502, -0.954048
4.074009, -3.206413
-5.968956, 7.435795
13.537889, 13.624231
27.658911, 11.784455
173.092732, 28.659753

0.005873, 0.035391
-0.275238, -0.247726
0.665019, 0.338983
-0.952322, -0.266834
-1.101395, -1.014201
4.101206, -3.172012
-5.994124, 7.415336
13.521651, 13.640291
27.651740, 11.801231
173.345777, 28.702829

0.005856, 0.035416
-0.147260, -0.340090
0.607996, 0.441750
-0.917571, -0.360204
-1.044169, -1.071399
4.128112, -3.137382
-6.019223, 7.394790
13.505393, 13.656331
27.644560, 11.818002
173.598823, 28.745904

0.005839, 0.035440
0.003678, -0.376146
0.535266, 0.533917
-0.873713, -0.449672
-0.983986, -1.125480
4.154726, -3.102528
-6.044252, 7.374159
13.489117, 13.672353
27.637369, 11.834769
173.851868, 28.788980

0.005822, 0.035465
0.154927, -0.353174
0.448766, 0.613119
-0.821175, -0.534354
-0.921015, -1.176292
4.181044, -3.067450
-6.069210, 7.353443
13.472821, 13.688354
27.630168, 11.851532
174.104912, 28.832056

0.005805, 0.035489
0.285503, -0.276319
0.350783, 0.677344
-0.760473, -0.613411
-0.855434, -1.223691
4.207066, -3.032152
-6.094098, 7.332642
13.456507, 13.704337
27.622957, 11.868290
174.357957, 28.875132

0.005789, 0.035514
0.378022, -0.157038
0.243884, 0.724981
-0.692202, -0.686058
-0.787426, -1.267543
4.232789, -2.996636
-6.118914, 7.311756
13.440173, 13.720300
27.615735, 11.885044
174.611001, 28.918208

0.005773, 0.035538
0.419970, -0.011597
0.130850, 0.754852
-0.617032, -0.751574
-0.717184, -1.307724
4.258212, -2.960905
-6.143660, 7.290785
13.423820, 13.736244
27.608504, 11.901793
174.864044, 28.961283

0.005757, 0.035562
0.404743, 0.140350
0.014603, 0.766240
-0.535703, -0.809306
-0.644905, -1.344122
4.283333, -2.924961
-6.168334, 7.269730
13.407448, 13.752168
27.601262, 11.918538
175.117088, 29.004359

0.005741, 0.035586
0.332680, 0.277370
-0.101871, 0.758902
-0.449014, -0.858676
-0.570792, -1.376632
4.308151, -2.888806
-6.192936, 7.248590
13.391058, 13.768073
27.594010, 11.935279
175.370131, 29.047434

0.005726, 0.035609
0.211992, 0.378428
-0.215592, 0.733068
-0.357822, -0.899191
-0.495054, -1.405164
4.332662, -2.852444
-6.217466, 7.227367
13.374648, 13.783958
27.586748, 11.952015
175.623174, 29.090510

0.005711, 0.035633
0.059096, 0.425957
-0.323665, 0.689432
-0.263027, -0.930442
-0.417905, -1.429635
4.356866, -2.815876
-6.241924, 7.206061
13.358219, 13.799824
27.579475, 11.968747
175.876216, 29.133585

0.005696, 0.035656
-0.102531, 0.409648
-0.423343, 0.629132
-0.165566, -0.952112
-0.339562, -1.449977
4.380761, -2.779106
-6.266309, 7.184670
13.341771, 13.815670
27.572193, 11.985475
176.129258, 29.176661

0.005681, 0.035679
-0.245820, 0.329968
-0.512096, 0.553720
-0.066405, -0.963978
-0.260245, -1.466133
4.404346, -2.742137
-6.290621, 7.163197
13.325304, 13.831497
27.564900, 12.002198
176.382300, 29.219736

0.005667, 0.035702
-0.345755, 0.199560
-0.587671, 0.465124
0.033472, -0.965915
-0.180179, -1.478055
4.427618, -2.704969
-6.314860, 7.141641
13.308819, 13.847304
27.557597, 12.018917
176.635342, 29.262812

0.005653, 0.035725
-0.385409, 0.041045
-0.648145, 0.365599
0.133074, -0.957895
-0.099588, -1.485709
4.450576, -2.667608
-6.339025, 7.120002
13.292314, 13.863091
27.550284, 12.035631
176.888383, 29.305887

0.005639, 0.035748
-0.359692, -0.118360
-0.691970, 0.257673
0.231408, -0.939992
-0.018700, -1.489075
4.473218, -2.630054
-6.363117, 7.098281
13.275791, 13.878859
27.542961, 12.052341
177.141424, 29.348962

0.005625, 0.035770
-0.275368, -0.253043
-0.718013, 0.144091
0.327495, -0.912376
0.062257, -1.488141
4.495543, -2.592311
-6.387135, 7.076477
13.259249, 13.894607
27.535627, 12.069046
177.394465, 29.392037

0.005612, 0.035793
-0.148096, -0.343584
-0.725584, 0.027743
0.420377, -0.875315
0.143055, -1.482910
4.517549, -2.554381
-6.411078, 7.054592
13.242688, 13.910335
27.528284, 12.085747
177.647505, 29.435112

0.005599, 0.035815
0.001587, -0.378809
-0.714454, -0.088398
0.509124, -0.829173
0.223466, -1.473397
4.539235, -2.516267
-6.434946, 7.032625
13.226108, 13.926044
27.520930, 12.102443
177.900545, 29.478187

0.005586, 0.035837
0.151834, -0.355875
-0.684867, -0.201356
0.592850, -0.774403
0.303263, -1.459626
4.560598, -2.477972
-6.458740, 7.010577
13.209510, 13.941733
27.513566, 12.119135
178.153585, 29.521262

0.005573, 0.035858
0.282074, -0.279353
-0.637534, -0.308219
0.670715, -0.711548
0.382220, -1.441638
4.581639, -2.439499
-6.482458, 6.988447
13.192892, 13.957402
27.506192, 12.135823
178.406624, 29.564337

0.005561, 0.035880
0.374805, -0.160073
-0.573627, -0.406213
0.741940, -0.641230
0.460116, -1.419481
4.602354, -2.400849
-6.506101, 6.966237
13.176256, 13.973052
27.498808, 12.152506
178.659663, 29.607412

0.005549, 0.035901
0.416987, -0.013965
-0.494747, -0.492779
0.805810, -0.564149
0.536730, -1.393219
4.622743, -2.362027
-6.529668, 6.943946
13.159602, 13.988682
27.491413, 12.169185
178.912702, 29.650487

0.005537, 0.035923
0.401373, 0.139146
-0.402894, -0.565636
0.861683, -0.481072
0.611845, -1.362924
4.642804, -2.323034
-6.553159, 6.921575
13.142928, 14.004291
27.484009, 12.185859
179.165741, 29.693562

0.005526, 0.035944
0.327936, 0.277179
-0.300415, -0.622844
0.908999, -0.392827
0.685250, -1.328681
4.662535, -2.283874
-6.576574, 6.899123
13.126236, 14.019882
27.476594, 12.202529
179.418779, 29.736637

0.005515, 0.035964
0.205117, 0.378263
-0.189952, -0.662861
0.947282, -0.300296
0.756737, -1.290588
4.681936, -2.244549
-6.599912, 6.876592
13.109526, 14.035452
27.469169, 12.219194
179.671817, 29.779711

0.005504, 0.035985
0.050216, 0.424327
-0.074374, -0.684590
0.976147, -0.204402
0.826105, -1.248751
4.701005, -2.205062
-6.623173, 6.853981
13.092796, 14.051002
27.461734, 12.235854
179.924854, 29.822786

0.005493, 0.036005
-0.112170, 0.405379
0.043301, -0.687409
0.995306, -0.106104
0.893156, -1.203287
4.719741, -2.165416
-6.646358, 6.831291
13.076048, 14.066532
27.454289, 12.252511
180.177892, 29.865860

0.005483, 0.036026
-0.254360, 0.323029
0.159982, -0.671198
1.004565, -0.006385
0.957703, -1.154325
4.738142, -2.125614
-6.669464, 6.808522
13.059282, 14.082043
27.446834, 12.269162
180.430929, 29.908935

0.005473, 0.036046
-0.351771, 0.191220
0.272590, -0.636344
1.003834, 0.093757
1.019561, -1.102002
4.756207, -2.085658
-6.692494, 6.785674
13.042497, 14.097533
27.439369, 12.285809
180.683966, 29.952010

0.005464, 0.036066
-0.388722, 0.033150
0.378146, -0.583735
0.993121, 0.193323
1.078558, -1.046467
4.773934, -2.045552
-6.715445, 6.762747
13.025694, 14.113004
27.431893, 12.302452
180.937002, 29.995084

0.005455, 0.036086
-0.361320, -0.124444
0.473850, -0.514742
0.972534, 0.291316
1.134524, -0.987874
4.791323, -2.005298
-6.738318, 6.739743
13.008872, 14.128455
27.424407, 12.319090
181.190038, 30.038158

0.005446, 0.036105
-0.276767, -0.257025
0.557164, -0.431178
0.942282, 0.386758
1.187303, -0.926391
4.808372, -1.964899
-6.761112, 6.716660
12.992031, 14.143885
27.416912, 12.335724
181.443074, 30.081233

0.005437, 0.036125
-0.150323, -0.346096
0.625880, -0.335250
0.902671, 0.478696
1.236745, -0.862189
4.825080, -1.924358
-6.783828, 6.693499
12.975173, 14.159296
27.409406, 12.352353
181.696110, 30.124307

0.005429, 0.036144
-0.001727, -0.380805
0.678187, -0.229500
0.854100, 0.566214
1.282710, -0.795450
4.841446, -1.883677
-6.806465, 6.670261
12.958295, 14.174686
27.401890, 12.368977
181.949145, 30.167381

0.005422, 0.036164
0.147857, -0.358019
0.712716, -0.116730
0.797058, 0.648441
1.325068, -0.726363
4.857469, -1.842860
-6.829022, 6.646946
12.941400, 14.190056
27.394364, 12.385597
182.202180, 30.210456

0.005414, 0.036183
0.278096, -0.281694
0.728579, 0.000076
0.732119, 0.724560
1.363699, -0.655122
4.873147, -1.801910
-6.851500, 6.623554
12.924486, 14.205407
27.386827, 12.402212
182.455215, 30.253530

0.005407, 0.036202
0.371215, -0.162098
0.725392, 0.117832
0.659934, 0.793815
1.398494, -0.581929
4.888480, -1.760830
-6.873898, 6.600085
12.907554, 14.220737
27.379281, 12.418823
182.708249, 30.296604

0.005401, 0.036221
0.413558, -0.014976
0.703281, 0.233442
0.581228, 0.855520
1.429354, -0.506989
4.903466, -1.719622
-6.896217, 6.576540
12.890603, 14.236047
27.371725, 12.435429
182.961283, 30.339678

0.005395, 0.036240
0.397264, 0.139502
0.662873, 0.343881
0.496788, 0.909067
1.456193, -0.430516
4.918104, -1.678289
-6.918454, 6.552919
12.873634, 14.251337
27.364158, 12.452031
183.214317, 30.382752

0.005389, 0.036259
0.322088, 0.278463
0.605275, 0.446277
0.407459, 0.953928
1.478933, -0.352723
4.932394, -1.636834
-6.940612, 6.529222
12.856647, 14.266606
27.356581, 12.468628
183.467350, 30.425826

0.005383, 0.036278
0.196942, 0.379208
0.532042, 0.537986
0.314132, 0.989664
1.497512, -0.273833
4.946334, -1.595261
-6.962688, 6.505449
12.839641, 14.281856
27.348995, 12.485220
183.720384, 30.468900

0.005378, 0.036296
0.040191, 0.423371
0.445123, 0.616658
0.217738, 1.015926
1.511875, -0.194066
4.959923, -1.553572
-6.984683, 6.481601
12.822618, 14.297085
27.341398, 12.501808
183.973417, 30.511974

0.005374, 0.036315
-0.122491, 0.401593
0.346814, 0.680296
0.119235, 1.032462
1.521984, -0.113649
4.973160, -1.511770
-7.006597, 6.457678
12.805576, 14.312294
27.333791, 12.518391
184.226449, 30.555048

0.005369, 0.036334
-0.263113, 0.316798
0.239689, 0.727306
0.019603, 1.039115
1.527808, -0.032808
4.986045, -1.469858
-7.028429, 6.433681
12.788516, 14.327482
27.326174, 12.534970
184.479482, 30.598121

0.005365, 0.036353
-0.357861, 0.184083
0.126531, 0.756526
-0.080170, 1.035825
1.529331, 0.048228
4.998576, -1.427839
-7.050180, 6.409609
12.771438, 14.342651
27.318547, 12.551544
184.732514, 30.641195

0.005362, 0.036372
-0.392365, 0.026865
0.010262, 0.767255
-0.179095, 1.022634
1.526550, 0.129230
5.010753, -1.385717
-7.071848, 6.385462
12.754341, 14.357799
27.310909, 12.568114
184.985546, 30.684269

0.005358, 0.036391
-0.363705, -0.128843
-0.106132, 0.759267
-0.276194, 0.999678
1.519472, 0.209969
5.022575, -1.343493
-7.093434, 6.361242
12.737227, 14.372926
27.303262, 12.584678
185.238577, 30.727342

0.005355, 0.036409
-0.279225, -0.259561
-0.219677, 0.732804
-0.370506, 0.967193
1.508118, 0.290218
5.034040, -1.301171
-7.114937, 6.336948
12.720094, 14.388034
27.295605, 12.601238
185.491608, 30.770416

0.005352, 0.036428
-0.153633, -0.347520
-0.327481, 0.688576
-0.461103, 0.925504
1.492518, 0.369749
5.045149, -1.258755
-7.136357, 6.312581
12.702944, 14.403120
27.287937, 12.617794
185.744639, 30.813490

0.005350, 0.036447
-0.005886, -0.381977
-0.426805, 0.627733
-0.547090, 0.875031
1.472718, 0.448339
5.055900, -1.216246
-7.157694, 6.288141
12.685775, 14.418187
27.280260, 12.634345
185.997670, 30.856563

0.005347, 0.036466
0.143393, -0.359380
-0.515128, 0.551838
-0.627621, 0.816276
1.448774, 0.525765
5.066292, -1.173649
-7.178948, 6.263628
12.668589, 14.433233
27.272572, 12.650891
186.250701, 30.899637

0.005345, 0.036485
0.273936, -0.283056
-0.590207, 0.462829
-0.701905, 0.749824
1.420753, 0.601809
5.076325, -1.130966
-7.200118, 6.239042
12.651384, 14.448258
27.264874, 12.667432
186.503731, 30.942710

0.005344, 0.036504
0.367553, -0.162801
-0.650127, 0.362969
-0.769210, 0.676334
1.388735, 0.676256
5.085998, -1.088199
-7.221205, 6.214385
12.634162, 14.463264
27.257166, 12.683969
186.756761, 30.985783

0.005342, 0.036522
0.409911, -0.014341
-0.693355, 0.254795
-0.828877, 0.596534
1.352810, 0.748896
5.095311, -1.045353
-7.242207, 6.189655
12.616921, 14.478248
27.249449, 12.700501
187.009790, 31.028857

0.005341, 0.036541
0.392592, 0.141622
-0.718768, 0.141056
-0.880319, 0.511213
1.313081, 0.819523
5.104262, -1.002431
-7.263125, 6.164854
12.599663, 14.493212
27.241721, 12.717029
187.262820, 31.071930

0.005340, 0.036560
0.315332, 0.281320
-0.725690, 0.024648
-0.923032, 0.421213
1.269658, 0.887939
5.112852, -0.959434
-7.283958, 6.139982
12.582386, 14.508156
27.233983, 12.733552
187.515849, 31.115003

0.005339, 0.036578
0.187763, 0.381294
-0.713907, -0.091455
-0.956596, 0.327423
1.222666, 0.953951
5.121079, -0.916367
-7.304706, 6.115038
12.565092, 14.523079
27.226235, 12.750070
187.768877, 31.158076

0.005339, 0.036597
0.029443, 0.423161
-0.683677, -0.204274
-0.980682, 0.230767
1.172238, 1.017373
5.128943, -0.873232
-7.325369, 6.090024
12.547780, 14.537981
27.218477, 12.766583
188.021906, 31.201149

0.005339, 0.036616
-0.133025, 0.398495
-0.635728, -0.310898
-0.995053, 0.132197
1.118515, 1.078025
5.136443, -0.830033
-7.345947, 6.064939
12.530451, 14.552863
27.210708, 12.783092
188.274934, 31.244223

0.005339, 0.036634
-0.271700, 0.311601
-0.571245, -0.408560
-0.999566, 0.032686
1.061649, 1.135737
5.143580, -0.786772
-7.366439, 6.039784
12.513103, 14.567724
27.202930, 12.799596
188.527962, 31.287296

0.005339, 0.036653
-0.363790, 0.178471
-0.491847, -0.494705
-0.994177, -0.066786
1.001803, 1.190346
5.150351, -0.743452
-7.386846, 6.014559
12.495738, 14.582565
27.195142, 12.816096
188.780990, 31.330369

0.005340, 0.036671
-0.396183, 0.022405
-0.399545, -0.567061
-0.978936, -0.165239
0.939144, 1.241699
5.156758, -0.700078
-7.407166, 5.989264
12.478355, 14.597384
27.187344, 12.832590
189.034017, 31.373442

0.005341, 0.036690
-0.366666, -0.131461
-0.296703, -0.623699
-0.953992, -0.261702
0.873850, 1.289650
5.162799, -0.656651
-7.427400, 5.963901
12.460954, 14.612184
27.179536, 12.849080
189.287044, 31.416515

0.005342, 0.036708
-0.282473, -0.260614
-0.185973, -0.663093
-0.919587, -0.355222
0.806105, 1.334065
5.168474, -0.613174
-7.447547, 5.938468
12.443535, 14.626962
27.171717, 12.865565
189.540071, 31.459587

0.005343, 0.036726
-0.157663, -0.347808
-0.070232, -0.684159
-0.876058, -0.444876
0.736101, 1.374819
5.173782, -0.569652
-7.467608, 5.912966
12.426099, 14.641720
27.163889, 12.882046
189.793098, 31.502660

0.005345, 0.036744
-0.010479, -0.382221
0.047493, -0.686295
-0.823830, -0.529776
0.664035, 1.411797
5.178724, -0.526087
-7.487582, 5.887396
12.408645, 14.656457
27.156050, 12.898521
190.046124, 31.545733

0.005347, 0.036762
0.138853, -0.359787
0.164109, -0.669400
-0.763414, -0.609083
0.590111, 1.444895
5.183299, -0.482481
-7.507468, 5.861758
12.391174, 14.671173
27.148202, 12.914992
190.299150, 31.588806

0.005349, 0.036780
0.269960, -0.283220
0.276539, -0.633881
-0.695402, -0.682009
0.514538, 1.474020
5.187506, -0.438839
-7.527267, 5.836053
12.373685, 14.685868
27.140343, 12.931458
190.552176, 31.631878

0.005352, 0.036798
0.364108, -0.161956
0.381805, -0.580647
-0.620463, -0.747829
0.437528, 1.499091
5.191345, -0.395163
-7.546978, 5.810279
12.356178, 14.700543
27.132475, 12.947920
190.805202, 31.674951

0.005355, 0.036816
0.406254, -0.011884
0.477118, -0.511087
-0.539334, -0.805888
0.359300, 1.520038
5.194817, -0.351456
-7.566601, 5.784439
12.338654, 14.715196
27.124596, 12.964376
191.058227, 31.718024

0.005358, 0.036834
0.387533, 0.145583
0.559949, -0.427030
-0.452812, -0.855605
0.280074, 1.536801
5.197920, -0.307722
-7.586136, 5.758531
12.321113, 14.729829
27.116708, 12.980828
191.311252, 31.761096

0.005362, 0.036851
0.307892, 0.285715
0.628107, -0.330700
-0.361752, -0.896483
0.200074, 1.549334
5.200655, -0.263964
-7.605583, 5.732557
12.303554, 14.744441
27.108809, 12.997275
191.564277, 31.804169

0.005366, 0.036869
0.177927, 0.384449
0.679796, -0.224649
-0.267053, -0.928109
0.119524, 1.557602
5.203021, -0.220184
-7.624941, 5.706516
12.285977, 14.759032
27.100901, 13.013717
191.817301, 31.847241

0.005370, 0.036887
0.018432, 0.423703
0.713667, -0.111689
-0.169651, -0.950163
0.038654, 1.561582
5.205018, -0.176385
-7.644210, 5.680410
12.268383, 14.773602
27.092982, 13.030155
192.070326, 31.890314

0.005375, 0.036904
-0.143315, 0.396239
0.728852, 0.005190
-0.070511, -0.962418
-0.042311, 1.561263
5.206647, -0.132572
-7.663390, 5.654238
12.250771, 14.788151
27.085054, 13.046588
192.323350, 31.933386

0.005380, 0.036922
-0.279778, 0.307674
0.724987, 0.122905
0.029382, -0.964745
-0.123140, 1.556647
5.207906, -0.088747
-7.682480, 5.628000
12.233143, 14.802680
27.077115, 13.063015
192.576373, 31.976458

0.005386, 0.036939
-0.369341, 0.174578
0.702218, 0.238361
0.129038, -0.957115
-0.203608, 1.547747
5.208796, -0.044912
-7.701481, 5.601697
12.215496, 14.817187
27.069167, 13.079439
192.829397, 32.019531

0.005392, 0.036957
-0.400002, 0.019848
0.661190, 0.348539
0.227464, -0.939594
-0.283485, 1.534589
5.209317, -0.001072
-7.720393, 5.575330
12.197833, 14.831673
27.061208, 13.095857
193.082420, 32.062603

0.005398, 0.036975
-0.369978, -0.132322
0.603029, 0.450576
0.323679, -0.912352
-0.362549, 1.517210
5.209469, 0.042771
-7.739214, 5.548898
12.180152, 14.846138
27.053239, 13.112270
193.335443, 32.105675

0.005405, 0.036992
-0.286194, -0.260246
0.529301, 0.541840
0.416723, -0.875652
-0.440575, 1.495659
5.209251, 0.086613
-7.757945, 5.522401
12.162454, 14.860582
27.045261, 13.128679
193.588466, 32.148747

0.005412, 0.037010
-0.162018, -0.346997
0.441970, 0.619995
0.505668, -0.829854
-0.517344, 1.469998
5.208664, 0.130452
-7.776586, 5.495841
12.144738, 14.875005
27.037272, 13.145083
193.841488, 32.191820

0.005419, 0.037027
-0.015068, -0.381515
0.343340, 0.683060
0.589624, -0.775409
-0.592640, 1.440300
5.207708, 0.174284
-7.795136, 5.469218
12.127005, 14.889407
27.029274, 13.161481
194.094510, 32.234892

0.005427, 0.037045
0.134666, -0.359153
0.235991, 0.729456
0.667749, -0.712856
-0.666251, 1.406648
5.206383, 0.218107
-7.813595, 5.442531
12.109256, 14.903788
27.021265, 13.177875
194.347532, 32.277964

0.005435, 0.037063
0.266545, -0.282052
0.122710, 0.758036
0.739262, -0.642816
-0.737970, 1.369137
5.204689, 0.261917
-7.831963, 5.415781
12.091488, 14.918148
27.013247, 13.194265
194.600554, 32.321036

0.005443, 0.037081
0.361176, -0.159428
0.006421, 0.768118
0.803445, -0.565984
-0.807594, 1.327874
5.202626, 0.305711
-7.850240, 5.388968
12.073704, 14.932486
27.005218, 13.210649
194.853575, 32.364108

0.005452, 0.037098
0.402810, -0.007527
-0.109894, 0.759487
0.859655, -0.483126
-0.874928, 1.282975
5.200194, 0.349485
-7.868426, 5.362093
12.055903, 14.946804
26.997180, 13.227029
195.106597, 32.407180

0.005461, 0.037116
0.382290, 0.151354
-0.223261, 0.732404
0.907327, -0.395068
-0.939781, 1.234567
5.197393, 0.393238
-7.886519, 5.335157
12.038084, 14.961100
26.989131, 13.243403
195.359617, 32.450251

0.005471, 0.037134
0.300048, 0.291523
-0.330796, 0.687590
0.945982, -0.302689
-1.001972, 1.182786
5.194225, 0.436965
-7.904521, 5.308158
12.020248, 14.975375
26.981073, 13.259773
195.612638, 32.493323

0.005481, 0.037152
0.167847, 0.388549
-0.429765, 0.626208
0.975234, -0.206912
-1.061326, 1.127778
5.190688, 0.480664
-7.922430, 5.281098
12.002396, 14.989628
26.973005, 13.276138
195.865659, 32.536395

0.005491, 0.037171
0.007653, 0.424992
-0.517656, 0.549833
0.994788, -0.108694
-1.117675, 1.069700
5.186783, 0.524332
-7.940247, 5.253977
11.984526, 15.003861
26.964926, 13.292498
196.118679, 32.579467

0.005502, 0.037189
-0.152911, 0.394951
-0.592234, 0.460413
1.004450, -0.009017
-1.170862, 1.008713
5.182510, 0.567965
-7.957972, 5.226795
11.966639, 15.018072
26.956838, 13.308853
196.371699, 32.622539

0.005512, 0.037207
-0.287028, 0.305181
-0.651596, 0.360219
1.004123, 0.091122
-1.220735, 0.944991
5.177870, 0.611560
-7.975604, 5.199553
11.948735, 15.032262
26.948740, 13.325203
196.624718, 32.665610

0.005524, 0.037226
-0.374294, 0.172495
-0.694219, 0.251797
0.993812, 0.190722
-1.267155, 0.878713
5.172864, 0.655115
-7.993143, 5.172250
11.930814, 15.046430
26.940632, 13.341548
196.877738, 32.708682

0.005535, 0.037244
-0.403608, 0.019170
-0.718995, 0.137902
0.973623, 0.288787
-1.309992, 0.810066
5.167490, 0.698625
-8.010588, 5.144888
11.912877, 15.060578
26.932513, 13.357888
197.130757, 32.751753

0.005547, 0.037263
-0.373360, -0.131523
-0.725259, 0.021436
0.943760, 0.384340
-1.349125, 0.739242
5.161750, 0.742089
-8.027940, 5.117466
11.894922, 15.074703
26.924385, 13.374224
197.383776, 32.794825

0.005559, 0.037281
-0.290021, -0.258567
-0.712812, -0.094625
0.904526, 0.476425
-1.384443, 0.666442
5.155645, 0.785503
-8.045199, 5.089986
11.876950, 15.088808
26.916247, 13.390554
197.636794, 32.837897

0.005571, 0.037300
-0.166269, -0.345162
-0.681927, -0.207301
0.856316, 0.564125
-1.415848, 0.591871
5.149174, 0.828864
-8.062364, 5.062446
11.858962, 15.102891
26.908099, 13.406880
197.889813, 32.880968

0.005584, 0.037319
-0.019206, -0.379872
-0.633348, -0.313681
0.799616, 0.646567
-1.443251, 0.515739
5.142338, 0.872168
-8.079435, 5.034848
11.840957, 15.116952
26.899941, 13.423201
198.142831, 32.924039

0.005597, 0.037338
0.131254, -0.357430
-0.568278, -0.411002
0.734996, 0.722932
-1.466575, 0.438260
5.135138, 0.915414
-8.096411, 5.007191
11.822935, 15.130993
26.891774, 13.439516
198.395849, 32.967111

0.005610, 0.037357
0.264042, -0.279468
-0.488347, -0.496713
0.663104, 0.792463
-1.485753, 0.359652
5.127573, 0.958597
-8.113294, 4.979477
11.804896, 15.145011
26.883596, 13.455827
198.648867, 33.010182

0.005623, 0.037376
0.359018, -0.155150
-0.395587, -0.568553
0.584663, 0.854470
-1.500734, 0.280136
5.119645, 1.001714
-8.130081, 4.951705
11.786840, 15.159009
26.875408, 13.472133
198.901884, 33.053253

0.005637, 0.037395
0.399772, -0.001293
-0.292373, -0.624605
0.500457, 0.908342
-1.511473, 0.199938
5.111355, 1.044764
-8.146774, 4.923876
11.768768, 15.172984
26.867210, 13.488433
199.154901, 33.096325

0.005652, 0.037414
0.377073, 0.158793
-0.181370, -0.663355
0.411328, 0.953549
-1.517941, 0.119282
5.102702, 1.087741
-8.163372, 4.895989
11.750679, 15.186938
26.859003, 13.504729
199.407918, 33.139396

0.005666, 0.037433
0.292120, 0.298535
-0.065465, -0.683739
0.318167, 0.989648
-1.520120, 0.038395
5.093687, 1.130645
-8.179874, 4.868047
11.732573, 15.200871
26.850785, 13.521020
199.660935, 33.182467

0.005681, 0.037452
0.157973, 0.393436
0.052310, -0.685172
0.221901, 1.016287
-1.518003, -0.042494
5.084312, 1.173470
-8.196282, 4.840048
11.714450, 15.214782
26.842558, 13.537306
199.913951, 33.225538

0.005696, 0.037472
-0.002411, 0.427010
0.168857, -0.667574
0.123489, 1.033208
-1.511596, -0.123158
5.074576, 1.216216
-8.212593, 4.811993
11.696311, 15.228672
26.834321, 13.553587
200.166968, 33.268609

0.005712, 0.037491
-0.161423, 0.394725
0.281099, -0.631373
0.023909, 1.040251
-1.500917, -0.203370
5.064480, 1.258877
-8.228809, 4.783882
11.678155, 15.242540
26.826073, 13.569863
200.419984, 33.311680

0.005728, 0.037511
-0.293191, 0.304209
0.386064, -0.577499
-0.075851, 1.037355
-1.485996, -0.282904
5.054026, 1.301452
-8.244929, 4.755716
11.659983, 15.256386
26.817816, 13.586134
200.672999, 33.354752

0.005744, 0.037530
-0.378463, 0.172209
0.480972, -0.507359
-0.174803, 1.024554
-1.466875, -0.361535
5.043213, 1.343937
-8.260953, 4.727496
11.641794, 15.270210
26.809549, 13.602400
200.926015, 33.397822

0.005760, 0.037550
-0.406800, 0.020252
0.563305, -0.422802
-0.271967, 1.001984
-1.443608, -0.439043
5.032043, 1.386330
-8.276880, 4.699220
11.623589, 15.284013
26.801272, 13.618660
201.179030, 33.440893

0.005777, 0.037570
-0.376539, -0.129249
0.630889, -0.326065
-0.366384, 0.969873
-1.416260, -0.515209
5.020516, 1.428626
-8.292711, 4.670890
11.605367, 15.297795
26.792985, 13.634916
201.432045, 33.483964

0.005794, 0.037590
-0.293600, -0.255764
0.681946, -0.219715
-0.457121, 0.928545
-1.384907, -0.589818
5.008634, 1.470825
-8.308446, 4.642507
11.587128, 15.311554
26.784688, 13.651167
201.685060, 33.527035

0.005812, 0.037610
-0.170007, -0.342445
0.715146, -0.106568
-0.543285, 0.878416
-1.349638, -0.662660
4.996396, 1.512921
-8.324083, 4.614069
11.568873, 15.325292
26.776382, 13.667413
201.938075, 33.570106

0.005830, 0.037630
-0.022470, -0.377368
0.729642, 0.010380
-0.624026, 0.819983
-1.310552, -0.733531
4.983805, 1.554913
-8.339623, 4.585578
11.550602, 15.339008
26.768065, 13.683654
202.191089, 33.613177

0.005848, 0.037650
0.129000, -0.354630
0.725092, 0.128045
-0.698550, 0.753830
-1.267759, -0.802229
4.970860, 1.596797
-8.355066, 4.557035
11.532314, 15.352702
26.759739, 13.699889
202.444103, 33.656248

0.005866, 0.037671
0.262752, -0.275453
0.701661, 0.243338
-0.766126, 0.680611
-1.221379, -0.868562
4.957563, 1.638570
-8.370412, 4.528438
11.514010, 15.366375
26.751402, 13.716120
202.697117, 33.699318

0.005885, 0.037691
0.357838, -0.149145
0.660014, 0.353246
-0.826088, 0.601052
-1.171542, -0.932343
4.943914, 1.680230
-8.385660, 4.499790
11.495690, 15.380026
26.743056, 13.732346
202.950131, 33.742389

0.005904, 0.037712
0.397296, 0.006694
0.601291, 0.454917
-0.877848, 0.515939
-1.118388, -0.993391
4.929915, 1.721774
-8.400810, 4.471089
11.477353, 15.393654
26.734700, 13.748566
203.203144, 33.785460

0.005924, 0.037733
0.372086, 0.167658
0.527074, 0.545730
-0.920897, 0.426113
-1.062068, -1.051535
4.915567, 1.763198
-8.415862, 4.442337
11.459000, 15.407262
26.726334, 13.764782
203.456157, 33.828530

0.005944, 0.037754
0.284444, 0.306470
0.439338, 0.623365
-0.954813, 0.332460
-1.002739, -1.106611
4.900870, 1.804499
-8.430816, 4.413533
11.440630, 15.420847
26.717958, 13.780992
203.709170, 33.871601

0.005964, 0.037775
0.148754, 0.398921
0.340394, 0.685856
-0.979262, 0.235903
-0.940568, -1.158462
4.885826, 1.845675
-8.445672, 4.384679
11.422244, 15.434410
26.709573, 13.797198
203.962183, 33.914671

0.005984, 0.037797
-0.011316, 0.429711
0.232829, 0.731639
-0.994004, 0.137394
-0.875731, -1.206943
4.870436, 1.886723
-8.460429, 4.355773
11.403842, 15.447951
26.701177, 13.813398
204.215195, 33.957742

0.006005, 0.037819
-0.168519, 0.395585
0.119432, 0.759584
-0.998892, 0.037904
-0.808409, -1.251917
4.854700, 1.927640
-8.475087, 4.326818
11.385424, 15.461471
26.692772, 13.829593
204.468207, 34.000812

0.006026, 0.037841
-0.298054, 0.304740
0.003127, 0.769024
-0.993877, -0.061587
-0.738792, -1.293257
4.838621, 1.968422
-8.489647, 4.297812
11.366990, 15.474968
26.684356, 13.845783
204.721219, 34.043883

0.006047, 0.037863
-0.381677, 0.173597
-0.113103, 0.759759
-0.979007, -0.160098
-0.667076, -1.330846
4.822198, 2.009068
-8.504108, 4.268757
11.348539, 15.488444
26.675931, 13.861968
204.974231, 34.086953

0.006069, 0.037885
-0.409370, 0.022875
-0.226291, 0.732064
-0.954425, -0.256657
-0.593463, -1.364577
4.805434, 2.049573
-8.518469, 4.239653
11.330073, 15.501897
26.667496, 13.878148
205.227243, 34.130023

0.006091, 0.037907
-0.379236, -0.125758
-0.333555, 0.686673
-0.920370, -0.350311
-0.518160, -1.394355
4.788329, 2.089936
-8.532731, 4.210499
11.311590, 15.515329
26.659051, 13.894323
205.480254, 34.173094

0.006113, 0.037930
-0.296585, -0.252085
-0.432170, 0.624761
-0.877174, -0.440135
-0.441380, -1.420097
4.770885, 2.130154
-8.546894, 4.181297
11.293091, 15.528739
26.650596, 13.910492
205.733265, 34.216164

0.006135, 0.037953
-0.172845, -0.339044
-0.519630, 0.547915
-0.825260, -0.525241
-0.363337, -1.441728
4.753103, 2.170222
-8.560957, 4.152047
11.274577, 15.542126
26.642132, 13.926657
205.986276, 34.259234

0.006157, 0.037976
-0.024479, -0.374134
-0.593711, 0.458090
-0.765136, -0.604784
-0.284254, -1.459189
4.734984, 2.210140
-8.574920, 4.122749
11.256046, 15.555491
26.633657, 13.942816
206.239287, 34.302304

0.006180, 0.037999
0.128227, -0.350826
-0.652518, 0.357571
-0.697390, -0.677976
-0.204351, -1.472428
4.716529, 2.249903
-8.588783, 4.093403
11.237499, 15.568835
26.625173, 13.958970
206.492297, 34.345374

0.006203, 0.038022
0.262902, -0.270071
-0.694541, 0.248907
-0.622689, -0.744090
-0.123854, -1.481408
4.697740, 2.289510
-8.602545, 4.064010
11.218936, 15.582156
26.616679, 13.975120
206.745307, 34.388444

0.006226, 0.038046
0.357773, -0.141542
-0.718682, 0.134863
-0.541765, -0.802466
-0.042991, -1.486103
4.678618, 2.328957
-8.616208, 4.034570
11.200357, 15.595455
26.608175, 13.991263
206.998317, 34.431515

0.006249, 0.038069
0.395499, 0.016180
-0.724290, 0.018344
-0.455417, -0.852521
0.038011, -1.486501
4.659164, 2.368241
-8.629770, 4.005083
11.181762, 15.608732
26.599661, 14.007402
207.251327, 34.474585

0.006273, 0.038093
0.367537, 0.177596
-0.711182, -0.097670
-0.364495, -0.893753
0.118924, -1.482599
4.639381, 2.407360
-8.643231, 3.975550
11.163152, 15.621987
26.591138, 14.023536
207.504337, 34.517655

0.006297, 0.038117
0.277373, 0.314992
-0.679645, -0.210197
-0.269897, -0.925748
0.199520, -1.474407
4.619268, 2.446310
-8.656591, 3.945972
11.144525, 15.635220
26.582604, 14.039664
207.757346, 34.560725

0.006321, 0.038141
0.140615, 0.404798
-0.630438, -0.316327
-0.172559, -0.948179
0.279570, -1.461949
4.598828, 2.485090
-8.669851, 3.916347
11.125883, 15.648430
26.574061, 14.055788
208.010355, 34.603794

0.006345, 0.038165
-0.018700, 0.433018
-0.564781, -0.413300
-0.073445, -0.960819
0.358850, -1.445259
4.578062, 2.523696
-8.683009, 3.886678
11.107225, 15.661618
26.565508, 14.071906
208.263364, 34.646864

0.006370, 0.038189
-0.173970, 0.397484
-0.484321, -0.498571
0.026463, -0.963533
0.437135, -1.424384
4.556972, 2.562126
-8.696066, 3.856964
11.088551, 15.674784
26.556945, 14.088019
208.516372, 34.689934

0.006395, 0.038214
-0.301483, 0.306649
-0.391104, -0.569888
0.126170, -0.956287
0.514206, -1.399382
4.535559, 2.600376
-8.709022, 3.827205
11.069861, 15.687928
26.548372, 14.104126
208.769381, 34.733004

0.006420, 0.038238
-0.383820, 0.176426
-0.287519, -0.625345
0.224686, -0.939146
0.589843, -1.370324
4.513824, 2.638445
-8.721876, 3.797402
11.051156, 15.701050
26.539790, 14.120229
209.022389, 34.776074

0.006445, 0.038263
-0.411155, 0.026727
-0.176246, -0.663444
0.321029, -0.912274
0.663835, -1.337291
4.491769, 2.676329
-8.734628, 3.767556
11.032435, 15.714149
26.531198, 14.136326
209.275397, 34.819143

0.006471, 0.038288
-0.381213, -0.121390
-0.060180, -0.683137
0.414238, -0.875931
0.735971, -1.300375
4.469396, 2.714026
-8.747278, 3.737665
11.013698, 15.727226
26.522596, 14.152418
209.528405, 34.862213

0.006497, 0.038312
-0.298673, -0.247843
0.057638, -0.683859
0.503382, -0.830474
0.806048, -1.259682
4.446706, 2.751533
-8.759827, 3.707732
10.994945, 15.740280
26.513984, 14.168505
209.781412, 34.905283

0.006523, 0.038337
-0.174452, -0.335213
0.174110, -0.665550
0.587570, -0.776351
0.873869, -1.215324
4.423701, 2.788848
-8.772273, 3.677756
10.976177, 15.753312
26.505362, 14.184587
210.034420, 34.948352

0.006550, 0.038363
-0.024924, -0.370348
0.286158, -0.628659
0.665960, -0.714097
0.939242, -1.167427
4.400383, 2.825967
-8.784617, 3.647738
10.957393, 15.766322
26.496730, 14.200664
210.287427, 34.991422

0.006576, 0.038388
0.129173, -0.346148
0.390815, -0.574138
0.737765, -0.644330
1.001983, -1.116126
4.376753, 2.862889
-8.796858, 3.617677
10.938594, 15.779310
26.488089, 14.216735
210.540433, 35.034492

0.006604, 0.038413
0.264623, -0.263460
0.485310, -0.503414
0.802266, -0.567743
1.061913, -1.061566
4.352812, 2.899610
-8.808996, 3.587575
10.919779, 15.792275
26.479438, 14.232801
210.793440, 35.077561

0.006631, 0.038439
0.358874, -0.132569
0.567138, -0.418353
0.858817, -0.485098
1.118864, -1.003899
4.328563, 2.936128
-8.821032, 3.557432
10.900949, 15.805217
26.470777, 14.248862
211.046447, 35.120631

0.006659, 0.038464
0.394451, 0.026807
0.634141, -0.321209
0.906850, -0.397220
1.172675, -0.943289
4.304007, 2.972440
-8.832965, 3.527247
10.882103, 15.818138
26.462106, 14.264917
211.299453, 35.163700

0.006687, 0.038490
0.363622, 0.188179
0.684558, -0.214558
0.945884, -0.304986
1.223193, -0.879907
4.279146, 3.008544
-8.844795, 3.497022
10.863242, 15.831035
26.453426, 14.280967
211.552459, 35.206769

0.006715, 0.038516
0.271235, 0.323736
0.717082, -0.101227
0.975526, -0.209318
1.270277, -0.813931
4.253982, 3.044437
-8.856522, 3.466756
10.844365, 15.843910
26.444736, 14.297012
211.805465, 35.249839

0.006744, 0.038543
0.133912, 0.410840
0.730887, 0.015787
0.995480, -0.111170
1.313792, -0.745547
4.228517, 3.080117
-8.868145, 3.436451
10.825473, 15.856763
26.436036, 14.313052
212.058470, 35.292908

0.006773, 0.038569
-0.024296, 0.436802
0.725650, 0.133399
1.005548, -0.011525
1.353617, -0.674949
4.202751, 3.115581
-8.879665, 3.406106
10.806565, 15.869593
26.427326, 14.329086
212.311476, 35.335977

0.006803, 0.038596
-0.177628, 0.400280
0.701559, 0.248524
1.005628, 0.088621
1.389638, -0.602335
4.176688, 3.150826
-8.891081, 3.375722
10.787642, 15.882401
26.418607, 14.345116
212.564481, 35.379047

0.006833, 0.038623
-0.303400, 0.309712
0.659294, 0.358158
0.995723, 0.188268
1.421753, -0.527910
4.150329, 3.185851
-8.902394, 3.345298
10.768704, 15.895186
26.409877, 14.361139
212.817486, 35.422116

0.006863, 0.038650
-0.384807, 0.180376
0.600016, 0.459459
0.975934, 0.286419
1.449872, -0.451884
4.123675, 3.220652
-8.913603, 3.314837
10.749750, 15.907949
26.401138, 14.377158
213.070490, 35.465185

0.006893, 0.038677
-0.412013, 0.031428
0.525317, 0.549821
0.946461, 0.382095
1.473916, -0.374473
4.096730, 3.255227
-8.924707, 3.284337
10.730781, 15.920689
26.392389, 14.393171
213.323495, 35.508254

0.006924, 0.038705
-0.382259, -0.116534
0.437184, 0.626937
0.907602, 0.474341
1.493816, -0.295895
4.069494, 3.289574
-8.935708, 3.253799
10.711797, 15.933406
26.383631, 14.409179
213.576499, 35.551323

0.006955, 0.038733
-0.299599, -0.243392
0.337936, 0.688857
0.859751, 0.562238
1.509516, -0.216370
4.041969, 3.323690
-8.946604, 3.223224
10.692797, 15.946101
26.374863, 14.425182
213.829503, 35.594392

0.006986, 0.038761
-0.174545, -0.331235
0.230164, 0.734033
0.803389, 0.644910
1.520972, -0.136125
4.014158, 3.357573
-8.957396, 3.192612
10.673783, 15.958773
26.366085, 14.441179
214.082507, 35.637462

0.007018, 0.038790
-0.023558, -0.366222
0.116661, 0.761351
0.739084, 0.721536
1.528151, -0.055385
3.986063, 3.391220
-8.968084, 3.161963
10.654753, 15.971422
26.357297, 14.457171
214.335511, 35.680531

0.007050, 0.038819
0.131992, -0.340764
0.000349, 0.770160
0.667480, 0.791356
1.531034, 0.025621
3.957685, 3.424630
-8.978666, 3.131277
10.635708, 15.984049
26.348499, 14.473158
214.588514, 35.723600

0.007082, 0.038848
0.267964, -0.255824
-0.115791, 0.760275
0.589297, 0.853679
1.529612, 0.106666
3.929027, 3.457798
-8.989144, 3.100556
10.616648, 15.996653
26.339692, 14.489139
214.841518, 35.766668

0.007114, 0.038878
0.361140, -0.122545
-0.228796, 0.731983
0.505318, 0.907889
1.523888, 0.187519
3.900090, 3.490725
-8.999517, 3.069799
10.597573, 16.009234
26.330875, 14.505115
215.094521, 35.809737

0.007147, 0.038907
0.394215, 0.038138
-0.335790, 0.686031
0.416382, 0.953454
1.513881, 0.267952
3.870877, 3.523406
-9.009786, 3.039006
10.578482, 16.021793
26.322048, 14.521086
215.347523, 35.852806

0.007180, 0.038938
0.360545, 0.198954
-0.434053, 0.623605
0.323378, 0.989927
1.499617, 0.347739
3.841389, 3.555839
-9.019949, 3.008179
10.559377, 16.034328
26.313212, 14.537051
215.600526, 35.895875

0.007213, 0.038968
0.266336, 0.332356
-0.521088, 0.546303
0.227233, 1.016951
1.481137, 0.426655
3.811629, 3.588023
-9.030006, 2.977317
10.540257, 16.046841
26.304366, 14.553011
215.853528, 35.938944

0.007246, 0.038999
0.128922, 0.416841
-0.594679, 0.456090
0.128904, 1.034267
1.458495, 0.504475
3.781599, 3.619955
-9.039959, 2.946421
10.521121, 16.059331
26.295510, 14.568966
216.106531, 35.982013

0.007280, 0.039030
-0.027944, 0.440918
-0.652943, 0.355256
0.029368, 1.041711
1.431753, 0.580981
3.751301, 3.651633
-9.049805, 2.915491
10.501971, 16.071799
26.286644, 14.584915
216.359533, 36.025081

0.007313, 0.039061
-0.179446, 0.403787
-0.694376, 0.246363
-0.070386, 1.039214
1.400988, 0.655957
3.720737, 3.683054
-9.059547, 2.884527
10.482806, 16.084243
26.277769, 14.600859
216.612534, 36.068150

0.007347, 0.039093
-0.303803, 0.313645
-0.717896, 0.132176
-0.169371, 1.026812
1.366286, 0.729191
3.689909, 3.714217
-9.069182, 2.853530
10.463625, 16.096665
26.268884, 14.616798
216.865536, 36.111219

0.007381, 0.039125
-0.384613, 0.185079
-0.722863, 0.015609
-0.266605, 1.004632
1.327747, 0.800477
3.658820, 3.745118
-9.078712, 2.822501
10.444430, 16.109064
26.259989, 14.632731
217.118537, 36.154287

0.007415, 0.039157
-0.411861, 0.036569
-0.709106, -0.100354
-0.361130, 0.972902
1.285478, 0.869612
3.627472, 3.775756
-9.088136, 2.791439
10.425220, 16.121440
26.251084, 14.648658
217.371539, 36.197356

0.007450, 0.039190
-0.382226, -0.111589
-0.676929, -0.212731
-0.452010, 0.931941
1.239601, 0.936403
3.595866, 3.806129
-9.097453, 2.760345
10.405996, 16.133793
26.242170, 14.664581
217.624540, 36.240425

0.007484, 0.039223
-0.299171, -0.239077
-0.627106, -0.318613
-0.538351, 0.882161
1.190244, 1.000660
3.564006, 3.836235
-9.106665, 2.729219
10.386756, 16.146123
26.233246, 14.680498
217.877540, 36.283493

0.007519, 0.039256
-0.172935, -0.327375
-0.560871, -0.415240
-0.619302, 0.824057
1.137548, 1.062203
3.531893, 3.866071
-9.115770, 2.698062
10.367502, 16.158430
26.224313, 14.696409
218.130541, 36.326562

0.007553, 0.039289
-0.020252, -0.361943
-0.479890, -0.500075
-0.694067, 0.758209
1.081662, 1.120858
3.499530, 3.895635
-9.124769, 2.666874
10.348233, 16.170714
26.215370, 14.712315
218.383541, 36.369630

0.007588, 0.039323
0.136704, -0.334838
-0.386222, -0.570872
-0.761910, 0.685269
1.022743, 1.176460
3.466918, 3.924925
-9.133662, 2.635655
10.328949, 16.182976
26.206417, 14.728216
218.636542, 36.412699

0.007623, 0.039357
0.272839, -0.247396
-0.282273, -0.625739
-0.822165, 0.605959
0.960958, 1.228852
3.434061, 3.953939
-9.142448, 2.604406
10.309650, 16.195214
26.197454, 14.744111
218.889542, 36.455767

0.007659, 0.039391
0.364470, -0.111833
-0.170733, -0.663191
-0.874240, 0.521064
0.896483, 1.277887
3.400961, 3.982675
-9.151127, 2.573128
10.290337, 16.207429
26.188482, 14.760001
219.142541, 36.498835

0.007694, 0.039425
0.394793, 0.049712
-0.054509, -0.682196
-0.917623, 0.431422
0.829499, 1.323425
3.367619, 4.011131
-9.159699, 2.541819
10.271009, 16.219621
26.179500, 14.775885
219.395541, 36.541904

0.007730, 0.039460
0.358452, 0.209486
0.063352, -0.682209
-0.951887, 0.337917
0.760196, 1.365341
3.334039, 4.039305
-9.168165, 2.510482
10.251667, 16.231791
26.170508, 14.791764
219.648540, 36.584972

0.007766, 0.039495
0.262878, 0.340546
0.179746, -0.663191
-0.976697, 0.241472
0.688769, 1.403514
3.300223, 4.067195
-9.176523, 2.479115
10.232310, 16.243937
26.161507, 14.807638
219.901539, 36.628040

0.007802, 0.039530
0.125787, 0.422611
0.291598, -0.625612
-0.991808, 0.143038
0.615422, 1.437839
3.266173, 4.094799
-9.184774, 2.447721
10.212938, 16.256060
26.152496, 14.823506
220.154538, 36.671109

0.007838, 0.039565
-0.029624, 0.445194
0.395946, -0.570445
-0.997069, 0.043583
0.540360, 1.468219
3.231891, 4.122115
-9.192919, 2.416298
10.193552, 16.268160
26.143475, 14.839368
220.407537, 36.714177

0.007874, 0.039601
-0.179493, 0.407771
0.490025, -0.499138
-0.992427, -0.055910
0.463796, 1.494569
3.197380, 4.149140
-9.200956, 2.384848
10.174151, 16.280236
26.134445, 14.855225
220.660536, 36.757245

0.007911, 0.039637
-0.302785, 0.318123
0.571346, -0.413575
-0.977927, -0.154462
0.385947, 1.516814
3.162643, 4.175874
-9.208885, 2.353370
10.154736, 16.292290
26.125405, 14.871077
220.913534, 36.800313

0.007947, 0.039673
-0.383301, 0.190136
0.637764, -0.316024
-0.953708, -0.251101
0.307031, 1.534893
3.127681, 4.202314
-9.216707, 2.321865
10.135307, 16.304321
26.116355, 14.886923
221.166532, 36.843381

0.007984, 0.039709
-0.410699, 0.041721
0.687539, -0.209073
-0.920005, -0.344871
0.227273, 1.548755
3.092498, 4.228458
-9.224422, 2.290334
10.115863, 16.316328
26.107296, 14.902764
221.419530, 36.886449

0.008021, 0.039746
-0.381052, -0.106968
0.719383, -0.095558
-0.877146, -0.434848
0.146896, 1.558361
3.057096, 4.254305
-9.232029, 2.258776
10.096404, 16.328312
26.098227, 14.918599
221.672528, 36.929517

0.008059, 0.039783
-0.297290, -0.235250
0.732492, 0.021522
-0.825551, -0.520140
0.066128, 1.563686
3.021477, 4.279852
-9.239528, 2.227193
10.076932, 16.340273
26.089148, 14.934428
221.925526, 36.972585

0.008096, 0.039820
-0.169530, -0.323903
0.726564, 0.139081
-0.765724, -0.599902
-0.014803, 1.564714
2.985644, 4.305098
-9.246919, 2.195584
10.057444, 16.352211
26.080060, 14.950252
222.178523, 37.015653

0.008134, 0.039858
-0.014987, -0.357713
0.701806, 0.254040
-0.698251, -0.673344
-0.095669, 1.561444
2.949600, 4.330041
-9.254203, 2.163950
10.037943, 16.364125
26.070962, 14.966071
222.431520, 37.058721

0.008172, 0.039895
0.143217, -0.328576
0.658919, 0.363401
-0.623795, -0.739734
-0.176243, 1.553884
2.913346, 4.354679
-9.261378, 2.132291
10.018427, 16.376017
26.061854, 14.981884
222.684517, 37.101789

0.008210, 0.039933
0.279076, -0.238473
0.599077, 0.464334
-0.543086, -0.798411
-0.256296, 1.542058
2.876886, 4.379011
-9.268445, 2.100608
9.998897, 16.387885
26.052737, 14.997692
222.937514, 37.144857

0.008248, 0.039972
0.368718, -0.100865
0.523888, 0.554244
-0.456919, -0.848788
-0.335603, 1.525998
2.840222, 4.403034
-9.275404, 2.068901
9.979353, 16.399729
26.043610, 15.013494
223.190511, 37.187925

0.008286, 0.040010
0.396170, 0.061041
0.435350, 0.630840
-0.366144, -0.890361
-0.413941, 1.505752
2.803357, 4.426747
-9.282255, 2.037171
9.959795, 16.411551
26.034474, 15.029290
223.443507, 37.230993

0.008325, 0.040049
0.357450, 0.219359
0.335789, 0.692186
-0.271657, -0.922710
-0.491088, 1.481375
2.766293, 4.450149
-9.288998, 2.005417
9.940222, 16.423349
26.025328, 15.045081
223.696504, 37.274060

0.008364, 0.040089
0.260982, 0.348020
0.227802, 0.736752
-0.174392, -0.945507
-0.566829, 1.452938
2.729034, 4.473237
-9.295632, 1.973640
9.920635, 16.435123
26.016172, 15.060867
223.949500, 37.317128

0.008403, 0.040128
0.124533, 0.427945
0.114183, 0.763439
-0.075312, -0.958519
-0.640949, 1.420521
2.691581, 4.496010
-9.302158, 1.941840
9.901035, 16.446875
26.007007, 15.076647
224.202496, 37.360196

0.008442, 0.040168
-0.029419, 0.449418
-0.002143, 0.771610
0.024599, -0.961607
-0.713239, 1.384216
2.653937, 4.518467
-9.308575, 1.910019
9.881420, 16.458603
25.997832, 15.092421
224.455491, 37.403264

0.008481, 0.040209
-0.177917, 0.411943
-0.118199, 0.761095
0.124350, -0.954735
-0.783496, 1.344126
2.616105, 4.540605
-9.314883, 1.878176
9.861791, 16.470307
25.988648, 15.108190
224.708487, 37.446331

0.008520, 0.040249
-0.300496, 0.322777
-0.231024, 0.732197
0.222948, -0.937963
-0.851522, 1.300364
2.578088, 4.562423
-9.321083, 1.846311
9.842148, 16.481988
25.979453, 15.123953
224.961482, 37.489399

0.008560, 0.040290
-0.380976, 0.195122
-0.337747, 0.685674
0.319411, -0.911451
-0.917127, 1.253053
2.539888, 4.583920
-9.327174, 1.814425
9.822490, 16.493646
25.970250, 15.139711
225.214477, 37.532466

0.008600, 0.040332
-0.408569, 0.046446
-0.435656, 0.622726
0.412777, -0.875455
-0.980124, 1.202328
2.501509, 4.605094
-9.333156, 1.782519
9.802819, 16.505280
25.961036, 15.155463
225.467472, 37.575534

0.008639, 0.040373
-0.378719, -0.103072
-0.522262, 0.544960
0.502113, -0.830330
-1.040337, 1.148331
2.462952, 4.625944
-9.339029, 1.750592
9.783134, 16.516891
25.951813, 15.171209
225.720467, 37.618602

0.008679, 0.040415
-0.293907, -0.232236
-0.595355, 0.454352
0.586527, -0.776518
-1.097596, 1.091215
2.424220, 4.646468
-9.344794, 1.718646
9.763435, 16.528479
25.942581, 15.186950
225.973461, 37.661669

0.008719, 0.040458
-0.164315, -0.321050
-0.653064, 0.353202
0.665174, -0.714552
-1.151741, 1.031141
2.385317, 4.666664
-9.350449, 1.686679
9.743723, 16.540042
25.933339, 15.202685
226.226456, 37.704737

0.008759, 0.040500
-0.007845, -0.353709
-0.693898, 0.244077
0.737266, -0.645047
-1.202619, 0.968278
2.346245, 4.686531
-9.355995, 1.654694
9.723996, 16.551583
25.924087, 15.218415
226.479450, 37.747804

0.008800, 0.040543
0.151329, -0.322189
-0.716784, 0.129753
0.802080, -0.568693
-1.250086, 0.902804
2.307007, 4.706069
-9.361432, 1.622690
9.704255, 16.563100
25.914826, 15.234139
226.732444, 37.790871

0.008840, 0.040586
0.286425, -0.229392
-0.721098, 0.013145
0.858967, -0.486251
-1.294010, 0.834903
2.267606, 4.725274
-9.366759, 1.590667
9.684501, 16.574593
25.905555, 15.249857
226.985437, 37.833939

0.008880, 0.040630
0.373712, -0.090095
-0.706684, -0.102758
0.907356, -0.398543
-1.334267, 0.764767
2.228044, 4.744147
-9.371978, 1.558627
9.664733, 16.586063
25.896275, 15.265570
227.238431, 37.877006

0.008921, 0.040674
0.398319, 0.071660
-0.673859, -0.214971
0.946763, -0.306443
-1.370743, 0.692593
2.188324, 4.762685
-9.377086, 1.526569
9.644951, 16.597509
25.886985, 15.281277
227.491424, 37.920073

0.008961, 0.040718
0.357599, 0.228218
-0.623415, -0.320588
0.976791, -0.210872
-1.403336, 0.618584
2.148449, 4.780887
-9.382086, 1.494493
9.625155, 16.608931
25.877685, 15.296979
227.744418, 37.963141

0.009002, 0.040762
0.260678, 0.354550
-0.556603, -0.416852
0.997141, -0.112784
-1.431954, 0.542949
2.108422, 4.798753
-9.386976, 1.462401
9.605346, 16.620330
25.868376, 15.312675
227.997411, 38.006208

0.009043, 0.040807
0.125087, 0.432671
-0.475103, -0.501233
1.007610, -0.013161
-1.456516, 0.465901
2.068246, 4.816280
-9.391756, 1.430292
9.585523, 16.631705
25.859057, 15.328365
228.250404, 38.049275

0.009084, 0.040852
-0.027503, 0.453385
-0.380991, -0.571494
1.008094, 0.087002
-1.476954, 0.387657
2.027923, 4.833468
-9.396427, 1.398167
9.565686, 16.643057
25.849729, 15.344050
228.503396, 38.092342

0.009125, 0.040897
-0.174943, 0.416025
-0.276687, -0.625754
0.998590, 0.186705
-1.493209, 0.308437
1.987457, 4.850315
-9.400988, 1.366026
9.545836, 16.654385
25.840391, 15.359729
228.756389, 38.135409

0.009166, 0.040943
-0.297153, 0.327249
-0.164893, -0.662545
0.979196, 0.284950
-1.505237, 0.228464
1.946850, 4.866820
-9.405439, 1.333869
9.525972, 16.665689
25.831044, 15.375402
229.009381, 38.178477

0.009207, 0.040989
-0.377807, 0.199632
-0.048526, -0.680852
0.950109, 0.380757
-1.513002, 0.147964
1.906105, 4.882981
-9.409781, 1.301698
9.506094, 16.676970
25.821687, 15.391070
229.262373, 38.221544

0.009249, 0.041035
-0.405572, 0.050335
0.069362, -0.680149
0.911623, 0.473171
-1.516484, 0.067163
1.865225, 4.898799
-9.414013, 1.269512
9.486203, 16.688227
25.812320, 15.406732
229.515365, 38.264611

0.009290, 0.041081
-0.375267, -0.100263
0.185663, -0.660419
0.864128, 0.561271
-1.515671, -0.013711
1.824214, 4.914271
-9.418135, 1.237311
9.466299, 16.699460
25.802944, 15.422388
229.768357, 38.307678

0.009332, 0.041128
-0.289047, -0.230309
0.297305, -0.622151
0.808101, 0.644180
-1.510566, -0.094431
1.783073, 4.929396
-9.422147, 1.205097
9.446381, 16.710669
25.793559, 15.438038
230.021348, 38.350745

0.009374, 0.041175
-0.157364, -0.318998
0.401330, -0.566341
0.744107, 0.721074
-1.501184, -0.174769
1.741806, 4.944174
-9.426049, 1.172869
9.426449, 16.721855
25.784164, 15.453683
230.274340, 38.393812

0.009416, 0.041223
0.000987, -0.350078
0.494983, -0.494454
0.672789, 0.791191
-1.487550, -0.254499
1.700416, 4.958603
-9.429841, 1.140628
9.406504, 16.733017
25.774759, 15.469323
230.527331, 38.436879

0.009458, 0.041271
0.160745, -0.315894
0.575788, -0.408393
0.594862, 0.853837
-1.469702, -0.333396
1.658906, 4.972683
-9.433523, 1.108374
9.386546, 16.744155
25.765345, 15.484956
230.780322, 38.479946

0.009500, 0.041319
0.294579, -0.220509
0.641616, -0.310440
0.511108, 0.908393
-1.447691, -0.411239
1.617278, 4.986411
-9.437095, 1.076108
9.366574, 16.755269
25.755921, 15.500584
231.033313, 38.523013

0.009542, 0.041367
0.379256, -0.079974
0.690747, -0.203195
0.422363, 0.954324
-1.421578, -0.487807
1.575536, 4.999788
-9.440557, 1.043830
9.346589, 16.766360
25.746488, 15.516206
231.286304, 38.566079

0.009585, 0.041416
0.401182, 0.081155
0.721911, -0.089500
0.329513, 0.991179
-1.391436, -0.562886
1.533682, 5.012813
-9.443908, 1.011540
9.326591, 16.777427
25.737045, 15.531822
231.539294, 38.609146

0.009627, 0.041465
0.358891, 0.235769
0.734325, 0.027642
0.233486, 1.018599
-1.357350, -0.636263
1.491721, 5.025483
-9.447150, 0.979239
9.306579, 16.788469
25.727593, 15.547433
231.792284, 38.652213

0.009670, 0.041515
0.261894, 0.359948
0.727708, 0.145148
0.135237, 1.036320
-1.319415, -0.707732
1.449653, 5.037799
-9.450281, 0.946927
9.286554, 16.799488
25.718132, 15.563038
232.045274, 38.695280

0.009713, 0.041564
0.127270, 0.436625
0.702287, 0.259939
0.035742, 1.044174
-1.277738, -0.777091
1.407483, 5.049760
-9.453301, 0.914604
9.266516, 16.810483
25.708660, 15.578637
232.298264, 38.738347

0.009756, 0.041615
-0.024141, 0.456885
0.658780, 0.369029
-0.064010, 1.042090
-1.232435, -0.844144
1.365214, 5.061365
-9.456212, 0.882271
9.246465, 16.821454
25.699180, 15.594231
232.551254, 38.781413

0.009799, 0.041665
-0.170865, 0.419733
0.598378, 0.469596
-0.163032, 1.030097
-1.183635, -0.908703
1.322849, 5.072612
-9.459012, 0.849929
9.226400, 16.832401
25.689689, 15.609818
232.804244, 38.824480

0.009842, 0.041717
-0.293032, 0.331192
0.522702, 0.559058
-0.260343, 1.008321
-1.131473, -0.970585
1.280389, 5.083501
-9.461702, 0.817577
9.206323, 16.843325
25.680190, 15.625400
233.057233, 38.867547

0.009885, 0.041768
-0.374014, 0.203287
0.433760, 0.635139
-0.354981, 0.976984
-1.076097, -1.029616
1.237840, 5.094032
-9.464281, 0.785216
9.186232, 16.854224
25.670680, 15.640976
233.310222, 38.910613

0.009928, 0.041820
-0.401859, 0.053027
0.333886, 0.695917
-0.446013, 0.936404
-1.017662, -1.085629
1.195203, 5.104203
-9.466750, 0.752847
9.166128, 16.865099
25.661162, 15.656547
233.563211, 38.953680

0.009972, 0.041872
-0.370797, -0.098836
0.225682, 0.739877
-0.532540, 0.886987
-0.956332, -1.138466
1.152482, 5.114014
-9.469108, 0.720469
9.146011, 16.875951
25.651633, 15.672111
233.816200, 38.996746

0.010015, 0.041925
-0.282811, -0.229663
0.111946, 0.765937
-0.613710, 0.829226
-0.892280, -1.187977
1.109679, 5.123465
-9.471356, 0.688083
9.125881, 16.886778
25.642096, 15.687670
234.069189, 39.039813

0.010058, 0.041978
-0.148859, -0.317857
-0.004398, 0.773473
-0.688726, 0.763696
-0.825686, -1.234023
1.066798, 5.132553
-9.473493, 0.655690
9.105739, 16.897581
25.632548, 15.703223
234.322178, 39.082879

0.010102, 0.042032
0.011202, -0.346934
-0.120372, 0.762333
-0.756848, 0.691047
-0.756736, -1.276473
1.023842, 5.141279
-9.475520, 0.623289
9.085583, 16.908361
25.622992, 15.718771
234.575166, 39.125946

0.010145, 0.042086
0.171076, -0.309915
-0.233021, 0.732830
-0.817408, 0.612000
-0.685626, -1.315207
0.980814, 5.149643
-9.477436, 0.590882
9.065414, 16.919116
25.613426, 15.734312
234.828154, 39.169012

0.010189, 0.042140
0.303194, -0.212185
-0.339477, 0.685738
-0.869811, 0.527335
-0.612555, -1.350116
0.937717, 5.157643
-9.479242, 0.558469
9.045232, 16.929847
25.603850, 15.749848
235.081142, 39.212079

0.010232, 0.042195
0.385143, -0.070910
-0.437034, 0.622267
-0.913541, 0.437889
-0.537728, -1.381100
0.894554, 5.165279
-9.480937, 0.526050
9.025037, 16.940554
25.594265, 15.765378
235.334130, 39.255145

0.010275, 0.042250
0.404663, 0.089200
-0.523211, 0.544037
-0.948169, 0.344545
-0.461357, -1.408072
0.851327, 5.172550
-9.482521, 0.493625
9.004830, 16.951237
25.584670, 15.780902
235.587118, 39.298211

0.010319, 0.042306
0.361233, 0.241817
-0.595808, 0.453034
-0.973355, 0.248223
-0.383656, -1.430955
0.808041, 5.179457
-9.483995, 0.461194
8.984610, 16.961896
25.575066, 15.796420
235.840105, 39.341278

0.010362, 0.042362
0.264453, 0.364102
-0.652963, 0.351568
-0.988850, 0.149873
-0.304845, -1.449684
0.764698, 5.185997
-9.485357, 0.428759
8.964376, 16.972531
25.565453, 15.811932
236.093092, 39.384344

0.010405, 0.042418
0.130799, 0.439696
-0.693196, 0.242213
-0.994500, 0.050464
-0.225144, -1.464206
0.721302, 5.192172
-9.486610, 0.396320
8.944131, 16.983141
25.555830, 15.827439
236.346080, 39.427410

0.010449, 0.042475
-0.019685, 0.459754
-0.715447, 0.127753
-0.990248, -0.049024
-0.144779, -1.474479
0.677854, 5.197980
-9.487751, 0.363876
8.923872, 16.993728
25.546198, 15.842940
236.599067, 39.470477

0.010492, 0.042532
-0.166054, 0.422829
-0.719107, 0.011109
-0.976134, -0.147609
-0.063977, -1.480473
0.634360, 5.203421
-9.488782, 0.331429
8.903600, 17.004290
25.536556, 15.858435
236.852053, 39.513543

0.010535, 0.042589
-0.288470, 0.334307
-0.704033, -0.104729
-0.952293, -0.244320
0.017035, -1.482171
0.590820, 5.208494
-9.489702, 0.298978
8.883316, 17.014828
25.526905, 15.873924
237.105040, 39.556609

0.010578, 0.042647
-0.369869, 0.205768
-0.670560, -0.216773
-0.918958, -0.338201
0.098030, -1.479568
0.547240, 5.213200
-9.490511, 0.266524
8.863020, 17.025342
25.517244, 15.889407
237.358026, 39.599675

0.010621, 0.042705
-0.397629, 0.054231
-0.619497, -0.322117
-0.876452, -0.428324
0.178777, -1.472670
0.503621, 5.217538
-9.491210, 0.234068
8.842710, 17.035832
25.507574, 15.904884
237.611013, 39.642741

0.010664, 0.042764
-0.365462, -0.098998
-0.552110, -0.418009
-0.825190, -0.513799
0.259050, -1.461496
0.459967, 5.221507
-9.491798, 0.201610
8.822388, 17.046297
25.497894, 15.920356
237.863999, 39.685807

0.010706, 0.042822
-0.275378, -0.230398
-0.470097, -0.501927
-0.765674, -0.593776
0.338622, -1.446077
0.416281, 5.225108
-9.492275, 0.169149
8.802054, 17.056738
25.488205, 15.935821
238.116985, 39.728873

0.010749, 0.042881
-0.139083, -0.317664
-0.375551, -0.571643
-0.698486, -0.667463
0.417268, -1.426457
0.372566, 5.228339
-9.492641, 0.136688
8.781707, 17.067155
25.478507, 15.951281
238.369971, 39.771939

0.010792, 0.042940
0.022386, -0.344354
-0.270903, -0.625289
-0.624286, -0.734127
0.494768, -1.402690
0.328826, 5.231202
-9.492896, 0.104225
8.761347, 17.077548
25.468799, 15.966735
238.622956, 39.815005

0.010834, 0.043000
0.181861, -0.304466
-0.158868, -0.661413
-0.543802, -0.793102
0.570901, -1.374842
0.285063, 5.233695
-9.493041, 0.071762
8.740975, 17.087916
25.459082, 15.982183
238.875942, 39.858071

0.010877, 0.043060
0.311892, -0.204757
-0.042373, -0.679019
-0.457827, -0.843799
0.645453, -1.342992
0.241280, 5.235818
-9.493075, 0.039298
8.720591, 17.098260
25.449355, 15.997625
239.128927, 39.901137

0.010920, 0.043120
0.391139, -0.063239
0.075525, -0.677601
-0.367208, -0.885709
0.718214, -1.307229
0.197481, 5.237572
-9.492998, 0.006834
8.700194, 17.108580
25.439619, 16.013061
239.381912, 39.944203

0.010962, 0.043180
0.408606, 0.095561
0.191718, -0.657161
-0.272840, -0.918409
0.788978, -1.267654
0.153668, 5.238955
-9.492811, -0.025629
8.679784, 17.118876
25.429874, 16.028492
239.634897, 39.987269

0.011005, 0.043241
0.364441, 0.246243
0.303134, -0.618212
-0.175656, -0.941568
0.857545, -1.224377
0.109845, 5.239969
-9.492512, -0.058091
8.659363, 17.129147
25.420119, 16.043916
239.887882, 40.030335

0.011047, 0.043302
0.268078, 0.366944
0.406823, -0.561767
-0.076619, -0.954947
0.923722, -1.177521
0.066016, 5.240613
-9.492103, -0.090552
8.638929, 17.139393
25.410354, 16.059334
240.140866, 40.073401

0.011090, 0.043363
0.135306, 0.441800
0.500040, -0.489313
0.023290, -0.958406
0.987322, -1.127218
0.022182, 5.240886
-9.491583, -0.123012
8.618482, 17.149616
25.400581, 16.074747
240.393851, 40.116467

0.011132, 0.043425
-0.014554, 0.461848
0.580323, -0.402768
0.123078, -0.951902
1.048165, -1.073608
-0.021652, 5.240789
-9.490952, -0.155469
8.598023, 17.159814
25.390798, 16.090154
240.646835, 40.159532

0.011175, 0.043487
-0.160928, 0.425099
0.645559, -0.304428
0.221752, -0.935492
1.106079, -1.016844
-0.065485, 5.240323
-9.490211, -0.187924
8.577553, 17.169987
25.381005, 16.105554
240.899819, 40.202598

0.011218, 0.043549
-0.283842, 0.336334
0.694047, -0.196902
0.318328, -0.909332
1.160901, -0.957085
-0.109311, 5.239485
-9.489358, -0.220377
8.557069, 17.180136
25.371203, 16.120949
241.152803, 40.245664

0.011260, 0.043611
-0.365674, 0.206803
0.724536, -0.083038
0.411844, -0.873676
1.212475, -0.894500
-0.153130, 5.238278
-9.488395, -0.252826
8.536574, 17.190261
25.361392, 16.136338
241.405787, 40.288730

0.011303, 0.043674
-0.393111, 0.053723
0.736264, 0.034157
0.501365, -0.828873
1.260657, -0.829264
-0.196936, 5.236701
-9.487322, -0.285272
8.516067, 17.200361
25.351572, 16.151721
241.658770, 40.331795

0.011345, 0.043737
-0.359463, -0.100874
0.728970, 0.151603
0.585997, -0.775363
1.305310, -0.761563
-0.240728, 5.234754
-9.486137, -0.317714
8.495547, 17.210437
25.341742, 16.167097
241.911754, 40.374861

0.011388, 0.043801
-0.267001, -0.232535
0.702898, 0.266226
0.664891, -0.713676
1.346307, -0.691587
-0.284501, 5.232437
-9.484842, -0.350152
8.475015, 17.220488
25.331902, 16.182468
242.164737, 40.417927

0.011431, 0.043864
-0.128413, -0.318409
0.658784, 0.375047
0.737259, -0.644424
1.383533, -0.619533
-0.328254, 5.229750
-9.483436, -0.382585
8.454471, 17.230514
25.322053, 16.197833
242.417720, 40.460992

0.011473, 0.043928
0.034057, -0.342418
0.597833, 0.475254
0.802375, -0.568294
1.416884, -0.545605
-0.371983, 5.226694
-9.481920, -0.415013
8.433915, 17.240517
25.312195, 16.213192
242.670703, 40.504058

0.011516, 0.043993
0.192630, -0.299772
0.521679, 0.564279
0.859586, -0.486045
1.446264, -0.470012
-0.415684, 5.223269
-9.480293, -0.447435
8.413347, 17.250494
25.302328, 16.228545
242.923686, 40.547123

0.011558, 0.044058
0.320329, -0.198527
0.432339, 0.639856
0.908318, -0.398497
1.471591, -0.392966
-0.459355, 5.219474
-9.478555, -0.479852
8.392768, 17.260447
25.292451, 16.243892
243.176669, 40.590189

0.011601, 0.044123
0.397029, -0.057214
0.332156, 0.700081
0.948083, -0.306523
1.492793, -0.314685
-0.502992, 5.215311
-9.476707, -0.512263
8.372176, 17.270376
25.282565, 16.259233
243.429651, 40.633254

0.011644, 0.044188
0.412836, 0.100110
0.223736, 0.743450
0.978482, -0.211042
1.509810, -0.235390
-0.546592, 5.210780
-9.474748, -0.544667
8.351572, 17.280280
25.272669, 16.274568
243.682633, 40.676320

0.011686, 0.044254
0.368282, 0.249020
0.109880, 0.768898
0.999212, -0.113008
1.522595, -0.155306
-0.590153, 5.205880
-9.472679, -0.577065
8.330956, 17.290159
25.262765, 16.289898
243.935616, 40.719385

0.011729, 0.044321
0.272441, 0.368481
-0.006487, 0.775816
1.010065, -0.013401
1.531111, -0.074657
-0.633671, 5.200612
-9.470499, -0.609455
8.310329, 17.300014
25.252850, 16.305221
244.188598, 40.762451

0.011771, 0.044388
0.140384, 0.442913
-0.122390, 0.764063
1.010935, 0.086784
1.535335, 0.006328
-0.677143, 5.194977
-9.468208, -0.641837
8.289689, 17.309844
25.242927, 16.320538
244.441579, 40.805516

0.011814, 0.044455
-0.009186, 0.463077
-0.234873, 0.733967
1.001815, 0.186545
1.535254, 0.087421
-0.720566, 5.188975
-9.465807, -0.674211
8.269038, 17.319650
25.232994, 16.335849
244.694561, 40.848581

0.011856, 0.044522
-0.155905, 0.426393
-0.341074, 0.686314
0.982799, 0.284886
1.530870, 0.168393
-0.763937, 5.182606
-9.463296, -0.706577
8.248375, 17.329430
25.223052, 16.351154
244.947543, 40.891647

0.011899, 0.044590
-0.279505, 0.337083
-0.438294, 0.622328
0.954081, 0.380825
1.522194, 0.249016
-0.807252, 5.175871
-9.460674, -0.738934
8.227700, 17.339187
25.213100, 16.366453
245.200524, 40.934712

0.011941, 0.044659
-0.361701, 0.206215
-0.524055, 0.543638
0.915952, 0.473407
1.509252, 0.329061
-0.850509, 5.168770
-9.457942, -0.771282
8.207013, 17.348918
25.203139, 16.381745
245.453505, 40.977777

0.011983, 0.044727
-0.388507, 0.051399
-0.596168, 0.452243
0.868797, 0.561708
1.492080, 0.408303
-0.893705, 5.161304
-9.455099, -0.803621
8.186315, 17.358625
25.193169, 16.397032
245.706486, 41.020843

0.012025, 0.044797
-0.352993, -0.104456
-0.652781, 0.350461
0.813092, 0.644850
1.470727, 0.486518
-0.936836, 5.153473
-9.452147, -0.835949
8.165605, 17.368307
25.183190, 16.412313
245.959467, 41.063908

0.012067, 0.044866
-0.257958, -0.235973
-0.692423, 0.240877
0.749396, 0.722008
1.445254, 0.563487
-0.979899, 5.145278
-9.449083, -0.868267
8.144884, 17.377965
25.173201, 16.427588
246.212448, 41.106973

0.012109, 0.044936
-0.117261, -0.319998
-0.714048, 0.126281
0.678352, 0.792418
1.415732, 0.638990
-1.022892, 5.136720
-9.445910, -0.900575
8.124150, 17.387597
25.163203, 16.442857
246.465428, 41.150038

0.012151, 0.045006
0.045724, -0.341151
-0.717061, 0.009600
0.600671, 0.855382
1.382247, 0.712816
-1.065811, 5.127798
-9.442626, -0.932871
8.103406, 17.397205
25.153195, 16.458119
246.718409, 41.193103

0.012192, 0.045077
0.202944, -0.295996
-0.701334, -0.106171
0.517131, 0.910279
1.344891, 0.784757
-1.108653, 5.118514
-9.439233, -0.965156
8.082649, 17.406788
25.143179, 16.473376
246.971389, 41.236168

0.012233, 0.045148
0.328202, -0.193691
-0.667218, -0.218043
0.428568, 0.956571
1.303772, 0.854609
-1.151416, 5.108869
-9.435729, -0.997429
8.061882, 17.416347
25.133153, 16.488626
247.224369, 41.279233

0.012275, 0.045219
0.402609, -0.052947
-0.615539, -0.323112
0.335867, 0.993804
1.259005, 0.922176
-1.194095, 5.098862
-9.432115, -1.029690
8.041102, 17.425880
25.123117, 16.503871
247.477349, 41.322299

0.012316, 0.045291
0.417151, 0.102852
-0.547581, -0.418629
0.239952, 1.021615
1.210718, 0.987266
-1.236688, 5.088495
-9.428391, -1.061938
8.020311, 17.435389
25.113073, 16.519109
247.730328, 41.365364

0.012357, 0.045363
0.372481, 0.250232
-0.465058, -0.502079
0.141777, 1.039737
1.159046, 1.049697
-1.279193, 5.077769
-9.424557, -1.094174
7.999509, 17.444873
25.103019, 16.534341
247.983308, 41.408429

0.012398, 0.045435
0.277177, 0.368808
-0.370079, -0.571244
0.042318, 1.047998
1.104137, 1.109294
-1.321605, 5.066683
-9.420613, -1.126396
7.978696, 17.454332
25.092956, 16.549567
248.236288, 41.451494

0.012439, 0.045508
0.145604, 0.443091
-0.265090, -0.624270
-0.057437, 1.046323
1.046145, 1.165887
-1.363922, 5.055240
-9.416559, -1.158604
7.957870, 17.463767
25.082883, 16.564788
248.489267, 41.494559

0.012479, 0.045581
-0.004034, 0.463437
-0.152819, -0.659720
-0.156501, 1.034738
0.985235, 1.219317
-1.406141, 5.043439
-9.412395, -1.190799
7.937034, 17.473176
25.072801, 16.580001
248.742246, 41.537623

0.012520, 0.045654
-0.151414, 0.426645
-0.036199, -0.676617
-0.253892, 1.013364
0.921579, 1.269435
-1.448259, 5.031282
-9.408122, -1.222979
7.916186, 17.482561
25.062710, 16.595209
248.995225, 41.580688

0.012560, 0.045728
-0.275819, 0.336457
0.081704, -0.674475
-0.348649, 0.982421
0.855357, 1.316099
-1.490273, 5.018769
-9.403738, -1.255144
7.895327, 17.491920
25.052610, 16.610411
249.248204, 41.623753

0.012600, 0.045802
-0.358227, 0.203929
0.197782, -0.653316
-0.439836, 0.942220
0.786756, 1.359179
-1.532179, 5.005901
-9.399245, -1.287294
7.874457, 17.501255
25.042501, 16.625607
249.501182, 41.666818

0.012640, 0.045876
-0.384033, 0.047267
0.308965, -0.613676
-0.526555, 0.893166
0.715970, 1.398552
-1.573976, 4.992680
-9.394643, -1.319428
7.853576, 17.510565
25.032382, 16.640796
249.754161, 41.709883

0.012680, 0.045951
-0.346288, -0.109618
0.412309, -0.556589
-0.607951, 0.835749
0.643198, 1.434108
-1.615659, 4.979106
-9.389931, -1.351546
7.832683, 17.519850
25.022254, 16.655979
250.007139, 41.752948

0.012720, 0.046026
-0.248597, -0.240523
0.505079, -0.483560
-0.683223, 0.770538
0.568648, 1.465748
-1.657226, 4.965180
-9.385109, -1.383648
7.811779, 17.529110
25.012116, 16.671156
250.260117, 41.796012

0.012759, 0.046101
-0.106103, -0.322299
0.584827, -0.396524
-0.751632, 0.698183
0.492528, 1.493383
-1.698674, 4.950903
-9.380178, -1.415733
7.790864, 17.538345
25.001970, 16.686327
250.513095, 41.839077

0.012799, 0.046177
0.056882, -0.340563
0.649458, -0.297791
-0.812504, 0.619399
0.415055, 1.516936
-1.740000, 4.936276
-9.375137, -1.447802
7.769938, 17.547555
24.991814, 16.701492
250.766073, 41.882142

0.012838, 0.046253
0.212393, -0.293250
0.697287, -0.189980
-0.865242, 0.534965
0.336447, 1.536340
-1.781201, 4.921301
-9.369987, -1.479852
7.749001, 17.556740
24.981649, 16.716651
251.019051, 41.925207

0.012877, 0.046329
0.335229, -0.190347
0.727086, -0.075947
-0.909328, 0.445717
0.256925, 1.551542
-1.822274, 4.905977
-9.364727, -1.511885
7.728053, 17.565901
24.971475, 16.731804
251.272029, 41.968271

0.012916, 0.046406
0.407662, -0.050437
0.738112, 0.041302
-0.944328, 0.352534
0.176715, 1.562499
-1.863216, 4.890307
-9.359359, -1.543900
7.707094, 17.575036
24.961291, 16.746950
251.525006, 42.011336

0.012955, 0.046483
0.421307, 0.103895
0.730124, 0.158684
-0.969898, 0.256336
0.096043, 1.569181
-1.904024, 4.874291
-9.353881, -1.575896
7.686123, 17.584146
24.951098, 16.762090
251.777983, 42.054401

0.012994, 0.046560
0.376718, 0.250040
0.703386, 0.273133
-0.985786, 0.158070
0.015136, 1.571570
-1.944696, 4.857931
-9.348294, -1.607873
7.665142, 17.593231
24.940896, 16.777224
252.030961, 42.097465

0.013033, 0.046637
0.281886, 0.368078
0.658652, 0.381676
-0.991834, 0.058707
-0.065778, 1.569659
-1.985228, 4.841227
-9.342598, -1.639831
7.644150, 17.602291
24.930685, 16.792352
252.283938, 42.140530

0.013071, 0.046715
0.150519, 0.442435
0.597142, 0.481514
-0.987981, -0.040775
-0.146469, 1.563455
-2.025617, 4.824182
-9.336793, -1.671769
7.623147, 17.611326
24.920465, 16.807474
252.536914, 42.183594

0.013110, 0.046794
0.000455, 0.462963
0.520501, 0.570089
-0.974263, -0.139394
-0.226711, 1.552976
-2.065861, 4.806795
-9.330880, -1.703687
7.602133, 17.620336
24.910235, 16.822589
252.789891, 42.226659

0.013148, 0.046872
-0.147856, 0.425834
0.430758, 0.645152
-0.950810, -0.236178
-0.306278, 1.538252
-2.105956, 4.789069
-9.324857, -1.735585
7.581108, 17.629321
24.899996, 16.837698
253.042868, 42.269723

0.013186, 0.046951
-0.273102, 0.334416
0.330263, 0.704811
-0.917852, -0.330170
-0.384945, 1.519325
-2.145901, 4.771004
-9.318726, -1.767462
7.560073, 17.638280
24.889748, 16.852801
253.295844, 42.312788

0.013224, 0.047031
-0.355477, 0.199950
0.221626, 0.747579
-0.875709, -0.420441
-0.462490, 1.496250
-2.185691, 4.752602
-9.312486, -1.799318
7.539026, 17.647215
24.879491, 16.867898
253.548820, 42.355852

0.013261, 0.047110
-0.379875, 0.041439
0.107651, 0.772405
-0.824791, -0.506097
-0.538694, 1.469091
-2.225324, 4.733865
-9.306137, -1.831152
7.517969, 17.656124
24.869224, 16.882989
253.801796, 42.398917

0.013299, 0.047190
-0.339593, -0.116138
-0.008736, 0.778696
-0.765597, -0.586290
-0.613344, 1.437926
-2.264798, 4.714792
-9.299680, -1.862964
7.496901, 17.665009
24.858948, 16.898073
254.054772, 42.441981

0.013336, 0.047271
-0.239294, -0.245938
-0.124561, 0.766323
-0.698707, -0.660222
-0.686229, 1.402843
-2.304109, 4.695387
-9.293114, -1.894754
7.475823, 17.673868
24.848663, 16.913151
254.307748, 42.485045

0.013373, 0.047351
-0.095419, -0.325162
-0.236874, 0.735631
-0.624776, -0.727159
-0.757143, 1.363942
-2.343254, 4.675650
-9.286440, -1.926521
7.454734, 17.682702
24.838369, 16.928223
254.560724, 42.528110

0.013410, 0.047432
0.067071, -0.340648
-0.342815, 0.687416
-0.544531, -0.786432
-0.825887, 1.321332
-2.382232, 4.655582
-9.279658, -1.958265
7.433634, 17.691511
24.828066, 16.943288
254.813699, 42.571174

0.013446, 0.047514
0.220636, -0.291594
-0.439691, 0.622915
-0.458762, -0.837449
-0.892267, 1.275136
-2.421038, 4.635186
-9.272767, -1.989986
7.412523, 17.700294
24.817754, 16.958348
255.066674, 42.614238

0.013482, 0.047596
0.341186, -0.188506
-0.525034, 0.543768
-0.368314, -0.879696
-0.956097, 1.225482
-2.459671, 4.614462
-9.265768, -2.021683
7.391402, 17.709053
24.807432, 16.973401
255.319650, 42.657303

0.013518, 0.047677
0.412001, -0.049585
-0.596661, 0.451984
-0.274080, -0.912749
-1.017197, 1.172511
-2.498127, 4.593412
-9.258661, -2.053355
7.370271, 17.717786
24.797101, 16.988448
255.572625, 42.700367

0.013554, 0.047760
0.425075, 0.103430
-0.652729, 0.349891
-0.176992, -0.936270
-1.075394, 1.116374
-2.536404, 4.572037
-9.251447, -2.085004
7.349129, 17.726494
24.786761, 17.003488
255.825600, 42.743431

0.013590, 0.047842
0.380684, 0.248672
-0.691782, 0.240083
-0.078013, -0.950018
-1.130525, 1.057228
-2.574499, 4.550340
-9.244124, -2.116627
7.327976, 17.735177
24.776412, 17.018523
256.078574, 42.786495

0.013625, 0.047925
0.286187, 0.366502
-0.712784, 0.125355
0.021877, -0.953849
-1.182435, 0.995241
-2.612409, 4.528321
-9.236693, -2.148225
7.306813, 17.743834
24.766054, 17.033551
256.331549, 42.829560

0.013660, 0.048008
0.154707, 0.441106
-0.715153, 0.008642
0.121685, -0.947716
-1.230979, 0.930587
-2.650132, 4.505982
-9.229155, -2.179798
7.285640, 17.752466
24.755686, 17.048572
256.584523, 42.872624

0.013695, 0.048092
0.003863, 0.461745
-0.698778, -0.107059
0.220418, -0.931672
-1.276018, 0.863450
-2.687664, 4.483325
-9.221509, -2.211344
7.264456, 17.761073
24.745309, 17.063588
256.837498, 42.915688

0.013729, 0.048175
-0.145593, 0.423992
-0.664026, -0.218757
0.317091, -0.905869
-1.317427, 0.794017
-2.725004, 4.460351
-9.213756, -2.242864
7.243262, 17.769655
24.734924, 17.078597
257.090472, 42.958752

0.013764, 0.048259
-0.271624, 0.330984
-0.611739, -0.323549
0.410740, -0.870558
-1.355090, 0.722486
-2.762148, 4.437061
-9.205895, -2.274358
7.222057, 17.778211
24.724529, 17.093600
257.343446, 43.001816

0.013798, 0.048343
-0.353634, 0.194365
-0.543218, -0.418690
0.500431, -0.826083
-1.388900, 0.649058
-2.799094, 4.413459
-9.197927, -2.305824
7.200843, 17.786742
24.714124, 17.108596
257.596420, 43.044880

0.013831, 0.048428
-0.376199, 0.034123
-0.460194, -0.501671
0.585265, -0.772882
-1.418762, 0.573939
-2.835839, 4.389545
-9.189852, -2.337263
7.179618, 17.795248
24.703711, 17.123587
257.849393, 43.087944

0.013865, 0.048513
-0.333161, -0.123714
-0.364792, -0.570286
0.664394, -0.711482
-1.444592, 0.497342
-2.872380, 4.365321
-9.181669, -2.368674
7.158382, 17.803728
24.693289, 17.138571
258.102367, 43.131008

0.013898, 0.048597
-0.230441, -0.251930
-0.259471, -0.622694
0.737026, -0.642490
-1.466318, 0.419482
-2.908716, 4.340788
-9.173379, -2.400056
7.137137, 17.812183
24.682857, 17.153548
258.355340, 43.174072

